序號,答案
20240117090001,207.49671
20240117091001,218.95512
20240117092001,221.63601
20240117093001,222.93727
20240117094001,214.07752
20240117095001,205.67371
20240117100001,225.43268
20240117101001,231.36237
20240117102001,230.81358
20240117103001,224.57688
20240117104001,232.94613
20240117105001,224.09032
20240117110001,206.26887
20240117111001,201.16492
20240117112001,204.02599
20240117113001,205.10205
20240117114001,205.96982
20240117115001,204.58739
20240117120001,204.103
20240117121001,201.19188
20240117122001,199.30932
20240117123001,198.34502
20240117124001,198.40055
20240117125001,197.03378
20240117130001,199.87228
20240117131001,195.43932
20240117132001,194.55036
20240117133001,193.77139
20240117134001,191.94725
20240117135001,191.22612
20240117140001,188.64326
20240117141001,187.49816
20240117142001,187.68398
20240117143001,188.31768
20240117144001,188.57291
20240117145001,186.63261
20240117150001,185.94564
20240117151001,185.5963
20240117152001,184.73052
20240117153001,184.04668
20240117154001,183.76974
20240117155001,183.59641
20240117160001,248.69873
20240117161001,317.8956
20240117162001,397.07752
20240117163001,521.08089
20240117164001,634.01572
20240117165001,652.39576
20240119090001,246.5709
20240119091001,212.90881
20240119092001,212.89157
20240119093001,223.58318
20240119094001,224.07718
20240119095001,209.98641
20240119100001,211.64378
20240119101001,225.41207
20240119102001,224.88841
20240119103001,216.11448
20240119104001,230.78756
20240119105001,223.89453
20240119110001,206.26887
20240119111001,201.16492
20240119112001,204.02599
20240119113001,205.10205
20240119114001,205.96982
20240119115001,204.58739
20240119120001,204.103
20240119121001,201.19188
20240119122001,199.30932
20240119123001,198.34502
20240119124001,198.40055
20240119125001,197.03378
20240119130001,199.87228
20240119131001,195.43932
20240119132001,194.55036
20240119133001,193.77139
20240119134001,191.94725
20240119135001,191.22612
20240119140001,188.64326
20240119141001,187.49816
20240119142001,187.68398
20240119143001,188.31768
20240119144001,188.57291
20240119145001,186.63261
20240119150001,185.94564
20240119151001,185.5963
20240119152001,184.73052
20240119153001,184.04668
20240119154001,183.76974
20240119155001,183.59641
20240119160001,248.69873
20240119161001,317.8956
20240119162001,397.07752
20240119163001,521.08089
20240119164001,634.01572
20240119165001,652.39576
20240224090001,202.90695
20240224091001,206.83925
20240224092001,212.96552
20240224093001,213.21073
20240224094001,214.20141
20240224095001,204.4029
20240224100001,231.07247
20240224101001,233.52312
20240224102001,230.69105
20240224103001,225.34566
20240224104001,233.36991
20240224105001,224.09032
20240224110001,206.26887
20240224111001,201.16492
20240224112001,204.02599
20240224113001,205.10205
20240224114001,205.96982
20240224115001,204.58739
20240224120001,204.103
20240224121001,201.19188
20240224122001,199.30932
20240224123001,198.34502
20240224124001,198.40055
20240224125001,197.03378
20240224130001,199.87228
20240224131001,195.43932
20240224132001,194.55036
20240224133001,193.77139
20240224134001,191.94725
20240224135001,191.22612
20240224140001,188.64326
20240224141001,187.49816
20240224142001,187.68398
20240224143001,188.31768
20240224144001,188.57291
20240224145001,186.63261
20240224150001,185.94564
20240224151001,185.5963
20240224152001,184.73052
20240224153001,184.04668
20240224154001,183.76974
20240224155001,183.59641
20240224160001,248.69873
20240224161001,317.8956
20240224162001,397.07752
20240224163001,521.08089
20240224164001,634.01572
20240224165001,652.39576
20240226090001,196.00952
20240226091001,201.84487
20240226092001,208.71104
20240226093001,212.57196
20240226094001,213.60168
20240226095001,201.37789
20240226100001,225.65698
20240226101001,229.35743
20240226102001,231.11728
20240226103001,224.9115
20240226104001,231.7477
20240226105001,224.30449
20240226110001,206.26887
20240226111001,201.16492
20240226112001,204.02599
20240226113001,205.10205
20240226114001,205.96982
20240226115001,204.58739
20240226120001,204.103
20240226121001,201.19188
20240226122001,199.30932
20240226123001,198.34502
20240226124001,198.40055
20240226125001,197.03378
20240226130001,199.87228
20240226131001,195.43932
20240226132001,194.55036
20240226133001,193.77139
20240226134001,191.94725
20240226135001,191.22612
20240226140001,188.64326
20240226141001,187.49816
20240226142001,187.68398
20240226143001,188.31768
20240226144001,188.57291
20240226145001,186.63261
20240226150001,185.94564
20240226151001,185.5963
20240226152001,184.73052
20240226153001,184.04668
20240226154001,183.76974
20240226155001,183.59641
20240226160001,248.69873
20240226161001,317.8956
20240226162001,397.07752
20240226163001,521.08089
20240226164001,634.01572
20240226165001,652.39576
20240327090001,211.01472
20240327091001,211.04074
20240327092001,211.58677
20240327093001,208.23815
20240327094001,212.54468
20240327095001,203.12055
20240327100001,228.76329
20240327101001,243.64619
20240327102001,236.12644
20240327103001,225.27841
20240327104001,232.31317
20240327105001,223.89899
20240327110001,206.26887
20240327111001,201.16492
20240327112001,204.02599
20240327113001,205.10205
20240327114001,205.96982
20240327115001,204.58739
20240327120001,204.103
20240327121001,201.19188
20240327122001,199.30932
20240327123001,198.34502
20240327124001,198.40055
20240327125001,197.03378
20240327130001,199.87228
20240327131001,195.43932
20240327132001,194.55036
20240327133001,193.77139
20240327134001,191.94725
20240327135001,191.22612
20240327140001,188.64326
20240327141001,187.49816
20240327142001,187.68398
20240327143001,188.31768
20240327144001,188.57291
20240327145001,186.63261
20240327150001,185.94564
20240327151001,185.5963
20240327152001,184.73052
20240327153001,184.04668
20240327154001,183.76974
20240327155001,183.59641
20240327160001,248.69873
20240327161001,317.8956
20240327162001,397.07752
20240327163001,521.08089
20240327164001,634.01572
20240327165001,652.39576
20240329090001,191.75475
20240329091001,210.32801
20240329092001,209.17482
20240329093001,208.75731
20240329094001,206.00219
20240329095001,201.75202
20240329100001,222.71039
20240329101001,253.78346
20240329102001,239.04022
20240329103001,224.51222
20240329104001,231.47025
20240329105001,223.79069
20240329110001,206.26887
20240329111001,201.16492
20240329112001,204.02599
20240329113001,205.10205
20240329114001,205.96982
20240329115001,204.58739
20240329120001,204.103
20240329121001,201.19188
20240329122001,199.30932
20240329123001,198.34502
20240329124001,198.40055
20240329125001,197.03378
20240329130001,199.87228
20240329131001,195.43932
20240329132001,194.55036
20240329133001,193.77139
20240329134001,191.94725
20240329135001,191.22612
20240329140001,188.64326
20240329141001,187.49816
20240329142001,187.68398
20240329143001,188.31768
20240329144001,188.57291
20240329145001,186.63261
20240329150001,185.94564
20240329151001,185.5963
20240329152001,184.73052
20240329153001,184.04668
20240329154001,183.76974
20240329155001,183.59641
20240329160001,248.69873
20240329161001,317.8956
20240329162001,397.07752
20240329163001,521.08089
20240329164001,634.01572
20240329165001,652.39576
20240428090001,247.04512
20240428091001,225.74203
20240428092001,211.89944
20240428093001,211.50047
20240428094001,210.70718
20240428095001,208.39189
20240428100001,234.40354
20240428101001,243.96764
20240428102001,241.07041
20240428103001,230.82171
20240428104001,233.65399
20240428105001,223.43884
20240428110001,206.26887
20240428111001,201.16492
20240428112001,204.02599
20240428113001,205.10205
20240428114001,205.96982
20240428115001,204.58739
20240428120001,204.103
20240428121001,201.19188
20240428122001,199.30932
20240428123001,198.34502
20240428124001,198.40055
20240428125001,197.03378
20240428130001,199.87228
20240428131001,195.43932
20240428132001,194.55036
20240428133001,193.77139
20240428134001,191.94725
20240428135001,191.22612
20240428140001,188.64326
20240428141001,187.49816
20240428142001,187.68398
20240428143001,188.31768
20240428144001,188.57291
20240428145001,186.63261
20240428150001,185.94564
20240428151001,185.5963
20240428152001,184.73052
20240428153001,184.04668
20240428154001,183.76974
20240428155001,183.59641
20240428160001,248.69873
20240428161001,317.8956
20240428162001,397.07752
20240428163001,521.08089
20240428164001,634.01572
20240428165001,652.39576
20240430090001,642.3032
20240430091001,210.27625
20240430092001,206.67121
20240430093001,230.78211
20240430094001,214.50806
20240430095001,224.17254
20240430100001,240.99667
20240430101001,278.41837
20240430102001,241.38545
20240430103001,233.24238
20240430104001,234.41713
20240430105001,223.36306
20240430110001,206.26887
20240430111001,201.16492
20240430112001,204.02599
20240430113001,205.10205
20240430114001,205.96982
20240430115001,204.58739
20240430120001,204.103
20240430121001,201.19188
20240430122001,199.30932
20240430123001,198.34502
20240430124001,198.40055
20240430125001,197.03378
20240430130001,199.87228
20240430131001,195.43932
20240430132001,194.55036
20240430133001,193.77139
20240430134001,191.94725
20240430135001,191.22612
20240430140001,188.64326
20240430141001,187.49816
20240430142001,187.68398
20240430143001,188.31768
20240430144001,188.57291
20240430145001,186.63261
20240430150001,185.94564
20240430151001,185.5963
20240430152001,184.73052
20240430153001,184.04668
20240430154001,183.76974
20240430155001,183.59641
20240430160001,248.69873
20240430161001,317.8956
20240430162001,397.07752
20240430163001,521.08089
20240430164001,634.01572
20240430165001,652.39576
20240515090001,718.24595
20240515091001,210.67276
20240515092001,203.03417
20240515093001,208.00222
20240515094001,208.91274
20240515095001,224.72413
20240515100001,244.16549
20240515101001,276.36158
20240515102001,243.19355
20240515103001,233.79926
20240515104001,235.02589
20240515105001,223.23767
20240515110001,206.26887
20240515111001,201.16492
20240515112001,204.02599
20240515113001,205.10205
20240515114001,205.96982
20240515115001,204.58739
20240515120001,204.103
20240515121001,201.19188
20240515122001,199.30932
20240515123001,198.34502
20240515124001,198.40055
20240515125001,197.03378
20240515130001,199.87228
20240515131001,195.43932
20240515132001,194.55036
20240515133001,193.77139
20240515134001,191.94725
20240515135001,191.22612
20240515140001,188.64326
20240515141001,187.49816
20240515142001,187.68398
20240515143001,188.31768
20240515144001,188.57291
20240515145001,186.63261
20240515150001,185.94564
20240515151001,185.5963
20240515152001,184.73052
20240515153001,184.04668
20240515154001,183.76974
20240515155001,183.59641
20240515160001,248.69873
20240515161001,317.8956
20240515162001,397.07752
20240515163001,521.08089
20240515164001,634.01572
20240515165001,652.39576
20240520090001,402.52788
20240520091001,214.4386
20240520092001,210.82605
20240520093001,220.64196
20240520094001,211.64596
20240520095001,209.23726
20240520100001,222.81286
20240520101001,250.33788
20240520102001,233.19965
20240520103001,227.92646
20240520104001,235.1597
20240520105001,223.78859
20240520110001,206.26887
20240520111001,201.16492
20240520112001,204.02599
20240520113001,205.10205
20240520114001,205.96982
20240520115001,204.58739
20240520120001,204.103
20240520121001,201.19188
20240520122001,199.30932
20240520123001,198.34502
20240520124001,198.40055
20240520125001,197.03378
20240520130001,199.87228
20240520131001,195.43932
20240520132001,194.55036
20240520133001,193.77139
20240520134001,191.94725
20240520135001,191.22612
20240520140001,188.64326
20240520141001,187.49816
20240520142001,187.68398
20240520143001,188.31768
20240520144001,188.57291
20240520145001,186.63261
20240520150001,185.94564
20240520151001,185.5963
20240520152001,184.73052
20240520153001,184.04668
20240520154001,183.76974
20240520155001,183.59641
20240520160001,248.69873
20240520161001,317.8956
20240520162001,397.07752
20240520163001,521.08089
20240520164001,634.01572
20240520165001,652.39576
20240613090001,200.77726
20240613091001,210.98318
20240613092001,212.80314
20240613093001,204.20191
20240613094001,210.12665
20240613095001,208.13028
20240613100001,229.40305
20240613101001,254.58983
20240613102001,244.22821
20240613103001,230.43915
20240613104001,233.00782
20240613105001,223.6276
20240613110001,206.26887
20240613111001,201.16492
20240613112001,204.02599
20240613113001,205.10205
20240613114001,205.96982
20240613115001,204.58739
20240613120001,204.103
20240613121001,201.19188
20240613122001,199.30932
20240613123001,198.34502
20240613124001,198.40055
20240613125001,197.03378
20240613130001,199.87228
20240613131001,195.43932
20240613132001,194.55036
20240613133001,193.77139
20240613134001,191.94725
20240613135001,191.22612
20240613140001,188.64326
20240613141001,187.49816
20240613142001,187.68398
20240613143001,188.31768
20240613144001,188.57291
20240613145001,186.63261
20240613150001,185.94564
20240613151001,185.5963
20240613152001,184.73052
20240613153001,184.04668
20240613154001,183.76974
20240613155001,183.59641
20240613160001,248.69873
20240613161001,317.8956
20240613162001,397.07752
20240613163001,521.08089
20240613164001,634.01572
20240613165001,652.39576
20240615090001,593.99381
20240615091001,219.36419
20240615092001,219.34816
20240615093001,229.16507
20240615094001,224.40967
20240615095001,243.50894
20240615100001,244.73608
20240615101001,288.75204
20240615102001,243.75554
20240615103001,234.82953
20240615104001,234.52798
20240615105001,223.30824
20240615110001,206.26887
20240615111001,201.16492
20240615112001,204.02599
20240615113001,205.10205
20240615114001,205.96982
20240615115001,204.58739
20240615120001,204.103
20240615121001,201.19188
20240615122001,199.30932
20240615123001,198.34502
20240615124001,198.40055
20240615125001,197.03378
20240615130001,199.87228
20240615131001,195.43932
20240615132001,194.55036
20240615133001,193.77139
20240615134001,191.94725
20240615135001,191.22612
20240615140001,188.64326
20240615141001,187.49816
20240615142001,187.68398
20240615143001,188.31768
20240615144001,188.57291
20240615145001,186.63261
20240615150001,185.94564
20240615151001,185.5963
20240615152001,184.73052
20240615153001,184.04668
20240615154001,183.76974
20240615155001,183.59641
20240615160001,248.69873
20240615161001,317.8956
20240615162001,397.07752
20240615163001,521.08089
20240615164001,634.01572
20240615165001,652.39576
20240703090001,559.69666
20240703091001,238.24963
20240703092001,207.90336
20240703093001,324.08672
20240703094001,230.11435
20240703095001,233.62432
20240703100001,241.30693
20240703101001,281.74481
20240703102001,241.48161
20240703103001,233.39125
20240703104001,232.86545
20240703105001,223.28374
20240703110001,206.26887
20240703111001,201.16492
20240703112001,204.02599
20240703113001,205.10205
20240703114001,205.96982
20240703115001,204.58739
20240703120001,204.103
20240703121001,201.19188
20240703122001,199.30932
20240703123001,198.34502
20240703124001,198.40055
20240703125001,197.03378
20240703130001,199.87228
20240703131001,195.43932
20240703132001,194.55036
20240703133001,193.77139
20240703134001,191.94725
20240703135001,191.22612
20240703140001,188.64326
20240703141001,187.49816
20240703142001,187.68398
20240703143001,188.31768
20240703144001,188.57291
20240703145001,186.63261
20240703150001,185.94564
20240703151001,185.5963
20240703152001,184.73052
20240703153001,184.04668
20240703154001,183.76974
20240703155001,183.59641
20240703160001,248.69873
20240703161001,317.8956
20240703162001,397.07752
20240703163001,521.08089
20240703164001,634.01572
20240703165001,652.39576
20240707090001,576.84275
20240707091001,220.16156
20240707092001,209.22118
20240707093001,277.78813
20240707094001,232.46653
20240707095001,250.8655
20240707100001,243.00269
20240707101001,289.0405
20240707102001,242.47485
20240707103001,233.86049
20240707104001,233.53402
20240707105001,223.26354
20240707110001,206.26887
20240707111001,201.16492
20240707112001,204.02599
20240707113001,205.10205
20240707114001,205.96982
20240707115001,204.58739
20240707120001,204.103
20240707121001,201.19188
20240707122001,199.30932
20240707123001,198.34502
20240707124001,198.40055
20240707125001,197.03378
20240707130001,199.87228
20240707131001,195.43932
20240707132001,194.55036
20240707133001,193.77139
20240707134001,191.94725
20240707135001,191.22612
20240707140001,188.64326
20240707141001,187.49816
20240707142001,187.68398
20240707143001,188.31768
20240707144001,188.57291
20240707145001,186.63261
20240707150001,185.94564
20240707151001,185.5963
20240707152001,184.73052
20240707153001,184.04668
20240707154001,183.76974
20240707155001,183.59641
20240707160001,248.69873
20240707161001,317.8956
20240707162001,397.07752
20240707163001,521.08089
20240707164001,634.01572
20240707165001,652.39576
20240125090002,188.64923
20240125091002,201.22267
20240125092002,201.99708
20240125093002,202.64108
20240125094002,211.46498
20240125095002,198.7207
20240125100002,215.32756
20240125101002,225.47759
20240125102002,228.74314
20240125103002,222.824
20240125104002,230.57395
20240125105002,223.90567
20240125110002,206.26887
20240125111002,201.16492
20240125112002,204.02599
20240125113002,205.10205
20240125114002,205.96982
20240125115002,204.58739
20240125120002,204.103
20240125121002,201.19188
20240125122002,199.30932
20240125123002,198.34502
20240125124002,198.40055
20240125125002,197.03378
20240125130002,199.87228
20240125131002,195.43932
20240125132002,194.55036
20240125133002,193.77139
20240125134002,191.94725
20240125135002,191.22612
20240125140002,188.64326
20240125141002,187.49816
20240125142002,187.68398
20240125143002,188.31768
20240125144002,188.57291
20240125145002,186.63261
20240125150002,185.94564
20240125151002,185.5963
20240125152002,184.73052
20240125153002,184.04668
20240125154002,183.76974
20240125155002,183.59641
20240125160002,248.69873
20240125161002,317.8956
20240125162002,397.07752
20240125163002,521.08089
20240125164002,634.01572
20240125165002,652.39576
20240128090002,187.07021
20240128091002,193.00781
20240128092002,202.51096
20240128093002,204.42773
20240128094002,209.99711
20240128095002,199.09277
20240128100002,223.93777
20240128101002,225.02711
20240128102002,230.59674
20240128103002,223.98373
20240128104002,230.57395
20240128105002,224.15918
20240128110002,206.26887
20240128111002,201.16492
20240128112002,204.02599
20240128113002,205.10205
20240128114002,205.96982
20240128115002,204.58739
20240128120002,204.103
20240128121002,201.19188
20240128122002,199.30932
20240128123002,198.34502
20240128124002,198.40055
20240128125002,197.03378
20240128130002,199.87228
20240128131002,195.43932
20240128132002,194.55036
20240128133002,193.77139
20240128134002,191.94725
20240128135002,191.22612
20240128140002,188.64326
20240128141002,187.49816
20240128142002,187.68398
20240128143002,188.31768
20240128144002,188.57291
20240128145002,186.63261
20240128150002,185.94564
20240128151002,185.5963
20240128152002,184.73052
20240128153002,184.04668
20240128154002,183.76974
20240128155002,183.59641
20240128160002,248.69873
20240128161002,317.8956
20240128162002,397.07752
20240128163002,521.08089
20240128164002,634.01572
20240128165002,652.39576
20240213090002,692.705
20240213091002,229.81386
20240213092002,221.82648
20240213093002,383.74815
20240213094002,325.52832
20240213095002,242.68493
20240213100002,232.15691
20240213101002,233.84015
20240213102002,222.46405
20240213103002,213.21004
20240213104002,228.82531
20240213105002,223.8254
20240213110002,206.26887
20240213111002,201.16492
20240213112002,204.02599
20240213113002,205.10205
20240213114002,205.96982
20240213115002,204.58739
20240213120002,204.103
20240213121002,201.19188
20240213122002,199.30932
20240213123002,198.34502
20240213124002,198.40055
20240213125002,197.03378
20240213130002,199.87228
20240213131002,195.43932
20240213132002,194.55036
20240213133002,193.77139
20240213134002,191.94725
20240213135002,191.22612
20240213140002,188.64326
20240213141002,187.49816
20240213142002,187.68398
20240213143002,188.31768
20240213144002,188.57291
20240213145002,186.63261
20240213150002,185.94564
20240213151002,185.5963
20240213152002,184.73052
20240213153002,184.04668
20240213154002,183.76974
20240213155002,183.59641
20240213160002,248.69873
20240213161002,317.8956
20240213162002,397.07752
20240213163002,521.08089
20240213164002,634.01572
20240213165002,652.39576
20240226090002,192.9898
20240226091002,203.03405
20240226092002,207.18902
20240226093002,208.50436
20240226094002,214.36374
20240226095002,201.35228
20240226100002,224.34481
20240226101002,229.18735
20240226102002,230.40497
20240226103002,223.45845
20240226104002,231.01336
20240226105002,224.15918
20240226110002,206.26887
20240226111002,201.16492
20240226112002,204.02599
20240226113002,205.10205
20240226114002,205.96982
20240226115002,204.58739
20240226120002,204.103
20240226121002,201.19188
20240226122002,199.30932
20240226123002,198.34502
20240226124002,198.40055
20240226125002,197.03378
20240226130002,199.87228
20240226131002,195.43932
20240226132002,194.55036
20240226133002,193.77139
20240226134002,191.94725
20240226135002,191.22612
20240226140002,188.64326
20240226141002,187.49816
20240226142002,187.68398
20240226143002,188.31768
20240226144002,188.57291
20240226145002,186.63261
20240226150002,185.94564
20240226151002,185.5963
20240226152002,184.73052
20240226153002,184.04668
20240226154002,183.76974
20240226155002,183.59641
20240226160002,248.69873
20240226161002,317.8956
20240226162002,397.07752
20240226163002,521.08089
20240226164002,634.01572
20240226165002,652.39576
20240319090002,187.32035
20240319091002,192.18592
20240319092002,203.82581
20240319093002,204.65992
20240319094002,200.67912
20240319095002,199.62147
20240319100002,223.02171
20240319101002,240.89964
20240319102002,242.82155
20240319103002,224.96498
20240319104002,230.23217
20240319105002,223.96673
20240319110002,206.26887
20240319111002,201.16492
20240319112002,204.02599
20240319113002,205.10205
20240319114002,205.96982
20240319115002,204.58739
20240319120002,204.103
20240319121002,201.19188
20240319122002,199.30932
20240319123002,198.34502
20240319124002,198.40055
20240319125002,197.03378
20240319130002,199.87228
20240319131002,195.43932
20240319132002,194.55036
20240319133002,193.77139
20240319134002,191.94725
20240319135002,191.22612
20240319140002,188.64326
20240319141002,187.49816
20240319142002,187.68398
20240319143002,188.31768
20240319144002,188.57291
20240319145002,186.63261
20240319150002,185.94564
20240319151002,185.5963
20240319152002,184.73052
20240319153002,184.04668
20240319154002,183.76974
20240319155002,183.59641
20240319160002,248.69873
20240319161002,317.8956
20240319162002,397.07752
20240319163002,521.08089
20240319164002,634.01572
20240319165002,652.39576
20240427090002,209.51873
20240427091002,215.414
20240427092002,211.75082
20240427093002,208.52958
20240427094002,208.90883
20240427095002,205.01003
20240427100002,233.92978
20240427101002,250.73205
20240427102002,240.82916
20240427103002,229.33495
20240427104002,233.00478
20240427105002,223.77877
20240427110002,206.26887
20240427111002,201.16492
20240427112002,204.02599
20240427113002,205.10205
20240427114002,205.96982
20240427115002,204.58739
20240427120002,204.103
20240427121002,201.19188
20240427122002,199.30932
20240427123002,198.34502
20240427124002,198.40055
20240427125002,197.03378
20240427130002,199.87228
20240427131002,195.43932
20240427132002,194.55036
20240427133002,193.77139
20240427134002,191.94725
20240427135002,191.22612
20240427140002,188.64326
20240427141002,187.49816
20240427142002,187.68398
20240427143002,188.31768
20240427144002,188.57291
20240427145002,186.63261
20240427150002,185.94564
20240427151002,185.5963
20240427152002,184.73052
20240427153002,184.04668
20240427154002,183.76974
20240427155002,183.59641
20240427160002,248.69873
20240427161002,317.8956
20240427162002,397.07752
20240427163002,521.08089
20240427164002,634.01572
20240427165002,652.39576
20240508090002,226.68057
20240508091002,217.79463
20240508092002,209.14372
20240508093002,210.19447
20240508094002,213.14427
20240508095002,209.14081
20240508100002,236.59254
20240508101002,251.29877
20240508102002,240.74489
20240508103002,230.01227
20240508104002,234.29831
20240508105002,223.77877
20240508110002,206.26887
20240508111002,201.16492
20240508112002,204.02599
20240508113002,205.10205
20240508114002,205.96982
20240508115002,204.58739
20240508120002,204.103
20240508121002,201.19188
20240508122002,199.30932
20240508123002,198.34502
20240508124002,198.40055
20240508125002,197.03378
20240508130002,199.87228
20240508131002,195.43932
20240508132002,194.55036
20240508133002,193.77139
20240508134002,191.94725
20240508135002,191.22612
20240508140002,188.64326
20240508141002,187.49816
20240508142002,187.68398
20240508143002,188.31768
20240508144002,188.57291
20240508145002,186.63261
20240508150002,185.94564
20240508151002,185.5963
20240508152002,184.73052
20240508153002,184.04668
20240508154002,183.76974
20240508155002,183.59641
20240508160002,248.69873
20240508161002,317.8956
20240508162002,397.07752
20240508163002,521.08089
20240508164002,634.01572
20240508165002,652.39576
20240705090002,514.84843
20240705091002,231.19455
20240705092002,210.06269
20240705093002,303.30969
20240705094002,235.40995
20240705095002,233.62592
20240705100002,230.29705
20240705101002,276.13755
20240705102002,240.27151
20240705103002,233.44616
20240705104002,231.75034
20240705105002,223.33184
20240705110002,206.26887
20240705111002,201.16492
20240705112002,204.02599
20240705113002,205.10205
20240705114002,205.96982
20240705115002,204.58739
20240705120002,204.103
20240705121002,201.19188
20240705122002,199.30932
20240705123002,198.34502
20240705124002,198.40055
20240705125002,197.03378
20240705130002,199.87228
20240705131002,195.43932
20240705132002,194.55036
20240705133002,193.77139
20240705134002,191.94725
20240705135002,191.22612
20240705140002,188.64326
20240705141002,187.49816
20240705142002,187.68398
20240705143002,188.31768
20240705144002,188.57291
20240705145002,186.63261
20240705150002,185.94564
20240705151002,185.5963
20240705152002,184.73052
20240705153002,184.04668
20240705154002,183.76974
20240705155002,183.59641
20240705160002,248.69873
20240705161002,317.8956
20240705162002,397.07752
20240705163002,521.08089
20240705164002,634.01572
20240705165002,652.39576
20240707090002,516.06586
20240707091002,227.69602
20240707092002,220.27157
20240707093002,278.65443
20240707094002,233.51808
20240707095002,232.34338
20240707100002,231.36782
20240707101002,278.35425
20240707102002,240.43858
20240707103002,233.16796
20240707104002,232.46991
20240707105002,223.33184
20240707110002,206.26887
20240707111002,201.16492
20240707112002,204.02599
20240707113002,205.10205
20240707114002,205.96982
20240707115002,204.58739
20240707120002,204.103
20240707121002,201.19188
20240707122002,199.30932
20240707123002,198.34502
20240707124002,198.40055
20240707125002,197.03378
20240707130002,199.87228
20240707131002,195.43932
20240707132002,194.55036
20240707133002,193.77139
20240707134002,191.94725
20240707135002,191.22612
20240707140002,188.64326
20240707141002,187.49816
20240707142002,187.68398
20240707143002,188.31768
20240707144002,188.57291
20240707145002,186.63261
20240707150002,185.94564
20240707151002,185.5963
20240707152002,184.73052
20240707153002,184.04668
20240707154002,183.76974
20240707155002,183.59641
20240707160002,248.69873
20240707161002,317.8956
20240707162002,397.07752
20240707163002,521.08089
20240707164002,634.01572
20240707165002,652.39576
20240317090003,656.40651
20240317091003,222.87142
20240317092003,221.15905
20240317093003,249.31005
20240317094003,211.34083
20240317095003,209.84293
20240317100003,213.78307
20240317101003,234.56966
20240317102003,230.51708
20240317103003,222.7817
20240317104003,233.1755
20240317105003,224.41706
20240317110003,206.26887
20240317111003,201.16492
20240317112003,204.02599
20240317113003,205.10205
20240317114003,205.96982
20240317115003,204.58739
20240317120003,204.103
20240317121003,201.19188
20240317122003,199.30932
20240317123003,198.34502
20240317124003,198.40055
20240317125003,197.03378
20240317130003,199.87228
20240317131003,195.43932
20240317132003,194.55036
20240317133003,193.77139
20240317134003,191.94725
20240317135003,191.22612
20240317140003,188.64326
20240317141003,187.49816
20240317142003,187.68398
20240317143003,188.31768
20240317144003,188.57291
20240317145003,186.63261
20240317150003,185.94564
20240317151003,185.5963
20240317152003,184.73052
20240317153003,184.04668
20240317154003,183.76974
20240317155003,183.59641
20240317160003,248.69873
20240317161003,317.8956
20240317162003,397.07752
20240317163003,521.08089
20240317164003,634.01572
20240317165003,652.39576
20240414090003,746.14252
20240414091003,211.17152
20240414092003,207.17277
20240414093003,212.09937
20240414094003,207.12267
20240414095003,213.36949
20240414100003,236.39407
20240414101003,251.1105
20240414102003,243.35702
20240414103003,232.87216
20240414104003,233.91128
20240414105003,223.38984
20240414110003,206.26887
20240414111003,201.16492
20240414112003,204.02599
20240414113003,205.10205
20240414114003,205.96982
20240414115003,204.58739
20240414120003,204.103
20240414121003,201.19188
20240414122003,199.30932
20240414123003,198.34502
20240414124003,198.40055
20240414125003,197.03378
20240414130003,199.87228
20240414131003,195.43932
20240414132003,194.55036
20240414133003,193.77139
20240414134003,191.94725
20240414135003,191.22612
20240414140003,188.64326
20240414141003,187.49816
20240414142003,187.68398
20240414143003,188.31768
20240414144003,188.57291
20240414145003,186.63261
20240414150003,185.94564
20240414151003,185.5963
20240414152003,184.73052
20240414153003,184.04668
20240414154003,183.76974
20240414155003,183.59641
20240414160003,248.69873
20240414161003,317.8956
20240414162003,397.07752
20240414163003,521.08089
20240414164003,634.01572
20240414165003,652.39576
20240524090003,208.80441
20240524091003,212.00039
20240524092003,209.41038
20240524093003,209.01644
20240524094003,213.2909
20240524095003,207.18684
20240524100003,235.41717
20240524101003,251.93627
20240524102003,241.31099
20240524103003,231.49192
20240524104003,233.6102
20240524105003,223.44842
20240524110003,206.26887
20240524111003,201.16492
20240524112003,204.02599
20240524113003,205.10205
20240524114003,205.96982
20240524115003,204.58739
20240524120003,204.103
20240524121003,201.19188
20240524122003,199.30932
20240524123003,198.34502
20240524124003,198.40055
20240524125003,197.03378
20240524130003,199.87228
20240524131003,195.43932
20240524132003,194.55036
20240524133003,193.77139
20240524134003,191.94725
20240524135003,191.22612
20240524140003,188.64326
20240524141003,187.49816
20240524142003,187.68398
20240524143003,188.31768
20240524144003,188.57291
20240524145003,186.63261
20240524150003,185.94564
20240524151003,185.5963
20240524152003,184.73052
20240524153003,184.04668
20240524154003,183.76974
20240524155003,183.59641
20240524160003,248.69873
20240524161003,317.8956
20240524162003,397.07752
20240524163003,521.08089
20240524164003,634.01572
20240524165003,652.39576
20240526090003,208.9796
20240526091003,209.47186
20240526092003,212.63897
20240526093003,208.31941
20240526094003,217.16415
20240526095003,208.79912
20240526100003,234.67982
20240526101003,251.66536
20240526102003,240.8081
20240526103003,231.27085
20240526104003,233.83211
20240526105003,223.43884
20240526110003,206.26887
20240526111003,201.16492
20240526112003,204.02599
20240526113003,205.10205
20240526114003,205.96982
20240526115003,204.58739
20240526120003,204.103
20240526121003,201.19188
20240526122003,199.30932
20240526123003,198.34502
20240526124003,198.40055
20240526125003,197.03378
20240526130003,199.87228
20240526131003,195.43932
20240526132003,194.55036
20240526133003,193.77139
20240526134003,191.94725
20240526135003,191.22612
20240526140003,188.64326
20240526141003,187.49816
20240526142003,187.68398
20240526143003,188.31768
20240526144003,188.57291
20240526145003,186.63261
20240526150003,185.94564
20240526151003,185.5963
20240526152003,184.73052
20240526153003,184.04668
20240526154003,183.76974
20240526155003,183.59641
20240526160003,248.69873
20240526161003,317.8956
20240526162003,397.07752
20240526163003,521.08089
20240526164003,634.01572
20240526165003,652.39576
20240603090003,202.4163
20240603091003,222.44393
20240603092003,211.83173
20240603093003,205.90227
20240603094003,210.28185
20240603095003,207.35724
20240603100003,223.36653
20240603101003,251.32919
20240603102003,244.31059
20240603103003,229.4224
20240603104003,230.6178
20240603105003,223.70026
20240603110003,206.26887
20240603111003,201.16492
20240603112003,204.02599
20240603113003,205.10205
20240603114003,205.96982
20240603115003,204.58739
20240603120003,204.103
20240603121003,201.19188
20240603122003,199.30932
20240603123003,198.34502
20240603124003,198.40055
20240603125003,197.03378
20240603130003,199.87228
20240603131003,195.43932
20240603132003,194.55036
20240603133003,193.77139
20240603134003,191.94725
20240603135003,191.22612
20240603140003,188.64326
20240603141003,187.49816
20240603142003,187.68398
20240603143003,188.31768
20240603144003,188.57291
20240603145003,186.63261
20240603150003,185.94564
20240603151003,185.5963
20240603152003,184.73052
20240603153003,184.04668
20240603154003,183.76974
20240603155003,183.59641
20240603160003,248.69873
20240603161003,317.8956
20240603162003,397.07752
20240603163003,521.08089
20240603164003,634.01572
20240603165003,652.39576
20240620090003,744.3873
20240620091003,228.21516
20240620092003,220.22883
20240620093003,228.69004
20240620094003,211.04109
20240620095003,232.92101
20240620100003,243.90474
20240620101003,273.93757
20240620102003,243.41467
20240620103003,234.14148
20240620104003,234.10407
20240620105003,223.14569
20240620110003,206.26887
20240620111003,201.16492
20240620112003,204.02599
20240620113003,205.10205
20240620114003,205.96982
20240620115003,204.58739
20240620120003,204.103
20240620121003,201.19188
20240620122003,199.30932
20240620123003,198.34502
20240620124003,198.40055
20240620125003,197.03378
20240620130003,199.87228
20240620131003,195.43932
20240620132003,194.55036
20240620133003,193.77139
20240620134003,191.94725
20240620135003,191.22612
20240620140003,188.64326
20240620141003,187.49816
20240620142003,187.68398
20240620143003,188.31768
20240620144003,188.57291
20240620145003,186.63261
20240620150003,185.94564
20240620151003,185.5963
20240620152003,184.73052
20240620153003,184.04668
20240620154003,183.76974
20240620155003,183.59641
20240620160003,248.69873
20240620161003,317.8956
20240620162003,397.07752
20240620163003,521.08089
20240620164003,634.01572
20240620165003,652.39576
20240420090004,906.68321
20240420091004,195.05601
20240420092004,202.64521
20240420093004,275.06932
20240420094004,223.92143
20240420095004,244.11088
20240420100004,244.08926
20240420101004,298.97825
20240420102004,249.82162
20240420103004,232.00832
20240420104004,233.75677
20240420105004,224.043
20240420110004,206.26887
20240420111004,201.16492
20240420112004,204.02599
20240420113004,205.10205
20240420114004,205.96982
20240420115004,204.58739
20240420120004,204.103
20240420121004,201.19188
20240420122004,199.30932
20240420123004,198.34502
20240420124004,198.40055
20240420125004,197.03378
20240420130004,199.87228
20240420131004,195.43932
20240420132004,194.55036
20240420133004,193.77139
20240420134004,191.94725
20240420135004,191.22612
20240420140004,188.64326
20240420141004,187.49816
20240420142004,187.68398
20240420143004,188.31768
20240420144004,188.57291
20240420145004,186.63261
20240420150004,185.94564
20240420151004,185.5963
20240420152004,184.73052
20240420153004,184.04668
20240420154004,183.76974
20240420155004,183.59641
20240420160004,248.69873
20240420161004,317.8956
20240420162004,397.07752
20240420163004,521.08089
20240420164004,634.01572
20240420165004,652.39576
20240422090004,820.57748
20240422091004,210.01293
20240422092004,202.77088
20240422093004,227.0362
20240422094004,210.20325
20240422095004,234.65571
20240422100004,251.79216
20240422101004,303.12711
20240422102004,250.13127
20240422103004,233.8157
20240422104004,234.97475
20240422105004,223.53766
20240422110004,206.26887
20240422111004,201.16492
20240422112004,204.02599
20240422113004,205.10205
20240422114004,205.96982
20240422115004,204.58739
20240422120004,204.103
20240422121004,201.19188
20240422122004,199.30932
20240422123004,198.34502
20240422124004,198.40055
20240422125004,197.03378
20240422130004,199.87228
20240422131004,195.43932
20240422132004,194.55036
20240422133004,193.77139
20240422134004,191.94725
20240422135004,191.22612
20240422140004,188.64326
20240422141004,187.49816
20240422142004,187.68398
20240422143004,188.31768
20240422144004,188.57291
20240422145004,186.63261
20240422150004,185.94564
20240422151004,185.5963
20240422152004,184.73052
20240422153004,184.04668
20240422154004,183.76974
20240422155004,183.59641
20240422160004,248.69873
20240422161004,317.8956
20240422162004,397.07752
20240422163004,521.08089
20240422164004,634.01572
20240422165004,652.39576
20240513090004,188.20198
20240513091004,194.86556
20240513092004,212.56522
20240513093004,205.06897
20240513094004,205.33613
20240513095004,203.01936
20240513100004,231.23958
20240513101004,252.43003
20240513102004,244.07758
20240513103004,229.00908
20240513104004,230.88804
20240513105004,223.96673
20240513110004,206.26887
20240513111004,201.16492
20240513112004,204.02599
20240513113004,205.10205
20240513114004,205.96982
20240513115004,204.58739
20240513120004,204.103
20240513121004,201.19188
20240513122004,199.30932
20240513123004,198.34502
20240513124004,198.40055
20240513125004,197.03378
20240513130004,199.87228
20240513131004,195.43932
20240513132004,194.55036
20240513133004,193.77139
20240513134004,191.94725
20240513135004,191.22612
20240513140004,188.64326
20240513141004,187.49816
20240513142004,187.68398
20240513143004,188.31768
20240513144004,188.57291
20240513145004,186.63261
20240513150004,185.94564
20240513151004,185.5963
20240513152004,184.73052
20240513153004,184.04668
20240513154004,183.76974
20240513155004,183.59641
20240513160004,248.69873
20240513161004,317.8956
20240513162004,397.07752
20240513163004,521.08089
20240513164004,634.01572
20240513165004,652.39576
20240515090004,840.21315
20240515091004,210.85633
20240515092004,205.6089
20240515093004,219.39753
20240515094004,208.59357
20240515095004,240.52097
20240515100004,246.46256
20240515101004,280.69982
20240515102004,249.99293
20240515103004,234.41505
20240515104004,234.94416
20240515105004,223.51045
20240515110004,206.26887
20240515111004,201.16492
20240515112004,204.02599
20240515113004,205.10205
20240515114004,205.96982
20240515115004,204.58739
20240515120004,204.103
20240515121004,201.19188
20240515122004,199.30932
20240515123004,198.34502
20240515124004,198.40055
20240515125004,197.03378
20240515130004,199.87228
20240515131004,195.43932
20240515132004,194.55036
20240515133004,193.77139
20240515134004,191.94725
20240515135004,191.22612
20240515140004,188.64326
20240515141004,187.49816
20240515142004,187.68398
20240515143004,188.31768
20240515144004,188.57291
20240515145004,186.63261
20240515150004,185.94564
20240515151004,185.5963
20240515152004,184.73052
20240515153004,184.04668
20240515154004,183.76974
20240515155004,183.59641
20240515160004,248.69873
20240515161004,317.8956
20240515162004,397.07752
20240515163004,521.08089
20240515164004,634.01572
20240515165004,652.39576
20240629090004,693.57924
20240629091004,219.71286
20240629092004,215.3094
20240629093004,251.63379
20240629094004,228.99047
20240629095004,250.62614
20240629100004,243.80995
20240629101004,281.23593
20240629102004,244.42368
20240629103004,234.66399
20240629104004,234.08498
20240629105004,223.32148
20240629110004,206.26887
20240629111004,201.16492
20240629112004,204.02599
20240629113004,205.10205
20240629114004,205.96982
20240629115004,204.58739
20240629120004,204.103
20240629121004,201.19188
20240629122004,199.30932
20240629123004,198.34502
20240629124004,198.40055
20240629125004,197.03378
20240629130004,199.87228
20240629131004,195.43932
20240629132004,194.55036
20240629133004,193.77139
20240629134004,191.94725
20240629135004,191.22612
20240629140004,188.64326
20240629141004,187.49816
20240629142004,187.68398
20240629143004,188.31768
20240629144004,188.57291
20240629145004,186.63261
20240629150004,185.94564
20240629151004,185.5963
20240629152004,184.73052
20240629153004,184.04668
20240629154004,183.76974
20240629155004,183.59641
20240629160004,248.69873
20240629161004,317.8956
20240629162004,397.07752
20240629163004,521.08089
20240629164004,634.01572
20240629165004,652.39576
20240704090004,667.73903
20240704091004,218.73895
20240704092004,203.82796
20240704093004,306.47531
20240704094004,234.19383
20240704095004,264.06947
20240704100004,243.28887
20240704101004,280.20414
20240704102004,242.74008
20240704103004,233.54894
20240704104004,233.35195
20240704105004,223.35709
20240704110004,206.26887
20240704111004,201.16492
20240704112004,204.02599
20240704113004,205.10205
20240704114004,205.96982
20240704115004,204.58739
20240704120004,204.103
20240704121004,201.19188
20240704122004,199.30932
20240704123004,198.34502
20240704124004,198.40055
20240704125004,197.03378
20240704130004,199.87228
20240704131004,195.43932
20240704132004,194.55036
20240704133004,193.77139
20240704134004,191.94725
20240704135004,191.22612
20240704140004,188.64326
20240704141004,187.49816
20240704142004,187.68398
20240704143004,188.31768
20240704144004,188.57291
20240704145004,186.63261
20240704150004,185.94564
20240704151004,185.5963
20240704152004,184.73052
20240704153004,184.04668
20240704154004,183.76974
20240704155004,183.59641
20240704160004,248.69873
20240704161004,317.8956
20240704162004,397.07752
20240704163004,521.08089
20240704164004,634.01572
20240704165004,652.39576
20240509090005,215.91103
20240509091005,209.50744
20240509092005,207.72994
20240509093005,212.00694
20240509094005,224.8153
20240509095005,203.91109
20240509100005,228.84974
20240509101005,244.30027
20240509102005,234.42459
20240509103005,224.37969
20240509104005,233.00096
20240509105005,224.04426
20240509110005,206.26887
20240509111005,201.16492
20240509112005,204.02599
20240509113005,205.10205
20240509114005,205.96982
20240509115005,204.58739
20240509120005,204.103
20240509121005,201.19188
20240509122005,199.30932
20240509123005,198.34502
20240509124005,198.40055
20240509125005,197.03378
20240509130005,199.87228
20240509131005,195.43932
20240509132005,194.55036
20240509133005,193.77139
20240509134005,191.94725
20240509135005,191.22612
20240509140005,188.64326
20240509141005,187.49816
20240509142005,187.68398
20240509143005,188.31768
20240509144005,188.57291
20240509145005,186.63261
20240509150005,185.94564
20240509151005,185.5963
20240509152005,184.73052
20240509153005,184.04668
20240509154005,183.76974
20240509155005,183.59641
20240509160005,248.69873
20240509161005,317.8956
20240509162005,397.07752
20240509163005,521.08089
20240509164005,634.01572
20240509165005,652.39576
20240514090005,244.33582
20240514091005,225.89219
20240514092005,208.78011
20240514093005,209.27444
20240514094005,229.57098
20240514095005,203.409
20240514100005,231.25401
20240514101005,250.0142
20240514102005,234.62938
20240514103005,224.26957
20240514104005,233.82085
20240514105005,224.12025
20240514110005,206.26887
20240514111005,201.16492
20240514112005,204.02599
20240514113005,205.10205
20240514114005,205.96982
20240514115005,204.58739
20240514120005,204.103
20240514121005,201.19188
20240514122005,199.30932
20240514123005,198.34502
20240514124005,198.40055
20240514125005,197.03378
20240514130005,199.87228
20240514131005,195.43932
20240514132005,194.55036
20240514133005,193.77139
20240514134005,191.94725
20240514135005,191.22612
20240514140005,188.64326
20240514141005,187.49816
20240514142005,187.68398
20240514143005,188.31768
20240514144005,188.57291
20240514145005,186.63261
20240514150005,185.94564
20240514151005,185.5963
20240514152005,184.73052
20240514153005,184.04668
20240514154005,183.76974
20240514155005,183.59641
20240514160005,248.69873
20240514161005,317.8956
20240514162005,397.07752
20240514163005,521.08089
20240514164005,634.01572
20240514165005,652.39576
20240615090005,496.90559
20240615091005,224.72953
20240615092005,231.02404
20240615093005,234.39807
20240615094005,229.97879
20240615095005,233.82987
20240615100005,237.31648
20240615101005,297.21239
20240615102005,242.9842
20240615103005,231.93685
20240615104005,233.63757
20240615105005,223.16589
20240615110005,206.26887
20240615111005,201.16492
20240615112005,204.02599
20240615113005,205.10205
20240615114005,205.96982
20240615115005,204.58739
20240615120005,204.103
20240615121005,201.19188
20240615122005,199.30932
20240615123005,198.34502
20240615124005,198.40055
20240615125005,197.03378
20240615130005,199.87228
20240615131005,195.43932
20240615132005,194.55036
20240615133005,193.77139
20240615134005,191.94725
20240615135005,191.22612
20240615140005,188.64326
20240615141005,187.49816
20240615142005,187.68398
20240615143005,188.31768
20240615144005,188.57291
20240615145005,186.63261
20240615150005,185.94564
20240615151005,185.5963
20240615152005,184.73052
20240615153005,184.04668
20240615154005,183.76974
20240615155005,183.59641
20240615160005,248.69873
20240615161005,317.8956
20240615162005,397.07752
20240615163005,521.08089
20240615164005,634.01572
20240615165005,652.39576
20240620090005,485.56263
20240620091005,231.13533
20240620092005,228.57017
20240620093005,228.15381
20240620094005,224.03959
20240620095005,228.7837
20240620100005,243.04108
20240620101005,288.509
20240620102005,243.98676
20240620103005,232.69645
20240620104005,233.68468
20240620105005,224.12201
20240620110005,206.26887
20240620111005,201.16492
20240620112005,204.02599
20240620113005,205.10205
20240620114005,205.96982
20240620115005,204.58739
20240620120005,204.103
20240620121005,201.19188
20240620122005,199.30932
20240620123005,198.34502
20240620124005,198.40055
20240620125005,197.03378
20240620130005,199.87228
20240620131005,195.43932
20240620132005,194.55036
20240620133005,193.77139
20240620134005,191.94725
20240620135005,191.22612
20240620140005,188.64326
20240620141005,187.49816
20240620142005,187.68398
20240620143005,188.31768
20240620144005,188.57291
20240620145005,186.63261
20240620150005,185.94564
20240620151005,185.5963
20240620152005,184.73052
20240620153005,184.04668
20240620154005,183.76974
20240620155005,183.59641
20240620160005,248.69873
20240620161005,317.8956
20240620162005,397.07752
20240620163005,521.08089
20240620164005,634.01572
20240620165005,652.39576
20240706090005,437.2415
20240706091005,292.92845
20240706092005,326.15664
20240706093005,255.91845
20240706094005,234.79504
20240706095005,231.33447
20240706100005,229.96813
20240706101005,290.15911
20240706102005,250.58332
20240706103005,233.30561
20240706104005,231.7885
20240706105005,223.33184
20240706110005,206.26887
20240706111005,201.16492
20240706112005,204.02599
20240706113005,205.10205
20240706114005,205.96982
20240706115005,204.58739
20240706120005,204.103
20240706121005,201.19188
20240706122005,199.30932
20240706123005,198.34502
20240706124005,198.40055
20240706125005,197.03378
20240706130005,199.87228
20240706131005,195.43932
20240706132005,194.55036
20240706133005,193.77139
20240706134005,191.94725
20240706135005,191.22612
20240706140005,188.64326
20240706141005,187.49816
20240706142005,187.68398
20240706143005,188.31768
20240706144005,188.57291
20240706145005,186.63261
20240706150005,185.94564
20240706151005,185.5963
20240706152005,184.73052
20240706153005,184.04668
20240706154005,183.76974
20240706155005,183.59641
20240706160005,248.69873
20240706161005,317.8956
20240706162005,397.07752
20240706163005,521.08089
20240706164005,634.01572
20240706165005,652.39576
20240708090005,482.19968
20240708091005,250.77394
20240708092005,276.60281
20240708093005,233.59099
20240708094005,230.74848
20240708095005,232.6039
20240708100005,237.46232
20240708101005,296.42367
20240708102005,244.42919
20240708103005,232.75015
20240708104005,233.47301
20240708105005,223.16589
20240708110005,206.26887
20240708111005,201.16492
20240708112005,204.02599
20240708113005,205.10205
20240708114005,205.96982
20240708115005,204.58739
20240708120005,204.103
20240708121005,201.19188
20240708122005,199.30932
20240708123005,198.34502
20240708124005,198.40055
20240708125005,197.03378
20240708130005,199.87228
20240708131005,195.43932
20240708132005,194.55036
20240708133005,193.77139
20240708134005,191.94725
20240708135005,191.22612
20240708140005,188.64326
20240708141005,187.49816
20240708142005,187.68398
20240708143005,188.31768
20240708144005,188.57291
20240708145005,186.63261
20240708150005,185.94564
20240708151005,185.5963
20240708152005,184.73052
20240708153005,184.04668
20240708154005,183.76974
20240708155005,183.59641
20240708160005,248.69873
20240708161005,317.8956
20240708162005,397.07752
20240708163005,521.08089
20240708164005,634.01572
20240708165005,652.39576
20240520090006,442.79301
20240520091006,218.89967
20240520092006,210.34337
20240520093006,227.66462
20240520094006,229.30282
20240520095006,210.53475
20240520100006,214.63563
20240520101006,242.65543
20240520102006,228.18559
20240520103006,222.69583
20240520104006,234.76332
20240520105006,223.92211
20240520110006,206.26887
20240520111006,201.16492
20240520112006,204.02599
20240520113006,205.10205
20240520114006,205.96982
20240520115006,204.58739
20240520120006,204.103
20240520121006,201.19188
20240520122006,199.30932
20240520123006,198.34502
20240520124006,198.40055
20240520125006,197.03378
20240520130006,199.87228
20240520131006,195.43932
20240520132006,194.55036
20240520133006,193.77139
20240520134006,191.94725
20240520135006,191.22612
20240520140006,188.64326
20240520141006,187.49816
20240520142006,187.68398
20240520143006,188.31768
20240520144006,188.57291
20240520145006,186.63261
20240520150006,185.94564
20240520151006,185.5963
20240520152006,184.73052
20240520153006,184.04668
20240520154006,183.76974
20240520155006,183.59641
20240520160006,248.69873
20240520161006,317.8956
20240520162006,397.07752
20240520163006,521.08089
20240520164006,634.01572
20240520165006,652.39576
20240527090006,455.08224
20240527091006,209.44768
20240527092006,206.44747
20240527093006,222.73229
20240527094006,224.28148
20240527095006,222.37338
20240527100006,236.01067
20240527101006,280.7533
20240527102006,240.92675
20240527103006,229.55642
20240527104006,234.09233
20240527105006,223.43711
20240527110006,206.26887
20240527111006,201.16492
20240527112006,204.02599
20240527113006,205.10205
20240527114006,205.96982
20240527115006,204.58739
20240527120006,204.103
20240527121006,201.19188
20240527122006,199.30932
20240527123006,198.34502
20240527124006,198.40055
20240527125006,197.03378
20240527130006,199.87228
20240527131006,195.43932
20240527132006,194.55036
20240527133006,193.77139
20240527134006,191.94725
20240527135006,191.22612
20240527140006,188.64326
20240527141006,187.49816
20240527142006,187.68398
20240527143006,188.31768
20240527144006,188.57291
20240527145006,186.63261
20240527150006,185.94564
20240527151006,185.5963
20240527152006,184.73052
20240527153006,184.04668
20240527154006,183.76974
20240527155006,183.59641
20240527160006,248.69873
20240527161006,317.8956
20240527162006,397.07752
20240527163006,521.08089
20240527164006,634.01572
20240527165006,652.39576
20240625090006,633.60117
20240625091006,220.5468
20240625092006,225.53951
20240625093006,274.05682
20240625094006,235.69693
20240625095006,256.20987
20240625100006,251.95372
20240625101006,294.4733
20240625102006,245.63006
20240625103006,233.89996
20240625104006,234.11824
20240625105006,223.31164
20240625110006,206.26887
20240625111006,201.16492
20240625112006,204.02599
20240625113006,205.10205
20240625114006,205.96982
20240625115006,204.58739
20240625120006,204.103
20240625121006,201.19188
20240625122006,199.30932
20240625123006,198.34502
20240625124006,198.40055
20240625125006,197.03378
20240625130006,199.87228
20240625131006,195.43932
20240625132006,194.55036
20240625133006,193.77139
20240625134006,191.94725
20240625135006,191.22612
20240625140006,188.64326
20240625141006,187.49816
20240625142006,187.68398
20240625143006,188.31768
20240625144006,188.57291
20240625145006,186.63261
20240625150006,185.94564
20240625151006,185.5963
20240625152006,184.73052
20240625153006,184.04668
20240625154006,183.76974
20240625155006,183.59641
20240625160006,248.69873
20240625161006,317.8956
20240625162006,397.07752
20240625163006,521.08089
20240625164006,634.01572
20240625165006,652.39576
20240629090006,636.46164
20240629091006,220.90654
20240629092006,208.89056
20240629093006,275.87329
20240629094006,234.06928
20240629095006,264.38635
20240629100006,251.97712
20240629101006,297.70913
20240629102006,243.76855
20240629103006,233.46775
20240629104006,234.42503
20240629105006,223.31164
20240629110006,206.26887
20240629111006,201.16492
20240629112006,204.02599
20240629113006,205.10205
20240629114006,205.96982
20240629115006,204.58739
20240629120006,204.103
20240629121006,201.19188
20240629122006,199.30932
20240629123006,198.34502
20240629124006,198.40055
20240629125006,197.03378
20240629130006,199.87228
20240629131006,195.43932
20240629132006,194.55036
20240629133006,193.77139
20240629134006,191.94725
20240629135006,191.22612
20240629140006,188.64326
20240629141006,187.49816
20240629142006,187.68398
20240629143006,188.31768
20240629144006,188.57291
20240629145006,186.63261
20240629150006,185.94564
20240629151006,185.5963
20240629152006,184.73052
20240629153006,184.04668
20240629154006,183.76974
20240629155006,183.59641
20240629160006,248.69873
20240629161006,317.8956
20240629162006,397.07752
20240629163006,521.08089
20240629164006,634.01572
20240629165006,652.39576
20240706090006,629.26652
20240706091006,229.37638
20240706092006,208.35161
20240706093006,332.78361
20240706094006,242.11416
20240706095006,273.07722
20240706100006,243.22097
20240706101006,297.69197
20240706102006,243.83592
20240706103006,234.09993
20240706104006,233.42523
20240706105006,223.3487
20240706110006,206.26887
20240706111006,201.16492
20240706112006,204.02599
20240706113006,205.10205
20240706114006,205.96982
20240706115006,204.58739
20240706120006,204.103
20240706121006,201.19188
20240706122006,199.30932
20240706123006,198.34502
20240706124006,198.40055
20240706125006,197.03378
20240706130006,199.87228
20240706131006,195.43932
20240706132006,194.55036
20240706133006,193.77139
20240706134006,191.94725
20240706135006,191.22612
20240706140006,188.64326
20240706141006,187.49816
20240706142006,187.68398
20240706143006,188.31768
20240706144006,188.57291
20240706145006,186.63261
20240706150006,185.94564
20240706151006,185.5963
20240706152006,184.73052
20240706153006,184.04668
20240706154006,183.76974
20240706155006,183.59641
20240706160006,248.69873
20240706161006,317.8956
20240706162006,397.07752
20240706163006,521.08089
20240706164006,634.01572
20240706165006,652.39576
20240722090006,618.506
20240722091006,224.63982
20240722092006,219.74236
20240722093006,289.9838
20240722094006,240.86606
20240722095006,275.89495
20240722100006,252.1346
20240722101006,304.66312
20240722102006,244.38437
20240722103006,233.50648
20240722104006,233.86218
20240722105006,223.31164
20240722110006,206.26887
20240722111006,201.16492
20240722112006,204.02599
20240722113006,205.10205
20240722114006,205.96982
20240722115006,204.58739
20240722120006,204.103
20240722121006,201.19188
20240722122006,199.30932
20240722123006,198.34502
20240722124006,198.40055
20240722125006,197.03378
20240722130006,199.87228
20240722131006,195.43932
20240722132006,194.55036
20240722133006,193.77139
20240722134006,191.94725
20240722135006,191.22612
20240722140006,188.64326
20240722141006,187.49816
20240722142006,187.68398
20240722143006,188.31768
20240722144006,188.57291
20240722145006,186.63261
20240722150006,185.94564
20240722151006,185.5963
20240722152006,184.73052
20240722153006,184.04668
20240722154006,183.76974
20240722155006,183.59641
20240722160006,248.69873
20240722161006,317.8956
20240722162006,397.07752
20240722163006,521.08089
20240722164006,634.01572
20240722165006,652.39576
20240526090007,233.66021
20240526091007,209.35776
20240526092007,211.39011
20240526093007,211.23193
20240526094007,230.35007
20240526095007,206.75946
20240526100007,229.55517
20240526101007,250.2591
20240526102007,234.80547
20240526103007,245.22048
20240526104007,233.93968
20240526105007,224.04426
20240526110007,206.26887
20240526111007,201.16492
20240526112007,204.02599
20240526113007,205.10205
20240526114007,205.96982
20240526115007,204.58739
20240526120007,204.103
20240526121007,201.19188
20240526122007,199.30932
20240526123007,198.34502
20240526124007,198.40055
20240526125007,197.03378
20240526130007,199.87228
20240526131007,195.43932
20240526132007,194.55036
20240526133007,193.77139
20240526134007,191.94725
20240526135007,191.22612
20240526140007,188.64326
20240526141007,187.49816
20240526142007,187.68398
20240526143007,188.31768
20240526144007,188.57291
20240526145007,186.63261
20240526150007,185.94564
20240526151007,185.5963
20240526152007,184.73052
20240526153007,184.04668
20240526154007,183.76974
20240526155007,183.59641
20240526160007,248.69873
20240526161007,317.8956
20240526162007,397.07752
20240526163007,521.08089
20240526164007,634.01572
20240526165007,652.39576
20240612090007,601.30947
20240612091007,209.14579
20240612092007,213.24856
20240612093007,231.78993
20240612094007,211.80908
20240612095007,210.11906
20240612100007,214.13951
20240612101007,242.72528
20240612102007,233.80962
20240612103007,223.61474
20240612104007,233.85883
20240612105007,223.53376
20240612110007,206.26887
20240612111007,201.16492
20240612112007,204.02599
20240612113007,205.10205
20240612114007,205.96982
20240612115007,204.58739
20240612120007,204.103
20240612121007,201.19188
20240612122007,199.30932
20240612123007,198.34502
20240612124007,198.40055
20240612125007,197.03378
20240612130007,199.87228
20240612131007,195.43932
20240612132007,194.55036
20240612133007,193.77139
20240612134007,191.94725
20240612135007,191.22612
20240612140007,188.64326
20240612141007,187.49816
20240612142007,187.68398
20240612143007,188.31768
20240612144007,188.57291
20240612145007,186.63261
20240612150007,185.94564
20240612151007,185.5963
20240612152007,184.73052
20240612153007,184.04668
20240612154007,183.76974
20240612155007,183.59641
20240612160007,248.69873
20240612161007,317.8956
20240612162007,397.07752
20240612163007,521.08089
20240612164007,634.01572
20240612165007,652.39576
20240615090007,748.94964
20240615091007,219.86025
20240615092007,219.80767
20240615093007,243.11337
20240615094007,231.54808
20240615095007,277.43694
20240615100007,251.717
20240615101007,293.93531
20240615102007,250.33078
20240615103007,234.81213
20240615104007,234.83146
20240615105007,223.36958
20240615110007,206.26887
20240615111007,201.16492
20240615112007,204.02599
20240615113007,205.10205
20240615114007,205.96982
20240615115007,204.58739
20240615120007,204.103
20240615121007,201.19188
20240615122007,199.30932
20240615123007,198.34502
20240615124007,198.40055
20240615125007,197.03378
20240615130007,199.87228
20240615131007,195.43932
20240615132007,194.55036
20240615133007,193.77139
20240615134007,191.94725
20240615135007,191.22612
20240615140007,188.64326
20240615141007,187.49816
20240615142007,187.68398
20240615143007,188.31768
20240615144007,188.57291
20240615145007,186.63261
20240615150007,185.94564
20240615151007,185.5963
20240615152007,184.73052
20240615153007,184.04668
20240615154007,183.76974
20240615155007,183.59641
20240615160007,248.69873
20240615161007,317.8956
20240615162007,397.07752
20240615163007,521.08089
20240615164007,634.01572
20240615165007,652.39576
20240717090007,701.48314
20240717091007,218.46037
20240717092007,209.14017
20240717093007,303.99395
20240717094007,235.95802
20240717095007,295.95241
20240717100007,243.65407
20240717101007,282.87594
20240717102007,243.29561
20240717103007,233.65616
20240717104007,233.74851
20240717105007,223.35709
20240717110007,206.26887
20240717111007,201.16492
20240717112007,204.02599
20240717113007,205.10205
20240717114007,205.96982
20240717115007,204.58739
20240717120007,204.103
20240717121007,201.19188
20240717122007,199.30932
20240717123007,198.34502
20240717124007,198.40055
20240717125007,197.03378
20240717130007,199.87228
20240717131007,195.43932
20240717132007,194.55036
20240717133007,193.77139
20240717134007,191.94725
20240717135007,191.22612
20240717140007,188.64326
20240717141007,187.49816
20240717142007,187.68398
20240717143007,188.31768
20240717144007,188.57291
20240717145007,186.63261
20240717150007,185.94564
20240717151007,185.5963
20240717152007,184.73052
20240717153007,184.04668
20240717154007,183.76974
20240717155007,183.59641
20240717160007,248.69873
20240717161007,317.8956
20240717162007,397.07752
20240717163007,521.08089
20240717164007,634.01572
20240717165007,652.39576
20240124090008,188.58986
20240124091008,192.79628
20240124092008,196.84587
20240124093008,198.29832
20240124094008,222.80684
20240124095008,195.56287
20240124100008,214.98598
20240124101008,229.67894
20240124102008,228.98752
20240124103008,215.01854
20240124104008,230.068
20240124105008,223.90567
20240124110008,206.26887
20240124111008,201.16492
20240124112008,204.02599
20240124113008,205.10205
20240124114008,205.96982
20240124115008,204.58739
20240124120008,204.103
20240124121008,201.19188
20240124122008,199.30932
20240124123008,198.34502
20240124124008,198.40055
20240124125008,197.03378
20240124130008,199.87228
20240124131008,195.43932
20240124132008,194.55036
20240124133008,193.77139
20240124134008,191.94725
20240124135008,191.22612
20240124140008,188.64326
20240124141008,187.49816
20240124142008,187.68398
20240124143008,188.31768
20240124144008,188.57291
20240124145008,186.63261
20240124150008,185.94564
20240124151008,185.5963
20240124152008,184.73052
20240124153008,184.04668
20240124154008,183.76974
20240124155008,183.59641
20240124160008,248.69873
20240124161008,317.8956
20240124162008,397.07752
20240124163008,521.08089
20240124164008,634.01572
20240124165008,652.39576
20240128090008,187.50768
20240128091008,192.47638
20240128092008,197.86584
20240128093008,199.99378
20240128094008,210.57263
20240128095008,196.25641
20240128100008,218.8435
20240128101008,225.11118
20240128102008,230.53358
20240128103008,223.12461
20240128104008,230.61198
20240128105008,224.15918
20240128110008,206.26887
20240128111008,201.16492
20240128112008,204.02599
20240128113008,205.10205
20240128114008,205.96982
20240128115008,204.58739
20240128120008,204.103
20240128121008,201.19188
20240128122008,199.30932
20240128123008,198.34502
20240128124008,198.40055
20240128125008,197.03378
20240128130008,199.87228
20240128131008,195.43932
20240128132008,194.55036
20240128133008,193.77139
20240128134008,191.94725
20240128135008,191.22612
20240128140008,188.64326
20240128141008,187.49816
20240128142008,187.68398
20240128143008,188.31768
20240128144008,188.57291
20240128145008,186.63261
20240128150008,185.94564
20240128151008,185.5963
20240128152008,184.73052
20240128153008,184.04668
20240128154008,183.76974
20240128155008,183.59641
20240128160008,248.69873
20240128161008,317.8956
20240128162008,397.07752
20240128163008,521.08089
20240128164008,634.01572
20240128165008,652.39576
20240204090008,192.09465
20240204091008,206.29568
20240204092008,209.53538
20240204093008,209.14917
20240204094008,214.42318
20240204095008,205.29108
20240204100008,226.01157
20240204101008,235.82826
20240204102008,224.64014
20240204103008,223.35102
20240204104008,232.66373
20240204105008,224.15918
20240204110008,206.26887
20240204111008,201.16492
20240204112008,204.02599
20240204113008,205.10205
20240204114008,205.96982
20240204115008,204.58739
20240204120008,204.103
20240204121008,201.19188
20240204122008,199.30932
20240204123008,198.34502
20240204124008,198.40055
20240204125008,197.03378
20240204130008,199.87228
20240204131008,195.43932
20240204132008,194.55036
20240204133008,193.77139
20240204134008,191.94725
20240204135008,191.22612
20240204140008,188.64326
20240204141008,187.49816
20240204142008,187.68398
20240204143008,188.31768
20240204144008,188.57291
20240204145008,186.63261
20240204150008,185.94564
20240204151008,185.5963
20240204152008,184.73052
20240204153008,184.04668
20240204154008,183.76974
20240204155008,183.59641
20240204160008,248.69873
20240204161008,317.8956
20240204162008,397.07752
20240204163008,521.08089
20240204164008,634.01572
20240204165008,652.39576
20240218090008,204.85819
20240218091008,234.44393
20240218092008,221.23056
20240218093008,209.1703
20240218094008,230.4259
20240218095008,209.45126
20240218100008,214.42133
20240218101008,234.54276
20240218102008,224.28312
20240218103008,219.62376
20240218104008,230.90022
20240218105008,224.0674
20240218110008,206.26887
20240218111008,201.16492
20240218112008,204.02599
20240218113008,205.10205
20240218114008,205.96982
20240218115008,204.58739
20240218120008,204.103
20240218121008,201.19188
20240218122008,199.30932
20240218123008,198.34502
20240218124008,198.40055
20240218125008,197.03378
20240218130008,199.87228
20240218131008,195.43932
20240218132008,194.55036
20240218133008,193.77139
20240218134008,191.94725
20240218135008,191.22612
20240218140008,188.64326
20240218141008,187.49816
20240218142008,187.68398
20240218143008,188.31768
20240218144008,188.57291
20240218145008,186.63261
20240218150008,185.94564
20240218151008,185.5963
20240218152008,184.73052
20240218153008,184.04668
20240218154008,183.76974
20240218155008,183.59641
20240218160008,248.69873
20240218161008,317.8956
20240218162008,397.07752
20240218163008,521.08089
20240218164008,634.01572
20240218165008,652.39576
20240305090008,198.45173
20240305091008,224.96398
20240305092008,253.25269
20240305093008,205.58427
20240305094008,209.06709
20240305095008,208.50564
20240305100008,213.94899
20240305101008,233.89602
20240305102008,231.38726
20240305103008,222.3988
20240305104008,227.25136
20240305105008,224.12248
20240305110008,206.26887
20240305111008,201.16492
20240305112008,204.02599
20240305113008,205.10205
20240305114008,205.96982
20240305115008,204.58739
20240305120008,204.103
20240305121008,201.19188
20240305122008,199.30932
20240305123008,198.34502
20240305124008,198.40055
20240305125008,197.03378
20240305130008,199.87228
20240305131008,195.43932
20240305132008,194.55036
20240305133008,193.77139
20240305134008,191.94725
20240305135008,191.22612
20240305140008,188.64326
20240305141008,187.49816
20240305142008,187.68398
20240305143008,188.31768
20240305144008,188.57291
20240305145008,186.63261
20240305150008,185.94564
20240305151008,185.5963
20240305152008,184.73052
20240305153008,184.04668
20240305154008,183.76974
20240305155008,183.59641
20240305160008,248.69873
20240305161008,317.8956
20240305162008,397.07752
20240305163008,521.08089
20240305164008,634.01572
20240305165008,652.39576
20240325090008,196.29073
20240325091008,204.91529
20240325092008,206.05991
20240325093008,206.28349
20240325094008,211.10505
20240325095008,204.70807
20240325100008,223.73555
20240325101008,257.22214
20240325102008,235.6053
20240325103008,223.63452
20240325104008,232.2564
20240325105008,223.91919
20240325110008,206.26887
20240325111008,201.16492
20240325112008,204.02599
20240325113008,205.10205
20240325114008,205.96982
20240325115008,204.58739
20240325120008,204.103
20240325121008,201.19188
20240325122008,199.30932
20240325123008,198.34502
20240325124008,198.40055
20240325125008,197.03378
20240325130008,199.87228
20240325131008,195.43932
20240325132008,194.55036
20240325133008,193.77139
20240325134008,191.94725
20240325135008,191.22612
20240325140008,188.64326
20240325141008,187.49816
20240325142008,187.68398
20240325143008,188.31768
20240325144008,188.57291
20240325145008,186.63261
20240325150008,185.94564
20240325151008,185.5963
20240325152008,184.73052
20240325153008,184.04668
20240325154008,183.76974
20240325155008,183.59641
20240325160008,248.69873
20240325161008,317.8956
20240325162008,397.07752
20240325163008,521.08089
20240325164008,634.01572
20240325165008,652.39576
20240518090008,196.85559
20240518091008,202.10563
20240518092008,206.39736
20240518093008,206.19477
20240518094008,209.28914
20240518095008,203.19672
20240518100008,231.02834
20240518101008,251.40309
20240518102008,241.06388
20240518103008,229.23316
20240518104008,232.21018
20240518105008,223.66246
20240518110008,206.26887
20240518111008,201.16492
20240518112008,204.02599
20240518113008,205.10205
20240518114008,205.96982
20240518115008,204.58739
20240518120008,204.103
20240518121008,201.19188
20240518122008,199.30932
20240518123008,198.34502
20240518124008,198.40055
20240518125008,197.03378
20240518130008,199.87228
20240518131008,195.43932
20240518132008,194.55036
20240518133008,193.77139
20240518134008,191.94725
20240518135008,191.22612
20240518140008,188.64326
20240518141008,187.49816
20240518142008,187.68398
20240518143008,188.31768
20240518144008,188.57291
20240518145008,186.63261
20240518150008,185.94564
20240518151008,185.5963
20240518152008,184.73052
20240518153008,184.04668
20240518154008,183.76974
20240518155008,183.59641
20240518160008,248.69873
20240518161008,317.8956
20240518162008,397.07752
20240518163008,521.08089
20240518164008,634.01572
20240518165008,652.39576
20240526090008,191.21167
20240526091008,202.67788
20240526092008,207.96167
20240526093008,205.34508
20240526094008,210.22505
20240526095008,204.58088
20240526100008,234.10898
20240526101008,251.09032
20240526102008,241.58982
20240526103008,230.62704
20240526104008,232.86987
20240526105008,223.44842
20240526110008,206.26887
20240526111008,201.16492
20240526112008,204.02599
20240526113008,205.10205
20240526114008,205.96982
20240526115008,204.58739
20240526120008,204.103
20240526121008,201.19188
20240526122008,199.30932
20240526123008,198.34502
20240526124008,198.40055
20240526125008,197.03378
20240526130008,199.87228
20240526131008,195.43932
20240526132008,194.55036
20240526133008,193.77139
20240526134008,191.94725
20240526135008,191.22612
20240526140008,188.64326
20240526141008,187.49816
20240526142008,187.68398
20240526143008,188.31768
20240526144008,188.57291
20240526145008,186.63261
20240526150008,185.94564
20240526151008,185.5963
20240526152008,184.73052
20240526153008,184.04668
20240526154008,183.76974
20240526155008,183.59641
20240526160008,248.69873
20240526161008,317.8956
20240526162008,397.07752
20240526163008,521.08089
20240526164008,634.01572
20240526165008,652.39576
20240529090008,196.45697
20240529091008,201.19195
20240529092008,204.16505
20240529093008,208.45109
20240529094008,213.79164
20240529095008,204.27035
20240529100008,224.97956
20240529101008,253.00362
20240529102008,235.4287
20240529103008,227.96735
20240529104008,233.43467
20240529105008,223.92743
20240529110008,206.26887
20240529111008,201.16492
20240529112008,204.02599
20240529113008,205.10205
20240529114008,205.96982
20240529115008,204.58739
20240529120008,204.103
20240529121008,201.19188
20240529122008,199.30932
20240529123008,198.34502
20240529124008,198.40055
20240529125008,197.03378
20240529130008,199.87228
20240529131008,195.43932
20240529132008,194.55036
20240529133008,193.77139
20240529134008,191.94725
20240529135008,191.22612
20240529140008,188.64326
20240529141008,187.49816
20240529142008,187.68398
20240529143008,188.31768
20240529144008,188.57291
20240529145008,186.63261
20240529150008,185.94564
20240529151008,185.5963
20240529152008,184.73052
20240529153008,184.04668
20240529154008,183.76974
20240529155008,183.59641
20240529160008,248.69873
20240529161008,317.8956
20240529162008,397.07752
20240529163008,521.08089
20240529164008,634.01572
20240529165008,652.39576
20240607090008,191.51623
20240607091008,206.02729
20240607092008,209.42358
20240607093008,201.74781
20240607094008,208.61573
20240607095008,206.21842
20240607100008,222.82375
20240607101008,254.57425
20240607102008,243.55743
20240607103008,228.94657
20240607104008,232.23895
20240607105008,223.65963
20240607110008,206.26887
20240607111008,201.16492
20240607112008,204.02599
20240607113008,205.10205
20240607114008,205.96982
20240607115008,204.58739
20240607120008,204.103
20240607121008,201.19188
20240607122008,199.30932
20240607123008,198.34502
20240607124008,198.40055
20240607125008,197.03378
20240607130008,199.87228
20240607131008,195.43932
20240607132008,194.55036
20240607133008,193.77139
20240607134008,191.94725
20240607135008,191.22612
20240607140008,188.64326
20240607141008,187.49816
20240607142008,187.68398
20240607143008,188.31768
20240607144008,188.57291
20240607145008,186.63261
20240607150008,185.94564
20240607151008,185.5963
20240607152008,184.73052
20240607153008,184.04668
20240607154008,183.76974
20240607155008,183.59641
20240607160008,248.69873
20240607161008,317.8956
20240607162008,397.07752
20240607163008,521.08089
20240607164008,634.01572
20240607165008,652.39576
20240613090008,190.87714
20240613091008,199.85714
20240613092008,208.97765
20240613093008,200.67657
20240613094008,207.75614
20240613095008,205.40745
20240613100008,224.74234
20240613101008,253.26312
20240613102008,243.97164
20240613103008,228.94657
20240613104008,232.28763
20240613105008,223.65963
20240613110008,206.26887
20240613111008,201.16492
20240613112008,204.02599
20240613113008,205.10205
20240613114008,205.96982
20240613115008,204.58739
20240613120008,204.103
20240613121008,201.19188
20240613122008,199.30932
20240613123008,198.34502
20240613124008,198.40055
20240613125008,197.03378
20240613130008,199.87228
20240613131008,195.43932
20240613132008,194.55036
20240613133008,193.77139
20240613134008,191.94725
20240613135008,191.22612
20240613140008,188.64326
20240613141008,187.49816
20240613142008,187.68398
20240613143008,188.31768
20240613144008,188.57291
20240613145008,186.63261
20240613150008,185.94564
20240613151008,185.5963
20240613152008,184.73052
20240613153008,184.04668
20240613154008,183.76974
20240613155008,183.59641
20240613160008,248.69873
20240613161008,317.8956
20240613162008,397.07752
20240613163008,521.08089
20240613164008,634.01572
20240613165008,652.39576
20240628090008,201.02843
20240628091008,203.81469
20240628092008,203.61841
20240628093008,194.89489
20240628094008,199.70875
20240628095008,203.99466
20240628100008,229.31574
20240628101008,242.76735
20240628102008,244.01104
20240628103008,228.80105
20240628104008,233.42089
20240628105008,223.17959
20240628110008,206.26887
20240628111008,201.16492
20240628112008,204.02599
20240628113008,205.10205
20240628114008,205.96982
20240628115008,204.58739
20240628120008,204.103
20240628121008,201.19188
20240628122008,199.30932
20240628123008,198.34502
20240628124008,198.40055
20240628125008,197.03378
20240628130008,199.87228
20240628131008,195.43932
20240628132008,194.55036
20240628133008,193.77139
20240628134008,191.94725
20240628135008,191.22612
20240628140008,188.64326
20240628141008,187.49816
20240628142008,187.68398
20240628143008,188.31768
20240628144008,188.57291
20240628145008,186.63261
20240628150008,185.94564
20240628151008,185.5963
20240628152008,184.73052
20240628153008,184.04668
20240628154008,183.76974
20240628155008,183.59641
20240628160008,248.69873
20240628161008,317.8956
20240628162008,397.07752
20240628163008,521.08089
20240628164008,634.01572
20240628165008,652.39576
20240705090008,204.40491
20240705091008,202.19273
20240705092008,232.43007
20240705093008,207.48722
20240705094008,214.15837
20240705095008,210.68958
20240705100008,210.86118
20240705101008,231.92017
20240705102008,235.19703
20240705103008,230.06748
20240705104008,229.62629
20240705105008,222.98144
20240705110008,206.26887
20240705111008,201.16492
20240705112008,204.02599
20240705113008,205.10205
20240705114008,205.96982
20240705115008,204.58739
20240705120008,204.103
20240705121008,201.19188
20240705122008,199.30932
20240705123008,198.34502
20240705124008,198.40055
20240705125008,197.03378
20240705130008,199.87228
20240705131008,195.43932
20240705132008,194.55036
20240705133008,193.77139
20240705134008,191.94725
20240705135008,191.22612
20240705140008,188.64326
20240705141008,187.49816
20240705142008,187.68398
20240705143008,188.31768
20240705144008,188.57291
20240705145008,186.63261
20240705150008,185.94564
20240705151008,185.5963
20240705152008,184.73052
20240705153008,184.04668
20240705154008,183.76974
20240705155008,183.59641
20240705160008,248.69873
20240705161008,317.8956
20240705162008,397.07752
20240705163008,521.08089
20240705164008,634.01572
20240705165008,652.39576
20240709090008,203.8898
20240709091008,198.00022
20240709092008,221.47741
20240709093008,205.09534
20240709094008,211.41232
20240709095008,210.22085
20240709100008,213.67534
20240709101008,235.84709
20240709102008,235.27096
20240709103008,229.24668
20240709104008,230.0576
20240709105008,223.20987
20240709110008,206.26887
20240709111008,201.16492
20240709112008,204.02599
20240709113008,205.10205
20240709114008,205.96982
20240709115008,204.58739
20240709120008,204.103
20240709121008,201.19188
20240709122008,199.30932
20240709123008,198.34502
20240709124008,198.40055
20240709125008,197.03378
20240709130008,199.87228
20240709131008,195.43932
20240709132008,194.55036
20240709133008,193.77139
20240709134008,191.94725
20240709135008,191.22612
20240709140008,188.64326
20240709141008,187.49816
20240709142008,187.68398
20240709143008,188.31768
20240709144008,188.57291
20240709145008,186.63261
20240709150008,185.94564
20240709151008,185.5963
20240709152008,184.73052
20240709153008,184.04668
20240709154008,183.76974
20240709155008,183.59641
20240709160008,248.69873
20240709161008,317.8956
20240709162008,397.07752
20240709163008,521.08089
20240709164008,634.01572
20240709165008,652.39576
20240715090008,206.25768
20240715091008,200.11604
20240715092008,205.04487
20240715093008,198.54885
20240715094008,202.78892
20240715095008,206.87267
20240715100008,229.54688
20240715101008,244.47503
20240715102008,243.63913
20240715103008,229.89299
20240715104008,233.30179
20240715105008,223.19176
20240715110008,206.26887
20240715111008,201.16492
20240715112008,204.02599
20240715113008,205.10205
20240715114008,205.96982
20240715115008,204.58739
20240715120008,204.103
20240715121008,201.19188
20240715122008,199.30932
20240715123008,198.34502
20240715124008,198.40055
20240715125008,197.03378
20240715130008,199.87228
20240715131008,195.43932
20240715132008,194.55036
20240715133008,193.77139
20240715134008,191.94725
20240715135008,191.22612
20240715140008,188.64326
20240715141008,187.49816
20240715142008,187.68398
20240715143008,188.31768
20240715144008,188.57291
20240715145008,186.63261
20240715150008,185.94564
20240715151008,185.5963
20240715152008,184.73052
20240715153008,184.04668
20240715154008,183.76974
20240715155008,183.59641
20240715160008,248.69873
20240715161008,317.8956
20240715162008,397.07752
20240715163008,521.08089
20240715164008,634.01572
20240715165008,652.39576
20240719090008,206.49812
20240719091008,200.23043
20240719092008,221.61271
20240719093008,205.42981
20240719094008,210.19806
20240719095008,210.33911
20240719100008,214.42866
20240719101008,242.40638
20240719102008,239.51899
20240719103008,229.88866
20240719104008,231.10266
20240719105008,223.30524
20240719110008,206.26887
20240719111008,201.16492
20240719112008,204.02599
20240719113008,205.10205
20240719114008,205.96982
20240719115008,204.58739
20240719120008,204.103
20240719121008,201.19188
20240719122008,199.30932
20240719123008,198.34502
20240719124008,198.40055
20240719125008,197.03378
20240719130008,199.87228
20240719131008,195.43932
20240719132008,194.55036
20240719133008,193.77139
20240719134008,191.94725
20240719135008,191.22612
20240719140008,188.64326
20240719141008,187.49816
20240719142008,187.68398
20240719143008,188.31768
20240719144008,188.57291
20240719145008,186.63261
20240719150008,185.94564
20240719151008,185.5963
20240719152008,184.73052
20240719153008,184.04668
20240719154008,183.76974
20240719155008,183.59641
20240719160008,248.69873
20240719161008,317.8956
20240719162008,397.07752
20240719163008,521.08089
20240719164008,634.01572
20240719165008,652.39576
20240309090009,195.57886
20240309091009,204.73333
20240309092009,199.10764
20240309093009,202.91736
20240309094009,210.88084
20240309095009,198.42004
20240309100009,223.90716
20240309101009,244.61255
20240309102009,234.2158
20240309103009,222.79508
20240309104009,230.19069
20240309105009,224.39393
20240309110009,206.26887
20240309111009,201.16492
20240309112009,204.02599
20240309113009,205.10205
20240309114009,205.96982
20240309115009,204.58739
20240309120009,204.103
20240309121009,201.19188
20240309122009,199.30932
20240309123009,198.34502
20240309124009,198.40055
20240309125009,197.03378
20240309130009,199.87228
20240309131009,195.43932
20240309132009,194.55036
20240309133009,193.77139
20240309134009,191.94725
20240309135009,191.22612
20240309140009,188.64326
20240309141009,187.49816
20240309142009,187.68398
20240309143009,188.31768
20240309144009,188.57291
20240309145009,186.63261
20240309150009,185.94564
20240309151009,185.5963
20240309152009,184.73052
20240309153009,184.04668
20240309154009,183.76974
20240309155009,183.59641
20240309160009,248.69873
20240309161009,317.8956
20240309162009,397.07752
20240309163009,521.08089
20240309164009,634.01572
20240309165009,652.39576
20240314090009,187.72411
20240314091009,191.72603
20240314092009,197.23736
20240314093009,197.43662
20240314094009,205.86875
20240314095009,196.89177
20240314100009,222.98489
20240314101009,241.95807
20240314102009,235.71541
20240314103009,223.53735
20240314104009,230.23217
20240314105009,224.18799
20240314110009,206.26887
20240314111009,201.16492
20240314112009,204.02599
20240314113009,205.10205
20240314114009,205.96982
20240314115009,204.58739
20240314120009,204.103
20240314121009,201.19188
20240314122009,199.30932
20240314123009,198.34502
20240314124009,198.40055
20240314125009,197.03378
20240314130009,199.87228
20240314131009,195.43932
20240314132009,194.55036
20240314133009,193.77139
20240314134009,191.94725
20240314135009,191.22612
20240314140009,188.64326
20240314141009,187.49816
20240314142009,187.68398
20240314143009,188.31768
20240314144009,188.57291
20240314145009,186.63261
20240314150009,185.94564
20240314151009,185.5963
20240314152009,184.73052
20240314153009,184.04668
20240314154009,183.76974
20240314155009,183.59641
20240314160009,248.69873
20240314161009,317.8956
20240314162009,397.07752
20240314163009,521.08089
20240314164009,634.01572
20240314165009,652.39576
20240414090009,245.34898
20240414091009,222.31564
20240414092009,198.85644
20240414093009,199.51545
20240414094009,201.95739
20240414095009,200.03549
20240414100009,231.2522
20240414101009,244.76153
20240414102009,243.12302
20240414103009,224.97359
20240414104009,232.75276
20240414105009,223.36306
20240414110009,206.26887
20240414111009,201.16492
20240414112009,204.02599
20240414113009,205.10205
20240414114009,205.96982
20240414115009,204.58739
20240414120009,204.103
20240414121009,201.19188
20240414122009,199.30932
20240414123009,198.34502
20240414124009,198.40055
20240414125009,197.03378
20240414130009,199.87228
20240414131009,195.43932
20240414132009,194.55036
20240414133009,193.77139
20240414134009,191.94725
20240414135009,191.22612
20240414140009,188.64326
20240414141009,187.49816
20240414142009,187.68398
20240414143009,188.31768
20240414144009,188.57291
20240414145009,186.63261
20240414150009,185.94564
20240414151009,185.5963
20240414152009,184.73052
20240414153009,184.04668
20240414154009,183.76974
20240414155009,183.59641
20240414160009,248.69873
20240414161009,317.8956
20240414162009,397.07752
20240414163009,521.08089
20240414164009,634.01572
20240414165009,652.39576
20240506090009,212.83196
20240506091009,208.82669
20240506092009,203.23176
20240506093009,204.06535
20240506094009,209.58109
20240506095009,209.3612
20240506100009,229.04974
20240506101009,262.45203
20240506102009,235.57634
20240506103009,223.86179
20240506104009,233.01595
20240506105009,223.35323
20240506110009,206.26887
20240506111009,201.16492
20240506112009,204.02599
20240506113009,205.10205
20240506114009,205.96982
20240506115009,204.58739
20240506120009,204.103
20240506121009,201.19188
20240506122009,199.30932
20240506123009,198.34502
20240506124009,198.40055
20240506125009,197.03378
20240506130009,199.87228
20240506131009,195.43932
20240506132009,194.55036
20240506133009,193.77139
20240506134009,191.94725
20240506135009,191.22612
20240506140009,188.64326
20240506141009,187.49816
20240506142009,187.68398
20240506143009,188.31768
20240506144009,188.57291
20240506145009,186.63261
20240506150009,185.94564
20240506151009,185.5963
20240506152009,184.73052
20240506153009,184.04668
20240506154009,183.76974
20240506155009,183.59641
20240506160009,248.69873
20240506161009,317.8956
20240506162009,397.07752
20240506163009,521.08089
20240506164009,634.01572
20240506165009,652.39576
20240526090009,194.20754
20240526091009,202.89638
20240526092009,208.23362
20240526093009,204.38231
20240526094009,212.52446
20240526095009,204.99395
20240526100009,233.40598
20240526101009,251.44974
20240526102009,241.02611
20240526103009,230.47685
20240526104009,233.00096
20240526105009,223.76415
20240526110009,206.26887
20240526111009,201.16492
20240526112009,204.02599
20240526113009,205.10205
20240526114009,205.96982
20240526115009,204.58739
20240526120009,204.103
20240526121009,201.19188
20240526122009,199.30932
20240526123009,198.34502
20240526124009,198.40055
20240526125009,197.03378
20240526130009,199.87228
20240526131009,195.43932
20240526132009,194.55036
20240526133009,193.77139
20240526134009,191.94725
20240526135009,191.22612
20240526140009,188.64326
20240526141009,187.49816
20240526142009,187.68398
20240526143009,188.31768
20240526144009,188.57291
20240526145009,186.63261
20240526150009,185.94564
20240526151009,185.5963
20240526152009,184.73052
20240526153009,184.04668
20240526154009,183.76974
20240526155009,183.59641
20240526160009,248.69873
20240526161009,317.8956
20240526162009,397.07752
20240526163009,521.08089
20240526164009,634.01572
20240526165009,652.39576
20240614090009,197.70455
20240614091009,207.62856
20240614092009,207.28761
20240614093009,205.37841
20240614094009,224.5001
20240614095009,203.08256
20240614100009,223.8453
20240614101009,264.93826
20240614102009,241.3715
20240614103009,224.14483
20240614104009,232.28763
20240614105009,223.73893
20240614110009,206.26887
20240614111009,201.16492
20240614112009,204.02599
20240614113009,205.10205
20240614114009,205.96982
20240614115009,204.58739
20240614120009,204.103
20240614121009,201.19188
20240614122009,199.30932
20240614123009,198.34502
20240614124009,198.40055
20240614125009,197.03378
20240614130009,199.87228
20240614131009,195.43932
20240614132009,194.55036
20240614133009,193.77139
20240614134009,191.94725
20240614135009,191.22612
20240614140009,188.64326
20240614141009,187.49816
20240614142009,187.68398
20240614143009,188.31768
20240614144009,188.57291
20240614145009,186.63261
20240614150009,185.94564
20240614151009,185.5963
20240614152009,184.73052
20240614153009,184.04668
20240614154009,183.76974
20240614155009,183.59641
20240614160009,248.69873
20240614161009,317.8956
20240614162009,397.07752
20240614163009,521.08089
20240614164009,634.01572
20240614165009,652.39576
20240621090009,208.05171
20240621091009,203.63738
20240621092009,201.43858
20240621093009,201.37517
20240621094009,207.11757
20240621095009,209.9595
20240621100009,229.14851
20240621101009,244.88027
20240621102009,243.46469
20240621103009,229.88712
20240621104009,232.8345
20240621105009,223.16589
20240621110009,206.26887
20240621111009,201.16492
20240621112009,204.02599
20240621113009,205.10205
20240621114009,205.96982
20240621115009,204.58739
20240621120009,204.103
20240621121009,201.19188
20240621122009,199.30932
20240621123009,198.34502
20240621124009,198.40055
20240621125009,197.03378
20240621130009,199.87228
20240621131009,195.43932
20240621132009,194.55036
20240621133009,193.77139
20240621134009,191.94725
20240621135009,191.22612
20240621140009,188.64326
20240621141009,187.49816
20240621142009,187.68398
20240621143009,188.31768
20240621144009,188.57291
20240621145009,186.63261
20240621150009,185.94564
20240621151009,185.5963
20240621152009,184.73052
20240621153009,184.04668
20240621154009,183.76974
20240621155009,183.59641
20240621160009,248.69873
20240621161009,317.8956
20240621162009,397.07752
20240621163009,521.08089
20240621164009,634.01572
20240621165009,652.39576
20240628090009,226.06133
20240628091009,210.30107
20240628092009,199.18159
20240628093009,199.85141
20240628094009,207.51224
20240628095009,208.51494
20240628100009,230.5782
20240628101009,244.3278
20240628102009,243.50234
20240628103009,230.1586
20240628104009,232.8345
20240628105009,223.16589
20240628110009,206.26887
20240628111009,201.16492
20240628112009,204.02599
20240628113009,205.10205
20240628114009,205.96982
20240628115009,204.58739
20240628120009,204.103
20240628121009,201.19188
20240628122009,199.30932
20240628123009,198.34502
20240628124009,198.40055
20240628125009,197.03378
20240628130009,199.87228
20240628131009,195.43932
20240628132009,194.55036
20240628133009,193.77139
20240628134009,191.94725
20240628135009,191.22612
20240628140009,188.64326
20240628141009,187.49816
20240628142009,187.68398
20240628143009,188.31768
20240628144009,188.57291
20240628145009,186.63261
20240628150009,185.94564
20240628151009,185.5963
20240628152009,184.73052
20240628153009,184.04668
20240628154009,183.76974
20240628155009,183.59641
20240628160009,248.69873
20240628161009,317.8956
20240628162009,397.07752
20240628163009,521.08089
20240628164009,634.01572
20240628165009,652.39576
20240717090009,223.08204
20240717091009,204.34614
20240717092009,211.85843
20240717093009,208.96872
20240717094009,223.84072
20240717095009,213.75188
20240717100009,222.79188
20240717101009,245.78052
20240717102009,239.15404
20240717103009,229.77287
20240717104009,230.07999
20240717105009,223.23467
20240717110009,206.26887
20240717111009,201.16492
20240717112009,204.02599
20240717113009,205.10205
20240717114009,205.96982
20240717115009,204.58739
20240717120009,204.103
20240717121009,201.19188
20240717122009,199.30932
20240717123009,198.34502
20240717124009,198.40055
20240717125009,197.03378
20240717130009,199.87228
20240717131009,195.43932
20240717132009,194.55036
20240717133009,193.77139
20240717134009,191.94725
20240717135009,191.22612
20240717140009,188.64326
20240717141009,187.49816
20240717142009,187.68398
20240717143009,188.31768
20240717144009,188.57291
20240717145009,186.63261
20240717150009,185.94564
20240717151009,185.5963
20240717152009,184.73052
20240717153009,184.04668
20240717154009,183.76974
20240717155009,183.59641
20240717160009,248.69873
20240717161009,317.8956
20240717162009,397.07752
20240717163009,521.08089
20240717164009,634.01572
20240717165009,652.39576
20240316090010,352.62319
20240316091010,221.81941
20240316092010,208.12996
20240316093010,212.10948
20240316094010,209.78748
20240316095010,208.92454
20240316100010,229.75086
20240316101010,256.10241
20240316102010,241.03663
20240316103010,223.93896
20240316104010,232.74801
20240316105010,223.45996
20240316110010,206.26887
20240316111010,201.16492
20240316112010,204.02599
20240316113010,205.10205
20240316114010,205.96982
20240316115010,204.58739
20240316120010,204.103
20240316121010,201.19188
20240316122010,199.30932
20240316123010,198.34502
20240316124010,198.40055
20240316125010,197.03378
20240316130010,199.87228
20240316131010,195.43932
20240316132010,194.55036
20240316133010,193.77139
20240316134010,191.94725
20240316135010,191.22612
20240316140010,188.64326
20240316141010,187.49816
20240316142010,187.68398
20240316143010,188.31768
20240316144010,188.57291
20240316145010,186.63261
20240316150010,185.94564
20240316151010,185.5963
20240316152010,184.73052
20240316153010,184.04668
20240316154010,183.76974
20240316155010,183.59641
20240316160010,248.69873
20240316161010,317.8956
20240316162010,397.07752
20240316163010,521.08089
20240316164010,634.01572
20240316165010,652.39576
20240324090010,446.0691
20240324091010,225.91586
20240324092010,210.13348
20240324093010,204.41394
20240324094010,206.17145
20240324095010,210.32553
20240324100010,234.04981
20240324101010,273.9949
20240324102010,240.88974
20240324103010,224.59336
20240324104010,233.34578
20240324105010,223.29555
20240324110010,206.26887
20240324111010,201.16492
20240324112010,204.02599
20240324113010,205.10205
20240324114010,205.96982
20240324115010,204.58739
20240324120010,204.103
20240324121010,201.19188
20240324122010,199.30932
20240324123010,198.34502
20240324124010,198.40055
20240324125010,197.03378
20240324130010,199.87228
20240324131010,195.43932
20240324132010,194.55036
20240324133010,193.77139
20240324134010,191.94725
20240324135010,191.22612
20240324140010,188.64326
20240324141010,187.49816
20240324142010,187.68398
20240324143010,188.31768
20240324144010,188.57291
20240324145010,186.63261
20240324150010,185.94564
20240324151010,185.5963
20240324152010,184.73052
20240324153010,184.04668
20240324154010,183.76974
20240324155010,183.59641
20240324160010,248.69873
20240324161010,317.8956
20240324162010,397.07752
20240324163010,521.08089
20240324164010,634.01572
20240324165010,652.39576
20240412090010,304.60712
20240412091010,211.29733
20240412092010,219.31004
20240412093010,223.69882
20240412094010,229.18198
20240412095010,223.05379
20240412100010,224.87129
20240412101010,274.63263
20240412102010,234.3122
20240412103010,223.81231
20240412104010,230.21825
20240412105010,223.36573
20240412110010,206.26887
20240412111010,201.16492
20240412112010,204.02599
20240412113010,205.10205
20240412114010,205.96982
20240412115010,204.58739
20240412120010,204.103
20240412121010,201.19188
20240412122010,199.30932
20240412123010,198.34502
20240412124010,198.40055
20240412125010,197.03378
20240412130010,199.87228
20240412131010,195.43932
20240412132010,194.55036
20240412133010,193.77139
20240412134010,191.94725
20240412135010,191.22612
20240412140010,188.64326
20240412141010,187.49816
20240412142010,187.68398
20240412143010,188.31768
20240412144010,188.57291
20240412145010,186.63261
20240412150010,185.94564
20240412151010,185.5963
20240412152010,184.73052
20240412153010,184.04668
20240412154010,183.76974
20240412155010,183.59641
20240412160010,248.69873
20240412161010,317.8956
20240412162010,397.07752
20240412163010,521.08089
20240412164010,634.01572
20240412165010,652.39576
20240419090010,201.88523
20240419091010,207.24183
20240419092010,208.15718
20240419093010,207.04845
20240419094010,210.00119
20240419095010,204.20026
20240419100010,232.17359
20240419101010,244.88393
20240419102010,240.92944
20240419103010,229.40641
20240419104010,232.65923
20240419105010,223.77877
20240419110010,206.26887
20240419111010,201.16492
20240419112010,204.02599
20240419113010,205.10205
20240419114010,205.96982
20240419115010,204.58739
20240419120010,204.103
20240419121010,201.19188
20240419122010,199.30932
20240419123010,198.34502
20240419124010,198.40055
20240419125010,197.03378
20240419130010,199.87228
20240419131010,195.43932
20240419132010,194.55036
20240419133010,193.77139
20240419134010,191.94725
20240419135010,191.22612
20240419140010,188.64326
20240419141010,187.49816
20240419142010,187.68398
20240419143010,188.31768
20240419144010,188.57291
20240419145010,186.63261
20240419150010,185.94564
20240419151010,185.5963
20240419152010,184.73052
20240419153010,184.04668
20240419154010,183.76974
20240419155010,183.59641
20240419160010,248.69873
20240419161010,317.8956
20240419162010,397.07752
20240419163010,521.08089
20240419164010,634.01572
20240419165010,652.39576
20240515090010,365.92266
20240515091010,226.8899
20240515092010,204.13492
20240515093010,201.02022
20240515094010,206.88887
20240515095010,209.89997
20240515100010,235.75476
20240515101010,272.95222
20240515102010,241.86317
20240515103010,228.2259
20240515104010,234.26299
20240515105010,223.18727
20240515110010,206.26887
20240515111010,201.16492
20240515112010,204.02599
20240515113010,205.10205
20240515114010,205.96982
20240515115010,204.58739
20240515120010,204.103
20240515121010,201.19188
20240515122010,199.30932
20240515123010,198.34502
20240515124010,198.40055
20240515125010,197.03378
20240515130010,199.87228
20240515131010,195.43932
20240515132010,194.55036
20240515133010,193.77139
20240515134010,191.94725
20240515135010,191.22612
20240515140010,188.64326
20240515141010,187.49816
20240515142010,187.68398
20240515143010,188.31768
20240515144010,188.57291
20240515145010,186.63261
20240515150010,185.94564
20240515151010,185.5963
20240515152010,184.73052
20240515153010,184.04668
20240515154010,183.76974
20240515155010,183.59641
20240515160010,248.69873
20240515161010,317.8956
20240515162010,397.07752
20240515163010,521.08089
20240515164010,634.01572
20240515165010,652.39576
20240526090010,198.66952
20240526091010,206.33435
20240526092010,207.70825
20240526093010,208.17632
20240526094010,223.90586
20240526095010,204.02699
20240526100010,231.02882
20240526101010,250.65623
20240526102010,235.49317
20240526103010,224.82525
20240526104010,233.21161
20240526105010,223.823
20240526110010,206.26887
20240526111010,201.16492
20240526112010,204.02599
20240526113010,205.10205
20240526114010,205.96982
20240526115010,204.58739
20240526120010,204.103
20240526121010,201.19188
20240526122010,199.30932
20240526123010,198.34502
20240526124010,198.40055
20240526125010,197.03378
20240526130010,199.87228
20240526131010,195.43932
20240526132010,194.55036
20240526133010,193.77139
20240526134010,191.94725
20240526135010,191.22612
20240526140010,188.64326
20240526141010,187.49816
20240526142010,187.68398
20240526143010,188.31768
20240526144010,188.57291
20240526145010,186.63261
20240526150010,185.94564
20240526151010,185.5963
20240526152010,184.73052
20240526153010,184.04668
20240526154010,183.76974
20240526155010,183.59641
20240526160010,248.69873
20240526161010,317.8956
20240526162010,397.07752
20240526163010,521.08089
20240526164010,634.01572
20240526165010,652.39576
20240617090010,207.71057
20240617091010,222.8801
20240617092010,208.61075
20240617093010,209.03989
20240617094010,224.18976
20240617095010,203.3564
20240617100010,223.5721
20240617101010,273.64726
20240617102010,240.24761
20240617103010,224.33054
20240617104010,233.02801
20240617105010,223.65963
20240617110010,206.26887
20240617111010,201.16492
20240617112010,204.02599
20240617113010,205.10205
20240617114010,205.96982
20240617115010,204.58739
20240617120010,204.103
20240617121010,201.19188
20240617122010,199.30932
20240617123010,198.34502
20240617124010,198.40055
20240617125010,197.03378
20240617130010,199.87228
20240617131010,195.43932
20240617132010,194.55036
20240617133010,193.77139
20240617134010,191.94725
20240617135010,191.22612
20240617140010,188.64326
20240617141010,187.49816
20240617142010,187.68398
20240617143010,188.31768
20240617144010,188.57291
20240617145010,186.63261
20240617150010,185.94564
20240617151010,185.5963
20240617152010,184.73052
20240617153010,184.04668
20240617154010,183.76974
20240617155010,183.59641
20240617160010,248.69873
20240617161010,317.8956
20240617162010,397.07752
20240617163010,521.08089
20240617164010,634.01572
20240617165010,652.39576
20240630090010,453.07519
20240630091010,233.35856
20240630092010,202.42273
20240630093010,228.31828
20240630094010,223.96444
20240630095010,228.84652
20240630100010,225.21722
20240630101010,279.12313
20240630102010,236.66948
20240630103010,231.97743
20240630104010,231.91481
20240630105010,223.2705
20240630110010,206.26887
20240630111010,201.16492
20240630112010,204.02599
20240630113010,205.10205
20240630114010,205.96982
20240630115010,204.58739
20240630120010,204.103
20240630121010,201.19188
20240630122010,199.30932
20240630123010,198.34502
20240630124010,198.40055
20240630125010,197.03378
20240630130010,199.87228
20240630131010,195.43932
20240630132010,194.55036
20240630133010,193.77139
20240630134010,191.94725
20240630135010,191.22612
20240630140010,188.64326
20240630141010,187.49816
20240630142010,187.68398
20240630143010,188.31768
20240630144010,188.57291
20240630145010,186.63261
20240630150010,185.94564
20240630151010,185.5963
20240630152010,184.73052
20240630153010,184.04668
20240630154010,183.76974
20240630155010,183.59641
20240630160010,248.69873
20240630161010,317.8956
20240630162010,397.07752
20240630163010,521.08089
20240630164010,634.01572
20240630165010,652.39576
20240714090010,501.15391
20240714091010,292.10437
20240714092010,232.82086
20240714093010,208.43477
20240714094010,221.77195
20240714095010,224.24242
20240714100010,238.52892
20240714101010,282.55229
20240714102010,248.64287
20240714103010,231.76057
20240714104010,234.2046
20240714105010,223.16589
20240714110010,206.26887
20240714111010,201.16492
20240714112010,204.02599
20240714113010,205.10205
20240714114010,205.96982
20240714115010,204.58739
20240714120010,204.103
20240714121010,201.19188
20240714122010,199.30932
20240714123010,198.34502
20240714124010,198.40055
20240714125010,197.03378
20240714130010,199.87228
20240714131010,195.43932
20240714132010,194.55036
20240714133010,193.77139
20240714134010,191.94725
20240714135010,191.22612
20240714140010,188.64326
20240714141010,187.49816
20240714142010,187.68398
20240714143010,188.31768
20240714144010,188.57291
20240714145010,186.63261
20240714150010,185.94564
20240714151010,185.5963
20240714152010,184.73052
20240714153010,184.04668
20240714154010,183.76974
20240714155010,183.59641
20240714160010,248.69873
20240714161010,317.8956
20240714162010,397.07752
20240714163010,521.08089
20240714164010,634.01572
20240714165010,652.39576
20240718090010,459.13879
20240718091010,251.63561
20240718092010,270.15933
20240718093010,221.73586
20240718094010,230.29844
20240718095010,231.36062
20240718100010,236.78987
20240718101010,291.06518
20240718102010,251.55941
20240718103010,231.76057
20240718104010,233.1794
20240718105010,223.33184
20240718110010,206.26887
20240718111010,201.16492
20240718112010,204.02599
20240718113010,205.10205
20240718114010,205.96982
20240718115010,204.58739
20240718120010,204.103
20240718121010,201.19188
20240718122010,199.30932
20240718123010,198.34502
20240718124010,198.40055
20240718125010,197.03378
20240718130010,199.87228
20240718131010,195.43932
20240718132010,194.55036
20240718133010,193.77139
20240718134010,191.94725
20240718135010,191.22612
20240718140010,188.64326
20240718141010,187.49816
20240718142010,187.68398
20240718143010,188.31768
20240718144010,188.57291
20240718145010,186.63261
20240718150010,185.94564
20240718151010,185.5963
20240718152010,184.73052
20240718153010,184.04668
20240718154010,183.76974
20240718155010,183.59641
20240718160010,248.69873
20240718161010,317.8956
20240718162010,397.07752
20240718163010,521.08089
20240718164010,634.01572
20240718165010,652.39576
20240720090010,462.01027
20240720091010,232.19019
20240720092010,277.18011
20240720093010,212.17153
20240720094010,225.32285
20240720095010,231.06827
20240720100010,241.63675
20240720101010,295.69168
20240720102010,251.70236
20240720103010,231.19863
20240720104010,233.19302
20240720105010,223.274
20240720110010,206.26887
20240720111010,201.16492
20240720112010,204.02599
20240720113010,205.10205
20240720114010,205.96982
20240720115010,204.58739
20240720120010,204.103
20240720121010,201.19188
20240720122010,199.30932
20240720123010,198.34502
20240720124010,198.40055
20240720125010,197.03378
20240720130010,199.87228
20240720131010,195.43932
20240720132010,194.55036
20240720133010,193.77139
20240720134010,191.94725
20240720135010,191.22612
20240720140010,188.64326
20240720141010,187.49816
20240720142010,187.68398
20240720143010,188.31768
20240720144010,188.57291
20240720145010,186.63261
20240720150010,185.94564
20240720151010,185.5963
20240720152010,184.73052
20240720153010,184.04668
20240720154010,183.76974
20240720155010,183.59641
20240720160010,248.69873
20240720161010,317.8956
20240720162010,397.07752
20240720163010,521.08089
20240720164010,634.01572
20240720165010,652.39576
20240322090011,206.6149
20240322091011,204.36893
20240322092011,200.52346
20240322093011,206.15229
20240322094011,220.96043
20240322095011,200.24378
20240322100011,224.14857
20240322101011,244.66865
20240322102011,233.79381
20240322103011,222.79679
20240322104011,231.31362
20240322105011,224.38243
20240322110011,206.26887
20240322111011,201.16492
20240322112011,204.02599
20240322113011,205.10205
20240322114011,205.96982
20240322115011,204.58739
20240322120011,204.103
20240322121011,201.19188
20240322122011,199.30932
20240322123011,198.34502
20240322124011,198.40055
20240322125011,197.03378
20240322130011,199.87228
20240322131011,195.43932
20240322132011,194.55036
20240322133011,193.77139
20240322134011,191.94725
20240322135011,191.22612
20240322140011,188.64326
20240322141011,187.49816
20240322142011,187.68398
20240322143011,188.31768
20240322144011,188.57291
20240322145011,186.63261
20240322150011,185.94564
20240322151011,185.5963
20240322152011,184.73052
20240322153011,184.04668
20240322154011,183.76974
20240322155011,183.59641
20240322160011,248.69873
20240322161011,317.8956
20240322162011,397.07752
20240322163011,521.08089
20240322164011,634.01572
20240322165011,652.39576
20240327090011,189.75918
20240327091011,196.7278
20240327092011,198.73534
20240327093011,198.52701
20240327094011,208.70257
20240327095011,198.42522
20240327100011,224.52916
20240327101011,244.44794
20240327102011,235.42759
20240327103011,223.18305
20240327104011,230.71317
20240327105011,224.16087
20240327110011,206.26887
20240327111011,201.16492
20240327112011,204.02599
20240327113011,205.10205
20240327114011,205.96982
20240327115011,204.58739
20240327120011,204.103
20240327121011,201.19188
20240327122011,199.30932
20240327123011,198.34502
20240327124011,198.40055
20240327125011,197.03378
20240327130011,199.87228
20240327131011,195.43932
20240327132011,194.55036
20240327133011,193.77139
20240327134011,191.94725
20240327135011,191.22612
20240327140011,188.64326
20240327141011,187.49816
20240327142011,187.68398
20240327143011,188.31768
20240327144011,188.57291
20240327145011,186.63261
20240327150011,185.94564
20240327151011,185.5963
20240327152011,184.73052
20240327153011,184.04668
20240327154011,183.76974
20240327155011,183.59641
20240327160011,248.69873
20240327161011,317.8956
20240327162011,397.07752
20240327163011,521.08089
20240327164011,634.01572
20240327165011,652.39576
20240413090011,262.10043
20240413091011,224.47658
20240413092011,206.65536
20240413093011,216.05098
20240413094011,224.36924
20240413095011,209.78221
20240413100011,228.92102
20240413101011,275.97073
20240413102011,234.99362
20240413103011,223.6388
20240413104011,233.42782
20240413105011,223.79096
20240413110011,206.26887
20240413111011,201.16492
20240413112011,204.02599
20240413113011,205.10205
20240413114011,205.96982
20240413115011,204.58739
20240413120011,204.103
20240413121011,201.19188
20240413122011,199.30932
20240413123011,198.34502
20240413124011,198.40055
20240413125011,197.03378
20240413130011,199.87228
20240413131011,195.43932
20240413132011,194.55036
20240413133011,193.77139
20240413134011,191.94725
20240413135011,191.22612
20240413140011,188.64326
20240413141011,187.49816
20240413142011,187.68398
20240413143011,188.31768
20240413144011,188.57291
20240413145011,186.63261
20240413150011,185.94564
20240413151011,185.5963
20240413152011,184.73052
20240413153011,184.04668
20240413154011,183.76974
20240413155011,183.59641
20240413160011,248.69873
20240413161011,317.8956
20240413162011,397.07752
20240413163011,521.08089
20240413164011,634.01572
20240413165011,652.39576
20240426090011,194.46569
20240426091011,206.16714
20240426092011,194.32719
20240426093011,192.39357
20240426094011,197.99621
20240426095011,198.59411
20240426100011,223.79747
20240426101011,243.47737
20240426102011,236.29302
20240426103011,224.07177
20240426104011,233.33325
20240426105011,223.39914
20240426110011,206.26887
20240426111011,201.16492
20240426112011,204.02599
20240426113011,205.10205
20240426114011,205.96982
20240426115011,204.58739
20240426120011,204.103
20240426121011,201.19188
20240426122011,199.30932
20240426123011,198.34502
20240426124011,198.40055
20240426125011,197.03378
20240426130011,199.87228
20240426131011,195.43932
20240426132011,194.55036
20240426133011,193.77139
20240426134011,191.94725
20240426135011,191.22612
20240426140011,188.64326
20240426141011,187.49816
20240426142011,187.68398
20240426143011,188.31768
20240426144011,188.57291
20240426145011,186.63261
20240426150011,185.94564
20240426151011,185.5963
20240426152011,184.73052
20240426153011,184.04668
20240426154011,183.76974
20240426155011,183.59641
20240426160011,248.69873
20240426161011,317.8956
20240426162011,397.07752
20240426163011,521.08089
20240426164011,634.01572
20240426165011,652.39576
20240606090011,191.89775
20240606091011,201.46207
20240606092011,208.03849
20240606093011,199.73695
20240606094011,208.45551
20240606095011,204.00079
20240606100011,224.34893
20240606101011,252.22094
20240606102011,243.97164
20240606103011,228.8597
20240606104011,231.96441
20240606105011,223.65963
20240606110011,206.26887
20240606111011,201.16492
20240606112011,204.02599
20240606113011,205.10205
20240606114011,205.96982
20240606115011,204.58739
20240606120011,204.103
20240606121011,201.19188
20240606122011,199.30932
20240606123011,198.34502
20240606124011,198.40055
20240606125011,197.03378
20240606130011,199.87228
20240606131011,195.43932
20240606132011,194.55036
20240606133011,193.77139
20240606134011,191.94725
20240606135011,191.22612
20240606140011,188.64326
20240606141011,187.49816
20240606142011,187.68398
20240606143011,188.31768
20240606144011,188.57291
20240606145011,186.63261
20240606150011,185.94564
20240606151011,185.5963
20240606152011,184.73052
20240606153011,184.04668
20240606154011,183.76974
20240606155011,183.59641
20240606160011,248.69873
20240606161011,317.8956
20240606162011,397.07752
20240606163011,521.08089
20240606164011,634.01572
20240606165011,652.39576
20240712090011,198.0693
20240712091011,216.57851
20240712092011,205.72668
20240712093011,198.04943
20240712094011,199.55192
20240712095011,204.7189
20240712100011,224.8586
20240712101011,244.14602
20240712102011,244.06896
20240712103011,229.97866
20240712104011,233.36748
20240712105011,223.17959
20240712110011,206.26887
20240712111011,201.16492
20240712112011,204.02599
20240712113011,205.10205
20240712114011,205.96982
20240712115011,204.58739
20240712120011,204.103
20240712121011,201.19188
20240712122011,199.30932
20240712123011,198.34502
20240712124011,198.40055
20240712125011,197.03378
20240712130011,199.87228
20240712131011,195.43932
20240712132011,194.55036
20240712133011,193.77139
20240712134011,191.94725
20240712135011,191.22612
20240712140011,188.64326
20240712141011,187.49816
20240712142011,187.68398
20240712143011,188.31768
20240712144011,188.57291
20240712145011,186.63261
20240712150011,185.94564
20240712151011,185.5963
20240712152011,184.73052
20240712153011,184.04668
20240712154011,183.76974
20240712155011,183.59641
20240712160011,248.69873
20240712161011,317.8956
20240712162011,397.07752
20240712163011,521.08089
20240712164011,634.01572
20240712165011,652.39576
20240315090012,192.31697
20240315091012,201.08436
20240315092012,202.53539
20240315093012,203.60773
20240315094012,208.20937
20240315095012,198.63934
20240315100012,218.17115
20240315101012,252.50101
20240315102012,235.33418
20240315103012,223.08264
20240315104012,230.49551
20240315105012,224.23579
20240315110012,206.26887
20240315111012,201.16492
20240315112012,204.02599
20240315113012,205.10205
20240315114012,205.96982
20240315115012,204.58739
20240315120012,204.103
20240315121012,201.19188
20240315122012,199.30932
20240315123012,198.34502
20240315124012,198.40055
20240315125012,197.03378
20240315130012,199.87228
20240315131012,195.43932
20240315132012,194.55036
20240315133012,193.77139
20240315134012,191.94725
20240315135012,191.22612
20240315140012,188.64326
20240315141012,187.49816
20240315142012,187.68398
20240315143012,188.31768
20240315144012,188.57291
20240315145012,186.63261
20240315150012,185.94564
20240315151012,185.5963
20240315152012,184.73052
20240315153012,184.04668
20240315154012,183.76974
20240315155012,183.59641
20240315160012,248.69873
20240315161012,317.8956
20240315162012,397.07752
20240315163012,521.08089
20240315164012,634.01572
20240315165012,652.39576
20240317090012,188.92124
20240317091012,195.30849
20240317092012,202.55717
20240317093012,199.16321
20240317094012,206.06311
20240317095012,198.8317
20240317100012,214.9743
20240317101012,252.5232
20240317102012,235.54533
20240317103012,223.05164
20240317104012,230.93299
20240317105012,224.23579
20240317110012,206.26887
20240317111012,201.16492
20240317112012,204.02599
20240317113012,205.10205
20240317114012,205.96982
20240317115012,204.58739
20240317120012,204.103
20240317121012,201.19188
20240317122012,199.30932
20240317123012,198.34502
20240317124012,198.40055
20240317125012,197.03378
20240317130012,199.87228
20240317131012,195.43932
20240317132012,194.55036
20240317133012,193.77139
20240317134012,191.94725
20240317135012,191.22612
20240317140012,188.64326
20240317141012,187.49816
20240317142012,187.68398
20240317143012,188.31768
20240317144012,188.57291
20240317145012,186.63261
20240317150012,185.94564
20240317151012,185.5963
20240317152012,184.73052
20240317153012,184.04668
20240317154012,183.76974
20240317155012,183.59641
20240317160012,248.69873
20240317161012,317.8956
20240317162012,397.07752
20240317163012,521.08089
20240317164012,634.01572
20240317165012,652.39576
20240412090012,201.9118
20240412091012,209.32506
20240412092012,222.75274
20240412093012,206.88007
20240412094012,213.33932
20240412095012,207.44439
20240412100012,208.90879
20240412101012,233.54599
20240412102012,228.77078
20240412103012,224.01037
20240412104012,229.72548
20240412105012,223.25605
20240412110012,206.26887
20240412111012,201.16492
20240412112012,204.02599
20240412113012,205.10205
20240412114012,205.96982
20240412115012,204.58739
20240412120012,204.103
20240412121012,201.19188
20240412122012,199.30932
20240412123012,198.34502
20240412124012,198.40055
20240412125012,197.03378
20240412130012,199.87228
20240412131012,195.43932
20240412132012,194.55036
20240412133012,193.77139
20240412134012,191.94725
20240412135012,191.22612
20240412140012,188.64326
20240412141012,187.49816
20240412142012,187.68398
20240412143012,188.31768
20240412144012,188.57291
20240412145012,186.63261
20240412150012,185.94564
20240412151012,185.5963
20240412152012,184.73052
20240412153012,184.04668
20240412154012,183.76974
20240412155012,183.59641
20240412160012,248.69873
20240412161012,317.8956
20240412162012,397.07752
20240412163012,521.08089
20240412164012,634.01572
20240412165012,652.39576
20240426090012,198.93278
20240426091012,208.4696
20240426092012,194.44349
20240426093012,193.57946
20240426094012,200.18844
20240426095012,199.16774
20240426100012,225.32798
20240426101012,244.35842
20240426102012,239.65919
20240426103012,223.97582
20240426104012,233.39894
20240426105012,223.36209
20240426110012,206.26887
20240426111012,201.16492
20240426112012,204.02599
20240426113012,205.10205
20240426114012,205.96982
20240426115012,204.58739
20240426120012,204.103
20240426121012,201.19188
20240426122012,199.30932
20240426123012,198.34502
20240426124012,198.40055
20240426125012,197.03378
20240426130012,199.87228
20240426131012,195.43932
20240426132012,194.55036
20240426133012,193.77139
20240426134012,191.94725
20240426135012,191.22612
20240426140012,188.64326
20240426141012,187.49816
20240426142012,187.68398
20240426143012,188.31768
20240426144012,188.57291
20240426145012,186.63261
20240426150012,185.94564
20240426151012,185.5963
20240426152012,184.73052
20240426153012,184.04668
20240426154012,183.76974
20240426155012,183.59641
20240426160012,248.69873
20240426161012,317.8956
20240426162012,397.07752
20240426163012,521.08089
20240426164012,634.01572
20240426165012,652.39576
20240521090012,192.74616
20240521091012,205.63321
20240521092012,208.19476
20240521093012,205.81433
20240521094012,210.20069
20240521095012,204.43675
20240521100012,234.73953
20240521101012,251.39621
20240521102012,241.52364
20240521103012,230.62704
20240521104012,232.71872
20240521105012,223.44842
20240521110012,206.26887
20240521111012,201.16492
20240521112012,204.02599
20240521113012,205.10205
20240521114012,205.96982
20240521115012,204.58739
20240521120012,204.103
20240521121012,201.19188
20240521122012,199.30932
20240521123012,198.34502
20240521124012,198.40055
20240521125012,197.03378
20240521130012,199.87228
20240521131012,195.43932
20240521132012,194.55036
20240521133012,193.77139
20240521134012,191.94725
20240521135012,191.22612
20240521140012,188.64326
20240521141012,187.49816
20240521142012,187.68398
20240521143012,188.31768
20240521144012,188.57291
20240521145012,186.63261
20240521150012,185.94564
20240521151012,185.5963
20240521152012,184.73052
20240521153012,184.04668
20240521154012,183.76974
20240521155012,183.59641
20240521160012,248.69873
20240521161012,317.8956
20240521162012,397.07752
20240521163012,521.08089
20240521164012,634.01572
20240521165012,652.39576
20240619090012,193.94508
20240619091012,203.3317
20240619092012,203.88591
20240619093012,198.21825
20240619094012,200.93994
20240619095012,206.73376
20240619100012,214.08012
20240619101012,241.57168
20240619102012,243.02584
20240619103012,229.88712
20240619104012,232.37271
20240619105012,223.14269
20240619110012,206.26887
20240619111012,201.16492
20240619112012,204.02599
20240619113012,205.10205
20240619114012,205.96982
20240619115012,204.58739
20240619120012,204.103
20240619121012,201.19188
20240619122012,199.30932
20240619123012,198.34502
20240619124012,198.40055
20240619125012,197.03378
20240619130012,199.87228
20240619131012,195.43932
20240619132012,194.55036
20240619133012,193.77139
20240619134012,191.94725
20240619135012,191.22612
20240619140012,188.64326
20240619141012,187.49816
20240619142012,187.68398
20240619143012,188.31768
20240619144012,188.57291
20240619145012,186.63261
20240619150012,185.94564
20240619151012,185.5963
20240619152012,184.73052
20240619153012,184.04668
20240619154012,183.76974
20240619155012,183.59641
20240619160012,248.69873
20240619161012,317.8956
20240619162012,397.07752
20240619163012,521.08089
20240619164012,634.01572
20240619165012,652.39576
20240621090012,192.44549
20240621091012,204.4983
20240621092012,206.42701
20240621093012,194.60604
20240621094012,198.36515
20240621095012,203.43504
20240621100012,213.75562
20240621101012,236.0427
20240621102012,243.09604
20240621103012,228.62615
20240621104012,232.71445
20240621105012,223.14269
20240621110012,206.26887
20240621111012,201.16492
20240621112012,204.02599
20240621113012,205.10205
20240621114012,205.96982
20240621115012,204.58739
20240621120012,204.103
20240621121012,201.19188
20240621122012,199.30932
20240621123012,198.34502
20240621124012,198.40055
20240621125012,197.03378
20240621130012,199.87228
20240621131012,195.43932
20240621132012,194.55036
20240621133012,193.77139
20240621134012,191.94725
20240621135012,191.22612
20240621140012,188.64326
20240621141012,187.49816
20240621142012,187.68398
20240621143012,188.31768
20240621144012,188.57291
20240621145012,186.63261
20240621150012,185.94564
20240621151012,185.5963
20240621152012,184.73052
20240621153012,184.04668
20240621154012,183.76974
20240621155012,183.59641
20240621160012,248.69873
20240621161012,317.8956
20240621162012,397.07752
20240621163012,521.08089
20240621164012,634.01572
20240621165012,652.39576
20240705090012,194.52553
20240705091012,200.60007
20240705092012,253.86979
20240705093012,202.97564
20240705094012,210.05192
20240705095012,209.61086
20240705100012,208.23699
20240705101012,225.14743
20240705102012,235.27408
20240705103012,228.82363
20240705104012,228.30402
20240705105012,222.8932
20240705110012,206.26887
20240705111012,201.16492
20240705112012,204.02599
20240705113012,205.10205
20240705114012,205.96982
20240705115012,204.58739
20240705120012,204.103
20240705121012,201.19188
20240705122012,199.30932
20240705123012,198.34502
20240705124012,198.40055
20240705125012,197.03378
20240705130012,199.87228
20240705131012,195.43932
20240705132012,194.55036
20240705133012,193.77139
20240705134012,191.94725
20240705135012,191.22612
20240705140012,188.64326
20240705141012,187.49816
20240705142012,187.68398
20240705143012,188.31768
20240705144012,188.57291
20240705145012,186.63261
20240705150012,185.94564
20240705151012,185.5963
20240705152012,184.73052
20240705153012,184.04668
20240705154012,183.76974
20240705155012,183.59641
20240705160012,248.69873
20240705161012,317.8956
20240705162012,397.07752
20240705163012,521.08089
20240705164012,634.01572
20240705165012,652.39576
20240713090012,192.47507
20240713091012,200.39764
20240713092012,223.3896
20240713093012,199.97436
20240713094012,205.02689
20240713095012,208.25214
20240713100012,224.2338
20240713101012,273.67286
20240713102012,243.43708
20240713103012,228.75972
20240713104012,232.03297
20240713105012,223.46229
20240713110012,206.26887
20240713111012,201.16492
20240713112012,204.02599
20240713113012,205.10205
20240713114012,205.96982
20240713115012,204.58739
20240713120012,204.103
20240713121012,201.19188
20240713122012,199.30932
20240713123012,198.34502
20240713124012,198.40055
20240713125012,197.03378
20240713130012,199.87228
20240713131012,195.43932
20240713132012,194.55036
20240713133012,193.77139
20240713134012,191.94725
20240713135012,191.22612
20240713140012,188.64326
20240713141012,187.49816
20240713142012,187.68398
20240713143012,188.31768
20240713144012,188.57291
20240713145012,186.63261
20240713150012,185.94564
20240713151012,185.5963
20240713152012,184.73052
20240713153012,184.04668
20240713154012,183.76974
20240713155012,183.59641
20240713160012,248.69873
20240713161012,317.8956
20240713162012,397.07752
20240713163012,521.08089
20240713164012,634.01572
20240713165012,652.39576
20240214090013,650.35876
20240214091013,210.32411
20240214092013,211.55077
20240214093013,234.27035
20240214094013,250.49552
20240214095013,224.89884
20240214100013,214.00997
20240214101013,254.98464
20240214102013,227.75821
20240214103013,216.92472
20240214104013,230.79579
20240214105013,224.0807
20240214110013,206.26887
20240214111013,201.16492
20240214112013,204.02599
20240214113013,205.10205
20240214114013,205.96982
20240214115013,204.58739
20240214120013,204.103
20240214121013,201.19188
20240214122013,199.30932
20240214123013,198.34502
20240214124013,198.40055
20240214125013,197.03378
20240214130013,199.87228
20240214131013,195.43932
20240214132013,194.55036
20240214133013,193.77139
20240214134013,191.94725
20240214135013,191.22612
20240214140013,188.64326
20240214141013,187.49816
20240214142013,187.68398
20240214143013,188.31768
20240214144013,188.57291
20240214145013,186.63261
20240214150013,185.94564
20240214151013,185.5963
20240214152013,184.73052
20240214153013,184.04668
20240214154013,183.76974
20240214155013,183.59641
20240214160013,248.69873
20240214161013,317.8956
20240214162013,397.07752
20240214163013,521.08089
20240214164013,634.01572
20240214165013,652.39576
20240221090013,661.62077
20240221091013,221.40703
20240221092013,225.77058
20240221093013,233.23582
20240221094013,241.59277
20240221095013,233.22212
20240221100013,223.14218
20240221101013,278.33947
20240221102013,230.29639
20240221103013,222.68504
20240221104013,232.92193
20240221105013,224.19663
20240221110013,206.26887
20240221111013,201.16492
20240221112013,204.02599
20240221113013,205.10205
20240221114013,205.96982
20240221115013,204.58739
20240221120013,204.103
20240221121013,201.19188
20240221122013,199.30932
20240221123013,198.34502
20240221124013,198.40055
20240221125013,197.03378
20240221130013,199.87228
20240221131013,195.43932
20240221132013,194.55036
20240221133013,193.77139
20240221134013,191.94725
20240221135013,191.22612
20240221140013,188.64326
20240221141013,187.49816
20240221142013,187.68398
20240221143013,188.31768
20240221144013,188.57291
20240221145013,186.63261
20240221150013,185.94564
20240221151013,185.5963
20240221152013,184.73052
20240221153013,184.04668
20240221154013,183.76974
20240221155013,183.59641
20240221160013,248.69873
20240221161013,317.8956
20240221162013,397.07752
20240221163013,521.08089
20240221164013,634.01572
20240221165013,652.39576
20240314090013,187.49655
20240314091013,192.77009
20240314092013,198.34579
20240314093013,197.54616
20240314094013,203.24925
20240314095013,197.72735
20240314100013,222.99791
20240314101013,236.67433
20240314102013,239.53966
20240314103013,224.1306
20240314104013,230.14914
20240314105013,224.2156
20240314110013,206.26887
20240314111013,201.16492
20240314112013,204.02599
20240314113013,205.10205
20240314114013,205.96982
20240314115013,204.58739
20240314120013,204.103
20240314121013,201.19188
20240314122013,199.30932
20240314123013,198.34502
20240314124013,198.40055
20240314125013,197.03378
20240314130013,199.87228
20240314131013,195.43932
20240314132013,194.55036
20240314133013,193.77139
20240314134013,191.94725
20240314135013,191.22612
20240314140013,188.64326
20240314141013,187.49816
20240314142013,187.68398
20240314143013,188.31768
20240314144013,188.57291
20240314145013,186.63261
20240314150013,185.94564
20240314151013,185.5963
20240314152013,184.73052
20240314153013,184.04668
20240314154013,183.76974
20240314155013,183.59641
20240314160013,248.69873
20240314161013,317.8956
20240314162013,397.07752
20240314163013,521.08089
20240314164013,634.01572
20240314165013,652.39576
20240316090013,363.04611
20240316091013,208.10745
20240316092013,206.67052
20240316093013,212.25614
20240316094013,211.36075
20240316095013,209.74976
20240316100013,229.4577
20240316101013,252.02737
20240316102013,235.84008
20240316103013,244.97685
20240316104013,233.03602
20240316105013,223.45731
20240316110013,206.26887
20240316111013,201.16492
20240316112013,204.02599
20240316113013,205.10205
20240316114013,205.96982
20240316115013,204.58739
20240316120013,204.103
20240316121013,201.19188
20240316122013,199.30932
20240316123013,198.34502
20240316124013,198.40055
20240316125013,197.03378
20240316130013,199.87228
20240316131013,195.43932
20240316132013,194.55036
20240316133013,193.77139
20240316134013,191.94725
20240316135013,191.22612
20240316140013,188.64326
20240316141013,187.49816
20240316142013,187.68398
20240316143013,188.31768
20240316144013,188.57291
20240316145013,186.63261
20240316150013,185.94564
20240316151013,185.5963
20240316152013,184.73052
20240316153013,184.04668
20240316154013,183.76974
20240316155013,183.59641
20240316160013,248.69873
20240316161013,317.8956
20240316162013,397.07752
20240316163013,521.08089
20240316164013,634.01572
20240316165013,652.39576
20240328090013,480.11878
20240328091013,219.7423
20240328092013,219.41515
20240328093013,234.42142
20240328094013,231.02638
20240328095013,224.33304
20240328100013,235.00467
20240328101013,282.41196
20240328102013,235.33772
20240328103013,228.46327
20240328104013,233.26548
20240328105013,223.48402
20240328110013,206.26887
20240328111013,201.16492
20240328112013,204.02599
20240328113013,205.10205
20240328114013,205.96982
20240328115013,204.58739
20240328120013,204.103
20240328121013,201.19188
20240328122013,199.30932
20240328123013,198.34502
20240328124013,198.40055
20240328125013,197.03378
20240328130013,199.87228
20240328131013,195.43932
20240328132013,194.55036
20240328133013,193.77139
20240328134013,191.94725
20240328135013,191.22612
20240328140013,188.64326
20240328141013,187.49816
20240328142013,187.68398
20240328143013,188.31768
20240328144013,188.57291
20240328145013,186.63261
20240328150013,185.94564
20240328151013,185.5963
20240328152013,184.73052
20240328153013,184.04668
20240328154013,183.76974
20240328155013,183.59641
20240328160013,248.69873
20240328161013,317.8956
20240328162013,397.07752
20240328163013,521.08089
20240328164013,634.01572
20240328165013,652.39576
20240412090013,499.88195
20240412091013,220.23696
20240412092013,205.98973
20240412093013,248.84121
20240412094013,233.9995
20240412095013,230.14785
20240412100013,231.60412
20240412101013,282.59799
20240412102013,235.63368
20240412103013,227.87698
20240412104013,231.82622
20240412105013,223.47246
20240412110013,206.26887
20240412111013,201.16492
20240412112013,204.02599
20240412113013,205.10205
20240412114013,205.96982
20240412115013,204.58739
20240412120013,204.103
20240412121013,201.19188
20240412122013,199.30932
20240412123013,198.34502
20240412124013,198.40055
20240412125013,197.03378
20240412130013,199.87228
20240412131013,195.43932
20240412132013,194.55036
20240412133013,193.77139
20240412134013,191.94725
20240412135013,191.22612
20240412140013,188.64326
20240412141013,187.49816
20240412142013,187.68398
20240412143013,188.31768
20240412144013,188.57291
20240412145013,186.63261
20240412150013,185.94564
20240412151013,185.5963
20240412152013,184.73052
20240412153013,184.04668
20240412154013,183.76974
20240412155013,183.59641
20240412160013,248.69873
20240412161013,317.8956
20240412162013,397.07752
20240412163013,521.08089
20240412164013,634.01572
20240412165013,652.39576
20240619090013,542.46269
20240619091013,209.9387
20240619092013,220.12666
20240619093013,229.65764
20240619094013,231.22324
20240619095013,234.24968
20240619100013,241.62692
20240619101013,278.63914
20240619102013,243.61639
20240619103013,234.75953
20240619104013,233.55207
20240619105013,223.16589
20240619110013,206.26887
20240619111013,201.16492
20240619112013,204.02599
20240619113013,205.10205
20240619114013,205.96982
20240619115013,204.58739
20240619120013,204.103
20240619121013,201.19188
20240619122013,199.30932
20240619123013,198.34502
20240619124013,198.40055
20240619125013,197.03378
20240619130013,199.87228
20240619131013,195.43932
20240619132013,194.55036
20240619133013,193.77139
20240619134013,191.94725
20240619135013,191.22612
20240619140013,188.64326
20240619141013,187.49816
20240619142013,187.68398
20240619143013,188.31768
20240619144013,188.57291
20240619145013,186.63261
20240619150013,185.94564
20240619151013,185.5963
20240619152013,184.73052
20240619153013,184.04668
20240619154013,183.76974
20240619155013,183.59641
20240619160013,248.69873
20240619161013,317.8956
20240619162013,397.07752
20240619163013,521.08089
20240619164013,634.01572
20240619165013,652.39576
20240225090014,187.34164
20240225091014,197.03506
20240225092014,204.53913
20240225093014,206.3022
20240225094014,211.80246
20240225095014,199.96996
20240225100014,224.87158
20240225101014,229.49723
20240225102014,230.74914
20240225103014,224.38902
20240225104014,230.82461
20240225105014,224.26744
20240225110014,206.26887
20240225111014,201.16492
20240225112014,204.02599
20240225113014,205.10205
20240225114014,205.96982
20240225115014,204.58739
20240225120014,204.103
20240225121014,201.19188
20240225122014,199.30932
20240225123014,198.34502
20240225124014,198.40055
20240225125014,197.03378
20240225130014,199.87228
20240225131014,195.43932
20240225132014,194.55036
20240225133014,193.77139
20240225134014,191.94725
20240225135014,191.22612
20240225140014,188.64326
20240225141014,187.49816
20240225142014,187.68398
20240225143014,188.31768
20240225144014,188.57291
20240225145014,186.63261
20240225150014,185.94564
20240225151014,185.5963
20240225152014,184.73052
20240225153014,184.04668
20240225154014,183.76974
20240225155014,183.59641
20240225160014,248.69873
20240225161014,317.8956
20240225162014,397.07752
20240225163014,521.08089
20240225164014,634.01572
20240225165014,652.39576
20240227090014,235.51637
20240227091014,209.69114
20240227092014,222.7039
20240227093014,223.74868
20240227094014,231.48422
20240227095014,207.31517
20240227100014,224.86456
20240227101014,229.18558
20240227102014,228.6343
20240227103014,223.41307
20240227104014,231.93281
20240227105014,224.15918
20240227110014,206.26887
20240227111014,201.16492
20240227112014,204.02599
20240227113014,205.10205
20240227114014,205.96982
20240227115014,204.58739
20240227120014,204.103
20240227121014,201.19188
20240227122014,199.30932
20240227123014,198.34502
20240227124014,198.40055
20240227125014,197.03378
20240227130014,199.87228
20240227131014,195.43932
20240227132014,194.55036
20240227133014,193.77139
20240227134014,191.94725
20240227135014,191.22612
20240227140014,188.64326
20240227141014,187.49816
20240227142014,187.68398
20240227143014,188.31768
20240227144014,188.57291
20240227145014,186.63261
20240227150014,185.94564
20240227151014,185.5963
20240227152014,184.73052
20240227153014,184.04668
20240227154014,183.76974
20240227155014,183.59641
20240227160014,248.69873
20240227161014,317.8956
20240227162014,397.07752
20240227163014,521.08089
20240227164014,634.01572
20240227165014,652.39576
20240327090014,212.84444
20240327091014,211.43965
20240327092014,208.7625
20240327093014,208.64221
20240327094014,222.14194
20240327095014,201.32289
20240327100014,224.63806
20240327101014,244.33035
20240327102014,234.50578
20240327103014,224.15728
20240327104014,232.31317
20240327105014,224.12025
20240327110014,206.26887
20240327111014,201.16492
20240327112014,204.02599
20240327113014,205.10205
20240327114014,205.96982
20240327115014,204.58739
20240327120014,204.103
20240327121014,201.19188
20240327122014,199.30932
20240327123014,198.34502
20240327124014,198.40055
20240327125014,197.03378
20240327130014,199.87228
20240327131014,195.43932
20240327132014,194.55036
20240327133014,193.77139
20240327134014,191.94725
20240327135014,191.22612
20240327140014,188.64326
20240327141014,187.49816
20240327142014,187.68398
20240327143014,188.31768
20240327144014,188.57291
20240327145014,186.63261
20240327150014,185.94564
20240327151014,185.5963
20240327152014,184.73052
20240327153014,184.04668
20240327154014,183.76974
20240327155014,183.59641
20240327160014,248.69873
20240327161014,317.8956
20240327162014,397.07752
20240327163014,521.08089
20240327164014,634.01572
20240327165014,652.39576
20240417090014,550.01108
20240417091014,219.38311
20240417092014,220.20751
20240417093014,246.58626
20240417094014,230.42365
20240417095014,230.20564
20240417100014,235.24844
20240417101014,277.41739
20240417102014,240.52871
20240417103014,229.93883
20240417104014,232.74591
20240417105014,223.67883
20240417110014,206.26887
20240417111014,201.16492
20240417112014,204.02599
20240417113014,205.10205
20240417114014,205.96982
20240417115014,204.58739
20240417120014,204.103
20240417121014,201.19188
20240417122014,199.30932
20240417123014,198.34502
20240417124014,198.40055
20240417125014,197.03378
20240417130014,199.87228
20240417131014,195.43932
20240417132014,194.55036
20240417133014,193.77139
20240417134014,191.94725
20240417135014,191.22612
20240417140014,188.64326
20240417141014,187.49816
20240417142014,187.68398
20240417143014,188.31768
20240417144014,188.57291
20240417145014,186.63261
20240417150014,185.94564
20240417151014,185.5963
20240417152014,184.73052
20240417153014,184.04668
20240417154014,183.76974
20240417155014,183.59641
20240417160014,248.69873
20240417161014,317.8956
20240417162014,397.07752
20240417163014,521.08089
20240417164014,634.01572
20240417165014,652.39576
20240517090014,581.07017
20240517091014,206.69879
20240517092014,204.70259
20240517093014,281.16819
20240517094014,224.58486
20240517095014,224.35848
20240517100014,231.27914
20240517101014,253.43232
20240517102014,233.1359
20240517103014,228.41985
20240517104014,233.39585
20240517105014,223.85184
20240517110014,206.26887
20240517111014,201.16492
20240517112014,204.02599
20240517113014,205.10205
20240517114014,205.96982
20240517115014,204.58739
20240517120014,204.103
20240517121014,201.19188
20240517122014,199.30932
20240517123014,198.34502
20240517124014,198.40055
20240517125014,197.03378
20240517130014,199.87228
20240517131014,195.43932
20240517132014,194.55036
20240517133014,193.77139
20240517134014,191.94725
20240517135014,191.22612
20240517140014,188.64326
20240517141014,187.49816
20240517142014,187.68398
20240517143014,188.31768
20240517144014,188.57291
20240517145014,186.63261
20240517150014,185.94564
20240517151014,185.5963
20240517152014,184.73052
20240517153014,184.04668
20240517154014,183.76974
20240517155014,183.59641
20240517160014,248.69873
20240517161014,317.8956
20240517162014,397.07752
20240517163014,521.08089
20240517164014,634.01572
20240517165014,652.39576
20240704090014,593.60397
20240704091014,228.13311
20240704092014,210.32911
20240704093014,291.59088
20240704094014,233.50363
20240704095014,233.43484
20240704100014,231.65001
20240704101014,266.1112
20240704102014,240.73113
20240704103014,233.21555
20240704104014,232.42973
20240704105014,223.37729
20240704110014,206.26887
20240704111014,201.16492
20240704112014,204.02599
20240704113014,205.10205
20240704114014,205.96982
20240704115014,204.58739
20240704120014,204.103
20240704121014,201.19188
20240704122014,199.30932
20240704123014,198.34502
20240704124014,198.40055
20240704125014,197.03378
20240704130014,199.87228
20240704131014,195.43932
20240704132014,194.55036
20240704133014,193.77139
20240704134014,191.94725
20240704135014,191.22612
20240704140014,188.64326
20240704141014,187.49816
20240704142014,187.68398
20240704143014,188.31768
20240704144014,188.57291
20240704145014,186.63261
20240704150014,185.94564
20240704151014,185.5963
20240704152014,184.73052
20240704153014,184.04668
20240704154014,183.76974
20240704155014,183.59641
20240704160014,248.69873
20240704161014,317.8956
20240704162014,397.07752
20240704163014,521.08089
20240704164014,634.01572
20240704165014,652.39576
20240715090014,566.32764
20240715091014,211.08018
20240715092014,207.45426
20240715093014,222.83682
20240715094014,214.40564
20240715095014,228.30546
20240715100014,236.25779
20240715101014,252.58093
20240715102014,244.4257
20240715103014,234.50803
20240715104014,233.64
20240715105014,223.18727
20240715110014,206.26887
20240715111014,201.16492
20240715112014,204.02599
20240715113014,205.10205
20240715114014,205.96982
20240715115014,204.58739
20240715120014,204.103
20240715121014,201.19188
20240715122014,199.30932
20240715123014,198.34502
20240715124014,198.40055
20240715125014,197.03378
20240715130014,199.87228
20240715131014,195.43932
20240715132014,194.55036
20240715133014,193.77139
20240715134014,191.94725
20240715135014,191.22612
20240715140014,188.64326
20240715141014,187.49816
20240715142014,187.68398
20240715143014,188.31768
20240715144014,188.57291
20240715145014,186.63261
20240715150014,185.94564
20240715151014,185.5963
20240715152014,184.73052
20240715153014,184.04668
20240715154014,183.76974
20240715155014,183.59641
20240715160014,248.69873
20240715161014,317.8956
20240715162014,397.07752
20240715163014,521.08089
20240715164014,634.01572
20240715165014,652.39576
20240215090015,244.47042
20240215091015,220.58943
20240215092015,222.60963
20240215093015,222.09493
20240215094015,229.65705
20240215095015,211.62278
20240215100015,211.41572
20240215101015,252.33429
20240215102015,223.35958
20240215103015,213.3831
20240215104015,232.32956
20240215105015,223.99959
20240215110015,206.26887
20240215111015,201.16492
20240215112015,204.02599
20240215113015,205.10205
20240215114015,205.96982
20240215115015,204.58739
20240215120015,204.103
20240215121015,201.19188
20240215122015,199.30932
20240215123015,198.34502
20240215124015,198.40055
20240215125015,197.03378
20240215130015,199.87228
20240215131015,195.43932
20240215132015,194.55036
20240215133015,193.77139
20240215134015,191.94725
20240215135015,191.22612
20240215140015,188.64326
20240215141015,187.49816
20240215142015,187.68398
20240215143015,188.31768
20240215144015,188.57291
20240215145015,186.63261
20240215150015,185.94564
20240215151015,185.5963
20240215152015,184.73052
20240215153015,184.04668
20240215154015,183.76974
20240215155015,183.59641
20240215160015,248.69873
20240215161015,317.8956
20240215162015,397.07752
20240215163015,521.08089
20240215164015,634.01572
20240215165015,652.39576
20240218090015,233.94476
20240218091015,224.70387
20240218092015,211.73198
20240218093015,229.59681
20240218094015,275.51473
20240218095015,211.53107
20240218100015,224.081
20240218101015,236.32517
20240218102015,223.9063
20240218103015,222.06325
20240218104015,232.78158
20240218105015,224.111
20240218110015,206.26887
20240218111015,201.16492
20240218112015,204.02599
20240218113015,205.10205
20240218114015,205.96982
20240218115015,204.58739
20240218120015,204.103
20240218121015,201.19188
20240218122015,199.30932
20240218123015,198.34502
20240218124015,198.40055
20240218125015,197.03378
20240218130015,199.87228
20240218131015,195.43932
20240218132015,194.55036
20240218133015,193.77139
20240218134015,191.94725
20240218135015,191.22612
20240218140015,188.64326
20240218141015,187.49816
20240218142015,187.68398
20240218143015,188.31768
20240218144015,188.57291
20240218145015,186.63261
20240218150015,185.94564
20240218151015,185.5963
20240218152015,184.73052
20240218153015,184.04668
20240218154015,183.76974
20240218155015,183.59641
20240218160015,248.69873
20240218161015,317.8956
20240218162015,397.07752
20240218163015,521.08089
20240218164015,634.01572
20240218165015,652.39576
20240314090015,188.48896
20240314091015,196.83836
20240314092015,197.8539
20240314093015,198.37843
20240314094015,205.89408
20240314095015,196.79111
20240314100015,222.91296
20240314101015,242.48711
20240314102015,235.93121
20240314103015,223.45171
20240314104015,230.0332
20240314105015,224.18799
20240314110015,206.26887
20240314111015,201.16492
20240314112015,204.02599
20240314113015,205.10205
20240314114015,205.96982
20240314115015,204.58739
20240314120015,204.103
20240314121015,201.19188
20240314122015,199.30932
20240314123015,198.34502
20240314124015,198.40055
20240314125015,197.03378
20240314130015,199.87228
20240314131015,195.43932
20240314132015,194.55036
20240314133015,193.77139
20240314134015,191.94725
20240314135015,191.22612
20240314140015,188.64326
20240314141015,187.49816
20240314142015,187.68398
20240314143015,188.31768
20240314144015,188.57291
20240314145015,186.63261
20240314150015,185.94564
20240314151015,185.5963
20240314152015,184.73052
20240314153015,184.04668
20240314154015,183.76974
20240314155015,183.59641
20240314160015,248.69873
20240314161015,317.8956
20240314162015,397.07752
20240314163015,521.08089
20240314164015,634.01572
20240314165015,652.39576
20240317090015,240.03613
20240317091015,209.05371
20240317092015,211.46109
20240317093015,213.23218
20240317094015,223.8464
20240317095015,204.14571
20240317100015,222.10473
20240317101015,252.17648
20240317102015,233.42167
20240317103015,223.78887
20240317104015,232.83654
20240317105015,224.16087
20240317110015,206.26887
20240317111015,201.16492
20240317112015,204.02599
20240317113015,205.10205
20240317114015,205.96982
20240317115015,204.58739
20240317120015,204.103
20240317121015,201.19188
20240317122015,199.30932
20240317123015,198.34502
20240317124015,198.40055
20240317125015,197.03378
20240317130015,199.87228
20240317131015,195.43932
20240317132015,194.55036
20240317133015,193.77139
20240317134015,191.94725
20240317135015,191.22612
20240317140015,188.64326
20240317141015,187.49816
20240317142015,187.68398
20240317143015,188.31768
20240317144015,188.57291
20240317145015,186.63261
20240317150015,185.94564
20240317151015,185.5963
20240317152015,184.73052
20240317153015,184.04668
20240317154015,183.76974
20240317155015,183.59641
20240317160015,248.69873
20240317161015,317.8956
20240317162015,397.07752
20240317163015,521.08089
20240317164015,634.01572
20240317165015,652.39576
20240412090015,695.70535
20240412091015,209.15864
20240412092015,203.77351
20240412093015,305.74703
20240412094015,240.55116
20240412095015,240.76743
20240412100015,237.56069
20240412101015,289.10418
20240412102015,238.61014
20240412103015,230.02584
20240412104015,233.68025
20240412105015,223.39321
20240412110015,206.26887
20240412111015,201.16492
20240412112015,204.02599
20240412113015,205.10205
20240412114015,205.96982
20240412115015,204.58739
20240412120015,204.103
20240412121015,201.19188
20240412122015,199.30932
20240412123015,198.34502
20240412124015,198.40055
20240412125015,197.03378
20240412130015,199.87228
20240412131015,195.43932
20240412132015,194.55036
20240412133015,193.77139
20240412134015,191.94725
20240412135015,191.22612
20240412140015,188.64326
20240412141015,187.49816
20240412142015,187.68398
20240412143015,188.31768
20240412144015,188.57291
20240412145015,186.63261
20240412150015,185.94564
20240412151015,185.5963
20240412152015,184.73052
20240412153015,184.04668
20240412154015,183.76974
20240412155015,183.59641
20240412160015,248.69873
20240412161015,317.8956
20240412162015,397.07752
20240412163015,521.08089
20240412164015,634.01572
20240412165015,652.39576
20240518090015,593.25183
20240518091015,210.39539
20240518092015,228.71695
20240518093015,222.73982
20240518094015,224.34012
20240518095015,213.14417
20240518100015,224.96293
20240518101015,250.47196
20240518102015,230.1101
20240518103015,243.14989
20240518104015,235.5578
20240518105015,223.71865
20240518110015,206.26887
20240518111015,201.16492
20240518112015,204.02599
20240518113015,205.10205
20240518114015,205.96982
20240518115015,204.58739
20240518120015,204.103
20240518121015,201.19188
20240518122015,199.30932
20240518123015,198.34502
20240518124015,198.40055
20240518125015,197.03378
20240518130015,199.87228
20240518131015,195.43932
20240518132015,194.55036
20240518133015,193.77139
20240518134015,191.94725
20240518135015,191.22612
20240518140015,188.64326
20240518141015,187.49816
20240518142015,187.68398
20240518143015,188.31768
20240518144015,188.57291
20240518145015,186.63261
20240518150015,185.94564
20240518151015,185.5963
20240518152015,184.73052
20240518153015,184.04668
20240518154015,183.76974
20240518155015,183.59641
20240518160015,248.69873
20240518161015,317.8956
20240518162015,397.07752
20240518163015,521.08089
20240518164015,634.01572
20240518165015,652.39576
20240530090015,592.11906
20240530091015,206.05607
20240530092015,196.65056
20240530093015,221.37454
20240530094015,202.42178
20240530095015,210.5357
20240530100015,214.29708
20240530101015,241.10031
20240530102015,228.49914
20240530103015,223.54077
20240530104015,235.05301
20240530105015,223.8432
20240530110015,206.26887
20240530111015,201.16492
20240530112015,204.02599
20240530113015,205.10205
20240530114015,205.96982
20240530115015,204.58739
20240530120015,204.103
20240530121015,201.19188
20240530122015,199.30932
20240530123015,198.34502
20240530124015,198.40055
20240530125015,197.03378
20240530130015,199.87228
20240530131015,195.43932
20240530132015,194.55036
20240530133015,193.77139
20240530134015,191.94725
20240530135015,191.22612
20240530140015,188.64326
20240530141015,187.49816
20240530142015,187.68398
20240530143015,188.31768
20240530144015,188.57291
20240530145015,186.63261
20240530150015,185.94564
20240530151015,185.5963
20240530152015,184.73052
20240530153015,184.04668
20240530154015,183.76974
20240530155015,183.59641
20240530160015,248.69873
20240530161015,317.8956
20240530162015,397.07752
20240530163015,521.08089
20240530164015,634.01572
20240530165015,652.39576
20240605090015,403.37542
20240605091015,224.84734
20240605092015,226.166
20240605093015,212.43676
20240605094015,211.9518
20240605095015,208.28409
20240605100015,221.42665
20240605101015,252.89365
20240605102015,241.30035
20240605103015,239.79843
20240605104015,234.3
20240605105015,223.60819
20240605110015,206.26887
20240605111015,201.16492
20240605112015,204.02599
20240605113015,205.10205
20240605114015,205.96982
20240605115015,204.58739
20240605120015,204.103
20240605121015,201.19188
20240605122015,199.30932
20240605123015,198.34502
20240605124015,198.40055
20240605125015,197.03378
20240605130015,199.87228
20240605131015,195.43932
20240605132015,194.55036
20240605133015,193.77139
20240605134015,191.94725
20240605135015,191.22612
20240605140015,188.64326
20240605141015,187.49816
20240605142015,187.68398
20240605143015,188.31768
20240605144015,188.57291
20240605145015,186.63261
20240605150015,185.94564
20240605151015,185.5963
20240605152015,184.73052
20240605153015,184.04668
20240605154015,183.76974
20240605155015,183.59641
20240605160015,248.69873
20240605161015,317.8956
20240605162015,397.07752
20240605163015,521.08089
20240605164015,634.01572
20240605165015,652.39576
20240704090015,769.20162
20240704091015,220.26558
20240704092015,205.75214
20240704093015,296.23983
20240704094015,230.09526
20240704095015,252.13592
20240704100015,245.48421
20240704101015,280.25602
20240704102015,244.59016
20240704103015,234.82833
20240704104015,233.01482
20240704105015,223.31164
20240704110015,206.26887
20240704111015,201.16492
20240704112015,204.02599
20240704113015,205.10205
20240704114015,205.96982
20240704115015,204.58739
20240704120015,204.103
20240704121015,201.19188
20240704122015,199.30932
20240704123015,198.34502
20240704124015,198.40055
20240704125015,197.03378
20240704130015,199.87228
20240704131015,195.43932
20240704132015,194.55036
20240704133015,193.77139
20240704134015,191.94725
20240704135015,191.22612
20240704140015,188.64326
20240704141015,187.49816
20240704142015,187.68398
20240704143015,188.31768
20240704144015,188.57291
20240704145015,186.63261
20240704150015,185.94564
20240704151015,185.5963
20240704152015,184.73052
20240704153015,184.04668
20240704154015,183.76974
20240704155015,183.59641
20240704160015,248.69873
20240704161015,317.8956
20240704162015,397.07752
20240704163015,521.08089
20240704164015,634.01572
20240704165015,652.39576
20240316090016,559.0806
20240316091016,231.85432
20240316092016,206.63936
20240316093016,232.55455
20240316094016,222.60391
20240316095016,212.90896
20240316100016,235.4521
20240316101016,274.52511
20240316102016,242.59623
20240316103016,229.96528
20240316104016,232.80184
20240316105016,223.51816
20240316110016,206.26887
20240316111016,201.16492
20240316112016,204.02599
20240316113016,205.10205
20240316114016,205.96982
20240316115016,204.58739
20240316120016,204.103
20240316121016,201.19188
20240316122016,199.30932
20240316123016,198.34502
20240316124016,198.40055
20240316125016,197.03378
20240316130016,199.87228
20240316131016,195.43932
20240316132016,194.55036
20240316133016,193.77139
20240316134016,191.94725
20240316135016,191.22612
20240316140016,188.64326
20240316141016,187.49816
20240316142016,187.68398
20240316143016,188.31768
20240316144016,188.57291
20240316145016,186.63261
20240316150016,185.94564
20240316151016,185.5963
20240316152016,184.73052
20240316153016,184.04668
20240316154016,183.76974
20240316155016,183.59641
20240316160016,248.69873
20240316161016,317.8956
20240316162016,397.07752
20240316163016,521.08089
20240316164016,634.01572
20240316165016,652.39576
20240322090016,369.11747
20240322091016,218.2621
20240322092016,219.62206
20240322093016,217.83704
20240322094016,232.22212
20240322095016,208.36089
20240322100016,216.79673
20240322101016,235.58043
20240322102016,230.75522
20240322103016,222.93579
20240322104016,233.08984
20240322105016,224.24437
20240322110016,206.26887
20240322111016,201.16492
20240322112016,204.02599
20240322113016,205.10205
20240322114016,205.96982
20240322115016,204.58739
20240322120016,204.103
20240322121016,201.19188
20240322122016,199.30932
20240322123016,198.34502
20240322124016,198.40055
20240322125016,197.03378
20240322130016,199.87228
20240322131016,195.43932
20240322132016,194.55036
20240322133016,193.77139
20240322134016,191.94725
20240322135016,191.22612
20240322140016,188.64326
20240322141016,187.49816
20240322142016,187.68398
20240322143016,188.31768
20240322144016,188.57291
20240322145016,186.63261
20240322150016,185.94564
20240322151016,185.5963
20240322152016,184.73052
20240322153016,184.04668
20240322154016,183.76974
20240322155016,183.59641
20240322160016,248.69873
20240322161016,317.8956
20240322162016,397.07752
20240322163016,521.08089
20240322164016,634.01572
20240322165016,652.39576
20240414090016,862.09669
20240414091016,215.14588
20240414092016,206.87305
20240414093016,211.0706
20240414094016,207.44291
20240414095016,226.54408
20240414100016,242.65929
20240414101016,254.21884
20240414102016,243.39352
20240414103016,233.77232
20240414104016,234.79367
20240414105016,223.38984
20240414110016,206.26887
20240414111016,201.16492
20240414112016,204.02599
20240414113016,205.10205
20240414114016,205.96982
20240414115016,204.58739
20240414120016,204.103
20240414121016,201.19188
20240414122016,199.30932
20240414123016,198.34502
20240414124016,198.40055
20240414125016,197.03378
20240414130016,199.87228
20240414131016,195.43932
20240414132016,194.55036
20240414133016,193.77139
20240414134016,191.94725
20240414135016,191.22612
20240414140016,188.64326
20240414141016,187.49816
20240414142016,187.68398
20240414143016,188.31768
20240414144016,188.57291
20240414145016,186.63261
20240414150016,185.94564
20240414151016,185.5963
20240414152016,184.73052
20240414153016,184.04668
20240414154016,183.76974
20240414155016,183.59641
20240414160016,248.69873
20240414161016,317.8956
20240414162016,397.07752
20240414163016,521.08089
20240414164016,634.01572
20240414165016,652.39576
20240422090016,799.4355
20240422091016,226.70333
20240422092016,209.00016
20240422093016,230.78981
20240422094016,209.99931
20240422095016,228.82585
20240422100016,244.60646
20240422101016,291.2607
20240422102016,241.66846
20240422103016,231.22633
20240422104016,234.63163
20240422105016,223.50061
20240422110016,206.26887
20240422111016,201.16492
20240422112016,204.02599
20240422113016,205.10205
20240422114016,205.96982
20240422115016,204.58739
20240422120016,204.103
20240422121016,201.19188
20240422122016,199.30932
20240422123016,198.34502
20240422124016,198.40055
20240422125016,197.03378
20240422130016,199.87228
20240422131016,195.43932
20240422132016,194.55036
20240422133016,193.77139
20240422134016,191.94725
20240422135016,191.22612
20240422140016,188.64326
20240422141016,187.49816
20240422142016,187.68398
20240422143016,188.31768
20240422144016,188.57291
20240422145016,186.63261
20240422150016,185.94564
20240422151016,185.5963
20240422152016,184.73052
20240422153016,184.04668
20240422154016,183.76974
20240422155016,183.59641
20240422160016,248.69873
20240422161016,317.8956
20240422162016,397.07752
20240422163016,521.08089
20240422164016,634.01572
20240422165016,652.39576
20240513090016,187.16709
20240513091016,193.1498
20240513092016,205.06853
20240513093016,199.61248
20240513094016,205.04594
20240513095016,199.70199
20240513100016,224.7473
20240513101016,244.63736
20240513102016,241.22681
20240513103016,225.31836
20240513104016,230.73402
20240513105016,223.81081
20240513110016,206.26887
20240513111016,201.16492
20240513112016,204.02599
20240513113016,205.10205
20240513114016,205.96982
20240513115016,204.58739
20240513120016,204.103
20240513121016,201.19188
20240513122016,199.30932
20240513123016,198.34502
20240513124016,198.40055
20240513125016,197.03378
20240513130016,199.87228
20240513131016,195.43932
20240513132016,194.55036
20240513133016,193.77139
20240513134016,191.94725
20240513135016,191.22612
20240513140016,188.64326
20240513141016,187.49816
20240513142016,187.68398
20240513143016,188.31768
20240513144016,188.57291
20240513145016,186.63261
20240513150016,185.94564
20240513151016,185.5963
20240513152016,184.73052
20240513153016,184.04668
20240513154016,183.76974
20240513155016,183.59641
20240513160016,248.69873
20240513161016,317.8956
20240513162016,397.07752
20240513163016,521.08089
20240513164016,634.01572
20240513165016,652.39576
20240517090016,810.88573
20240517091016,225.98546
20240517092016,220.51794
20240517093016,345.75202
20240517094016,212.53828
20240517095016,223.47475
20240517100016,234.5407
20240517101016,256.45512
20240517102016,227.74127
20240517103016,223.14821
20240517104016,232.70876
20240517105016,223.83164
20240517110016,206.26887
20240517111016,201.16492
20240517112016,204.02599
20240517113016,205.10205
20240517114016,205.96982
20240517115016,204.58739
20240517120016,204.103
20240517121016,201.19188
20240517122016,199.30932
20240517123016,198.34502
20240517124016,198.40055
20240517125016,197.03378
20240517130016,199.87228
20240517131016,195.43932
20240517132016,194.55036
20240517133016,193.77139
20240517134016,191.94725
20240517135016,191.22612
20240517140016,188.64326
20240517141016,187.49816
20240517142016,187.68398
20240517143016,188.31768
20240517144016,188.57291
20240517145016,186.63261
20240517150016,185.94564
20240517151016,185.5963
20240517152016,184.73052
20240517153016,184.04668
20240517154016,183.76974
20240517155016,183.59641
20240517160016,248.69873
20240517161016,317.8956
20240517162016,397.07752
20240517163016,521.08089
20240517164016,634.01572
20240517165016,652.39576
20240519090016,212.73937
20240519091016,209.50485
20240519092016,209.99731
20240519093016,209.44163
20240519094016,222.01184
20240519095016,205.98526
20240519100016,232.09322
20240519101016,251.33883
20240519102016,235.4565
20240519103016,228.48562
20240519104016,233.69116
20240519105016,223.77877
20240519110016,206.26887
20240519111016,201.16492
20240519112016,204.02599
20240519113016,205.10205
20240519114016,205.96982
20240519115016,204.58739
20240519120016,204.103
20240519121016,201.19188
20240519122016,199.30932
20240519123016,198.34502
20240519124016,198.40055
20240519125016,197.03378
20240519130016,199.87228
20240519131016,195.43932
20240519132016,194.55036
20240519133016,193.77139
20240519134016,191.94725
20240519135016,191.22612
20240519140016,188.64326
20240519141016,187.49816
20240519142016,187.68398
20240519143016,188.31768
20240519144016,188.57291
20240519145016,186.63261
20240519150016,185.94564
20240519151016,185.5963
20240519152016,184.73052
20240519153016,184.04668
20240519154016,183.76974
20240519155016,183.59641
20240519160016,248.69873
20240519161016,317.8956
20240519162016,397.07752
20240519163016,521.08089
20240519164016,634.01572
20240519165016,652.39576
20240608090016,667.16825
20240608091016,227.36892
20240608092016,228.39823
20240608093016,234.18683
20240608094016,210.77992
20240608095016,229.44145
20240608100016,236.38301
20240608101016,279.20886
20240608102016,251.29494
20240608103016,232.70993
20240608104016,235.00058
20240608105016,223.37508
20240608110016,206.26887
20240608111016,201.16492
20240608112016,204.02599
20240608113016,205.10205
20240608114016,205.96982
20240608115016,204.58739
20240608120016,204.103
20240608121016,201.19188
20240608122016,199.30932
20240608123016,198.34502
20240608124016,198.40055
20240608125016,197.03378
20240608130016,199.87228
20240608131016,195.43932
20240608132016,194.55036
20240608133016,193.77139
20240608134016,191.94725
20240608135016,191.22612
20240608140016,188.64326
20240608141016,187.49816
20240608142016,187.68398
20240608143016,188.31768
20240608144016,188.57291
20240608145016,186.63261
20240608150016,185.94564
20240608151016,185.5963
20240608152016,184.73052
20240608153016,184.04668
20240608154016,183.76974
20240608155016,183.59641
20240608160016,248.69873
20240608161016,317.8956
20240608162016,397.07752
20240608163016,521.08089
20240608164016,634.01572
20240608165016,652.39576
20240629090016,895.71919
20240629091016,226.44998
20240629092016,209.73473
20240629093016,290.82812
20240629094016,222.49465
20240629095016,234.61374
20240629100016,243.70731
20240629101016,274.4461
20240629102016,252.22943
20240629103016,238.62683
20240629104016,233.91095
20240629105016,223.32148
20240629110016,206.26887
20240629111016,201.16492
20240629112016,204.02599
20240629113016,205.10205
20240629114016,205.96982
20240629115016,204.58739
20240629120016,204.103
20240629121016,201.19188
20240629122016,199.30932
20240629123016,198.34502
20240629124016,198.40055
20240629125016,197.03378
20240629130016,199.87228
20240629131016,195.43932
20240629132016,194.55036
20240629133016,193.77139
20240629134016,191.94725
20240629135016,191.22612
20240629140016,188.64326
20240629141016,187.49816
20240629142016,187.68398
20240629143016,188.31768
20240629144016,188.57291
20240629145016,186.63261
20240629150016,185.94564
20240629151016,185.5963
20240629152016,184.73052
20240629153016,184.04668
20240629154016,183.76974
20240629155016,183.59641
20240629160016,248.69873
20240629161016,317.8956
20240629162016,397.07752
20240629163016,521.08089
20240629164016,634.01572
20240629165016,652.39576
20240123090017,192.67207
20240123091017,197.82817
20240123092017,200.92097
20240123093017,204.65074
20240123094017,232.46276
20240123095017,199.67247
20240123100017,215.34827
20240123101017,230.18694
20240123102017,228.60011
20240123103017,216.70709
20240123104017,230.57667
20240123105017,223.90567
20240123110017,206.26887
20240123111017,201.16492
20240123112017,204.02599
20240123113017,205.10205
20240123114017,205.96982
20240123115017,204.58739
20240123120017,204.103
20240123121017,201.19188
20240123122017,199.30932
20240123123017,198.34502
20240123124017,198.40055
20240123125017,197.03378
20240123130017,199.87228
20240123131017,195.43932
20240123132017,194.55036
20240123133017,193.77139
20240123134017,191.94725
20240123135017,191.22612
20240123140017,188.64326
20240123141017,187.49816
20240123142017,187.68398
20240123143017,188.31768
20240123144017,188.57291
20240123145017,186.63261
20240123150017,185.94564
20240123151017,185.5963
20240123152017,184.73052
20240123153017,184.04668
20240123154017,183.76974
20240123155017,183.59641
20240123160017,248.69873
20240123161017,317.8956
20240123162017,397.07752
20240123163017,521.08089
20240123164017,634.01572
20240123165017,652.39576
20240129090017,190.61581
20240129091017,201.57929
20240129092017,203.04797
20240129093017,206.704
20240129094017,214.00188
20240129095017,199.61618
20240129100017,224.58259
20240129101017,229.13163
20240129102017,230.21167
20240129103017,223.43073
20240129104017,230.87323
20240129105017,224.17074
20240129110017,206.26887
20240129111017,201.16492
20240129112017,204.02599
20240129113017,205.10205
20240129114017,205.96982
20240129115017,204.58739
20240129120017,204.103
20240129121017,201.19188
20240129122017,199.30932
20240129123017,198.34502
20240129124017,198.40055
20240129125017,197.03378
20240129130017,199.87228
20240129131017,195.43932
20240129132017,194.55036
20240129133017,193.77139
20240129134017,191.94725
20240129135017,191.22612
20240129140017,188.64326
20240129141017,187.49816
20240129142017,187.68398
20240129143017,188.31768
20240129144017,188.57291
20240129145017,186.63261
20240129150017,185.94564
20240129151017,185.5963
20240129152017,184.73052
20240129153017,184.04668
20240129154017,183.76974
20240129155017,183.59641
20240129160017,248.69873
20240129161017,317.8956
20240129162017,397.07752
20240129163017,521.08089
20240129164017,634.01572
20240129165017,652.39576
20240215090017,654.43076
20240215091017,200.17021
20240215092017,226.14158
20240215093017,232.8796
20240215094017,242.95728
20240215095017,233.95958
20240215100017,232.78204
20240215101017,288.1527
20240215102017,234.89425
20240215103017,228.66338
20240215104017,234.56399
20240215105017,224.11738
20240215110017,206.26887
20240215111017,201.16492
20240215112017,204.02599
20240215113017,205.10205
20240215114017,205.96982
20240215115017,204.58739
20240215120017,204.103
20240215121017,201.19188
20240215122017,199.30932
20240215123017,198.34502
20240215124017,198.40055
20240215125017,197.03378
20240215130017,199.87228
20240215131017,195.43932
20240215132017,194.55036
20240215133017,193.77139
20240215134017,191.94725
20240215135017,191.22612
20240215140017,188.64326
20240215141017,187.49816
20240215142017,187.68398
20240215143017,188.31768
20240215144017,188.57291
20240215145017,186.63261
20240215150017,185.94564
20240215151017,185.5963
20240215152017,184.73052
20240215153017,184.04668
20240215154017,183.76974
20240215155017,183.59641
20240215160017,248.69873
20240215161017,317.8956
20240215162017,397.07752
20240215163017,521.08089
20240215164017,634.01572
20240215165017,652.39576
20240218090017,217.66202
20240218091017,219.07497
20240218092017,209.68039
20240218093017,223.34709
20240218094017,272.41863
20240218095017,210.73874
20240218100017,223.73881
20240218101017,237.13548
20240218102017,225.09951
20240218103017,222.06325
20240218104017,232.81681
20240218105017,224.0674
20240218110017,206.26887
20240218111017,201.16492
20240218112017,204.02599
20240218113017,205.10205
20240218114017,205.96982
20240218115017,204.58739
20240218120017,204.103
20240218121017,201.19188
20240218122017,199.30932
20240218123017,198.34502
20240218124017,198.40055
20240218125017,197.03378
20240218130017,199.87228
20240218131017,195.43932
20240218132017,194.55036
20240218133017,193.77139
20240218134017,191.94725
20240218135017,191.22612
20240218140017,188.64326
20240218141017,187.49816
20240218142017,187.68398
20240218143017,188.31768
20240218144017,188.57291
20240218145017,186.63261
20240218150017,185.94564
20240218151017,185.5963
20240218152017,184.73052
20240218153017,184.04668
20240218154017,183.76974
20240218155017,183.59641
20240218160017,248.69873
20240218161017,317.8956
20240218162017,397.07752
20240218163017,521.08089
20240218164017,634.01572
20240218165017,652.39576
20240305090017,658.48693
20240305091017,205.94455
20240305092017,203.39113
20240305093017,306.66397
20240305094017,222.38144
20240305095017,229.42837
20240305100017,236.95553
20240305101017,251.85809
20240305102017,232.38302
20240305103017,223.74754
20240305104017,232.03279
20240305105017,223.54534
20240305110017,206.26887
20240305111017,201.16492
20240305112017,204.02599
20240305113017,205.10205
20240305114017,205.96982
20240305115017,204.58739
20240305120017,204.103
20240305121017,201.19188
20240305122017,199.30932
20240305123017,198.34502
20240305124017,198.40055
20240305125017,197.03378
20240305130017,199.87228
20240305131017,195.43932
20240305132017,194.55036
20240305133017,193.77139
20240305134017,191.94725
20240305135017,191.22612
20240305140017,188.64326
20240305141017,187.49816
20240305142017,187.68398
20240305143017,188.31768
20240305144017,188.57291
20240305145017,186.63261
20240305150017,185.94564
20240305151017,185.5963
20240305152017,184.73052
20240305153017,184.04668
20240305154017,183.76974
20240305155017,183.59641
20240305160017,248.69873
20240305161017,317.8956
20240305162017,397.07752
20240305163017,521.08089
20240305164017,634.01572
20240305165017,652.39576
20240309090017,205.19986
20240309091017,206.98763
20240309092017,200.60326
20240309093017,205.66452
20240309094017,219.39829
20240309095017,199.71469
20240309100017,223.09534
20240309101017,244.80419
20240309102017,233.90145
20240309103017,222.63759
20240309104017,230.73402
20240309105017,224.39393
20240309110017,206.26887
20240309111017,201.16492
20240309112017,204.02599
20240309113017,205.10205
20240309114017,205.96982
20240309115017,204.58739
20240309120017,204.103
20240309121017,201.19188
20240309122017,199.30932
20240309123017,198.34502
20240309124017,198.40055
20240309125017,197.03378
20240309130017,199.87228
20240309131017,195.43932
20240309132017,194.55036
20240309133017,193.77139
20240309134017,191.94725
20240309135017,191.22612
20240309140017,188.64326
20240309141017,187.49816
20240309142017,187.68398
20240309143017,188.31768
20240309144017,188.57291
20240309145017,186.63261
20240309150017,185.94564
20240309151017,185.5963
20240309152017,184.73052
20240309153017,184.04668
20240309154017,183.76974
20240309155017,183.59641
20240309160017,248.69873
20240309161017,317.8956
20240309162017,397.07752
20240309163017,521.08089
20240309164017,634.01572
20240309165017,652.39576
20240311090017,203.39013
20240311091017,207.0657
20240311092017,204.6661
20240311093017,206.08499
20240311094017,221.78853
20240311095017,199.67164
20240311100017,223.75749
20240311101017,244.31438
20240311102017,234.14425
20240311103017,223.51253
20240311104017,230.99462
20240311105017,224.12025
20240311110017,206.26887
20240311111017,201.16492
20240311112017,204.02599
20240311113017,205.10205
20240311114017,205.96982
20240311115017,204.58739
20240311120017,204.103
20240311121017,201.19188
20240311122017,199.30932
20240311123017,198.34502
20240311124017,198.40055
20240311125017,197.03378
20240311130017,199.87228
20240311131017,195.43932
20240311132017,194.55036
20240311133017,193.77139
20240311134017,191.94725
20240311135017,191.22612
20240311140017,188.64326
20240311141017,187.49816
20240311142017,187.68398
20240311143017,188.31768
20240311144017,188.57291
20240311145017,186.63261
20240311150017,185.94564
20240311151017,185.5963
20240311152017,184.73052
20240311153017,184.04668
20240311154017,183.76974
20240311155017,183.59641
20240311160017,248.69873
20240311161017,317.8956
20240311162017,397.07752
20240311163017,521.08089
20240311164017,634.01572
20240311165017,652.39576
20240403090017,704.92728
20240403091017,209.78236
20240403092017,204.2359
20240403093017,274.24094
20240403094017,230.49927
20240403095017,236.19237
20240403100017,246.14816
20240403101017,307.52871
20240403102017,240.92207
20240403103017,231.04438
20240403104017,234.72797
20240403105017,223.39415
20240403110017,206.26887
20240403111017,201.16492
20240403112017,204.02599
20240403113017,205.10205
20240403114017,205.96982
20240403115017,204.58739
20240403120017,204.103
20240403121017,201.19188
20240403122017,199.30932
20240403123017,198.34502
20240403124017,198.40055
20240403125017,197.03378
20240403130017,199.87228
20240403131017,195.43932
20240403132017,194.55036
20240403133017,193.77139
20240403134017,191.94725
20240403135017,191.22612
20240403140017,188.64326
20240403141017,187.49816
20240403142017,187.68398
20240403143017,188.31768
20240403144017,188.57291
20240403145017,186.63261
20240403150017,185.94564
20240403151017,185.5963
20240403152017,184.73052
20240403153017,184.04668
20240403154017,183.76974
20240403155017,183.59641
20240403160017,248.69873
20240403161017,317.8956
20240403162017,397.07752
20240403163017,521.08089
20240403164017,634.01572
20240403165017,652.39576
20240507090017,625.26543
20240507091017,206.76943
20240507092017,205.8857
20240507093017,273.35778
20240507094017,223.72399
20240507095017,231.09967
20240507100017,240.21793
20240507101017,278.01701
20240507102017,234.88414
20240507103017,229.68409
20240507104017,233.83879
20240507105017,223.49671
20240507110017,206.26887
20240507111017,201.16492
20240507112017,204.02599
20240507113017,205.10205
20240507114017,205.96982
20240507115017,204.58739
20240507120017,204.103
20240507121017,201.19188
20240507122017,199.30932
20240507123017,198.34502
20240507124017,198.40055
20240507125017,197.03378
20240507130017,199.87228
20240507131017,195.43932
20240507132017,194.55036
20240507133017,193.77139
20240507134017,191.94725
20240507135017,191.22612
20240507140017,188.64326
20240507141017,187.49816
20240507142017,187.68398
20240507143017,188.31768
20240507144017,188.57291
20240507145017,186.63261
20240507150017,185.94564
20240507151017,185.5963
20240507152017,184.73052
20240507153017,184.04668
20240507154017,183.76974
20240507155017,183.59641
20240507160017,248.69873
20240507161017,317.8956
20240507162017,397.07752
20240507163017,521.08089
20240507164017,634.01572
20240507165017,652.39576
20240528090017,187.44487
20240528091017,192.56557
20240528092017,205.13055
20240528093017,199.20941
20240528094017,204.67496
20240528095017,199.73292
20240528100017,224.75948
20240528101017,244.53285
20240528102017,241.20492
20240528103017,225.05983
20240528104017,230.73402
20240528105017,223.81081
20240528110017,206.26887
20240528111017,201.16492
20240528112017,204.02599
20240528113017,205.10205
20240528114017,205.96982
20240528115017,204.58739
20240528120017,204.103
20240528121017,201.19188
20240528122017,199.30932
20240528123017,198.34502
20240528124017,198.40055
20240528125017,197.03378
20240528130017,199.87228
20240528131017,195.43932
20240528132017,194.55036
20240528133017,193.77139
20240528134017,191.94725
20240528135017,191.22612
20240528140017,188.64326
20240528141017,187.49816
20240528142017,187.68398
20240528143017,188.31768
20240528144017,188.57291
20240528145017,186.63261
20240528150017,185.94564
20240528151017,185.5963
20240528152017,184.73052
20240528153017,184.04668
20240528154017,183.76974
20240528155017,183.59641
20240528160017,248.69873
20240528161017,317.8956
20240528162017,397.07752
20240528163017,521.08089
20240528164017,634.01572
20240528165017,652.39576
20240614090017,194.14024
20240614091017,209.16974
20240614092017,211.77499
20240614093017,205.83971
20240614094017,209.65875
20240614095017,206.09807
20240614100017,222.62283
20240614101017,254.11259
20240614102017,243.68059
20240614103017,229.02137
20240614104017,232.21703
20240614105017,223.65963
20240614110017,206.26887
20240614111017,201.16492
20240614112017,204.02599
20240614113017,205.10205
20240614114017,205.96982
20240614115017,204.58739
20240614120017,204.103
20240614121017,201.19188
20240614122017,199.30932
20240614123017,198.34502
20240614124017,198.40055
20240614125017,197.03378
20240614130017,199.87228
20240614131017,195.43932
20240614132017,194.55036
20240614133017,193.77139
20240614134017,191.94725
20240614135017,191.22612
20240614140017,188.64326
20240614141017,187.49816
20240614142017,187.68398
20240614143017,188.31768
20240614144017,188.57291
20240614145017,186.63261
20240614150017,185.94564
20240614151017,185.5963
20240614152017,184.73052
20240614153017,184.04668
20240614154017,183.76974
20240614155017,183.59641
20240614160017,248.69873
20240614161017,317.8956
20240614162017,397.07752
20240614163017,521.08089
20240614164017,634.01572
20240614165017,652.39576
20240619090017,437.07226
20240619091017,223.20355
20240619092017,207.42222
20240619093017,245.22862
20240619094017,228.30765
20240619095017,233.72002
20240619100017,243.80276
20240619101017,281.70062
20240619102017,244.10641
20240619103017,234.97084
20240619104017,233.40731
20240619105017,223.20332
20240619110017,206.26887
20240619111017,201.16492
20240619112017,204.02599
20240619113017,205.10205
20240619114017,205.96982
20240619115017,204.58739
20240619120017,204.103
20240619121017,201.19188
20240619122017,199.30932
20240619123017,198.34502
20240619124017,198.40055
20240619125017,197.03378
20240619130017,199.87228
20240619131017,195.43932
20240619132017,194.55036
20240619133017,193.77139
20240619134017,191.94725
20240619135017,191.22612
20240619140017,188.64326
20240619141017,187.49816
20240619142017,187.68398
20240619143017,188.31768
20240619144017,188.57291
20240619145017,186.63261
20240619150017,185.94564
20240619151017,185.5963
20240619152017,184.73052
20240619153017,184.04668
20240619154017,183.76974
20240619155017,183.59641
20240619160017,248.69873
20240619161017,317.8956
20240619162017,397.07752
20240619163017,521.08089
20240619164017,634.01572
20240619165017,652.39576
20240627090017,611.10032
20240627091017,219.7637
20240627092017,219.93829
20240627093017,233.5461
20240627094017,223.58131
20240627095017,253.02567
20240627100017,252.6484
20240627101017,297.58052
20240627102017,244.01903
20240627103017,235.13894
20240627104017,234.62879
20240627105017,223.18312
20240627110017,206.26887
20240627111017,201.16492
20240627112017,204.02599
20240627113017,205.10205
20240627114017,205.96982
20240627115017,204.58739
20240627120017,204.103
20240627121017,201.19188
20240627122017,199.30932
20240627123017,198.34502
20240627124017,198.40055
20240627125017,197.03378
20240627130017,199.87228
20240627131017,195.43932
20240627132017,194.55036
20240627133017,193.77139
20240627134017,191.94725
20240627135017,191.22612
20240627140017,188.64326
20240627141017,187.49816
20240627142017,187.68398
20240627143017,188.31768
20240627144017,188.57291
20240627145017,186.63261
20240627150017,185.94564
20240627151017,185.5963
20240627152017,184.73052
20240627153017,184.04668
20240627154017,183.76974
20240627155017,183.59641
20240627160017,248.69873
20240627161017,317.8956
20240627162017,397.07752
20240627163017,521.08089
20240627164017,634.01572
20240627165017,652.39576
20240629090017,618.02321
20240629091017,218.66838
20240629092017,206.81781
20240629093017,239.47151
20240629094017,223.38892
20240629095017,264.39013
20240629100017,249.48276
20240629101017,295.61976
20240629102017,243.31441
20240629103017,234.94768
20240629104017,234.5324
20240629105017,223.22863
20240629110017,206.26887
20240629111017,201.16492
20240629112017,204.02599
20240629113017,205.10205
20240629114017,205.96982
20240629115017,204.58739
20240629120017,204.103
20240629121017,201.19188
20240629122017,199.30932
20240629123017,198.34502
20240629124017,198.40055
20240629125017,197.03378
20240629130017,199.87228
20240629131017,195.43932
20240629132017,194.55036
20240629133017,193.77139
20240629134017,191.94725
20240629135017,191.22612
20240629140017,188.64326
20240629141017,187.49816
20240629142017,187.68398
20240629143017,188.31768
20240629144017,188.57291
20240629145017,186.63261
20240629150017,185.94564
20240629151017,185.5963
20240629152017,184.73052
20240629153017,184.04668
20240629154017,183.76974
20240629155017,183.59641
20240629160017,248.69873
20240629161017,317.8956
20240629162017,397.07752
20240629163017,521.08089
20240629164017,634.01572
20240629165017,652.39576
20240704090017,615.83288
20240704091017,225.37251
20240704092017,208.50864
20240704093017,273.00358
20240704094017,229.79559
20240704095017,258.19815
20240704100017,245.70537
20240704101017,296.47316
20240704102017,242.52113
20240704103017,233.99896
20240704104017,233.39638
20240704105017,223.28942
20240704110017,206.26887
20240704111017,201.16492
20240704112017,204.02599
20240704113017,205.10205
20240704114017,205.96982
20240704115017,204.58739
20240704120017,204.103
20240704121017,201.19188
20240704122017,199.30932
20240704123017,198.34502
20240704124017,198.40055
20240704125017,197.03378
20240704130017,199.87228
20240704131017,195.43932
20240704132017,194.55036
20240704133017,193.77139
20240704134017,191.94725
20240704135017,191.22612
20240704140017,188.64326
20240704141017,187.49816
20240704142017,187.68398
20240704143017,188.31768
20240704144017,188.57291
20240704145017,186.63261
20240704150017,185.94564
20240704151017,185.5963
20240704152017,184.73052
20240704153017,184.04668
20240704154017,183.76974
20240704155017,183.59641
20240704160017,248.69873
20240704161017,317.8956
20240704162017,397.07752
20240704163017,521.08089
20240704164017,634.01572
20240704165017,652.39576
20240706090017,618.57693
20240706091017,227.24115
20240706092017,208.61523
20240706093017,273.70471
20240706094017,230.19324
20240706095017,264.10768
20240706100017,245.90121
20240706101017,296.90294
20240706102017,242.85994
20240706103017,234.07774
20240706104017,233.49153
20240706105017,223.30008
20240706110017,206.26887
20240706111017,201.16492
20240706112017,204.02599
20240706113017,205.10205
20240706114017,205.96982
20240706115017,204.58739
20240706120017,204.103
20240706121017,201.19188
20240706122017,199.30932
20240706123017,198.34502
20240706124017,198.40055
20240706125017,197.03378
20240706130017,199.87228
20240706131017,195.43932
20240706132017,194.55036
20240706133017,193.77139
20240706134017,191.94725
20240706135017,191.22612
20240706140017,188.64326
20240706141017,187.49816
20240706142017,187.68398
20240706143017,188.31768
20240706144017,188.57291
20240706145017,186.63261
20240706150017,185.94564
20240706151017,185.5963
20240706152017,184.73052
20240706153017,184.04668
20240706154017,183.76974
20240706155017,183.59641
20240706160017,248.69873
20240706161017,317.8956
20240706162017,397.07752
20240706163017,521.08089
20240706164017,634.01572
20240706165017,652.39576
20240328090008,209.3571
20240328091008,239.20352
20240328092008,234.14833
20240328093008,207.25627
20240328094008,210.17904
20240328095008,204.71593
20240328100008,210.29466
20240328101008,242.40508
20240328102008,235.20937
20240328103008,223.88049
20240328104008,231.7933
20240328105008,223.34121
20240328110008,206.26887
20240328111008,201.16492
20240328112008,204.02599
20240328113008,205.10205
20240328114008,205.96982
20240328115008,204.58739
20240328120008,204.103
20240328121008,201.19188
20240328122008,199.30932
20240328123008,198.34502
20240328124008,198.40055
20240328125008,197.03378
20240328130008,199.87228
20240328131008,195.43932
20240328132008,194.55036
20240328133008,193.77139
20240328134008,191.94725
20240328135008,191.22612
20240328140008,188.64326
20240328141008,187.49816
20240328142008,187.68398
20240328143008,188.31768
20240328144008,188.57291
20240328145008,186.63261
20240328150008,185.94564
20240328151008,185.5963
20240328152008,184.73052
20240328153008,184.04668
20240328154008,183.76974
20240328155008,183.59641
20240328160008,248.69873
20240328161008,317.8956
20240328162008,397.07752
20240328163008,521.08089
20240328164008,634.01572
20240328165008,652.39576
20240508090008,201.3422
20240508091008,206.66845
20240508092008,208.16689
20240508093008,205.97736
20240508094008,210.64935
20240508095008,204.43048
20240508100008,232.55061
20240508101008,250.73907
20240508102008,239.06078
20240508103008,229.33823
20240508104008,233.00096
20240508105008,223.77877
20240508110008,206.26887
20240508111008,201.16492
20240508112008,204.02599
20240508113008,205.10205
20240508114008,205.96982
20240508115008,204.58739
20240508120008,204.103
20240508121008,201.19188
20240508122008,199.30932
20240508123008,198.34502
20240508124008,198.40055
20240508125008,197.03378
20240508130008,199.87228
20240508131008,195.43932
20240508132008,194.55036
20240508133008,193.77139
20240508134008,191.94725
20240508135008,191.22612
20240508140008,188.64326
20240508141008,187.49816
20240508142008,187.68398
20240508143008,188.31768
20240508144008,188.57291
20240508145008,186.63261
20240508150008,185.94564
20240508151008,185.5963
20240508152008,184.73052
20240508153008,184.04668
20240508154008,183.76974
20240508155008,183.59641
20240508160008,248.69873
20240508161008,317.8956
20240508162008,397.07752
20240508163008,521.08089
20240508164008,634.01572
20240508165008,652.39576
20240521090008,193.10737
20240521091008,206.91044
20240521092008,207.85735
20240521093008,206.28886
20240521094008,210.09422
20240521095008,204.42165
20240521100008,234.15539
20240521101008,250.90268
20240521102008,241.75205
20240521103008,230.46956
20240521104008,232.52715
20240521105008,223.43884
20240521110008,206.26887
20240521111008,201.16492
20240521112008,204.02599
20240521113008,205.10205
20240521114008,205.96982
20240521115008,204.58739
20240521120008,204.103
20240521121008,201.19188
20240521122008,199.30932
20240521123008,198.34502
20240521124008,198.40055
20240521125008,197.03378
20240521130008,199.87228
20240521131008,195.43932
20240521132008,194.55036
20240521133008,193.77139
20240521134008,191.94725
20240521135008,191.22612
20240521140008,188.64326
20240521141008,187.49816
20240521142008,187.68398
20240521143008,188.31768
20240521144008,188.57291
20240521145008,186.63261
20240521150008,185.94564
20240521151008,185.5963
20240521152008,184.73052
20240521153008,184.04668
20240521154008,183.76974
20240521155008,183.59641
20240521160008,248.69873
20240521161008,317.8956
20240521162008,397.07752
20240521163008,521.08089
20240521164008,634.01572
20240521165008,652.39576
20240618090008,212.48102
20240618091008,223.57571
20240618092008,212.17391
20240618093008,207.01486
20240618094008,217.85791
20240618095008,205.51981
20240618100008,225.23651
20240618101008,264.05985
20240618102008,241.53243
20240618103008,224.79386
20240618104008,233.68104
20240618105008,223.65963
20240618110008,206.26887
20240618111008,201.16492
20240618112008,204.02599
20240618113008,205.10205
20240618114008,205.96982
20240618115008,204.58739
20240618120008,204.103
20240618121008,201.19188
20240618122008,199.30932
20240618123008,198.34502
20240618124008,198.40055
20240618125008,197.03378
20240618130008,199.87228
20240618131008,195.43932
20240618132008,194.55036
20240618133008,193.77139
20240618134008,191.94725
20240618135008,191.22612
20240618140008,188.64326
20240618141008,187.49816
20240618142008,187.68398
20240618143008,188.31768
20240618144008,188.57291
20240618145008,186.63261
20240618150008,185.94564
20240618151008,185.5963
20240618152008,184.73052
20240618153008,184.04668
20240618154008,183.76974
20240618155008,183.59641
20240618160008,248.69873
20240618161008,317.8956
20240618162008,397.07752
20240618163008,521.08089
20240618164008,634.01572
20240618165008,652.39576
20240630090008,196.35057
20240630091008,203.84935
20240630092008,228.58763
20240630093008,203.26695
20240630094008,208.88518
20240630095008,210.13553
20240630100008,210.30738
20240630101008,233.33786
20240630102008,236.38872
20240630103008,230.15576
20240630104008,229.79289
20240630105008,223.15242
20240630110008,206.26887
20240630111008,201.16492
20240630112008,204.02599
20240630113008,205.10205
20240630114008,205.96982
20240630115008,204.58739
20240630120008,204.103
20240630121008,201.19188
20240630122008,199.30932
20240630123008,198.34502
20240630124008,198.40055
20240630125008,197.03378
20240630130008,199.87228
20240630131008,195.43932
20240630132008,194.55036
20240630133008,193.77139
20240630134008,191.94725
20240630135008,191.22612
20240630140008,188.64326
20240630141008,187.49816
20240630142008,187.68398
20240630143008,188.31768
20240630144008,188.57291
20240630145008,186.63261
20240630150008,185.94564
20240630151008,185.5963
20240630152008,184.73052
20240630153008,184.04668
20240630154008,183.76974
20240630155008,183.59641
20240630160008,248.69873
20240630161008,317.8956
20240630162008,397.07752
20240630163008,521.08089
20240630164008,634.01572
20240630165008,652.39576
20240702090008,195.30349
20240702091008,206.01298
20240702092008,223.70451
20240702093008,199.00924
20240702094008,203.73196
20240702095008,208.66723
20240702100008,213.69075
20240702101008,236.47781
20240702102008,241.29355
20240702103008,229.88712
20240702104008,231.89062
20240702105008,223.14269
20240702110008,206.26887
20240702111008,201.16492
20240702112008,204.02599
20240702113008,205.10205
20240702114008,205.96982
20240702115008,204.58739
20240702120008,204.103
20240702121008,201.19188
20240702122008,199.30932
20240702123008,198.34502
20240702124008,198.40055
20240702125008,197.03378
20240702130008,199.87228
20240702131008,195.43932
20240702132008,194.55036
20240702133008,193.77139
20240702134008,191.94725
20240702135008,191.22612
20240702140008,188.64326
20240702141008,187.49816
20240702142008,187.68398
20240702143008,188.31768
20240702144008,188.57291
20240702145008,186.63261
20240702150008,185.94564
20240702151008,185.5963
20240702152008,184.73052
20240702153008,184.04668
20240702154008,183.76974
20240702155008,183.59641
20240702160008,248.69873
20240702161008,317.8956
20240702162008,397.07752
20240702163008,521.08089
20240702164008,634.01572
20240702165008,652.39576
20240812090008,195.96882
20240812091008,202.32876
20240812092008,225.49697
20240812093008,202.60912
20240812094008,206.61446
20240812095008,209.20606
20240812100008,211.76892
20240812101008,235.10109
20240812102008,240.79499
20240812103008,229.88712
20240812104008,230.38629
20240812105008,223.14269
20240812110008,206.26887
20240812111008,201.16492
20240812112008,204.02599
20240812113008,205.10205
20240812114008,205.96982
20240812115008,204.58739
20240812120008,204.103
20240812121008,201.19188
20240812122008,199.30932
20240812123008,198.34502
20240812124008,198.40055
20240812125008,197.03378
20240812130008,199.87228
20240812131008,195.43932
20240812132008,194.55036
20240812133008,193.77139
20240812134008,191.94725
20240812135008,191.22612
20240812140008,188.64326
20240812141008,187.49816
20240812142008,187.68398
20240812143008,188.31768
20240812144008,188.57291
20240812145008,186.63261
20240812150008,185.94564
20240812151008,185.5963
20240812152008,184.73052
20240812153008,184.04668
20240812154008,183.76974
20240812155008,183.59641
20240812160008,248.69873
20240812161008,317.8956
20240812162008,397.07752
20240812163008,521.08089
20240812164008,634.01572
20240812165008,652.39576
20240828090008,195.6924
20240828091008,203.32317
20240828092008,222.53863
20240828093008,200.53148
20240828094008,206.54588
20240828095008,209.17817
20240828100008,211.32499
20240828101008,235.36548
20240828102008,240.8973
20240828103008,229.95633
20240828104008,230.24059
20240828105008,223.14269
20240828110008,206.26887
20240828111008,201.16492
20240828112008,204.02599
20240828113008,205.10205
20240828114008,205.96982
20240828115008,204.58739
20240828120008,204.103
20240828121008,201.19188
20240828122008,199.30932
20240828123008,198.34502
20240828124008,198.40055
20240828125008,197.03378
20240828130008,199.87228
20240828131008,195.43932
20240828132008,194.55036
20240828133008,193.77139
20240828134008,191.94725
20240828135008,191.22612
20240828140008,188.64326
20240828141008,187.49816
20240828142008,187.68398
20240828143008,188.31768
20240828144008,188.57291
20240828145008,186.63261
20240828150008,185.94564
20240828151008,185.5963
20240828152008,184.73052
20240828153008,184.04668
20240828154008,183.76974
20240828155008,183.59641
20240828160008,248.69873
20240828161008,317.8956
20240828162008,397.07752
20240828163008,521.08089
20240828164008,634.01572
20240828165008,652.39576
20240307090010,186.87902
20240307091010,191.0095
20240307092010,199.25267
20240307093010,197.48596
20240307094010,199.80211
20240307095010,197.90797
20240307100010,219.25416
20240307101010,236.13924
20240307102010,240.99403
20240307103010,224.70888
20240307104010,228.97996
20240307105010,223.99434
20240307110010,206.26887
20240307111010,201.16492
20240307112010,204.02599
20240307113010,205.10205
20240307114010,205.96982
20240307115010,204.58739
20240307120010,204.103
20240307121010,201.19188
20240307122010,199.30932
20240307123010,198.34502
20240307124010,198.40055
20240307125010,197.03378
20240307130010,199.87228
20240307131010,195.43932
20240307132010,194.55036
20240307133010,193.77139
20240307134010,191.94725
20240307135010,191.22612
20240307140010,188.64326
20240307141010,187.49816
20240307142010,187.68398
20240307143010,188.31768
20240307144010,188.57291
20240307145010,186.63261
20240307150010,185.94564
20240307151010,185.5963
20240307152010,184.73052
20240307153010,184.04668
20240307154010,183.76974
20240307155010,183.59641
20240307160010,248.69873
20240307161010,317.8956
20240307162010,397.07752
20240307163010,521.08089
20240307164010,634.01572
20240307165010,652.39576
20240310090010,187.31829
20240310091010,191.95703
20240310092010,197.42257
20240310093010,194.01653
20240310094010,202.15268
20240310095010,194.05222
20240310100010,222.72912
20240310101010,236.82196
20240310102010,236.15714
20240310103010,223.53735
20240310104010,229.74449
20240310105010,224.18799
20240310110010,206.26887
20240310111010,201.16492
20240310112010,204.02599
20240310113010,205.10205
20240310114010,205.96982
20240310115010,204.58739
20240310120010,204.103
20240310121010,201.19188
20240310122010,199.30932
20240310123010,198.34502
20240310124010,198.40055
20240310125010,197.03378
20240310130010,199.87228
20240310131010,195.43932
20240310132010,194.55036
20240310133010,193.77139
20240310134010,191.94725
20240310135010,191.22612
20240310140010,188.64326
20240310141010,187.49816
20240310142010,187.68398
20240310143010,188.31768
20240310144010,188.57291
20240310145010,186.63261
20240310150010,185.94564
20240310151010,185.5963
20240310152010,184.73052
20240310153010,184.04668
20240310154010,183.76974
20240310155010,183.59641
20240310160010,248.69873
20240310161010,317.8956
20240310162010,397.07752
20240310163010,521.08089
20240310164010,634.01572
20240310165010,652.39576
20240423090010,204.32766
20240423091010,203.28664
20240423092010,212.16501
20240423093010,208.41099
20240423094010,208.86584
20240423095010,203.64705
20240423100010,229.78407
20240423101010,252.24252
20240423102010,238.57442
20240423103010,228.98939
20240423104010,233.68028
20240423105010,223.76415
20240423110010,206.26887
20240423111010,201.16492
20240423112010,204.02599
20240423113010,205.10205
20240423114010,205.96982
20240423115010,204.58739
20240423120010,204.103
20240423121010,201.19188
20240423122010,199.30932
20240423123010,198.34502
20240423124010,198.40055
20240423125010,197.03378
20240423130010,199.87228
20240423131010,195.43932
20240423132010,194.55036
20240423133010,193.77139
20240423134010,191.94725
20240423135010,191.22612
20240423140010,188.64326
20240423141010,187.49816
20240423142010,187.68398
20240423143010,188.31768
20240423144010,188.57291
20240423145010,186.63261
20240423150010,185.94564
20240423151010,185.5963
20240423152010,184.73052
20240423153010,184.04668
20240423154010,183.76974
20240423155010,183.59641
20240423160010,248.69873
20240423161010,317.8956
20240423162010,397.07752
20240423163010,521.08089
20240423164010,634.01572
20240423165010,652.39576
20240519090010,199.41547
20240519091010,210.00703
20240519092010,208.28479
20240519093010,207.67561
20240519094010,210.00585
20240519095010,204.8747
20240519100010,234.65792
20240519101010,250.97307
20240519102010,241.25574
20240519103010,230.6406
20240519104010,232.94714
20240519105010,223.43884
20240519110010,206.26887
20240519111010,201.16492
20240519112010,204.02599
20240519113010,205.10205
20240519114010,205.96982
20240519115010,204.58739
20240519120010,204.103
20240519121010,201.19188
20240519122010,199.30932
20240519123010,198.34502
20240519124010,198.40055
20240519125010,197.03378
20240519130010,199.87228
20240519131010,195.43932
20240519132010,194.55036
20240519133010,193.77139
20240519134010,191.94725
20240519135010,191.22612
20240519140010,188.64326
20240519141010,187.49816
20240519142010,187.68398
20240519143010,188.31768
20240519144010,188.57291
20240519145010,186.63261
20240519150010,185.94564
20240519151010,185.5963
20240519152010,184.73052
20240519153010,184.04668
20240519154010,183.76974
20240519155010,183.59641
20240519160010,248.69873
20240519161010,317.8956
20240519162010,397.07752
20240519163010,521.08089
20240519164010,634.01572
20240519165010,652.39576
20240619090010,328.068
20240619091010,209.77735
20240619092010,204.10582
20240619093010,209.19225
20240619094010,222.66902
20240619095010,224.19374
20240619100010,232.31452
20240619101010,275.07302
20240619102010,241.5643
20240619103010,231.94868
20240619104010,233.30493
20240619105010,223.16589
20240619110010,206.26887
20240619111010,201.16492
20240619112010,204.02599
20240619113010,205.10205
20240619114010,205.96982
20240619115010,204.58739
20240619120010,204.103
20240619121010,201.19188
20240619122010,199.30932
20240619123010,198.34502
20240619124010,198.40055
20240619125010,197.03378
20240619130010,199.87228
20240619131010,195.43932
20240619132010,194.55036
20240619133010,193.77139
20240619134010,191.94725
20240619135010,191.22612
20240619140010,188.64326
20240619141010,187.49816
20240619142010,187.68398
20240619143010,188.31768
20240619144010,188.57291
20240619145010,186.63261
20240619150010,185.94564
20240619151010,185.5963
20240619152010,184.73052
20240619153010,184.04668
20240619154010,183.76974
20240619155010,183.59641
20240619160010,248.69873
20240619161010,317.8956
20240619162010,397.07752
20240619163010,521.08089
20240619164010,634.01572
20240619165010,652.39576
20240711090010,465.67058
20240711091010,300.85499
20240711092010,252.56932
20240711093010,212.6
20240711094010,229.8486
20240711095010,230.97734
20240711100010,234.31797
20240711101010,286.18085
20240711102010,250.84476
20240711103010,230.0678
20240711104010,232.49943
20240711105010,223.33184
20240711110010,206.26887
20240711111010,201.16492
20240711112010,204.02599
20240711113010,205.10205
20240711114010,205.96982
20240711115010,204.58739
20240711120010,204.103
20240711121010,201.19188
20240711122010,199.30932
20240711123010,198.34502
20240711124010,198.40055
20240711125010,197.03378
20240711130010,199.87228
20240711131010,195.43932
20240711132010,194.55036
20240711133010,193.77139
20240711134010,191.94725
20240711135010,191.22612
20240711140010,188.64326
20240711141010,187.49816
20240711142010,187.68398
20240711143010,188.31768
20240711144010,188.57291
20240711145010,186.63261
20240711150010,185.94564
20240711151010,185.5963
20240711152010,184.73052
20240711153010,184.04668
20240711154010,183.76974
20240711155010,183.59641
20240711160010,248.69873
20240711161010,317.8956
20240711162010,397.07752
20240711163010,521.08089
20240711164010,634.01572
20240711165010,652.39576
20240207090017,197.63896
20240207091017,208.70305
20240207092017,211.97989
20240207093017,213.28335
20240207094017,212.00798
20240207095017,201.74213
20240207100017,224.99229
20240207101017,232.67414
20240207102017,230.89663
20240207103017,224.57688
20240207104017,232.58235
20240207105017,224.09032
20240207110017,206.26887
20240207111017,201.16492
20240207112017,204.02599
20240207113017,205.10205
20240207114017,205.96982
20240207115017,204.58739
20240207120017,204.103
20240207121017,201.19188
20240207122017,199.30932
20240207123017,198.34502
20240207124017,198.40055
20240207125017,197.03378
20240207130017,199.87228
20240207131017,195.43932
20240207132017,194.55036
20240207133017,193.77139
20240207134017,191.94725
20240207135017,191.22612
20240207140017,188.64326
20240207141017,187.49816
20240207142017,187.68398
20240207143017,188.31768
20240207144017,188.57291
20240207145017,186.63261
20240207150017,185.94564
20240207151017,185.5963
20240207152017,184.73052
20240207153017,184.04668
20240207154017,183.76974
20240207155017,183.59641
20240207160017,248.69873
20240207161017,317.8956
20240207162017,397.07752
20240207163017,521.08089
20240207164017,634.01572
20240207165017,652.39576
20240224090017,192.36269
20240224091017,205.04455
20240224092017,207.37403
20240224093017,209.09789
20240224094017,223.32593
20240224095017,200.54837
20240224100017,225.47328
20240224101017,230.82884
20240224102017,229.95871
20240224103017,223.43394
20240224104017,231.40054
20240224105017,224.26744
20240224110017,206.26887
20240224111017,201.16492
20240224112017,204.02599
20240224113017,205.10205
20240224114017,205.96982
20240224115017,204.58739
20240224120017,204.103
20240224121017,201.19188
20240224122017,199.30932
20240224123017,198.34502
20240224124017,198.40055
20240224125017,197.03378
20240224130017,199.87228
20240224131017,195.43932
20240224132017,194.55036
20240224133017,193.77139
20240224134017,191.94725
20240224135017,191.22612
20240224140017,188.64326
20240224141017,187.49816
20240224142017,187.68398
20240224143017,188.31768
20240224144017,188.57291
20240224145017,186.63261
20240224150017,185.94564
20240224151017,185.5963
20240224152017,184.73052
20240224153017,184.04668
20240224154017,183.76974
20240224155017,183.59641
20240224160017,248.69873
20240224161017,317.8956
20240224162017,397.07752
20240224163017,521.08089
20240224164017,634.01572
20240224165017,652.39576
20240318090017,190.61138
20240318091017,197.18649
20240318092017,201.4788
20240318093017,198.94113
20240318094017,208.66159
20240318095017,198.91061
20240318100017,223.79623
20240318101017,244.10873
20240318102017,235.65967
20240318103017,223.67653
20240318104017,230.57029
20240318105017,224.18799
20240318110017,206.26887
20240318111017,201.16492
20240318112017,204.02599
20240318113017,205.10205
20240318114017,205.96982
20240318115017,204.58739
20240318120017,204.103
20240318121017,201.19188
20240318122017,199.30932
20240318123017,198.34502
20240318124017,198.40055
20240318125017,197.03378
20240318130017,199.87228
20240318131017,195.43932
20240318132017,194.55036
20240318133017,193.77139
20240318134017,191.94725
20240318135017,191.22612
20240318140017,188.64326
20240318141017,187.49816
20240318142017,187.68398
20240318143017,188.31768
20240318144017,188.57291
20240318145017,186.63261
20240318150017,185.94564
20240318151017,185.5963
20240318152017,184.73052
20240318153017,184.04668
20240318154017,183.76974
20240318155017,183.59641
20240318160017,248.69873
20240318161017,317.8956
20240318162017,397.07752
20240318163017,521.08089
20240318164017,634.01572
20240318165017,652.39576
20240509090017,196.26953
20240509091017,208.05783
20240509092017,205.50602
20240509093017,206.09961
20240509094017,210.38619
20240509095017,201.73763
20240509100017,231.37424
20240509101017,244.67614
20240509102017,236.34325
20240509103017,225.75504
20240509104017,232.28078
20240509105017,223.81081
20240509110017,206.26887
20240509111017,201.16492
20240509112017,204.02599
20240509113017,205.10205
20240509114017,205.96982
20240509115017,204.58739
20240509120017,204.103
20240509121017,201.19188
20240509122017,199.30932
20240509123017,198.34502
20240509124017,198.40055
20240509125017,197.03378
20240509130017,199.87228
20240509131017,195.43932
20240509132017,194.55036
20240509133017,193.77139
20240509134017,191.94725
20240509135017,191.22612
20240509140017,188.64326
20240509141017,187.49816
20240509142017,187.68398
20240509143017,188.31768
20240509144017,188.57291
20240509145017,186.63261
20240509150017,185.94564
20240509151017,185.5963
20240509152017,184.73052
20240509153017,184.04668
20240509154017,183.76974
20240509155017,183.59641
20240509160017,248.69873
20240509161017,317.8956
20240509162017,397.07752
20240509163017,521.08089
20240509164017,634.01572
20240509165017,652.39576
20240602090017,194.25473
20240602091017,208.16392
20240602092017,211.93041
20240602093017,203.37617
20240602094017,209.14524
20240602095017,205.70185
20240602100017,223.21993
20240602101017,254.0675
20240602102017,243.83744
20240602103017,225.35885
20240602104017,231.02084
20240602105017,223.65963
20240602110017,206.26887
20240602111017,201.16492
20240602112017,204.02599
20240602113017,205.10205
20240602114017,205.96982
20240602115017,204.58739
20240602120017,204.103
20240602121017,201.19188
20240602122017,199.30932
20240602123017,198.34502
20240602124017,198.40055
20240602125017,197.03378
20240602130017,199.87228
20240602131017,195.43932
20240602132017,194.55036
20240602133017,193.77139
20240602134017,191.94725
20240602135017,191.22612
20240602140017,188.64326
20240602141017,187.49816
20240602142017,187.68398
20240602143017,188.31768
20240602144017,188.57291
20240602145017,186.63261
20240602150017,185.94564
20240602151017,185.5963
20240602152017,184.73052
20240602153017,184.04668
20240602154017,183.76974
20240602155017,183.59641
20240602160017,248.69873
20240602161017,317.8956
20240602162017,397.07752
20240602163017,521.08089
20240602164017,634.01572
20240602165017,652.39576
20240604090017,478.90654
20240604091017,229.47955
20240604092017,219.25504
20240604093017,197.80767
20240604094017,212.87822
20240604095017,209.06203
20240604100017,221.89018
20240604101017,244.00252
20240604102017,233.52981
20240604103017,224.42477
20240604104017,238.87493
20240604105017,223.46382
20240604110017,206.26887
20240604111017,201.16492
20240604112017,204.02599
20240604113017,205.10205
20240604114017,205.96982
20240604115017,204.58739
20240604120017,204.103
20240604121017,201.19188
20240604122017,199.30932
20240604123017,198.34502
20240604124017,198.40055
20240604125017,197.03378
20240604130017,199.87228
20240604131017,195.43932
20240604132017,194.55036
20240604133017,193.77139
20240604134017,191.94725
20240604135017,191.22612
20240604140017,188.64326
20240604141017,187.49816
20240604142017,187.68398
20240604143017,188.31768
20240604144017,188.57291
20240604145017,186.63261
20240604150017,185.94564
20240604151017,185.5963
20240604152017,184.73052
20240604153017,184.04668
20240604154017,183.76974
20240604155017,183.59641
20240604160017,248.69873
20240604161017,317.8956
20240604162017,397.07752
20240604163017,521.08089
20240604164017,634.01572
20240604165017,652.39576
20240609090017,635.12864
20240609091017,220.19192
20240609092017,207.28894
20240609093017,226.71796
20240609094017,212.71613
20240609095017,242.51058
20240609100017,252.25444
20240609101017,296.55585
20240609102017,244.33799
20240609103017,235.27741
20240609104017,234.88036
20240609105017,223.18312
20240609110017,206.26887
20240609111017,201.16492
20240609112017,204.02599
20240609113017,205.10205
20240609114017,205.96982
20240609115017,204.58739
20240609120017,204.103
20240609121017,201.19188
20240609122017,199.30932
20240609123017,198.34502
20240609124017,198.40055
20240609125017,197.03378
20240609130017,199.87228
20240609131017,195.43932
20240609132017,194.55036
20240609133017,193.77139
20240609134017,191.94725
20240609135017,191.22612
20240609140017,188.64326
20240609141017,187.49816
20240609142017,187.68398
20240609143017,188.31768
20240609144017,188.57291
20240609145017,186.63261
20240609150017,185.94564
20240609151017,185.5963
20240609152017,184.73052
20240609153017,184.04668
20240609154017,183.76974
20240609155017,183.59641
20240609160017,248.69873
20240609161017,317.8956
20240609162017,397.07752
20240609163017,521.08089
20240609164017,634.01572
20240609165017,652.39576
20240709090017,608.23648
20240709091017,219.53123
20240709092017,208.46146
20240709093017,265.05279
20240709094017,229.99669
20240709095017,268.20198
20240709100017,246.24113
20240709101017,294.12772
20240709102017,242.97524
20240709103017,234.4388
20240709104017,233.85618
20240709105017,223.30992
20240709110017,206.26887
20240709111017,201.16492
20240709112017,204.02599
20240709113017,205.10205
20240709114017,205.96982
20240709115017,204.58739
20240709120017,204.103
20240709121017,201.19188
20240709122017,199.30932
20240709123017,198.34502
20240709124017,198.40055
20240709125017,197.03378
20240709130017,199.87228
20240709131017,195.43932
20240709132017,194.55036
20240709133017,193.77139
20240709134017,191.94725
20240709135017,191.22612
20240709140017,188.64326
20240709141017,187.49816
20240709142017,187.68398
20240709143017,188.31768
20240709144017,188.57291
20240709145017,186.63261
20240709150017,185.94564
20240709151017,185.5963
20240709152017,184.73052
20240709153017,184.04668
20240709154017,183.76974
20240709155017,183.59641
20240709160017,248.69873
20240709161017,317.8956
20240709162017,397.07752
20240709163017,521.08089
20240709164017,634.01572
20240709165017,652.39576
20240106090001,922.35327
20240106091001,239.72839
20240106092001,204.01212
20240106093001,230.60791
20240106094001,224.32117
20240106095001,222.78417
20240106100001,222.93149
20240106101001,267.3005
20240106102001,230.39036
20240106103001,223.65009
20240106104001,233.02906
20240106105001,224.28748
20240106110001,206.26887
20240106111001,201.16492
20240106112001,204.02599
20240106113001,205.10205
20240106114001,205.96982
20240106115001,204.58739
20240106120001,204.103
20240106121001,201.19188
20240106122001,199.30932
20240106123001,198.34502
20240106124001,198.40055
20240106125001,197.03378
20240106130001,199.87228
20240106131001,195.43932
20240106132001,194.55036
20240106133001,193.77139
20240106134001,191.94725
20240106135001,191.22612
20240106140001,188.64326
20240106141001,187.49816
20240106142001,187.68398
20240106143001,188.31768
20240106144001,188.57291
20240106145001,186.63261
20240106150001,185.94564
20240106151001,185.5963
20240106152001,184.73052
20240106153001,184.04668
20240106154001,183.76974
20240106155001,183.59641
20240106160001,248.69873
20240106161001,317.8956
20240106162001,397.07752
20240106163001,521.08089
20240106164001,634.01572
20240106165001,652.39576
20240111090001,196.32916
20240111091001,205.03875
20240111092001,207.1918
20240111093001,209.84951
20240111094001,223.2793
20240111095001,200.54077
20240111100001,224.70411
20240111101001,228.87194
20240111102001,230.45254
20240111103001,223.6113
20240111104001,230.91868
20240111105001,224.15918
20240111110001,206.26887
20240111111001,201.16492
20240111112001,204.02599
20240111113001,205.10205
20240111114001,205.96982
20240111115001,204.58739
20240111120001,204.103
20240111121001,201.19188
20240111122001,199.30932
20240111123001,198.34502
20240111124001,198.40055
20240111125001,197.03378
20240111130001,199.87228
20240111131001,195.43932
20240111132001,194.55036
20240111133001,193.77139
20240111134001,191.94725
20240111135001,191.22612
20240111140001,188.64326
20240111141001,187.49816
20240111142001,187.68398
20240111143001,188.31768
20240111144001,188.57291
20240111145001,186.63261
20240111150001,185.94564
20240111151001,185.5963
20240111152001,184.73052
20240111153001,184.04668
20240111154001,183.76974
20240111155001,183.59641
20240111160001,248.69873
20240111161001,317.8956
20240111162001,397.07752
20240111163001,521.08089
20240111164001,634.01572
20240111165001,652.39576
20240213090001,544.82725
20240213091001,221.72109
20240213092001,212.02462
20240213093001,303.37219
20240213094001,282.00861
20240213095001,232.97327
20240213100001,232.02411
20240213101001,235.10206
20240213102001,224.20344
20240213103001,218.29898
20240213104001,230.63952
20240213105001,224.08607
20240213110001,206.26887
20240213111001,201.16492
20240213112001,204.02599
20240213113001,205.10205
20240213114001,205.96982
20240213115001,204.58739
20240213120001,204.103
20240213121001,201.19188
20240213122001,199.30932
20240213123001,198.34502
20240213124001,198.40055
20240213125001,197.03378
20240213130001,199.87228
20240213131001,195.43932
20240213132001,194.55036
20240213133001,193.77139
20240213134001,191.94725
20240213135001,191.22612
20240213140001,188.64326
20240213141001,187.49816
20240213142001,187.68398
20240213143001,188.31768
20240213144001,188.57291
20240213145001,186.63261
20240213150001,185.94564
20240213151001,185.5963
20240213152001,184.73052
20240213153001,184.04668
20240213154001,183.76974
20240213155001,183.59641
20240213160001,248.69873
20240213161001,317.8956
20240213162001,397.07752
20240213163001,521.08089
20240213164001,634.01572
20240213165001,652.39576
20240508090001,234.6917
20240508091001,212.51803
20240508092001,209.43121
20240508093001,212.05869
20240508094001,222.79116
20240508095001,206.98681
20240508100001,230.67173
20240508101001,250.70941
20240508102001,234.77935
20240508103001,228.36886
20240508104001,234.13411
20240508105001,223.823
20240508110001,206.26887
20240508111001,201.16492
20240508112001,204.02599
20240508113001,205.10205
20240508114001,205.96982
20240508115001,204.58739
20240508120001,204.103
20240508121001,201.19188
20240508122001,199.30932
20240508123001,198.34502
20240508124001,198.40055
20240508125001,197.03378
20240508130001,199.87228
20240508131001,195.43932
20240508132001,194.55036
20240508133001,193.77139
20240508134001,191.94725
20240508135001,191.22612
20240508140001,188.64326
20240508141001,187.49816
20240508142001,187.68398
20240508143001,188.31768
20240508144001,188.57291
20240508145001,186.63261
20240508150001,185.94564
20240508151001,185.5963
20240508152001,184.73052
20240508153001,184.04668
20240508154001,183.76974
20240508155001,183.59641
20240508160001,248.69873
20240508161001,317.8956
20240508162001,397.07752
20240508163001,521.08089
20240508164001,634.01572
20240508165001,652.39576
20240510090001,413.44667
20240510091001,223.9794
20240510092001,212.08504
20240510093001,221.23996
20240510094001,209.32007
20240510095001,206.59504
20240510100001,229.6504
20240510101001,239.58757
20240510102001,235.46757
20240510103001,228.11393
20240510104001,233.90113
20240510105001,224.01222
20240510110001,206.26887
20240510111001,201.16492
20240510112001,204.02599
20240510113001,205.10205
20240510114001,205.96982
20240510115001,204.58739
20240510120001,204.103
20240510121001,201.19188
20240510122001,199.30932
20240510123001,198.34502
20240510124001,198.40055
20240510125001,197.03378
20240510130001,199.87228
20240510131001,195.43932
20240510132001,194.55036
20240510133001,193.77139
20240510134001,191.94725
20240510135001,191.22612
20240510140001,188.64326
20240510141001,187.49816
20240510142001,187.68398
20240510143001,188.31768
20240510144001,188.57291
20240510145001,186.63261
20240510150001,185.94564
20240510151001,185.5963
20240510152001,184.73052
20240510153001,184.04668
20240510154001,183.76974
20240510155001,183.59641
20240510160001,248.69873
20240510161001,317.8956
20240510162001,397.07752
20240510163001,521.08089
20240510164001,634.01572
20240510165001,652.39576
20240524090001,207.8472
20240524091001,211.82059
20240524092001,209.28222
20240524093001,209.03137
20240524094001,213.18273
20240524095001,206.85697
20240524100001,235.28449
20240524101001,251.21695
20240524102001,241.33567
20240524103001,231.20154
20240524104001,233.1425
20240524105001,223.44842
20240524110001,206.26887
20240524111001,201.16492
20240524112001,204.02599
20240524113001,205.10205
20240524114001,205.96982
20240524115001,204.58739
20240524120001,204.103
20240524121001,201.19188
20240524122001,199.30932
20240524123001,198.34502
20240524124001,198.40055
20240524125001,197.03378
20240524130001,199.87228
20240524131001,195.43932
20240524132001,194.55036
20240524133001,193.77139
20240524134001,191.94725
20240524135001,191.22612
20240524140001,188.64326
20240524141001,187.49816
20240524142001,187.68398
20240524143001,188.31768
20240524144001,188.57291
20240524145001,186.63261
20240524150001,185.94564
20240524151001,185.5963
20240524152001,184.73052
20240524153001,184.04668
20240524154001,183.76974
20240524155001,183.59641
20240524160001,248.69873
20240524161001,317.8956
20240524162001,397.07752
20240524163001,521.08089
20240524164001,634.01572
20240524165001,652.39576
20240623090001,568.27893
20240623091001,225.45194
20240623092001,204.87847
20240623093001,279.97044
20240623094001,232.38378
20240623095001,264.17713
20240623100001,242.37811
20240623101001,292.52387
20240623102001,242.81902
20240623103001,233.93926
20240623104001,233.05472
20240623105001,223.30008
20240623110001,206.26887
20240623111001,201.16492
20240623112001,204.02599
20240623113001,205.10205
20240623114001,205.96982
20240623115001,204.58739
20240623120001,204.103
20240623121001,201.19188
20240623122001,199.30932
20240623123001,198.34502
20240623124001,198.40055
20240623125001,197.03378
20240623130001,199.87228
20240623131001,195.43932
20240623132001,194.55036
20240623133001,193.77139
20240623134001,191.94725
20240623135001,191.22612
20240623140001,188.64326
20240623141001,187.49816
20240623142001,187.68398
20240623143001,188.31768
20240623144001,188.57291
20240623145001,186.63261
20240623150001,185.94564
20240623151001,185.5963
20240623152001,184.73052
20240623153001,184.04668
20240623154001,183.76974
20240623155001,183.59641
20240623160001,248.69873
20240623161001,317.8956
20240623162001,397.07752
20240623163001,521.08089
20240623164001,634.01572
20240623165001,652.39576
20240627090001,599.39031
20240627091001,219.54604
20240627092001,219.76912
20240627093001,235.29055
20240627094001,228.62131
20240627095001,243.16189
20240627100001,245.41384
20240627101001,288.98521
20240627102001,243.6847
20240627103001,234.55253
20240627104001,234.51168
20240627105001,223.30824
20240627110001,206.26887
20240627111001,201.16492
20240627112001,204.02599
20240627113001,205.10205
20240627114001,205.96982
20240627115001,204.58739
20240627120001,204.103
20240627121001,201.19188
20240627122001,199.30932
20240627123001,198.34502
20240627124001,198.40055
20240627125001,197.03378
20240627130001,199.87228
20240627131001,195.43932
20240627132001,194.55036
20240627133001,193.77139
20240627134001,191.94725
20240627135001,191.22612
20240627140001,188.64326
20240627141001,187.49816
20240627142001,187.68398
20240627143001,188.31768
20240627144001,188.57291
20240627145001,186.63261
20240627150001,185.94564
20240627151001,185.5963
20240627152001,184.73052
20240627153001,184.04668
20240627154001,183.76974
20240627155001,183.59641
20240627160001,248.69873
20240627161001,317.8956
20240627162001,397.07752
20240627163001,521.08089
20240627164001,634.01572
20240627165001,652.39576
20240713090001,524.98772
20240713091001,230.96257
20240713092001,241.52693
20240713093001,222.47993
20240713094001,210.32107
20240713095001,222.00933
20240713100001,230.63869
20240713101001,274.03775
20240713102001,241.21712
20240713103001,229.59271
20240713104001,234.42644
20240713105001,223.30899
20240713110001,206.26887
20240713111001,201.16492
20240713112001,204.02599
20240713113001,205.10205
20240713114001,205.96982
20240713115001,204.58739
20240713120001,204.103
20240713121001,201.19188
20240713122001,199.30932
20240713123001,198.34502
20240713124001,198.40055
20240713125001,197.03378
20240713130001,199.87228
20240713131001,195.43932
20240713132001,194.55036
20240713133001,193.77139
20240713134001,191.94725
20240713135001,191.22612
20240713140001,188.64326
20240713141001,187.49816
20240713142001,187.68398
20240713143001,188.31768
20240713144001,188.57291
20240713145001,186.63261
20240713150001,185.94564
20240713151001,185.5963
20240713152001,184.73052
20240713153001,184.04668
20240713154001,183.76974
20240713155001,183.59641
20240713160001,248.69873
20240713161001,317.8956
20240713162001,397.07752
20240713163001,521.08089
20240713164001,634.01572
20240713165001,652.39576
20240715090001,599.04501
20240715091001,210.47213
20240715092001,210.8916
20240715093001,222.1583
20240715094001,221.99483
20240715095001,230.81316
20240715100001,244.30123
20240715101001,273.58357
20240715102001,244.10895
20240715103001,234.58132
20240715104001,234.60888
20240715105001,223.11234
20240715110001,206.26887
20240715111001,201.16492
20240715112001,204.02599
20240715113001,205.10205
20240715114001,205.96982
20240715115001,204.58739
20240715120001,204.103
20240715121001,201.19188
20240715122001,199.30932
20240715123001,198.34502
20240715124001,198.40055
20240715125001,197.03378
20240715130001,199.87228
20240715131001,195.43932
20240715132001,194.55036
20240715133001,193.77139
20240715134001,191.94725
20240715135001,191.22612
20240715140001,188.64326
20240715141001,187.49816
20240715142001,187.68398
20240715143001,188.31768
20240715144001,188.57291
20240715145001,186.63261
20240715150001,185.94564
20240715151001,185.5963
20240715152001,184.73052
20240715153001,184.04668
20240715154001,183.76974
20240715155001,183.59641
20240715160001,248.69873
20240715161001,317.8956
20240715162001,397.07752
20240715163001,521.08089
20240715164001,634.01572
20240715165001,652.39576
20240927090004,599.2985
20240927091004,207.86127
20240927092004,202.59751
20240927093004,228.76218
20240927094004,208.88012
20240927095004,222.37202
20240927100004,233.89054
20240927101004,263.3319
20240927102004,235.35554
20240927103004,232.42714
20240927104004,235.18593
20240927105004,223.56734
20240927110004,206.26887
20240927111004,201.16492
20240927112004,204.02599
20240927113004,205.10205
20240927114004,205.96982
20240927115004,204.58739
20240927120004,204.103
20240927121004,201.19188
20240927122004,199.30932
20240927123004,198.34502
20240927124004,198.40055
20240927125004,197.03378
20240927130004,199.87228
20240927131004,195.43932
20240927132004,194.55036
20240927133004,193.77139
20240927134004,191.94725
20240927135004,191.22612
20240927140004,188.64326
20240927141004,187.49816
20240927142004,187.68398
20240927143004,188.31768
20240927144004,188.57291
20240927145004,186.63261
20240927150004,185.94564
20240927151004,185.5963
20240927152004,184.73052
20240927153004,184.04668
20240927154004,183.76974
20240927155004,183.59641
20240927160004,248.69873
20240927161004,317.8956
20240927162004,397.07752
20240927163004,521.08089
20240927164004,634.01572
20240927165004,652.39576
20241018090004,704.69732
20241018091004,207.00192
20241018092004,206.2544
20241018093004,250.16422
20241018094004,230.41062
20241018095004,228.5524
20241018100004,235.87748
20241018101004,282.27476
20241018102004,240.9396
20241018103004,232.31443
20241018104004,234.59449
20241018105004,223.41434
20241018110004,206.26887
20241018111004,201.16492
20241018112004,204.02599
20241018113004,205.10205
20241018114004,205.96982
20241018115004,204.58739
20241018120004,204.103
20241018121004,201.19188
20241018122004,199.30932
20241018123004,198.34502
20241018124004,198.40055
20241018125004,197.03378
20241018130004,199.87228
20241018131004,195.43932
20241018132004,194.55036
20241018133004,193.77139
20241018134004,191.94725
20241018135004,191.22612
20241018140004,188.64326
20241018141004,187.49816
20241018142004,187.68398
20241018143004,188.31768
20241018144004,188.57291
20241018145004,186.63261
20241018150004,185.94564
20241018151004,185.5963
20241018152004,184.73052
20241018153004,184.04668
20241018154004,183.76974
20241018155004,183.59641
20241018160004,248.69873
20241018161004,317.8956
20241018162004,397.07752
20241018163004,521.08089
20241018164004,634.01572
20241018165004,652.39576
20240918090007,188.73628
20240918091007,194.96568
20240918092007,207.96352
20240918093007,204.15811
20240918094007,208.94355
20240918095007,203.25511
20240918100007,230.45883
20240918101007,245.32803
20240918102007,240.77587
20240918103007,230.06673
20240918104007,232.38465
20240918105007,223.85476
20240918110007,206.26887
20240918111007,201.16492
20240918112007,204.02599
20240918113007,205.10205
20240918114007,205.96982
20240918115007,204.58739
20240918120007,204.103
20240918121007,201.19188
20240918122007,199.30932
20240918123007,198.34502
20240918124007,198.40055
20240918125007,197.03378
20240918130007,199.87228
20240918131007,195.43932
20240918132007,194.55036
20240918133007,193.77139
20240918134007,191.94725
20240918135007,191.22612
20240918140007,188.64326
20240918141007,187.49816
20240918142007,187.68398
20240918143007,188.31768
20240918144007,188.57291
20240918145007,186.63261
20240918150007,185.94564
20240918151007,185.5963
20240918152007,184.73052
20240918153007,184.04668
20240918154007,183.76974
20240918155007,183.59641
20240918160007,248.69873
20240918161007,317.8956
20240918162007,397.07752
20240918163007,521.08089
20240918164007,634.01572
20240918165007,652.39576
20240920090007,773.64039
20240920091007,202.39002
20240920092007,200.68177
20240920093007,256.52446
20240920094007,223.62135
20240920095007,229.38634
20240920100007,236.06445
20240920101007,280.84486
20240920102007,242.10621
20240920103007,233.89996
20240920104007,234.95862
20240920105007,223.39415
20240920110007,206.26887
20240920111007,201.16492
20240920112007,204.02599
20240920113007,205.10205
20240920114007,205.96982
20240920115007,204.58739
20240920120007,204.103
20240920121007,201.19188
20240920122007,199.30932
20240920123007,198.34502
20240920124007,198.40055
20240920125007,197.03378
20240920130007,199.87228
20240920131007,195.43932
20240920132007,194.55036
20240920133007,193.77139
20240920134007,191.94725
20240920135007,191.22612
20240920140007,188.64326
20240920141007,187.49816
20240920142007,187.68398
20240920143007,188.31768
20240920144007,188.57291
20240920145007,186.63261
20240920150007,185.94564
20240920151007,185.5963
20240920152007,184.73052
20240920153007,184.04668
20240920154007,183.76974
20240920155007,183.59641
20240920160007,248.69873
20240920161007,317.8956
20240920162007,397.07752
20240920163007,521.08089
20240920164007,634.01572
20240920165007,652.39576
20241016090007,887.2565
20241016091007,204.7214
20241016092007,206.00945
20241016093007,249.08197
20241016094007,213.81166
20241016095007,222.38716
20241016100007,240.09473
20241016101007,279.94093
20241016102007,242.86599
20241016103007,233.87187
20241016104007,234.94416
20241016105007,223.80674
20241016110007,206.26887
20241016111007,201.16492
20241016112007,204.02599
20241016113007,205.10205
20241016114007,205.96982
20241016115007,204.58739
20241016120007,204.103
20241016121007,201.19188
20241016122007,199.30932
20241016123007,198.34502
20241016124007,198.40055
20241016125007,197.03378
20241016130007,199.87228
20241016131007,195.43932
20241016132007,194.55036
20241016133007,193.77139
20241016134007,191.94725
20241016135007,191.22612
20241016140007,188.64326
20241016141007,187.49816
20241016142007,187.68398
20241016143007,188.31768
20241016144007,188.57291
20241016145007,186.63261
20241016150007,185.94564
20241016151007,185.5963
20241016152007,184.73052
20241016153007,184.04668
20241016154007,183.76974
20241016155007,183.59641
20241016160007,248.69873
20241016161007,317.8956
20241016162007,397.07752
20241016163007,521.08089
20241016164007,634.01572
20241016165007,652.39576
20240922090008,208.92979
20240922091008,226.14035
20240922092008,212.6941
20240922093008,206.58429
20240922094008,211.48881
20240922095008,207.02065
20240922100008,241.94901
20240922101008,254.48821
20240922102008,236.38646
20240922103008,229.98147
20240922104008,233.97415
20240922105008,223.48521
20240922110008,206.26887
20240922111008,201.16492
20240922112008,204.02599
20240922113008,205.10205
20240922114008,205.96982
20240922115008,204.58739
20240922120008,204.103
20240922121008,201.19188
20240922122008,199.30932
20240922123008,198.34502
20240922124008,198.40055
20240922125008,197.03378
20240922130008,199.87228
20240922131008,195.43932
20240922132008,194.55036
20240922133008,193.77139
20240922134008,191.94725
20240922135008,191.22612
20240922140008,188.64326
20240922141008,187.49816
20240922142008,187.68398
20240922143008,188.31768
20240922144008,188.57291
20240922145008,186.63261
20240922150008,185.94564
20240922151008,185.5963
20240922152008,184.73052
20240922153008,184.04668
20240922154008,183.76974
20240922155008,183.59641
20240922160008,248.69873
20240922161008,317.8956
20240922162008,397.07752
20240922163008,521.08089
20240922164008,634.01572
20240922165008,652.39576
20240928090008,193.64576
20240928091008,206.33244
20240928092008,209.1842
20240928093008,208.3659
20240928094008,209.37153
20240928095008,204.85118
20240928100008,233.4143
20240928101008,252.50935
20240928102008,239.0134
20240928103008,230.72776
20240928104008,233.21161
20240928105008,223.51483
20240928110008,206.26887
20240928111008,201.16492
20240928112008,204.02599
20240928113008,205.10205
20240928114008,205.96982
20240928115008,204.58739
20240928120008,204.103
20240928121008,201.19188
20240928122008,199.30932
20240928123008,198.34502
20240928124008,198.40055
20240928125008,197.03378
20240928130008,199.87228
20240928131008,195.43932
20240928132008,194.55036
20240928133008,193.77139
20240928134008,191.94725
20240928135008,191.22612
20240928140008,188.64326
20240928141008,187.49816
20240928142008,187.68398
20240928143008,188.31768
20240928144008,188.57291
20240928145008,186.63261
20240928150008,185.94564
20240928151008,185.5963
20240928152008,184.73052
20240928153008,184.04668
20240928154008,183.76974
20240928155008,183.59641
20240928160008,248.69873
20240928161008,317.8956
20240928162008,397.07752
20240928163008,521.08089
20240928164008,634.01572
20240928165008,652.39576
20241011090008,194.65244
20241011091008,209.56776
20241011092008,208.51746
20241011093008,208.98265
20241011094008,208.7769
20241011095008,203.7371
20241011100008,231.32453
20241011101008,250.74399
20241011102008,238.86833
20241011103008,230.31731
20241011104008,233.15778
20241011105008,223.63114
20241011110008,206.26887
20241011111008,201.16492
20241011112008,204.02599
20241011113008,205.10205
20241011114008,205.96982
20241011115008,204.58739
20241011120008,204.103
20241011121008,201.19188
20241011122008,199.30932
20241011123008,198.34502
20241011124008,198.40055
20241011125008,197.03378
20241011130008,199.87228
20241011131008,195.43932
20241011132008,194.55036
20241011133008,193.77139
20241011134008,191.94725
20241011135008,191.22612
20241011140008,188.64326
20241011141008,187.49816
20241011142008,187.68398
20241011143008,188.31768
20241011144008,188.57291
20241011145008,186.63261
20241011150008,185.94564
20241011151008,185.5963
20241011152008,184.73052
20241011153008,184.04668
20241011154008,183.76974
20241011155008,183.59641
20241011160008,248.69873
20241011161008,317.8956
20241011162008,397.07752
20241011163008,521.08089
20241011164008,634.01572
20241011165008,652.39576
20241016090008,199.28481
20241016091008,241.41697
20241016092008,239.76209
20241016093008,205.01822
20241016094008,204.18648
20241016095008,201.80008
20241016100008,210.70557
20241016101008,244.26435
20241016102008,231.29736
20241016103008,222.75683
20241016104008,232.53543
20241016105008,223.27121
20241016110008,206.26887
20241016111008,201.16492
20241016112008,204.02599
20241016113008,205.10205
20241016114008,205.96982
20241016115008,204.58739
20241016120008,204.103
20241016121008,201.19188
20241016122008,199.30932
20241016123008,198.34502
20241016124008,198.40055
20241016125008,197.03378
20241016130008,199.87228
20241016131008,195.43932
20241016132008,194.55036
20241016133008,193.77139
20241016134008,191.94725
20241016135008,191.22612
20241016140008,188.64326
20241016141008,187.49816
20241016142008,187.68398
20241016143008,188.31768
20241016144008,188.57291
20241016145008,186.63261
20241016150008,185.94564
20241016151008,185.5963
20241016152008,184.73052
20241016153008,184.04668
20241016154008,183.76974
20241016155008,183.59641
20241016160008,248.69873
20241016161008,317.8956
20241016162008,397.07752
20241016163008,521.08089
20241016164008,634.01572
20241016165008,652.39576
20241018090008,201.47854
20241018091008,239.14552
20241018092008,255.14146
20241018093008,215.40608
20241018094008,209.23665
20241018095008,205.63073
20241018100008,206.26866
20241018101008,238.50814
20241018102008,228.98647
20241018103008,222.7133
20241018104008,230.20042
20241018105008,223.27121
20241018110008,206.26887
20241018111008,201.16492
20241018112008,204.02599
20241018113008,205.10205
20241018114008,205.96982
20241018115008,204.58739
20241018120008,204.103
20241018121008,201.19188
20241018122008,199.30932
20241018123008,198.34502
20241018124008,198.40055
20241018125008,197.03378
20241018130008,199.87228
20241018131008,195.43932
20241018132008,194.55036
20241018133008,193.77139
20241018134008,191.94725
20241018135008,191.22612
20241018140008,188.64326
20241018141008,187.49816
20241018142008,187.68398
20241018143008,188.31768
20241018144008,188.57291
20241018145008,186.63261
20241018150008,185.94564
20241018151008,185.5963
20241018152008,184.73052
20241018153008,184.04668
20241018154008,183.76974
20241018155008,183.59641
20241018160008,248.69873
20241018161008,317.8956
20241018162008,397.07752
20241018163008,521.08089
20241018164008,634.01572
20241018165008,652.39576
20241028090008,204.18736
20241028091008,210.67146
20241028092008,207.03608
20241028093008,208.60222
20241028094008,209.42899
20241028095008,204.58801
20241028100008,235.57568
20241028101008,253.5157
20241028102008,240.75243
20241028103008,229.21283
20241028104008,233.15778
20241028105008,223.43884
20241028110008,206.26887
20241028111008,201.16492
20241028112008,204.02599
20241028113008,205.10205
20241028114008,205.96982
20241028115008,204.58739
20241028120008,204.103
20241028121008,201.19188
20241028122008,199.30932
20241028123008,198.34502
20241028124008,198.40055
20241028125008,197.03378
20241028130008,199.87228
20241028131008,195.43932
20241028132008,194.55036
20241028133008,193.77139
20241028134008,191.94725
20241028135008,191.22612
20241028140008,188.64326
20241028141008,187.49816
20241028142008,187.68398
20241028143008,188.31768
20241028144008,188.57291
20241028145008,186.63261
20241028150008,185.94564
20241028151008,185.5963
20241028152008,184.73052
20241028153008,184.04668
20241028154008,183.76974
20241028155008,183.59641
20241028160008,248.69873
20241028161008,317.8956
20241028162008,397.07752
20241028163008,521.08089
20241028164008,634.01572
20241028165008,652.39576
20240922090009,241.83301
20240922091009,214.94886
20240922092009,210.13759
20240922093009,209.24043
20240922094009,222.95232
20240922095009,206.91915
20240922100009,233.98096
20240922101009,252.23237
20240922102009,234.31764
20240922103009,228.28323
20240922104009,234.15093
20240922105009,223.78859
20240922110009,206.26887
20240922111009,201.16492
20240922112009,204.02599
20240922113009,205.10205
20240922114009,205.96982
20240922115009,204.58739
20240922120009,204.103
20240922121009,201.19188
20240922122009,199.30932
20240922123009,198.34502
20240922124009,198.40055
20240922125009,197.03378
20240922130009,199.87228
20240922131009,195.43932
20240922132009,194.55036
20240922133009,193.77139
20240922134009,191.94725
20240922135009,191.22612
20240922140009,188.64326
20240922141009,187.49816
20240922142009,187.68398
20240922143009,188.31768
20240922144009,188.57291
20240922145009,186.63261
20240922150009,185.94564
20240922151009,185.5963
20240922152009,184.73052
20240922153009,184.04668
20240922154009,183.76974
20240922155009,183.59641
20240922160009,248.69873
20240922161009,317.8956
20240922162009,397.07752
20240922163009,521.08089
20240922164009,634.01572
20240922165009,652.39576
20240928090009,204.07104
20240928091009,205.02469
20240928092009,207.8559
20240928093009,208.24289
20240928094009,228.19017
20240928095009,208.85188
20240928100009,228.9958
20240928101009,250.65088
20240928102009,234.25072
20240928103009,228.73566
20240928104009,234.29145
20240928105009,224.08821
20240928110009,206.26887
20240928111009,201.16492
20240928112009,204.02599
20240928113009,205.10205
20240928114009,205.96982
20240928115009,204.58739
20240928120009,204.103
20240928121009,201.19188
20240928122009,199.30932
20240928123009,198.34502
20240928124009,198.40055
20240928125009,197.03378
20240928130009,199.87228
20240928131009,195.43932
20240928132009,194.55036
20240928133009,193.77139
20240928134009,191.94725
20240928135009,191.22612
20240928140009,188.64326
20240928141009,187.49816
20240928142009,187.68398
20240928143009,188.31768
20240928144009,188.57291
20240928145009,186.63261
20240928150009,185.94564
20240928151009,185.5963
20240928152009,184.73052
20240928153009,184.04668
20240928154009,183.76974
20240928155009,183.59641
20240928160009,248.69873
20240928161009,317.8956
20240928162009,397.07752
20240928163009,521.08089
20240928164009,634.01572
20240928165009,652.39576
20240920090010,511.90553
20240920091010,253.53526
20240920092010,237.90111
20240920093010,241.4905
20240920094010,224.15106
20240920095010,225.78489
20240920100010,235.35172
20240920101010,299.19574
20240920102010,240.34202
20240920103010,228.21374
20240920104010,233.72175
20240920105010,223.39028
20240920110010,206.26887
20240920111010,201.16492
20240920112010,204.02599
20240920113010,205.10205
20240920114010,205.96982
20240920115010,204.58739
20240920120010,204.103
20240920121010,201.19188
20240920122010,199.30932
20240920123010,198.34502
20240920124010,198.40055
20240920125010,197.03378
20240920130010,199.87228
20240920131010,195.43932
20240920132010,194.55036
20240920133010,193.77139
20240920134010,191.94725
20240920135010,191.22612
20240920140010,188.64326
20240920141010,187.49816
20240920142010,187.68398
20240920143010,188.31768
20240920144010,188.57291
20240920145010,186.63261
20240920150010,185.94564
20240920151010,185.5963
20240920152010,184.73052
20240920153010,184.04668
20240920154010,183.76974
20240920155010,183.59641
20240920160010,248.69873
20240920161010,317.8956
20240920162010,397.07752
20240920163010,521.08089
20240920164010,634.01572
20240920165010,652.39576
20240928090010,268.15898
20240928091010,216.84726
20240928092010,221.81723
20240928093010,208.92513
20240928094010,212.76082
20240928095010,208.965
20240928100010,229.81567
20240928101010,253.35099
20240928102010,233.76158
20240928103010,243.29857
20240928104010,235.22903
20240928105010,224.08821
20240928110010,206.26887
20240928111010,201.16492
20240928112010,204.02599
20240928113010,205.10205
20240928114010,205.96982
20240928115010,204.58739
20240928120010,204.103
20240928121010,201.19188
20240928122010,199.30932
20240928123010,198.34502
20240928124010,198.40055
20240928125010,197.03378
20240928130010,199.87228
20240928131010,195.43932
20240928132010,194.55036
20240928133010,193.77139
20240928134010,191.94725
20240928135010,191.22612
20240928140010,188.64326
20240928141010,187.49816
20240928142010,187.68398
20240928143010,188.31768
20240928144010,188.57291
20240928145010,186.63261
20240928150010,185.94564
20240928151010,185.5963
20240928152010,184.73052
20240928153010,184.04668
20240928154010,183.76974
20240928155010,183.59641
20240928160010,248.69873
20240928161010,317.8956
20240928162010,397.07752
20240928163010,521.08089
20240928164010,634.01572
20240928165010,652.39576
20240919090012,196.78535
20240919091012,224.07046
20240919092012,274.82729
20240919093012,206.70361
20240919094012,206.46014
20240919095012,206.94621
20240919100012,208.21322
20240919101012,241.83147
20240919102012,229.93546
20240919103012,222.67653
20240919104012,230.34391
20240919105012,223.32965
20240919110012,206.26887
20240919111012,201.16492
20240919112012,204.02599
20240919113012,205.10205
20240919114012,205.96982
20240919115012,204.58739
20240919120012,204.103
20240919121012,201.19188
20240919122012,199.30932
20240919123012,198.34502
20240919124012,198.40055
20240919125012,197.03378
20240919130012,199.87228
20240919131012,195.43932
20240919132012,194.55036
20240919133012,193.77139
20240919134012,191.94725
20240919135012,191.22612
20240919140012,188.64326
20240919141012,187.49816
20240919142012,187.68398
20240919143012,188.31768
20240919144012,188.57291
20240919145012,186.63261
20240919150012,185.94564
20240919151012,185.5963
20240919152012,184.73052
20240919153012,184.04668
20240919154012,183.76974
20240919155012,183.59641
20240919160012,248.69873
20240919161012,317.8956
20240919162012,397.07752
20240919163012,521.08089
20240919164012,634.01572
20240919165012,652.39576
20240923090012,191.84894
20240923091012,204.30288
20240923092012,209.33565
20240923093012,208.80312
20240923094012,208.71659
20240923095012,204.51006
20240923100012,229.30611
20240923101012,252.67742
20240923102012,237.4643
20240923103012,230.15134
20240923104012,233.04718
20240923105012,223.73846
20240923110012,206.26887
20240923111012,201.16492
20240923112012,204.02599
20240923113012,205.10205
20240923114012,205.96982
20240923115012,204.58739
20240923120012,204.103
20240923121012,201.19188
20240923122012,199.30932
20240923123012,198.34502
20240923124012,198.40055
20240923125012,197.03378
20240923130012,199.87228
20240923131012,195.43932
20240923132012,194.55036
20240923133012,193.77139
20240923134012,191.94725
20240923135012,191.22612
20240923140012,188.64326
20240923141012,187.49816
20240923142012,187.68398
20240923143012,188.31768
20240923144012,188.57291
20240923145012,186.63261
20240923150012,185.94564
20240923151012,185.5963
20240923152012,184.73052
20240923153012,184.04668
20240923154012,183.76974
20240923155012,183.59641
20240923160012,248.69873
20240923161012,317.8956
20240923162012,397.07752
20240923163012,521.08089
20240923164012,634.01572
20240923165012,652.39576
20241002090012,191.86938
20241002091012,198.64951
20241002092012,206.08634
20241002093012,205.93237
20241002094012,208.97172
20241002095012,202.14578
20241002100012,234.65375
20241002101012,244.0535
20241002102012,240.99862
20241002103012,230.45652
20241002104012,232.71684
20241002105012,223.63114
20241002110012,206.26887
20241002111012,201.16492
20241002112012,204.02599
20241002113012,205.10205
20241002114012,205.96982
20241002115012,204.58739
20241002120012,204.103
20241002121012,201.19188
20241002122012,199.30932
20241002123012,198.34502
20241002124012,198.40055
20241002125012,197.03378
20241002130012,199.87228
20241002131012,195.43932
20241002132012,194.55036
20241002133012,193.77139
20241002134012,191.94725
20241002135012,191.22612
20241002140012,188.64326
20241002141012,187.49816
20241002142012,187.68398
20241002143012,188.31768
20241002144012,188.57291
20241002145012,186.63261
20241002150012,185.94564
20241002151012,185.5963
20241002152012,184.73052
20241002153012,184.04668
20241002154012,183.76974
20241002155012,183.59641
20241002160012,248.69873
20241002161012,317.8956
20241002162012,397.07752
20241002163012,521.08089
20241002164012,634.01572
20241002165012,652.39576
