序號,答案
20240117090001,-7.93183
20240117091001,19.45798
20240117092001,45.28648
20240117093001,45.28648
20240117094001,-15.6408
20240117095001,-15.6408
20240117100001,18.86662
20240117101001,-17.56134
20240117102001,19.36372
20240117103001,19.36372
20240117104001,19.36372
20240117105001,19.36372
20240117110001,-17.56134
20240117111001,-17.56134
20240117112001,18.86662
20240117113001,18.86662
20240117114001,28.99321
20240117115001,-18.05843
20240117120001,28.99321
20240117121001,28.99321
20240117122001,18.86662
20240117123001,22.77886
20240117124001,19.36372
20240117125001,19.36372
20240117130001,-17.56134
20240117131001,-17.56134
20240117132001,-17.56134
20240117133001,-17.56134
20240117134001,-17.56134
20240117135001,-17.56134
20240117140001,19.36372
20240117141001,-17.56134
20240117142001,19.36372
20240117143001,19.36372
20240117144001,19.36372
20240117145001,19.36372
20240117150001,19.36372
20240117151001,19.36372
20240117152001,19.36372
20240117153001,19.36372
20240117154001,22.77886
20240117155001,19.36372
20240117160001,7.46255
20240117161001,-0.93691
20240117162001,-0.93691
20240117163001,-0.93691
20240117164001,-0.93691
20240117165001,-0.93691
20240119090001,-15.6408
20240119091001,-14.14618
20240119092001,28.99321
20240119093001,45.28648
20240119094001,45.28648
20240119095001,19.45798
20240119100001,19.36372
20240119101001,-17.56134
20240119102001,19.36372
20240119103001,19.36372
20240119104001,19.36372
20240119105001,19.36372
20240119110001,-17.56134
20240119111001,-17.56134
20240119112001,18.86662
20240119113001,18.86662
20240119114001,28.99321
20240119115001,-18.05843
20240119120001,28.99321
20240119121001,28.99321
20240119122001,18.86662
20240119123001,22.77886
20240119124001,19.36372
20240119125001,19.36372
20240119130001,-17.56134
20240119131001,-17.56134
20240119132001,-17.56134
20240119133001,-17.56134
20240119134001,-17.56134
20240119135001,-17.56134
20240119140001,19.36372
20240119141001,-17.56134
20240119142001,19.36372
20240119143001,19.36372
20240119144001,19.36372
20240119145001,19.36372
20240119150001,19.36372
20240119151001,19.36372
20240119152001,19.36372
20240119153001,19.36372
20240119154001,22.77886
20240119155001,19.36372
20240119160001,7.46255
20240119161001,-0.93691
20240119162001,-0.93691
20240119163001,-0.93691
20240119164001,-0.93691
20240119165001,-0.93691
20240224090001,82.21154
20240224091001,45.28648
20240224092001,45.28648
20240224093001,45.28648
20240224094001,19.45798
20240224095001,-15.6408
20240224100001,-15.6408
20240224101001,-18.05843
20240224102001,19.36372
20240224103001,19.36372
20240224104001,19.36372
20240224105001,19.36372
20240224110001,-17.56134
20240224111001,-17.56134
20240224112001,18.86662
20240224113001,18.86662
20240224114001,28.99321
20240224115001,-18.05843
20240224120001,28.99321
20240224121001,28.99321
20240224122001,18.86662
20240224123001,22.77886
20240224124001,19.36372
20240224125001,19.36372
20240224130001,-17.56134
20240224131001,-17.56134
20240224132001,-17.56134
20240224133001,-17.56134
20240224134001,-17.56134
20240224135001,-17.56134
20240224140001,19.36372
20240224141001,-17.56134
20240224142001,19.36372
20240224143001,19.36372
20240224144001,19.36372
20240224145001,19.36372
20240224150001,19.36372
20240224151001,19.36372
20240224152001,19.36372
20240224153001,19.36372
20240224154001,22.77886
20240224155001,19.36372
20240224160001,7.46255
20240224161001,-0.93691
20240224162001,-0.93691
20240224163001,-0.93691
20240224164001,-0.93691
20240224165001,-0.93691
20240226090001,82.21154
20240226091001,45.28648
20240226092001,45.28648
20240226093001,45.28648
20240226094001,45.28648
20240226095001,19.45798
20240226100001,-7.93183
20240226101001,-18.05843
20240226102001,-17.56134
20240226103001,19.36372
20240226104001,19.36372
20240226105001,19.36372
20240226110001,-17.56134
20240226111001,-17.56134
20240226112001,18.86662
20240226113001,18.86662
20240226114001,28.99321
20240226115001,-18.05843
20240226120001,28.99321
20240226121001,28.99321
20240226122001,18.86662
20240226123001,22.77886
20240226124001,19.36372
20240226125001,19.36372
20240226130001,-17.56134
20240226131001,-17.56134
20240226132001,-17.56134
20240226133001,-17.56134
20240226134001,-17.56134
20240226135001,-17.56134
20240226140001,19.36372
20240226141001,-17.56134
20240226142001,19.36372
20240226143001,19.36372
20240226144001,19.36372
20240226145001,19.36372
20240226150001,19.36372
20240226151001,19.36372
20240226152001,19.36372
20240226153001,19.36372
20240226154001,22.77886
20240226155001,19.36372
20240226160001,7.46255
20240226161001,-0.93691
20240226162001,-0.93691
20240226163001,-0.93691
20240226164001,-0.93691
20240226165001,-0.93691
20240327090001,98.78074
20240327091001,15.22344
20240327092001,15.22344
20240327093001,33.25772
20240327094001,80.80068
20240327095001,19.2961
20240327100001,19.45798
20240327101001,-17.56134
20240327102001,19.36372
20240327103001,19.36372
20240327104001,19.36372
20240327105001,19.36372
20240327110001,-17.56134
20240327111001,-17.56134
20240327112001,18.86662
20240327113001,18.86662
20240327114001,28.99321
20240327115001,-18.05843
20240327120001,28.99321
20240327121001,28.99321
20240327122001,18.86662
20240327123001,22.77886
20240327124001,19.36372
20240327125001,19.36372
20240327130001,-17.56134
20240327131001,-17.56134
20240327132001,-17.56134
20240327133001,-17.56134
20240327134001,-17.56134
20240327135001,-17.56134
20240327140001,19.36372
20240327141001,-17.56134
20240327142001,19.36372
20240327143001,19.36372
20240327144001,19.36372
20240327145001,19.36372
20240327150001,19.36372
20240327151001,19.36372
20240327152001,19.36372
20240327153001,19.36372
20240327154001,22.77886
20240327155001,19.36372
20240327160001,7.46255
20240327161001,-0.93691
20240327162001,-0.93691
20240327163001,-0.93691
20240327164001,-0.93691
20240327165001,-0.93691
20240329090001,62.0145
20240329091001,-19.87533
20240329092001,16.34396
20240329093001,25.96771
20240329094001,45.12459
20240329095001,19.45798
20240329100001,-15.6408
20240329101001,-14.14618
20240329102001,19.36372
20240329103001,19.36372
20240329104001,19.36372
20240329105001,19.36372
20240329110001,-17.56134
20240329111001,-17.56134
20240329112001,18.86662
20240329113001,18.86662
20240329114001,28.99321
20240329115001,-18.05843
20240329120001,28.99321
20240329121001,28.99321
20240329122001,18.86662
20240329123001,22.77886
20240329124001,19.36372
20240329125001,19.36372
20240329130001,-17.56134
20240329131001,-17.56134
20240329132001,-17.56134
20240329133001,-17.56134
20240329134001,-17.56134
20240329135001,-17.56134
20240329140001,19.36372
20240329141001,-17.56134
20240329142001,19.36372
20240329143001,19.36372
20240329144001,19.36372
20240329145001,19.36372
20240329150001,19.36372
20240329151001,19.36372
20240329152001,19.36372
20240329153001,19.36372
20240329154001,22.77886
20240329155001,19.36372
20240329160001,7.46255
20240329161001,-0.93691
20240329162001,-0.93691
20240329163001,-0.93691
20240329164001,-0.93691
20240329165001,-0.93691
20240428090001,62.0145
20240428091001,63.13502
20240428092001,62.0145
20240428093001,45.12459
20240428094001,45.12459
20240428095001,19.2961
20240428100001,21.28424
20240428101001,-17.56134
20240428102001,19.36372
20240428103001,19.36372
20240428104001,19.36372
20240428105001,19.36372
20240428110001,-17.56134
20240428111001,-17.56134
20240428112001,18.86662
20240428113001,18.86662
20240428114001,28.99321
20240428115001,-18.05843
20240428120001,28.99321
20240428121001,28.99321
20240428122001,18.86662
20240428123001,22.77886
20240428124001,19.36372
20240428125001,19.36372
20240428130001,-17.56134
20240428131001,-17.56134
20240428132001,-17.56134
20240428133001,-17.56134
20240428134001,-17.56134
20240428135001,-17.56134
20240428140001,19.36372
20240428141001,-17.56134
20240428142001,19.36372
20240428143001,19.36372
20240428144001,19.36372
20240428145001,19.36372
20240428150001,19.36372
20240428151001,19.36372
20240428152001,19.36372
20240428153001,19.36372
20240428154001,22.77886
20240428155001,19.36372
20240428160001,7.46255
20240428161001,-0.93691
20240428162001,-0.93691
20240428163001,-0.93691
20240428164001,-0.93691
20240428165001,-0.93691
20240430090001,44.65694
20240430091001,62.0145
20240430092001,63.13502
20240430093001,33.25772
20240430094001,80.80068
20240430095001,-15.6408
20240430100001,-15.6408
20240430101001,-17.56134
20240430102001,-17.56134
20240430103001,19.36372
20240430104001,19.36372
20240430105001,19.36372
20240430110001,-17.56134
20240430111001,-17.56134
20240430112001,18.86662
20240430113001,18.86662
20240430114001,28.99321
20240430115001,-18.05843
20240430120001,28.99321
20240430121001,28.99321
20240430122001,18.86662
20240430123001,22.77886
20240430124001,19.36372
20240430125001,19.36372
20240430130001,-17.56134
20240430131001,-17.56134
20240430132001,-17.56134
20240430133001,-17.56134
20240430134001,-17.56134
20240430135001,-17.56134
20240430140001,19.36372
20240430141001,-17.56134
20240430142001,19.36372
20240430143001,19.36372
20240430144001,19.36372
20240430145001,19.36372
20240430150001,19.36372
20240430151001,19.36372
20240430152001,19.36372
20240430153001,19.36372
20240430154001,22.77886
20240430155001,19.36372
20240430160001,7.46255
20240430161001,-0.93691
20240430162001,-0.93691
20240430163001,-0.93691
20240430164001,-0.93691
20240430165001,-0.93691
20240515090001,63.13502
20240515091001,-19.87533
20240515092001,-19.87533
20240515093001,79.68016
20240515094001,79.68016
20240515095001,-46.69552
20240515100001,-46.69552
20240515101001,-17.56134
20240515102001,-17.56134
20240515103001,19.36372
20240515104001,19.36372
20240515105001,19.36372
20240515110001,-17.56134
20240515111001,-17.56134
20240515112001,18.86662
20240515113001,18.86662
20240515114001,28.99321
20240515115001,-18.05843
20240515120001,28.99321
20240515121001,28.99321
20240515122001,18.86662
20240515123001,22.77886
20240515124001,19.36372
20240515125001,19.36372
20240515130001,-17.56134
20240515131001,-17.56134
20240515132001,-17.56134
20240515133001,-17.56134
20240515134001,-17.56134
20240515135001,-17.56134
20240515140001,19.36372
20240515141001,-17.56134
20240515142001,19.36372
20240515143001,19.36372
20240515144001,19.36372
20240515145001,19.36372
20240515150001,19.36372
20240515151001,19.36372
20240515152001,19.36372
20240515153001,19.36372
20240515154001,22.77886
20240515155001,19.36372
20240515160001,7.46255
20240515161001,-0.93691
20240515162001,-0.93691
20240515163001,-0.93691
20240515164001,-0.93691
20240515165001,-0.93691
20240520090001,63.13502
20240520091001,62.0145
20240520092001,-12.32812
20240520093001,45.12459
20240520094001,45.12459
20240520095001,19.2961
20240520100001,-15.6408
20240520101001,-17.56134
20240520102001,19.36372
20240520103001,19.36372
20240520104001,19.36372
20240520105001,19.36372
20240520110001,-17.56134
20240520111001,-17.56134
20240520112001,18.86662
20240520113001,18.86662
20240520114001,28.99321
20240520115001,-18.05843
20240520120001,28.99321
20240520121001,28.99321
20240520122001,18.86662
20240520123001,22.77886
20240520124001,19.36372
20240520125001,19.36372
20240520130001,-17.56134
20240520131001,-17.56134
20240520132001,-17.56134
20240520133001,-17.56134
20240520134001,-17.56134
20240520135001,-17.56134
20240520140001,19.36372
20240520141001,-17.56134
20240520142001,19.36372
20240520143001,19.36372
20240520144001,19.36372
20240520145001,19.36372
20240520150001,19.36372
20240520151001,19.36372
20240520152001,19.36372
20240520153001,19.36372
20240520154001,22.77886
20240520155001,19.36372
20240520160001,7.46255
20240520161001,-0.93691
20240520162001,-0.93691
20240520163001,-0.93691
20240520164001,-0.93691
20240520165001,-0.93691
20240613090001,98.78074
20240613091001,-22.29297
20240613092001,-19.87533
20240613093001,16.34396
20240613094001,80.80068
20240613095001,19.45798
20240613100001,56.38305
20240613101001,-14.14618
20240613102001,19.36372
20240613103001,19.36372
20240613104001,19.36372
20240613105001,19.36372
20240613110001,-17.56134
20240613111001,-17.56134
20240613112001,18.86662
20240613113001,18.86662
20240613114001,28.99321
20240613115001,-18.05843
20240613120001,28.99321
20240613121001,28.99321
20240613122001,18.86662
20240613123001,22.77886
20240613124001,19.36372
20240613125001,19.36372
20240613130001,-17.56134
20240613131001,-17.56134
20240613132001,-17.56134
20240613133001,-17.56134
20240613134001,-17.56134
20240613135001,-17.56134
20240613140001,19.36372
20240613141001,-17.56134
20240613142001,19.36372
20240613143001,19.36372
20240613144001,19.36372
20240613145001,19.36372
20240613150001,19.36372
20240613151001,19.36372
20240613152001,19.36372
20240613153001,19.36372
20240613154001,22.77886
20240613155001,19.36372
20240613160001,7.46255
20240613161001,-0.93691
20240613162001,-0.93691
20240613163001,-0.93691
20240613164001,-0.93691
20240613165001,-0.93691
20240615090001,34.32206
20240615091001,-19.87533
20240615092001,63.13502
20240615093001,32.13721
20240615094001,62.0145
20240615095001,-18.05843
20240615100001,15.22344
20240615101001,-17.56134
20240615102001,19.36372
20240615103001,-17.56134
20240615104001,19.36372
20240615105001,19.36372
20240615110001,-17.56134
20240615111001,-17.56134
20240615112001,18.86662
20240615113001,18.86662
20240615114001,28.99321
20240615115001,-18.05843
20240615120001,28.99321
20240615121001,28.99321
20240615122001,18.86662
20240615123001,22.77886
20240615124001,19.36372
20240615125001,19.36372
20240615130001,-17.56134
20240615131001,-17.56134
20240615132001,-17.56134
20240615133001,-17.56134
20240615134001,-17.56134
20240615135001,-17.56134
20240615140001,19.36372
20240615141001,-17.56134
20240615142001,19.36372
20240615143001,19.36372
20240615144001,19.36372
20240615145001,19.36372
20240615150001,19.36372
20240615151001,19.36372
20240615152001,19.36372
20240615153001,19.36372
20240615154001,22.77886
20240615155001,19.36372
20240615160001,7.46255
20240615161001,-0.93691
20240615162001,-0.93691
20240615163001,-0.93691
20240615164001,-0.93691
20240615165001,-0.93691
20240703090001,34.32206
20240703091001,15.22344
20240703092001,62.0145
20240703093001,63.13502
20240703094001,79.68016
20240703095001,-15.6408
20240703100001,26.68831
20240703101001,-17.56134
20240703102001,19.36372
20240703103001,-17.56134
20240703104001,19.36372
20240703105001,19.36372
20240703110001,-17.56134
20240703111001,-17.56134
20240703112001,18.86662
20240703113001,18.86662
20240703114001,28.99321
20240703115001,-18.05843
20240703120001,28.99321
20240703121001,28.99321
20240703122001,18.86662
20240703123001,22.77886
20240703124001,19.36372
20240703125001,19.36372
20240703130001,-17.56134
20240703131001,-17.56134
20240703132001,-17.56134
20240703133001,-17.56134
20240703134001,-17.56134
20240703135001,-17.56134
20240703140001,19.36372
20240703141001,-17.56134
20240703142001,19.36372
20240703143001,19.36372
20240703144001,19.36372
20240703145001,19.36372
20240703150001,19.36372
20240703151001,19.36372
20240703152001,19.36372
20240703153001,19.36372
20240703154001,22.77886
20240703155001,19.36372
20240703160001,7.46255
20240703161001,-0.93691
20240703162001,-0.93691
20240703163001,-0.93691
20240703164001,-0.93691
20240703165001,-0.93691
20240707090001,34.32206
20240707091001,-19.87533
20240707092001,62.0145
20240707093001,32.13721
20240707094001,79.68016
20240707095001,-15.6408
20240707100001,32.13721
20240707101001,-17.56134
20240707102001,19.36372
20240707103001,-17.56134
20240707104001,19.36372
20240707105001,19.36372
20240707110001,-17.56134
20240707111001,-17.56134
20240707112001,18.86662
20240707113001,18.86662
20240707114001,28.99321
20240707115001,-18.05843
20240707120001,28.99321
20240707121001,28.99321
20240707122001,18.86662
20240707123001,22.77886
20240707124001,19.36372
20240707125001,19.36372
20240707130001,-17.56134
20240707131001,-17.56134
20240707132001,-17.56134
20240707133001,-17.56134
20240707134001,-17.56134
20240707135001,-17.56134
20240707140001,19.36372
20240707141001,-17.56134
20240707142001,19.36372
20240707143001,19.36372
20240707144001,19.36372
20240707145001,19.36372
20240707150001,19.36372
20240707151001,19.36372
20240707152001,19.36372
20240707153001,19.36372
20240707154001,22.77886
20240707155001,19.36372
20240707160001,7.46255
20240707161001,-0.93691
20240707162001,-0.93691
20240707163001,-0.93691
20240707164001,-0.93691
20240707165001,-0.93691
20240125090002,21.28424
20240125091002,-7.93183
20240125092002,45.28648
20240125093002,45.28648
20240125094002,19.2961
20240125095002,-27.53867
20240125100002,-27.53867
20240125101002,22.77886
20240125102002,-17.56134
20240125103002,19.36372
20240125104002,19.36372
20240125105002,19.36372
20240125110002,-17.56134
20240125111002,-17.56134
20240125112002,18.86662
20240125113002,18.86662
20240125114002,28.99321
20240125115002,-18.05843
20240125120002,28.99321
20240125121002,28.99321
20240125122002,18.86662
20240125123002,22.77886
20240125124002,19.36372
20240125125002,19.36372
20240125130002,-17.56134
20240125131002,-17.56134
20240125132002,-17.56134
20240125133002,-17.56134
20240125134002,-17.56134
20240125135002,-17.56134
20240125140002,19.36372
20240125141002,-17.56134
20240125142002,19.36372
20240125143002,19.36372
20240125144002,19.36372
20240125145002,19.36372
20240125150002,19.36372
20240125151002,19.36372
20240125152002,19.36372
20240125153002,19.36372
20240125154002,22.77886
20240125155002,19.36372
20240125160002,7.46255
20240125161002,-0.93691
20240125162002,-0.93691
20240125163002,-0.93691
20240125164002,-0.93691
20240125165002,-0.93691
20240128090002,21.28424
20240128091002,56.38305
20240128092002,45.28648
20240128093002,19.45798
20240128094002,19.45798
20240128095002,19.2961
20240128100002,-15.6408
20240128101002,28.99321
20240128102002,19.36372
20240128103002,19.36372
20240128104002,19.36372
20240128105002,19.36372
20240128110002,-17.56134
20240128111002,-17.56134
20240128112002,18.86662
20240128113002,18.86662
20240128114002,28.99321
20240128115002,-18.05843
20240128120002,28.99321
20240128121002,28.99321
20240128122002,18.86662
20240128123002,22.77886
20240128124002,19.36372
20240128125002,19.36372
20240128130002,-17.56134
20240128131002,-17.56134
20240128132002,-17.56134
20240128133002,-17.56134
20240128134002,-17.56134
20240128135002,-17.56134
20240128140002,19.36372
20240128141002,-17.56134
20240128142002,19.36372
20240128143002,19.36372
20240128144002,19.36372
20240128145002,19.36372
20240128150002,19.36372
20240128151002,19.36372
20240128152002,19.36372
20240128153002,19.36372
20240128154002,22.77886
20240128155002,19.36372
20240128160002,7.46255
20240128161002,-0.93691
20240128162002,-0.93691
20240128163002,-0.93691
20240128164002,-0.93691
20240128165002,-0.93691
20240213090002,-41.36038
20240213091002,-49.75984
20240213092002,-49.75984
20240213093002,-19.8297
20240213094002,-29.9563
20240213095002,-18.05843
20240213100002,-41.36038
20240213101002,-17.56134
20240213102002,-17.56134
20240213103002,-17.56134
20240213104002,19.36372
20240213105002,19.36372
20240213110002,-17.56134
20240213111002,-17.56134
20240213112002,18.86662
20240213113002,18.86662
20240213114002,28.99321
20240213115002,-18.05843
20240213120002,28.99321
20240213121002,28.99321
20240213122002,18.86662
20240213123002,22.77886
20240213124002,19.36372
20240213125002,19.36372
20240213130002,-17.56134
20240213131002,-17.56134
20240213132002,-17.56134
20240213133002,-17.56134
20240213134002,-17.56134
20240213135002,-17.56134
20240213140002,19.36372
20240213141002,-17.56134
20240213142002,19.36372
20240213143002,19.36372
20240213144002,19.36372
20240213145002,19.36372
20240213150002,19.36372
20240213151002,19.36372
20240213152002,19.36372
20240213153002,19.36372
20240213154002,22.77886
20240213155002,19.36372
20240213160002,7.46255
20240213161002,-0.93691
20240213162002,-0.93691
20240213163002,-0.93691
20240213164002,-0.93691
20240213165002,-0.93691
20240226090002,56.38305
20240226091002,-7.93183
20240226092002,45.28648
20240226093002,19.45798
20240226094002,-15.6408
20240226095002,-27.53867
20240226100002,-19.8297
20240226101002,-14.14618
20240226102002,19.36372
20240226103002,19.36372
20240226104002,19.36372
20240226105002,19.36372
20240226110002,-17.56134
20240226111002,-17.56134
20240226112002,18.86662
20240226113002,18.86662
20240226114002,28.99321
20240226115002,-18.05843
20240226120002,28.99321
20240226121002,28.99321
20240226122002,18.86662
20240226123002,22.77886
20240226124002,19.36372
20240226125002,19.36372
20240226130002,-17.56134
20240226131002,-17.56134
20240226132002,-17.56134
20240226133002,-17.56134
20240226134002,-17.56134
20240226135002,-17.56134
20240226140002,19.36372
20240226141002,-17.56134
20240226142002,19.36372
20240226143002,19.36372
20240226144002,19.36372
20240226145002,19.36372
20240226150002,19.36372
20240226151002,19.36372
20240226152002,19.36372
20240226153002,19.36372
20240226154002,22.77886
20240226155002,19.36372
20240226160002,7.46255
20240226161002,-0.93691
20240226162002,-0.93691
20240226163002,-0.93691
20240226164002,-0.93691
20240226165002,-0.93691
20240319090002,16.8909
20240319091002,14.47327
20240319092002,-30.49079
20240319093002,15.22344
20240319094002,0.13925
20240319095002,45.12459
20240319100002,-27.53867
20240319101002,18.86662
20240319102002,19.36372
20240319103002,19.36372
20240319104002,19.36372
20240319105002,19.36372
20240319110002,-17.56134
20240319111002,-17.56134
20240319112002,18.86662
20240319113002,18.86662
20240319114002,28.99321
20240319115002,-18.05843
20240319120002,28.99321
20240319121002,28.99321
20240319122002,18.86662
20240319123002,22.77886
20240319124002,19.36372
20240319125002,19.36372
20240319130002,-17.56134
20240319131002,-17.56134
20240319132002,-17.56134
20240319133002,-17.56134
20240319134002,-17.56134
20240319135002,-17.56134
20240319140002,19.36372
20240319141002,-17.56134
20240319142002,19.36372
20240319143002,19.36372
20240319144002,19.36372
20240319145002,19.36372
20240319150002,19.36372
20240319151002,19.36372
20240319152002,19.36372
20240319153002,19.36372
20240319154002,22.77886
20240319155002,19.36372
20240319160002,7.46255
20240319161002,-0.93691
20240319162002,-0.93691
20240319163002,-0.93691
20240319164002,-0.93691
20240319165002,-0.93691
20240427090002,51.98968
20240427091002,-21.79586
20240427092002,-9.91049
20240427093002,0.13925
20240427094002,19.2961
20240427095002,-27.53867
20240427100002,18.86662
20240427101002,-17.56134
20240427102002,19.36372
20240427103002,19.36372
20240427104002,19.36372
20240427105002,19.36372
20240427110002,-17.56134
20240427111002,-17.56134
20240427112002,18.86662
20240427113002,18.86662
20240427114002,28.99321
20240427115002,-18.05843
20240427120002,28.99321
20240427121002,28.99321
20240427122002,18.86662
20240427123002,22.77886
20240427124002,19.36372
20240427125002,19.36372
20240427130002,-17.56134
20240427131002,-17.56134
20240427132002,-17.56134
20240427133002,-17.56134
20240427134002,-17.56134
20240427135002,-17.56134
20240427140002,19.36372
20240427141002,-17.56134
20240427142002,19.36372
20240427143002,19.36372
20240427144002,19.36372
20240427145002,19.36372
20240427150002,19.36372
20240427151002,19.36372
20240427152002,19.36372
20240427153002,19.36372
20240427154002,22.77886
20240427155002,19.36372
20240427160002,7.46255
20240427161002,-0.93691
20240427162002,-0.93691
20240427163002,-0.93691
20240427164002,-0.93691
20240427165002,-0.93691
20240508090002,-18.38071
20240508091002,-32.41133
20240508092002,-18.38071
20240508093002,0.13925
20240508094002,19.2961
20240508095002,-27.53867
20240508100002,22.77886
20240508101002,-17.56134
20240508102002,19.36372
20240508103002,19.36372
20240508104002,19.36372
20240508105002,19.36372
20240508110002,-17.56134
20240508111002,-17.56134
20240508112002,18.86662
20240508113002,18.86662
20240508114002,28.99321
20240508115002,-18.05843
20240508120002,28.99321
20240508121002,28.99321
20240508122002,18.86662
20240508123002,22.77886
20240508124002,19.36372
20240508125002,19.36372
20240508130002,-17.56134
20240508131002,-17.56134
20240508132002,-17.56134
20240508133002,-17.56134
20240508134002,-17.56134
20240508135002,-17.56134
20240508140002,19.36372
20240508141002,-17.56134
20240508142002,19.36372
20240508143002,19.36372
20240508144002,19.36372
20240508145002,19.36372
20240508150002,19.36372
20240508151002,19.36372
20240508152002,19.36372
20240508153002,19.36372
20240508154002,22.77886
20240508155002,19.36372
20240508160002,7.46255
20240508161002,-0.93691
20240508162002,-0.93691
20240508163002,-0.93691
20240508164002,-0.93691
20240508165002,-0.93691
20240705090002,34.32206
20240705091002,-19.87533
20240705092002,62.0145
20240705093002,15.22344
20240705094002,0.30113
20240705095002,19.45798
20240705100002,32.13721
20240705101002,-17.56134
20240705102002,19.36372
20240705103002,-17.56134
20240705104002,19.36372
20240705105002,19.36372
20240705110002,-17.56134
20240705111002,-17.56134
20240705112002,18.86662
20240705113002,18.86662
20240705114002,28.99321
20240705115002,-18.05843
20240705120002,28.99321
20240705121002,28.99321
20240705122002,18.86662
20240705123002,22.77886
20240705124002,19.36372
20240705125002,19.36372
20240705130002,-17.56134
20240705131002,-17.56134
20240705132002,-17.56134
20240705133002,-17.56134
20240705134002,-17.56134
20240705135002,-17.56134
20240705140002,19.36372
20240705141002,-17.56134
20240705142002,19.36372
20240705143002,19.36372
20240705144002,19.36372
20240705145002,19.36372
20240705150002,19.36372
20240705151002,19.36372
20240705152002,19.36372
20240705153002,19.36372
20240705154002,22.77886
20240705155002,19.36372
20240705160002,7.46255
20240705161002,-0.93691
20240705162002,-0.93691
20240705163002,-0.93691
20240705164002,-0.93691
20240705165002,-0.93691
20240707090002,34.32206
20240707091002,-19.87533
20240707092002,62.0145
20240707093002,62.0145
20240707094002,32.13721
20240707095002,19.45798
20240707100002,32.13721
20240707101002,-17.56134
20240707102002,19.36372
20240707103002,-17.56134
20240707104002,19.36372
20240707105002,19.36372
20240707110002,-17.56134
20240707111002,-17.56134
20240707112002,18.86662
20240707113002,18.86662
20240707114002,28.99321
20240707115002,-18.05843
20240707120002,28.99321
20240707121002,28.99321
20240707122002,18.86662
20240707123002,22.77886
20240707124002,19.36372
20240707125002,19.36372
20240707130002,-17.56134
20240707131002,-17.56134
20240707132002,-17.56134
20240707133002,-17.56134
20240707134002,-17.56134
20240707135002,-17.56134
20240707140002,19.36372
20240707141002,-17.56134
20240707142002,19.36372
20240707143002,19.36372
20240707144002,19.36372
20240707145002,19.36372
20240707150002,19.36372
20240707151002,19.36372
20240707152002,19.36372
20240707153002,19.36372
20240707154002,22.77886
20240707155002,19.36372
20240707160002,7.46255
20240707161002,-0.93691
20240707162002,-0.93691
20240707163002,-0.93691
20240707164002,-0.93691
20240707165002,-0.93691
20240317090003,13.03479
20240317091003,-20.2399
20240317092003,16.52634
20240317093003,-32.90843
20240317094003,-22.44649
20240317095003,-38.98656
20240317100003,-37.86197
20240317101003,-17.56134
20240317102003,-17.56134
20240317103003,-17.56134
20240317104003,19.36372
20240317105003,19.36372
20240317110003,-17.56134
20240317111003,-17.56134
20240317112003,18.86662
20240317113003,18.86662
20240317114003,28.99321
20240317115003,-18.05843
20240317120003,28.99321
20240317121003,28.99321
20240317122003,18.86662
20240317123003,22.77886
20240317124003,19.36372
20240317125003,19.36372
20240317130003,-17.56134
20240317131003,-17.56134
20240317132003,-17.56134
20240317133003,-17.56134
20240317134003,-17.56134
20240317135003,-17.56134
20240317140003,19.36372
20240317141003,-17.56134
20240317142003,19.36372
20240317143003,19.36372
20240317144003,19.36372
20240317145003,19.36372
20240317150003,19.36372
20240317151003,19.36372
20240317152003,19.36372
20240317153003,19.36372
20240317154003,22.77886
20240317155003,19.36372
20240317160003,7.46255
20240317161003,-0.93691
20240317162003,-0.93691
20240317163003,-0.93691
20240317164003,-0.93691
20240317165003,-0.93691
20240414090003,44.65694
20240414091003,-19.87533
20240414092003,15.22344
20240414093003,79.68016
20240414094003,26.12959
20240414095003,-27.53867
20240414100003,-27.53867
20240414101003,-29.4592
20240414102003,-17.56134
20240414103003,19.36372
20240414104003,19.36372
20240414105003,19.36372
20240414110003,-17.56134
20240414111003,-17.56134
20240414112003,18.86662
20240414113003,18.86662
20240414114003,28.99321
20240414115003,-18.05843
20240414120003,28.99321
20240414121003,28.99321
20240414122003,18.86662
20240414123003,22.77886
20240414124003,19.36372
20240414125003,19.36372
20240414130003,-17.56134
20240414131003,-17.56134
20240414132003,-17.56134
20240414133003,-17.56134
20240414134003,-17.56134
20240414135003,-17.56134
20240414140003,19.36372
20240414141003,-17.56134
20240414142003,19.36372
20240414143003,19.36372
20240414144003,19.36372
20240414145003,19.36372
20240414150003,19.36372
20240414151003,19.36372
20240414152003,19.36372
20240414153003,19.36372
20240414154003,22.77886
20240414155003,19.36372
20240414160003,7.46255
20240414161003,-0.93691
20240414162003,-0.93691
20240414163003,-0.93691
20240414164003,-0.93691
20240414165003,-0.93691
20240524090003,62.0145
20240524091003,16.34396
20240524092003,79.68016
20240524093003,45.28648
20240524094003,45.12459
20240524095003,19.45798
20240524100003,28.99321
20240524101003,-14.14618
20240524102003,19.36372
20240524103003,19.36372
20240524104003,19.36372
20240524105003,19.36372
20240524110003,-17.56134
20240524111003,-17.56134
20240524112003,18.86662
20240524113003,18.86662
20240524114003,28.99321
20240524115003,-18.05843
20240524120003,28.99321
20240524121003,28.99321
20240524122003,18.86662
20240524123003,22.77886
20240524124003,19.36372
20240524125003,19.36372
20240524130003,-17.56134
20240524131003,-17.56134
20240524132003,-17.56134
20240524133003,-17.56134
20240524134003,-17.56134
20240524135003,-17.56134
20240524140003,19.36372
20240524141003,-17.56134
20240524142003,19.36372
20240524143003,19.36372
20240524144003,19.36372
20240524145003,19.36372
20240524150003,19.36372
20240524151003,19.36372
20240524152003,19.36372
20240524153003,19.36372
20240524154003,22.77886
20240524155003,19.36372
20240524160003,7.46255
20240524161003,-0.93691
20240524162003,-0.93691
20240524163003,-0.93691
20240524164003,-0.93691
20240524165003,-0.93691
20240526090003,62.0145
20240526091003,15.22344
20240526092003,-9.91049
20240526093003,45.12459
20240526094003,45.12459
20240526095003,19.45798
20240526100003,-15.6408
20240526101003,-17.56134
20240526102003,19.36372
20240526103003,19.36372
20240526104003,19.36372
20240526105003,19.36372
20240526110003,-17.56134
20240526111003,-17.56134
20240526112003,18.86662
20240526113003,18.86662
20240526114003,28.99321
20240526115003,-18.05843
20240526120003,28.99321
20240526121003,28.99321
20240526122003,18.86662
20240526123003,22.77886
20240526124003,19.36372
20240526125003,19.36372
20240526130003,-17.56134
20240526131003,-17.56134
20240526132003,-17.56134
20240526133003,-17.56134
20240526134003,-17.56134
20240526135003,-17.56134
20240526140003,19.36372
20240526141003,-17.56134
20240526142003,19.36372
20240526143003,19.36372
20240526144003,19.36372
20240526145003,19.36372
20240526150003,19.36372
20240526151003,19.36372
20240526152003,19.36372
20240526153003,19.36372
20240526154003,22.77886
20240526155003,19.36372
20240526160003,7.46255
20240526161003,-0.93691
20240526162003,-0.93691
20240526163003,-0.93691
20240526164003,-0.93691
20240526165003,-0.93691
20240603090003,98.78074
20240603091003,16.8909
20240603092003,63.13502
20240603093003,16.34396
20240603094003,63.13502
20240603095003,45.28648
20240603100003,21.28424
20240603101003,22.77886
20240603102003,19.36372
20240603103003,19.36372
20240603104003,19.36372
20240603105003,19.36372
20240603110003,-17.56134
20240603111003,-17.56134
20240603112003,18.86662
20240603113003,18.86662
20240603114003,28.99321
20240603115003,-18.05843
20240603120003,28.99321
20240603121003,28.99321
20240603122003,18.86662
20240603123003,22.77886
20240603124003,19.36372
20240603125003,19.36372
20240603130003,-17.56134
20240603131003,-17.56134
20240603132003,-17.56134
20240603133003,-17.56134
20240603134003,-17.56134
20240603135003,-17.56134
20240603140003,19.36372
20240603141003,-17.56134
20240603142003,19.36372
20240603143003,19.36372
20240603144003,19.36372
20240603145003,19.36372
20240603150003,19.36372
20240603151003,19.36372
20240603152003,19.36372
20240603153003,19.36372
20240603154003,22.77886
20240603155003,19.36372
20240603160003,7.46255
20240603161003,-0.93691
20240603162003,-0.93691
20240603163003,-0.93691
20240603164003,-0.93691
20240603165003,-0.93691
20240620090003,44.65694
20240620091003,-19.87533
20240620092003,63.13502
20240620093003,-9.91049
20240620094003,62.0145
20240620095003,-15.6408
20240620100003,-9.91049
20240620101003,-17.56134
20240620102003,-17.56134
20240620103003,19.36372
20240620104003,19.36372
20240620105003,19.36372
20240620110003,-17.56134
20240620111003,-17.56134
20240620112003,18.86662
20240620113003,18.86662
20240620114003,28.99321
20240620115003,-18.05843
20240620120003,28.99321
20240620121003,28.99321
20240620122003,18.86662
20240620123003,22.77886
20240620124003,19.36372
20240620125003,19.36372
20240620130003,-17.56134
20240620131003,-17.56134
20240620132003,-17.56134
20240620133003,-17.56134
20240620134003,-17.56134
20240620135003,-17.56134
20240620140003,19.36372
20240620141003,-17.56134
20240620142003,19.36372
20240620143003,19.36372
20240620144003,19.36372
20240620145003,19.36372
20240620150003,19.36372
20240620151003,19.36372
20240620152003,19.36372
20240620153003,19.36372
20240620154003,22.77886
20240620155003,19.36372
20240620160003,7.46255
20240620161003,-0.93691
20240620162003,-0.93691
20240620163003,-0.93691
20240620164003,-0.93691
20240620165003,-0.93691
20240420090004,-38.2248
20240420091004,-1.76935
20240420092004,-20.2399
20240420093004,-11.83102
20240420094004,-37.86197
20240420095004,-17.56134
20240420100004,-37.86197
20240420101004,-17.56134
20240420102004,-17.56134
20240420103004,19.36372
20240420104004,19.36372
20240420105004,19.36372
20240420110004,-17.56134
20240420111004,-17.56134
20240420112004,18.86662
20240420113004,18.86662
20240420114004,28.99321
20240420115004,-18.05843
20240420120004,28.99321
20240420121004,28.99321
20240420122004,18.86662
20240420123004,22.77886
20240420124004,19.36372
20240420125004,19.36372
20240420130004,-17.56134
20240420131004,-17.56134
20240420132004,-17.56134
20240420133004,-17.56134
20240420134004,-17.56134
20240420135004,-17.56134
20240420140004,19.36372
20240420141004,-17.56134
20240420142004,19.36372
20240420143004,19.36372
20240420144004,19.36372
20240420145004,19.36372
20240420150004,19.36372
20240420151004,19.36372
20240420152004,19.36372
20240420153004,19.36372
20240420154004,22.77886
20240420155004,19.36372
20240420160004,7.46255
20240420161004,-0.93691
20240420162004,-0.93691
20240420163004,-0.93691
20240420164004,-0.93691
20240420165004,-0.93691
20240422090004,-53.18254
20240422091004,-20.2399
20240422092004,-23.73144
20240422093004,-12.32812
20240422094004,-36.71819
20240422095004,-26.04406
20240422100004,-41.36038
20240422101004,-17.56134
20240422102004,-17.56134
20240422103004,19.36372
20240422104004,19.36372
20240422105004,19.36372
20240422110004,-17.56134
20240422111004,-17.56134
20240422112004,18.86662
20240422113004,18.86662
20240422114004,28.99321
20240422115004,-18.05843
20240422120004,28.99321
20240422121004,28.99321
20240422122004,18.86662
20240422123004,22.77886
20240422124004,19.36372
20240422125004,19.36372
20240422130004,-17.56134
20240422131004,-17.56134
20240422132004,-17.56134
20240422133004,-17.56134
20240422134004,-17.56134
20240422135004,-17.56134
20240422140004,19.36372
20240422141004,-17.56134
20240422142004,19.36372
20240422143004,19.36372
20240422144004,19.36372
20240422145004,19.36372
20240422150004,19.36372
20240422151004,19.36372
20240422152004,19.36372
20240422153004,19.36372
20240422154004,22.77886
20240422155004,19.36372
20240422160004,7.46255
20240422161004,-0.93691
20240422162004,-0.93691
20240422163004,-0.93691
20240422164004,-0.93691
20240422165004,-0.93691
20240513090004,27.99255
20240513091004,14.97037
20240513092004,-32.41133
20240513093004,-2.20152
20240513094004,-27.53867
20240513095004,-27.53867
20240513100004,-18.05843
20240513101004,-18.05843
20240513102004,19.36372
20240513103004,19.36372
20240513104004,19.36372
20240513105004,19.36372
20240513110004,-17.56134
20240513111004,-17.56134
20240513112004,18.86662
20240513113004,18.86662
20240513114004,28.99321
20240513115004,-18.05843
20240513120004,28.99321
20240513121004,28.99321
20240513122004,18.86662
20240513123004,22.77886
20240513124004,19.36372
20240513125004,19.36372
20240513130004,-17.56134
20240513131004,-17.56134
20240513132004,-17.56134
20240513133004,-17.56134
20240513134004,-17.56134
20240513135004,-17.56134
20240513140004,19.36372
20240513141004,-17.56134
20240513142004,19.36372
20240513143004,19.36372
20240513144004,19.36372
20240513145004,19.36372
20240513150004,19.36372
20240513151004,19.36372
20240513152004,19.36372
20240513153004,19.36372
20240513154004,22.77886
20240513155004,19.36372
20240513160004,7.46255
20240513161004,-0.93691
20240513162004,-0.93691
20240513163004,-0.93691
20240513164004,-0.93691
20240513165004,-0.93691
20240515090004,-36.5653
20240515091004,-20.2399
20240515092004,24.92579
20240515093004,-22.29297
20240515094004,-11.83102
20240515095004,-48.61606
20240515100004,-60.51722
20240515101004,-29.4625
20240515102004,-17.56134
20240515103004,19.36372
20240515104004,19.36372
20240515105004,19.36372
20240515110004,-17.56134
20240515111004,-17.56134
20240515112004,18.86662
20240515113004,18.86662
20240515114004,28.99321
20240515115004,-18.05843
20240515120004,28.99321
20240515121004,28.99321
20240515122004,18.86662
20240515123004,22.77886
20240515124004,19.36372
20240515125004,19.36372
20240515130004,-17.56134
20240515131004,-17.56134
20240515132004,-17.56134
20240515133004,-17.56134
20240515134004,-17.56134
20240515135004,-17.56134
20240515140004,19.36372
20240515141004,-17.56134
20240515142004,19.36372
20240515143004,19.36372
20240515144004,19.36372
20240515145004,19.36372
20240515150004,19.36372
20240515151004,19.36372
20240515152004,19.36372
20240515153004,19.36372
20240515154004,22.77886
20240515155004,19.36372
20240515160004,7.46255
20240515161004,-0.93691
20240515162004,-0.93691
20240515163004,-0.93691
20240515164004,-0.93691
20240515165004,-0.93691
20240629090004,34.32206
20240629091004,15.22344
20240629092004,15.22344
20240629093004,0.30113
20240629094004,32.13721
20240629095004,-15.6408
20240629100004,32.13721
20240629101004,-17.56134
20240629102004,19.36372
20240629103004,-17.56134
20240629104004,19.36372
20240629105004,19.36372
20240629110004,-17.56134
20240629111004,-17.56134
20240629112004,18.86662
20240629113004,18.86662
20240629114004,28.99321
20240629115004,-18.05843
20240629120004,28.99321
20240629121004,28.99321
20240629122004,18.86662
20240629123004,22.77886
20240629124004,19.36372
20240629125004,19.36372
20240629130004,-17.56134
20240629131004,-17.56134
20240629132004,-17.56134
20240629133004,-17.56134
20240629134004,-17.56134
20240629135004,-17.56134
20240629140004,19.36372
20240629141004,-17.56134
20240629142004,19.36372
20240629143004,19.36372
20240629144004,19.36372
20240629145004,19.36372
20240629150004,19.36372
20240629151004,19.36372
20240629152004,19.36372
20240629153004,19.36372
20240629154004,22.77886
20240629155004,19.36372
20240629160004,7.46255
20240629161004,-0.93691
20240629162004,-0.93691
20240629163004,-0.93691
20240629164004,-0.93691
20240629165004,-0.93691
20240704090004,34.32206
20240704091004,15.22344
20240704092004,62.0145
20240704093004,116.27896
20240704094004,32.13721
20240704095004,56.38305
20240704100004,32.13721
20240704101004,-17.56134
20240704102004,19.36372
20240704103004,-17.56134
20240704104004,19.36372
20240704105004,19.36372
20240704110004,-17.56134
20240704111004,-17.56134
20240704112004,18.86662
20240704113004,18.86662
20240704114004,28.99321
20240704115004,-18.05843
20240704120004,28.99321
20240704121004,28.99321
20240704122004,18.86662
20240704123004,22.77886
20240704124004,19.36372
20240704125004,19.36372
20240704130004,-17.56134
20240704131004,-17.56134
20240704132004,-17.56134
20240704133004,-17.56134
20240704134004,-17.56134
20240704135004,-17.56134
20240704140004,19.36372
20240704141004,-17.56134
20240704142004,19.36372
20240704143004,19.36372
20240704144004,19.36372
20240704145004,19.36372
20240704150004,19.36372
20240704151004,19.36372
20240704152004,19.36372
20240704153004,19.36372
20240704154004,22.77886
20240704155004,19.36372
20240704160004,7.46255
20240704161004,-0.93691
20240704162004,-0.93691
20240704163004,-0.93691
20240704164004,-0.93691
20240704165004,-0.93691
20240509090005,98.78074
20240509091005,15.22344
20240509092005,-19.87533
20240509093005,33.25772
20240509094005,80.80068
20240509095005,45.12459
20240509100005,19.45798
20240509101005,-17.56134
20240509102005,19.36372
20240509103005,19.36372
20240509104005,19.36372
20240509105005,19.36372
20240509110005,-17.56134
20240509111005,-17.56134
20240509112005,18.86662
20240509113005,18.86662
20240509114005,28.99321
20240509115005,-18.05843
20240509120005,28.99321
20240509121005,28.99321
20240509122005,18.86662
20240509123005,22.77886
20240509124005,19.36372
20240509125005,19.36372
20240509130005,-17.56134
20240509131005,-17.56134
20240509132005,-17.56134
20240509133005,-17.56134
20240509134005,-17.56134
20240509135005,-17.56134
20240509140005,19.36372
20240509141005,-17.56134
20240509142005,19.36372
20240509143005,19.36372
20240509144005,19.36372
20240509145005,19.36372
20240509150005,19.36372
20240509151005,19.36372
20240509152005,19.36372
20240509153005,19.36372
20240509154005,22.77886
20240509155005,19.36372
20240509160005,7.46255
20240509161005,-0.93691
20240509162005,-0.93691
20240509163005,-0.93691
20240509164005,-0.93691
20240509165005,-0.93691
20240514090005,14.97037
20240514091005,-32.41133
20240514092005,-21.79586
20240514093005,-20.52596
20240514094005,33.25772
20240514095005,-27.53867
20240514100005,-18.05843
20240514101005,19.36372
20240514102005,19.36372
20240514103005,19.36372
20240514104005,19.36372
20240514105005,19.36372
20240514110005,-17.56134
20240514111005,-17.56134
20240514112005,18.86662
20240514113005,18.86662
20240514114005,28.99321
20240514115005,-18.05843
20240514120005,28.99321
20240514121005,28.99321
20240514122005,18.86662
20240514123005,22.77886
20240514124005,19.36372
20240514125005,19.36372
20240514130005,-17.56134
20240514131005,-17.56134
20240514132005,-17.56134
20240514133005,-17.56134
20240514134005,-17.56134
20240514135005,-17.56134
20240514140005,19.36372
20240514141005,-17.56134
20240514142005,19.36372
20240514143005,19.36372
20240514144005,19.36372
20240514145005,19.36372
20240514150005,19.36372
20240514151005,19.36372
20240514152005,19.36372
20240514153005,19.36372
20240514154005,22.77886
20240514155005,19.36372
20240514160005,7.46255
20240514161005,-0.93691
20240514162005,-0.93691
20240514163005,-0.93691
20240514164005,-0.93691
20240514165005,-0.93691
20240615090005,34.32206
20240615091005,-32.41133
20240615092005,-30.49079
20240615093005,-22.78182
20240615094005,63.13502
20240615095005,-29.4592
20240615100005,34.39728
20240615101005,-17.56134
20240615102005,-17.56134
20240615103005,-17.56134
20240615104005,19.36372
20240615105005,19.36372
20240615110005,-17.56134
20240615111005,-17.56134
20240615112005,18.86662
20240615113005,18.86662
20240615114005,28.99321
20240615115005,-18.05843
20240615120005,28.99321
20240615121005,28.99321
20240615122005,18.86662
20240615123005,22.77886
20240615124005,19.36372
20240615125005,19.36372
20240615130005,-17.56134
20240615131005,-17.56134
20240615132005,-17.56134
20240615133005,-17.56134
20240615134005,-17.56134
20240615135005,-17.56134
20240615140005,19.36372
20240615141005,-17.56134
20240615142005,19.36372
20240615143005,19.36372
20240615144005,19.36372
20240615145005,19.36372
20240615150005,19.36372
20240615151005,19.36372
20240615152005,19.36372
20240615153005,19.36372
20240615154005,22.77886
20240615155005,19.36372
20240615160005,7.46255
20240615161005,-0.93691
20240615162005,-0.93691
20240615163005,-0.93691
20240615164005,-0.93691
20240615165005,-0.93691
20240620090005,-62.07894
20240620091005,-32.41133
20240620092005,-32.90843
20240620093005,-22.78182
20240620094005,32.13721
20240620095005,-29.4592
20240620100005,14.47327
20240620101005,-17.56134
20240620102005,-17.56134
20240620103005,19.36372
20240620104005,19.36372
20240620105005,19.36372
20240620110005,-17.56134
20240620111005,-17.56134
20240620112005,18.86662
20240620113005,18.86662
20240620114005,28.99321
20240620115005,-18.05843
20240620120005,28.99321
20240620121005,28.99321
20240620122005,18.86662
20240620123005,22.77886
20240620124005,19.36372
20240620125005,19.36372
20240620130005,-17.56134
20240620131005,-17.56134
20240620132005,-17.56134
20240620133005,-17.56134
20240620134005,-17.56134
20240620135005,-17.56134
20240620140005,19.36372
20240620141005,-17.56134
20240620142005,19.36372
20240620143005,19.36372
20240620144005,19.36372
20240620145005,19.36372
20240620150005,19.36372
20240620151005,19.36372
20240620152005,19.36372
20240620153005,19.36372
20240620154005,22.77886
20240620155005,19.36372
20240620160005,7.46255
20240620161005,-0.93691
20240620162005,-0.93691
20240620163005,-0.93691
20240620164005,-0.93691
20240620165005,-0.93691
20240706090005,-60.02588
20240706091005,-22.45591
20240706092005,-32.41133
20240706093005,-11.83102
20240706094005,-17.56134
20240706095005,-37.86197
20240706100005,19.36372
20240706101005,-17.56134
20240706102005,19.36372
20240706103005,19.36372
20240706104005,19.36372
20240706105005,19.36372
20240706110005,-17.56134
20240706111005,-17.56134
20240706112005,18.86662
20240706113005,18.86662
20240706114005,28.99321
20240706115005,-18.05843
20240706120005,28.99321
20240706121005,28.99321
20240706122005,18.86662
20240706123005,22.77886
20240706124005,19.36372
20240706125005,19.36372
20240706130005,-17.56134
20240706131005,-17.56134
20240706132005,-17.56134
20240706133005,-17.56134
20240706134005,-17.56134
20240706135005,-17.56134
20240706140005,19.36372
20240706141005,-17.56134
20240706142005,19.36372
20240706143005,19.36372
20240706144005,19.36372
20240706145005,19.36372
20240706150005,19.36372
20240706151005,19.36372
20240706152005,19.36372
20240706153005,19.36372
20240706154005,22.77886
20240706155005,19.36372
20240706160005,7.46255
20240706161005,-0.93691
20240706162005,-0.93691
20240706163005,-0.93691
20240706164005,-0.93691
20240706165005,-0.93691
20240708090005,-51.24696
20240708091005,-32.41133
20240708092005,-32.90843
20240708093005,-32.41133
20240708094005,-2.20152
20240708095005,-29.4592
20240708100005,28.18292
20240708101005,-17.56134
20240708102005,-17.56134
20240708103005,19.36372
20240708104005,19.36372
20240708105005,19.36372
20240708110005,-17.56134
20240708111005,-17.56134
20240708112005,18.86662
20240708113005,18.86662
20240708114005,28.99321
20240708115005,-18.05843
20240708120005,28.99321
20240708121005,28.99321
20240708122005,18.86662
20240708123005,22.77886
20240708124005,19.36372
20240708125005,19.36372
20240708130005,-17.56134
20240708131005,-17.56134
20240708132005,-17.56134
20240708133005,-17.56134
20240708134005,-17.56134
20240708135005,-17.56134
20240708140005,19.36372
20240708141005,-17.56134
20240708142005,19.36372
20240708143005,19.36372
20240708144005,19.36372
20240708145005,19.36372
20240708150005,19.36372
20240708151005,19.36372
20240708152005,19.36372
20240708153005,19.36372
20240708154005,22.77886
20240708155005,19.36372
20240708160005,7.46255
20240708161005,-0.93691
20240708162005,-0.93691
20240708163005,-0.93691
20240708164005,-0.93691
20240708165005,-0.93691
20240520090006,62.0145
20240520091006,16.8909
20240520092006,24.76778
20240520093006,33.25772
20240520094006,-20.52596
20240520095006,19.2961
20240520100006,-17.56134
20240520101006,-17.56134
20240520102006,19.36372
20240520103006,-17.56134
20240520104006,19.36372
20240520105006,19.36372
20240520110006,-17.56134
20240520111006,-17.56134
20240520112006,18.86662
20240520113006,18.86662
20240520114006,28.99321
20240520115006,-18.05843
20240520120006,28.99321
20240520121006,28.99321
20240520122006,18.86662
20240520123006,22.77886
20240520124006,19.36372
20240520125006,19.36372
20240520130006,-17.56134
20240520131006,-17.56134
20240520132006,-17.56134
20240520133006,-17.56134
20240520134006,-17.56134
20240520135006,-17.56134
20240520140006,19.36372
20240520141006,-17.56134
20240520142006,19.36372
20240520143006,19.36372
20240520144006,19.36372
20240520145006,19.36372
20240520150006,19.36372
20240520151006,19.36372
20240520152006,19.36372
20240520153006,19.36372
20240520154006,22.77886
20240520155006,19.36372
20240520160006,7.46255
20240520161006,-0.93691
20240520162006,-0.93691
20240520163006,-0.93691
20240520164006,-0.93691
20240520165006,-0.93691
20240527090006,63.13502
20240527091006,-19.87533
20240527092006,-22.29297
20240527093006,32.13721
20240527094006,-9.91049
20240527095006,45.12459
20240527100006,21.28424
20240527101006,-17.56134
20240527102006,-17.56134
20240527103006,19.36372
20240527104006,19.36372
20240527105006,19.36372
20240527110006,-17.56134
20240527111006,-17.56134
20240527112006,18.86662
20240527113006,18.86662
20240527114006,28.99321
20240527115006,-18.05843
20240527120006,28.99321
20240527121006,28.99321
20240527122006,18.86662
20240527123006,22.77886
20240527124006,19.36372
20240527125006,19.36372
20240527130006,-17.56134
20240527131006,-17.56134
20240527132006,-17.56134
20240527133006,-17.56134
20240527134006,-17.56134
20240527135006,-17.56134
20240527140006,19.36372
20240527141006,-17.56134
20240527142006,19.36372
20240527143006,19.36372
20240527144006,19.36372
20240527145006,19.36372
20240527150006,19.36372
20240527151006,19.36372
20240527152006,19.36372
20240527153006,19.36372
20240527154006,22.77886
20240527155006,19.36372
20240527160006,7.46255
20240527161006,-0.93691
20240527162006,-0.93691
20240527163006,-0.93691
20240527164006,-0.93691
20240527165006,-0.93691
20240625090006,-61.58184
20240625091006,-21.79586
20240625092006,-22.29297
20240625093006,-22.29297
20240625094006,-18.38071
20240625095006,-7.93183
20240625100006,-21.79586
20240625101006,-17.56134
20240625102006,19.36372
20240625103006,-17.56134
20240625104006,19.36372
20240625105006,19.36372
20240625110006,-17.56134
20240625111006,-17.56134
20240625112006,18.86662
20240625113006,18.86662
20240625114006,28.99321
20240625115006,-18.05843
20240625120006,28.99321
20240625121006,28.99321
20240625122006,18.86662
20240625123006,22.77886
20240625124006,19.36372
20240625125006,19.36372
20240625130006,-17.56134
20240625131006,-17.56134
20240625132006,-17.56134
20240625133006,-17.56134
20240625134006,-17.56134
20240625135006,-17.56134
20240625140006,19.36372
20240625141006,-17.56134
20240625142006,19.36372
20240625143006,19.36372
20240625144006,19.36372
20240625145006,19.36372
20240625150006,19.36372
20240625151006,19.36372
20240625152006,19.36372
20240625153006,19.36372
20240625154006,22.77886
20240625155006,19.36372
20240625160006,7.46255
20240625161006,-0.93691
20240625162006,-0.93691
20240625163006,-0.93691
20240625164006,-0.93691
20240625165006,-0.93691
20240629090006,-59.66131
20240629091006,-21.79586
20240629092006,-12.16636
20240629093006,-12.32812
20240629094006,-12.16636
20240629095006,-18.05843
20240629100006,-18.38071
20240629101006,-17.56134
20240629102006,19.36372
20240629103006,-17.56134
20240629104006,19.36372
20240629105006,19.36372
20240629110006,-17.56134
20240629111006,-17.56134
20240629112006,18.86662
20240629113006,18.86662
20240629114006,28.99321
20240629115006,-18.05843
20240629120006,28.99321
20240629121006,28.99321
20240629122006,18.86662
20240629123006,22.77886
20240629124006,19.36372
20240629125006,19.36372
20240629130006,-17.56134
20240629131006,-17.56134
20240629132006,-17.56134
20240629133006,-17.56134
20240629134006,-17.56134
20240629135006,-17.56134
20240629140006,19.36372
20240629141006,-17.56134
20240629142006,19.36372
20240629143006,19.36372
20240629144006,19.36372
20240629145006,19.36372
20240629150006,19.36372
20240629151006,19.36372
20240629152006,19.36372
20240629153006,19.36372
20240629154006,22.77886
20240629155006,19.36372
20240629160006,7.46255
20240629161006,-0.93691
20240629162006,-0.93691
20240629163006,-0.93691
20240629164006,-0.93691
20240629165006,-0.93691
20240706090006,-61.58184
20240706091006,-32.41133
20240706092006,-21.79586
20240706093006,-21.79586
20240706094006,-11.83102
20240706095006,22.77886
20240706100006,-21.79586
20240706101006,-17.56134
20240706102006,19.36372
20240706103006,19.36372
20240706104006,19.36372
20240706105006,19.36372
20240706110006,-17.56134
20240706111006,-17.56134
20240706112006,18.86662
20240706113006,18.86662
20240706114006,28.99321
20240706115006,-18.05843
20240706120006,28.99321
20240706121006,28.99321
20240706122006,18.86662
20240706123006,22.77886
20240706124006,19.36372
20240706125006,19.36372
20240706130006,-17.56134
20240706131006,-17.56134
20240706132006,-17.56134
20240706133006,-17.56134
20240706134006,-17.56134
20240706135006,-17.56134
20240706140006,19.36372
20240706141006,-17.56134
20240706142006,19.36372
20240706143006,19.36372
20240706144006,19.36372
20240706145006,19.36372
20240706150006,19.36372
20240706151006,19.36372
20240706152006,19.36372
20240706153006,19.36372
20240706154006,22.77886
20240706155006,19.36372
20240706160006,7.46255
20240706161006,-0.93691
20240706162006,-0.93691
20240706163006,-0.93691
20240706164006,-0.93691
20240706165006,-0.93691
20240722090006,-61.58184
20240722091006,-32.41133
20240722092006,-18.38071
20240722093006,-22.29297
20240722094006,-11.83102
20240722095006,-18.05843
20240722100006,-21.79586
20240722101006,-17.56134
20240722102006,19.36372
20240722103006,19.36372
20240722104006,19.36372
20240722105006,19.36372
20240722110006,-17.56134
20240722111006,-17.56134
20240722112006,18.86662
20240722113006,18.86662
20240722114006,28.99321
20240722115006,-18.05843
20240722120006,28.99321
20240722121006,28.99321
20240722122006,18.86662
20240722123006,22.77886
20240722124006,19.36372
20240722125006,19.36372
20240722130006,-17.56134
20240722131006,-17.56134
20240722132006,-17.56134
20240722133006,-17.56134
20240722134006,-17.56134
20240722135006,-17.56134
20240722140006,19.36372
20240722141006,-17.56134
20240722142006,19.36372
20240722143006,19.36372
20240722144006,19.36372
20240722145006,19.36372
20240722150006,19.36372
20240722151006,19.36372
20240722152006,19.36372
20240722153006,19.36372
20240722154006,22.77886
20240722155006,19.36372
20240722160006,7.46255
20240722161006,-0.93691
20240722162006,-0.93691
20240722163006,-0.93691
20240722164006,-0.93691
20240722165006,-0.93691
20240526090007,98.78074
20240526091007,15.22344
20240526092007,-19.87533
20240526093007,80.80068
20240526094007,80.80068
20240526095007,19.2961
20240526100007,19.45798
20240526101007,-17.56134
20240526102007,19.36372
20240526103007,19.36372
20240526104007,19.36372
20240526105007,19.36372
20240526110007,-17.56134
20240526111007,-17.56134
20240526112007,18.86662
20240526113007,18.86662
20240526114007,28.99321
20240526115007,-18.05843
20240526120007,28.99321
20240526121007,28.99321
20240526122007,18.86662
20240526123007,22.77886
20240526124007,19.36372
20240526125007,19.36372
20240526130007,-17.56134
20240526131007,-17.56134
20240526132007,-17.56134
20240526133007,-17.56134
20240526134007,-17.56134
20240526135007,-17.56134
20240526140007,19.36372
20240526141007,-17.56134
20240526142007,19.36372
20240526143007,19.36372
20240526144007,19.36372
20240526145007,19.36372
20240526150007,19.36372
20240526151007,19.36372
20240526152007,19.36372
20240526153007,19.36372
20240526154007,22.77886
20240526155007,19.36372
20240526160007,7.46255
20240526161007,-0.93691
20240526162007,-0.93691
20240526163007,-0.93691
20240526164007,-0.93691
20240526165007,-0.93691
20240612090007,98.78074
20240612091007,98.78074
20240612092007,24.59987
20240612093007,63.13502
20240612094007,63.13502
20240612095007,79.68016
20240612100007,-17.56134
20240612101007,-17.56134
20240612102007,7.46255
20240612103007,-29.4625
20240612104007,19.36372
20240612105007,19.36372
20240612110007,-17.56134
20240612111007,-17.56134
20240612112007,18.86662
20240612113007,18.86662
20240612114007,28.99321
20240612115007,-18.05843
20240612120007,28.99321
20240612121007,28.99321
20240612122007,18.86662
20240612123007,22.77886
20240612124007,19.36372
20240612125007,19.36372
20240612130007,-17.56134
20240612131007,-17.56134
20240612132007,-17.56134
20240612133007,-17.56134
20240612134007,-17.56134
20240612135007,-17.56134
20240612140007,19.36372
20240612141007,-17.56134
20240612142007,19.36372
20240612143007,19.36372
20240612144007,19.36372
20240612145007,19.36372
20240612150007,19.36372
20240612151007,19.36372
20240612152007,19.36372
20240612153007,19.36372
20240612154007,22.77886
20240612155007,19.36372
20240612160007,7.46255
20240612161007,-0.93691
20240612162007,-0.93691
20240612163007,-0.93691
20240612164007,-0.93691
20240612165007,-0.93691
20240615090007,34.32206
20240615091007,24.59987
20240615092007,62.0145
20240615093007,32.13721
20240615094007,-19.87533
20240615095007,-15.6408
20240615100007,15.22344
20240615101007,-17.56134
20240615102007,19.36372
20240615103007,-17.56134
20240615104007,19.36372
20240615105007,19.36372
20240615110007,-17.56134
20240615111007,-17.56134
20240615112007,18.86662
20240615113007,18.86662
20240615114007,28.99321
20240615115007,-18.05843
20240615120007,28.99321
20240615121007,28.99321
20240615122007,18.86662
20240615123007,22.77886
20240615124007,19.36372
20240615125007,19.36372
20240615130007,-17.56134
20240615131007,-17.56134
20240615132007,-17.56134
20240615133007,-17.56134
20240615134007,-17.56134
20240615135007,-17.56134
20240615140007,19.36372
20240615141007,-17.56134
20240615142007,19.36372
20240615143007,19.36372
20240615144007,19.36372
20240615145007,19.36372
20240615150007,19.36372
20240615151007,19.36372
20240615152007,19.36372
20240615153007,19.36372
20240615154007,22.77886
20240615155007,19.36372
20240615160007,7.46255
20240615161007,-0.93691
20240615162007,-0.93691
20240615163007,-0.93691
20240615164007,-0.93691
20240615165007,-0.93691
20240717090007,34.32206
20240717091007,15.22344
20240717092007,62.0145
20240717093007,32.13721
20240717094007,-2.20152
20240717095007,56.38305
20240717100007,15.22344
20240717101007,-17.56134
20240717102007,19.36372
20240717103007,-17.56134
20240717104007,19.36372
20240717105007,19.36372
20240717110007,-17.56134
20240717111007,-17.56134
20240717112007,18.86662
20240717113007,18.86662
20240717114007,28.99321
20240717115007,-18.05843
20240717120007,28.99321
20240717121007,28.99321
20240717122007,18.86662
20240717123007,22.77886
20240717124007,19.36372
20240717125007,19.36372
20240717130007,-17.56134
20240717131007,-17.56134
20240717132007,-17.56134
20240717133007,-17.56134
20240717134007,-17.56134
20240717135007,-17.56134
20240717140007,19.36372
20240717141007,-17.56134
20240717142007,19.36372
20240717143007,19.36372
20240717144007,19.36372
20240717145007,19.36372
20240717150007,19.36372
20240717151007,19.36372
20240717152007,19.36372
20240717153007,19.36372
20240717154007,22.77886
20240717155007,19.36372
20240717160007,7.46255
20240717161007,-0.93691
20240717162007,-0.93691
20240717163007,-0.93691
20240717164007,-0.93691
20240717165007,-0.93691
20240124090008,82.21154
20240124091008,82.21154
20240124092008,45.12459
20240124093008,45.28648
20240124094008,45.12459
20240124095008,45.28648
20240124100008,19.2961
20240124101008,18.86662
20240124102008,-17.56134
20240124103008,19.36372
20240124104008,19.36372
20240124105008,19.36372
20240124110008,-17.56134
20240124111008,-17.56134
20240124112008,18.86662
20240124113008,18.86662
20240124114008,28.99321
20240124115008,-18.05843
20240124120008,28.99321
20240124121008,28.99321
20240124122008,18.86662
20240124123008,22.77886
20240124124008,19.36372
20240124125008,19.36372
20240124130008,-17.56134
20240124131008,-17.56134
20240124132008,-17.56134
20240124133008,-17.56134
20240124134008,-17.56134
20240124135008,-17.56134
20240124140008,19.36372
20240124141008,-17.56134
20240124142008,19.36372
20240124143008,19.36372
20240124144008,19.36372
20240124145008,19.36372
20240124150008,19.36372
20240124151008,19.36372
20240124152008,19.36372
20240124153008,19.36372
20240124154008,22.77886
20240124155008,19.36372
20240124160008,7.46255
20240124161008,-0.93691
20240124162008,-0.93691
20240124163008,-0.93691
20240124164008,-0.93691
20240124165008,-0.93691
20240128090008,82.21154
20240128091008,82.21154
20240128092008,45.28648
20240128093008,45.28648
20240128094008,45.12459
20240128095008,19.45798
20240128100008,19.2961
20240128101008,28.99321
20240128102008,19.36372
20240128103008,19.36372
20240128104008,19.36372
20240128105008,19.36372
20240128110008,-17.56134
20240128111008,-17.56134
20240128112008,18.86662
20240128113008,18.86662
20240128114008,28.99321
20240128115008,-18.05843
20240128120008,28.99321
20240128121008,28.99321
20240128122008,18.86662
20240128123008,22.77886
20240128124008,19.36372
20240128125008,19.36372
20240128130008,-17.56134
20240128131008,-17.56134
20240128132008,-17.56134
20240128133008,-17.56134
20240128134008,-17.56134
20240128135008,-17.56134
20240128140008,19.36372
20240128141008,-17.56134
20240128142008,19.36372
20240128143008,19.36372
20240128144008,19.36372
20240128145008,19.36372
20240128150008,19.36372
20240128151008,19.36372
20240128152008,19.36372
20240128153008,19.36372
20240128154008,22.77886
20240128155008,19.36372
20240128160008,7.46255
20240128161008,-0.93691
20240128162008,-0.93691
20240128163008,-0.93691
20240128164008,-0.93691
20240128165008,-0.93691
20240204090008,-0.93691
20240204091008,-17.56134
20240204092008,22.77886
20240204093008,-14.14618
20240204094008,-17.56134
20240204095008,-17.56134
20240204100008,-14.14618
20240204101008,-14.14618
20240204102008,19.36372
20240204103008,19.36372
20240204104008,19.36372
20240204105008,19.36372
20240204110008,-17.56134
20240204111008,-17.56134
20240204112008,18.86662
20240204113008,18.86662
20240204114008,28.99321
20240204115008,-18.05843
20240204120008,28.99321
20240204121008,28.99321
20240204122008,18.86662
20240204123008,22.77886
20240204124008,19.36372
20240204125008,19.36372
20240204130008,-17.56134
20240204131008,-17.56134
20240204132008,-17.56134
20240204133008,-17.56134
20240204134008,-17.56134
20240204135008,-17.56134
20240204140008,19.36372
20240204141008,-17.56134
20240204142008,19.36372
20240204143008,19.36372
20240204144008,19.36372
20240204145008,19.36372
20240204150008,19.36372
20240204151008,19.36372
20240204152008,19.36372
20240204153008,19.36372
20240204154008,22.77886
20240204155008,19.36372
20240204160008,7.46255
20240204161008,-0.93691
20240204162008,-0.93691
20240204163008,-0.93691
20240204164008,-0.93691
20240204165008,-0.93691
20240218090008,-29.4592
20240218091008,-17.56134
20240218092008,-18.05843
20240218093008,-15.6408
20240218094008,19.45798
20240218095008,-15.6408
20240218100008,-18.05843
20240218101008,-17.56134
20240218102008,19.36372
20240218103008,19.36372
20240218104008,19.36372
20240218105008,19.36372
20240218110008,-17.56134
20240218111008,-17.56134
20240218112008,18.86662
20240218113008,18.86662
20240218114008,28.99321
20240218115008,-18.05843
20240218120008,28.99321
20240218121008,28.99321
20240218122008,18.86662
20240218123008,22.77886
20240218124008,19.36372
20240218125008,19.36372
20240218130008,-17.56134
20240218131008,-17.56134
20240218132008,-17.56134
20240218133008,-17.56134
20240218134008,-17.56134
20240218135008,-17.56134
20240218140008,19.36372
20240218141008,-17.56134
20240218142008,19.36372
20240218143008,19.36372
20240218144008,19.36372
20240218145008,19.36372
20240218150008,19.36372
20240218151008,19.36372
20240218152008,19.36372
20240218153008,19.36372
20240218154008,22.77886
20240218155008,19.36372
20240218160008,7.46255
20240218161008,-0.93691
20240218162008,-0.93691
20240218163008,-0.93691
20240218164008,-0.93691
20240218165008,-0.93691
20240305090008,-4.60019
20240305091008,-30.85537
20240305092008,63.13502
20240305093008,32.13721
20240305094008,-34.79766
20240305095008,-7.93183
20240305100008,22.77886
20240305101008,-17.56134
20240305102008,-29.4625
20240305103008,-17.56134
20240305104008,19.36372
20240305105008,19.36372
20240305110008,-17.56134
20240305111008,-17.56134
20240305112008,18.86662
20240305113008,18.86662
20240305114008,28.99321
20240305115008,-18.05843
20240305120008,28.99321
20240305121008,28.99321
20240305122008,18.86662
20240305123008,22.77886
20240305124008,19.36372
20240305125008,19.36372
20240305130008,-17.56134
20240305131008,-17.56134
20240305132008,-17.56134
20240305133008,-17.56134
20240305134008,-17.56134
20240305135008,-17.56134
20240305140008,19.36372
20240305141008,-17.56134
20240305142008,19.36372
20240305143008,19.36372
20240305144008,19.36372
20240305145008,19.36372
20240305150008,19.36372
20240305151008,19.36372
20240305152008,19.36372
20240305153008,19.36372
20240305154008,22.77886
20240305155008,19.36372
20240305160008,7.46255
20240305161008,-0.93691
20240305162008,-0.93691
20240305163008,-0.93691
20240305164008,-0.93691
20240305165008,-0.93691
20240325090008,16.34396
20240325091008,-19.87533
20240325092008,-30.49079
20240325093008,80.80068
20240325094008,45.12459
20240325095008,45.28648
20240325100008,19.45798
20240325101008,-17.56134
20240325102008,19.36372
20240325103008,19.36372
20240325104008,19.36372
20240325105008,19.36372
20240325110008,-17.56134
20240325111008,-17.56134
20240325112008,18.86662
20240325113008,18.86662
20240325114008,28.99321
20240325115008,-18.05843
20240325120008,28.99321
20240325121008,28.99321
20240325122008,18.86662
20240325123008,22.77886
20240325124008,19.36372
20240325125008,19.36372
20240325130008,-17.56134
20240325131008,-17.56134
20240325132008,-17.56134
20240325133008,-17.56134
20240325134008,-17.56134
20240325135008,-17.56134
20240325140008,19.36372
20240325141008,-17.56134
20240325142008,19.36372
20240325143008,19.36372
20240325144008,19.36372
20240325145008,19.36372
20240325150008,19.36372
20240325151008,19.36372
20240325152008,19.36372
20240325153008,19.36372
20240325154008,22.77886
20240325155008,19.36372
20240325160008,7.46255
20240325161008,-0.93691
20240325162008,-0.93691
20240325163008,-0.93691
20240325164008,-0.93691
20240325165008,-0.93691
20240518090008,63.13502
20240518091008,15.22344
20240518092008,16.34396
20240518093008,80.80068
20240518094008,19.2961
20240518095008,45.28648
20240518100008,56.38305
20240518101008,-14.14618
20240518102008,19.36372
20240518103008,19.36372
20240518104008,19.36372
20240518105008,19.36372
20240518110008,-17.56134
20240518111008,-17.56134
20240518112008,18.86662
20240518113008,18.86662
20240518114008,28.99321
20240518115008,-18.05843
20240518120008,28.99321
20240518121008,28.99321
20240518122008,18.86662
20240518123008,22.77886
20240518124008,19.36372
20240518125008,19.36372
20240518130008,-17.56134
20240518131008,-17.56134
20240518132008,-17.56134
20240518133008,-17.56134
20240518134008,-17.56134
20240518135008,-17.56134
20240518140008,19.36372
20240518141008,-17.56134
20240518142008,19.36372
20240518143008,19.36372
20240518144008,19.36372
20240518145008,19.36372
20240518150008,19.36372
20240518151008,19.36372
20240518152008,19.36372
20240518153008,19.36372
20240518154008,22.77886
20240518155008,19.36372
20240518160008,7.46255
20240518161008,-0.93691
20240518162008,-0.93691
20240518163008,-0.93691
20240518164008,-0.93691
20240518165008,-0.93691
20240526090008,62.0145
20240526091008,15.22344
20240526092008,32.13721
20240526093008,45.28648
20240526094008,45.12459
20240526095008,19.45798
20240526100008,21.28424
20240526101008,-18.05843
20240526102008,19.36372
20240526103008,19.36372
20240526104008,19.36372
20240526105008,19.36372
20240526110008,-17.56134
20240526111008,-17.56134
20240526112008,18.86662
20240526113008,18.86662
20240526114008,28.99321
20240526115008,-18.05843
20240526120008,28.99321
20240526121008,28.99321
20240526122008,18.86662
20240526123008,22.77886
20240526124008,19.36372
20240526125008,19.36372
20240526130008,-17.56134
20240526131008,-17.56134
20240526132008,-17.56134
20240526133008,-17.56134
20240526134008,-17.56134
20240526135008,-17.56134
20240526140008,19.36372
20240526141008,-17.56134
20240526142008,19.36372
20240526143008,19.36372
20240526144008,19.36372
20240526145008,19.36372
20240526150008,19.36372
20240526151008,19.36372
20240526152008,19.36372
20240526153008,19.36372
20240526154008,22.77886
20240526155008,19.36372
20240526160008,7.46255
20240526161008,-0.93691
20240526162008,-0.93691
20240526163008,-0.93691
20240526164008,-0.93691
20240526165008,-0.93691
20240529090008,63.13502
20240529091008,62.0145
20240529092008,-9.91049
20240529093008,45.12459
20240529094008,45.12459
20240529095008,45.28648
20240529100008,-15.6408
20240529101008,18.86662
20240529102008,19.36372
20240529103008,19.36372
20240529104008,19.36372
20240529105008,19.36372
20240529110008,-17.56134
20240529111008,-17.56134
20240529112008,18.86662
20240529113008,18.86662
20240529114008,28.99321
20240529115008,-18.05843
20240529120008,28.99321
20240529121008,28.99321
20240529122008,18.86662
20240529123008,22.77886
20240529124008,19.36372
20240529125008,19.36372
20240529130008,-17.56134
20240529131008,-17.56134
20240529132008,-17.56134
20240529133008,-17.56134
20240529134008,-17.56134
20240529135008,-17.56134
20240529140008,19.36372
20240529141008,-17.56134
20240529142008,19.36372
20240529143008,19.36372
20240529144008,19.36372
20240529145008,19.36372
20240529150008,19.36372
20240529151008,19.36372
20240529152008,19.36372
20240529153008,19.36372
20240529154008,22.77886
20240529155008,19.36372
20240529160008,7.46255
20240529161008,-0.93691
20240529162008,-0.93691
20240529163008,-0.93691
20240529164008,-0.93691
20240529165008,-0.93691
20240607090008,98.78074
20240607091008,18.38552
20240607092008,-30.49079
20240607093008,16.34396
20240607094008,63.13502
20240607095008,45.28648
20240607100008,56.38305
20240607101008,18.86662
20240607102008,19.36372
20240607103008,19.36372
20240607104008,19.36372
20240607105008,19.36372
20240607110008,-17.56134
20240607111008,-17.56134
20240607112008,18.86662
20240607113008,18.86662
20240607114008,28.99321
20240607115008,-18.05843
20240607120008,28.99321
20240607121008,28.99321
20240607122008,18.86662
20240607123008,22.77886
20240607124008,19.36372
20240607125008,19.36372
20240607130008,-17.56134
20240607131008,-17.56134
20240607132008,-17.56134
20240607133008,-17.56134
20240607134008,-17.56134
20240607135008,-17.56134
20240607140008,19.36372
20240607141008,-17.56134
20240607142008,19.36372
20240607143008,19.36372
20240607144008,19.36372
20240607145008,19.36372
20240607150008,19.36372
20240607151008,19.36372
20240607152008,19.36372
20240607153008,19.36372
20240607154008,22.77886
20240607155008,19.36372
20240607160008,7.46255
20240607161008,-0.93691
20240607162008,-0.93691
20240607163008,-0.93691
20240607164008,-0.93691
20240607165008,-0.93691
20240613090008,98.78074
20240613091008,18.38552
20240613092008,-22.78182
20240613093008,-30.49079
20240613094008,80.80068
20240613095008,19.45798
20240613100008,56.38305
20240613101008,-18.05843
20240613102008,19.36372
20240613103008,19.36372
20240613104008,19.36372
20240613105008,19.36372
20240613110008,-17.56134
20240613111008,-17.56134
20240613112008,18.86662
20240613113008,18.86662
20240613114008,28.99321
20240613115008,-18.05843
20240613120008,28.99321
20240613121008,28.99321
20240613122008,18.86662
20240613123008,22.77886
20240613124008,19.36372
20240613125008,19.36372
20240613130008,-17.56134
20240613131008,-17.56134
20240613132008,-17.56134
20240613133008,-17.56134
20240613134008,-17.56134
20240613135008,-17.56134
20240613140008,19.36372
20240613141008,-17.56134
20240613142008,19.36372
20240613143008,19.36372
20240613144008,19.36372
20240613145008,19.36372
20240613150008,19.36372
20240613151008,19.36372
20240613152008,19.36372
20240613153008,19.36372
20240613154008,22.77886
20240613155008,19.36372
20240613160008,7.46255
20240613161008,-0.93691
20240613162008,-0.93691
20240613163008,-0.93691
20240613164008,-0.93691
20240613165008,-0.93691
20240628090008,44.65694
20240628091008,-32.41133
20240628092008,-30.49079
20240628093008,-32.90843
20240628094008,25.96771
20240628095008,-20.52596
20240628100008,-27.53867
20240628101008,-18.05843
20240628102008,-17.56134
20240628103008,19.36372
20240628104008,19.36372
20240628105008,19.36372
20240628110008,-17.56134
20240628111008,-17.56134
20240628112008,18.86662
20240628113008,18.86662
20240628114008,28.99321
20240628115008,-18.05843
20240628120008,28.99321
20240628121008,28.99321
20240628122008,18.86662
20240628123008,22.77886
20240628124008,19.36372
20240628125008,19.36372
20240628130008,-17.56134
20240628131008,-17.56134
20240628132008,-17.56134
20240628133008,-17.56134
20240628134008,-17.56134
20240628135008,-17.56134
20240628140008,19.36372
20240628141008,-17.56134
20240628142008,19.36372
20240628143008,19.36372
20240628144008,19.36372
20240628145008,19.36372
20240628150008,19.36372
20240628151008,19.36372
20240628152008,19.36372
20240628153008,19.36372
20240628154008,22.77886
20240628155008,19.36372
20240628160008,7.46255
20240628161008,-0.93691
20240628162008,-0.93691
20240628163008,-0.93691
20240628164008,-0.93691
20240628165008,-0.93691
20240705090008,34.32206
20240705091008,-32.41133
20240705092008,-34.79766
20240705093008,19.2961
20240705094008,-15.6408
20240705095008,-19.8297
20240705100008,-15.6408
20240705101008,-17.56134
20240705102008,-17.56134
20240705103008,19.36372
20240705104008,19.36372
20240705105008,19.36372
20240705110008,-17.56134
20240705111008,-17.56134
20240705112008,18.86662
20240705113008,18.86662
20240705114008,28.99321
20240705115008,-18.05843
20240705120008,28.99321
20240705121008,28.99321
20240705122008,18.86662
20240705123008,22.77886
20240705124008,19.36372
20240705125008,19.36372
20240705130008,-17.56134
20240705131008,-17.56134
20240705132008,-17.56134
20240705133008,-17.56134
20240705134008,-17.56134
20240705135008,-17.56134
20240705140008,19.36372
20240705141008,-17.56134
20240705142008,19.36372
20240705143008,19.36372
20240705144008,19.36372
20240705145008,19.36372
20240705150008,19.36372
20240705151008,19.36372
20240705152008,19.36372
20240705153008,19.36372
20240705154008,22.77886
20240705155008,19.36372
20240705160008,7.46255
20240705161008,-0.93691
20240705162008,-0.93691
20240705163008,-0.93691
20240705164008,-0.93691
20240705165008,-0.93691
20240709090008,34.32206
20240709091008,-32.41133
20240709092008,33.25772
20240709093008,45.12459
20240709094008,19.2961
20240709095008,-27.53867
20240709100008,-15.6408
20240709101008,-17.56134
20240709102008,-17.56134
20240709103008,19.36372
20240709104008,19.36372
20240709105008,19.36372
20240709110008,-17.56134
20240709111008,-17.56134
20240709112008,18.86662
20240709113008,18.86662
20240709114008,28.99321
20240709115008,-18.05843
20240709120008,28.99321
20240709121008,28.99321
20240709122008,18.86662
20240709123008,22.77886
20240709124008,19.36372
20240709125008,19.36372
20240709130008,-17.56134
20240709131008,-17.56134
20240709132008,-17.56134
20240709133008,-17.56134
20240709134008,-17.56134
20240709135008,-17.56134
20240709140008,19.36372
20240709141008,-17.56134
20240709142008,19.36372
20240709143008,19.36372
20240709144008,19.36372
20240709145008,19.36372
20240709150008,19.36372
20240709151008,19.36372
20240709152008,19.36372
20240709153008,19.36372
20240709154008,22.77886
20240709155008,19.36372
20240709160008,7.46255
20240709161008,-0.93691
20240709162008,-0.93691
20240709163008,-0.93691
20240709164008,-0.93691
20240709165008,-0.93691
20240715090008,44.65694
20240715091008,-28.99618
20240715092008,-30.49079
20240715093008,-32.90843
20240715094008,45.12459
20240715095008,-27.53867
20240715100008,-27.53867
20240715101008,-14.14618
20240715102008,-29.4625
20240715103008,19.36372
20240715104008,19.36372
20240715105008,19.36372
20240715110008,-17.56134
20240715111008,-17.56134
20240715112008,18.86662
20240715113008,18.86662
20240715114008,28.99321
20240715115008,-18.05843
20240715120008,28.99321
20240715121008,28.99321
20240715122008,18.86662
20240715123008,22.77886
20240715124008,19.36372
20240715125008,19.36372
20240715130008,-17.56134
20240715131008,-17.56134
20240715132008,-17.56134
20240715133008,-17.56134
20240715134008,-17.56134
20240715135008,-17.56134
20240715140008,19.36372
20240715141008,-17.56134
20240715142008,19.36372
20240715143008,19.36372
20240715144008,19.36372
20240715145008,19.36372
20240715150008,19.36372
20240715151008,19.36372
20240715152008,19.36372
20240715153008,19.36372
20240715154008,22.77886
20240715155008,19.36372
20240715160008,7.46255
20240715161008,-0.93691
20240715162008,-0.93691
20240715163008,-0.93691
20240715164008,-0.93691
20240715165008,-0.93691
20240719090008,34.32206
20240719091008,-32.41133
20240719092008,-20.52596
20240719093008,-46.69552
20240719094008,19.2961
20240719095008,-19.8297
20240719100008,19.45798
20240719101008,-17.56134
20240719102008,-17.56134
20240719103008,-17.56134
20240719104008,19.36372
20240719105008,19.36372
20240719110008,-17.56134
20240719111008,-17.56134
20240719112008,18.86662
20240719113008,18.86662
20240719114008,28.99321
20240719115008,-18.05843
20240719120008,28.99321
20240719121008,28.99321
20240719122008,18.86662
20240719123008,22.77886
20240719124008,19.36372
20240719125008,19.36372
20240719130008,-17.56134
20240719131008,-17.56134
20240719132008,-17.56134
20240719133008,-17.56134
20240719134008,-17.56134
20240719135008,-17.56134
20240719140008,19.36372
20240719141008,-17.56134
20240719142008,19.36372
20240719143008,19.36372
20240719144008,19.36372
20240719145008,19.36372
20240719150008,19.36372
20240719151008,19.36372
20240719152008,19.36372
20240719153008,19.36372
20240719154008,22.77886
20240719155008,19.36372
20240719160008,7.46255
20240719161008,-0.93691
20240719162008,-0.93691
20240719163008,-0.93691
20240719164008,-0.93691
20240719165008,-0.93691
20240309090009,98.78074
20240309091009,16.8909
20240309092009,16.34396
20240309093009,63.13502
20240309094009,80.80068
20240309095009,45.28648
20240309100009,19.2961
20240309101009,19.36372
20240309102009,-17.56134
20240309103009,19.36372
20240309104009,19.36372
20240309105009,19.36372
20240309110009,-17.56134
20240309111009,-17.56134
20240309112009,18.86662
20240309113009,18.86662
20240309114009,28.99321
20240309115009,-18.05843
20240309120009,28.99321
20240309121009,28.99321
20240309122009,18.86662
20240309123009,22.77886
20240309124009,19.36372
20240309125009,19.36372
20240309130009,-17.56134
20240309131009,-17.56134
20240309132009,-17.56134
20240309133009,-17.56134
20240309134009,-17.56134
20240309135009,-17.56134
20240309140009,19.36372
20240309141009,-17.56134
20240309142009,19.36372
20240309143009,19.36372
20240309144009,19.36372
20240309145009,19.36372
20240309150009,19.36372
20240309151009,19.36372
20240309152009,19.36372
20240309153009,19.36372
20240309154009,22.77886
20240309155009,19.36372
20240309160009,7.46255
20240309161009,-0.93691
20240309162009,-0.93691
20240309163009,-0.93691
20240309164009,-0.93691
20240309165009,-0.93691
20240314090009,98.78074
20240314091009,51.98968
20240314092009,16.34396
20240314093009,62.0145
20240314094009,80.80068
20240314095009,45.28648
20240314100009,19.2961
20240314101009,22.77886
20240314102009,-17.56134
20240314103009,19.36372
20240314104009,19.36372
20240314105009,19.36372
20240314110009,-17.56134
20240314111009,-17.56134
20240314112009,18.86662
20240314113009,18.86662
20240314114009,28.99321
20240314115009,-18.05843
20240314120009,28.99321
20240314121009,28.99321
20240314122009,18.86662
20240314123009,22.77886
20240314124009,19.36372
20240314125009,19.36372
20240314130009,-17.56134
20240314131009,-17.56134
20240314132009,-17.56134
20240314133009,-17.56134
20240314134009,-17.56134
20240314135009,-17.56134
20240314140009,19.36372
20240314141009,-17.56134
20240314142009,19.36372
20240314143009,19.36372
20240314144009,19.36372
20240314145009,19.36372
20240314150009,19.36372
20240314151009,19.36372
20240314152009,19.36372
20240314153009,19.36372
20240314154009,22.77886
20240314155009,19.36372
20240314160009,7.46255
20240314161009,-0.93691
20240314162009,-0.93691
20240314163009,-0.93691
20240314164009,-0.93691
20240314165009,-0.93691
20240414090009,44.65694
20240414091009,-32.90843
20240414092009,63.13502
20240414093009,32.13721
20240414094009,45.28648
20240414095009,19.2961
20240414100009,45.12459
20240414101009,-17.56134
20240414102009,-17.56134
20240414103009,19.36372
20240414104009,19.36372
20240414105009,19.36372
20240414110009,-17.56134
20240414111009,-17.56134
20240414112009,18.86662
20240414113009,18.86662
20240414114009,28.99321
20240414115009,-18.05843
20240414120009,28.99321
20240414121009,28.99321
20240414122009,18.86662
20240414123009,22.77886
20240414124009,19.36372
20240414125009,19.36372
20240414130009,-17.56134
20240414131009,-17.56134
20240414132009,-17.56134
20240414133009,-17.56134
20240414134009,-17.56134
20240414135009,-17.56134
20240414140009,19.36372
20240414141009,-17.56134
20240414142009,19.36372
20240414143009,19.36372
20240414144009,19.36372
20240414145009,19.36372
20240414150009,19.36372
20240414151009,19.36372
20240414152009,19.36372
20240414153009,19.36372
20240414154009,22.77886
20240414155009,19.36372
20240414160009,7.46255
20240414161009,-0.93691
20240414162009,-0.93691
20240414163009,-0.93691
20240414164009,-0.93691
20240414165009,-0.93691
20240506090009,65.49106
20240506091009,63.13502
20240506092009,63.13502
20240506093009,45.12459
20240506094009,25.96771
20240506095009,45.12459
20240506100009,19.45798
20240506101009,-17.56134
20240506102009,-17.56134
20240506103009,19.36372
20240506104009,19.36372
20240506105009,19.36372
20240506110009,-17.56134
20240506111009,-17.56134
20240506112009,18.86662
20240506113009,18.86662
20240506114009,28.99321
20240506115009,-18.05843
20240506120009,28.99321
20240506121009,28.99321
20240506122009,18.86662
20240506123009,22.77886
20240506124009,19.36372
20240506125009,19.36372
20240506130009,-17.56134
20240506131009,-17.56134
20240506132009,-17.56134
20240506133009,-17.56134
20240506134009,-17.56134
20240506135009,-17.56134
20240506140009,19.36372
20240506141009,-17.56134
20240506142009,19.36372
20240506143009,19.36372
20240506144009,19.36372
20240506145009,19.36372
20240506150009,19.36372
20240506151009,19.36372
20240506152009,19.36372
20240506153009,19.36372
20240506154009,22.77886
20240506155009,19.36372
20240506160009,7.46255
20240506161009,-0.93691
20240506162009,-0.93691
20240506163009,-0.93691
20240506164009,-0.93691
20240506165009,-0.93691
20240526090009,62.0145
20240526091009,15.22344
20240526092009,-9.91049
20240526093009,19.2961
20240526094009,45.12459
20240526095009,19.45798
20240526100009,-15.6408
20240526101009,-14.14618
20240526102009,19.36372
20240526103009,19.36372
20240526104009,19.36372
20240526105009,19.36372
20240526110009,-17.56134
20240526111009,-17.56134
20240526112009,18.86662
20240526113009,18.86662
20240526114009,28.99321
20240526115009,-18.05843
20240526120009,28.99321
20240526121009,28.99321
20240526122009,18.86662
20240526123009,22.77886
20240526124009,19.36372
20240526125009,19.36372
20240526130009,-17.56134
20240526131009,-17.56134
20240526132009,-17.56134
20240526133009,-17.56134
20240526134009,-17.56134
20240526135009,-17.56134
20240526140009,19.36372
20240526141009,-17.56134
20240526142009,19.36372
20240526143009,19.36372
20240526144009,19.36372
20240526145009,19.36372
20240526150009,19.36372
20240526151009,19.36372
20240526152009,19.36372
20240526153009,19.36372
20240526154009,22.77886
20240526155009,19.36372
20240526160009,7.46255
20240526161009,-0.93691
20240526162009,-0.93691
20240526163009,-0.93691
20240526164009,-0.93691
20240526165009,-0.93691
20240614090009,98.78074
20240614091009,16.8909
20240614092009,-30.49079
20240614093009,63.13502
20240614094009,63.13502
20240614095009,45.28648
20240614100009,19.45798
20240614101009,18.86662
20240614102009,19.36372
20240614103009,19.36372
20240614104009,19.36372
20240614105009,19.36372
20240614110009,-17.56134
20240614111009,-17.56134
20240614112009,18.86662
20240614113009,18.86662
20240614114009,28.99321
20240614115009,-18.05843
20240614120009,28.99321
20240614121009,28.99321
20240614122009,18.86662
20240614123009,22.77886
20240614124009,19.36372
20240614125009,19.36372
20240614130009,-17.56134
20240614131009,-17.56134
20240614132009,-17.56134
20240614133009,-17.56134
20240614134009,-17.56134
20240614135009,-17.56134
20240614140009,19.36372
20240614141009,-17.56134
20240614142009,19.36372
20240614143009,19.36372
20240614144009,19.36372
20240614145009,19.36372
20240614150009,19.36372
20240614151009,19.36372
20240614152009,19.36372
20240614153009,19.36372
20240614154009,22.77886
20240614155009,19.36372
20240614160009,7.46255
20240614161009,-0.93691
20240614162009,-0.93691
20240614163009,-0.93691
20240614164009,-0.93691
20240614165009,-0.93691
20240621090009,44.65694
20240621091009,-32.41133
20240621092009,-30.49079
20240621093009,-30.49079
20240621094009,80.80068
20240621095009,-20.52596
20240621100009,-15.6408
20240621101009,-17.56134
20240621102009,-29.4625
20240621103009,19.36372
20240621104009,19.36372
20240621105009,19.36372
20240621110009,-17.56134
20240621111009,-17.56134
20240621112009,18.86662
20240621113009,18.86662
20240621114009,28.99321
20240621115009,-18.05843
20240621120009,28.99321
20240621121009,28.99321
20240621122009,18.86662
20240621123009,22.77886
20240621124009,19.36372
20240621125009,19.36372
20240621130009,-17.56134
20240621131009,-17.56134
20240621132009,-17.56134
20240621133009,-17.56134
20240621134009,-17.56134
20240621135009,-17.56134
20240621140009,19.36372
20240621141009,-17.56134
20240621142009,19.36372
20240621143009,19.36372
20240621144009,19.36372
20240621145009,19.36372
20240621150009,19.36372
20240621151009,19.36372
20240621152009,19.36372
20240621153009,19.36372
20240621154009,22.77886
20240621155009,19.36372
20240621160009,7.46255
20240621161009,-0.93691
20240621162009,-0.93691
20240621163009,-0.93691
20240621164009,-0.93691
20240621165009,-0.93691
20240628090009,44.65694
20240628091009,-32.90843
20240628092009,16.34396
20240628093009,-30.49079
20240628094009,63.13502
20240628095009,-30.49079
20240628100009,0.30113
20240628101009,-14.14618
20240628102009,-17.56134
20240628103009,19.36372
20240628104009,19.36372
20240628105009,19.36372
20240628110009,-17.56134
20240628111009,-17.56134
20240628112009,18.86662
20240628113009,18.86662
20240628114009,28.99321
20240628115009,-18.05843
20240628120009,28.99321
20240628121009,28.99321
20240628122009,18.86662
20240628123009,22.77886
20240628124009,19.36372
20240628125009,19.36372
20240628130009,-17.56134
20240628131009,-17.56134
20240628132009,-17.56134
20240628133009,-17.56134
20240628134009,-17.56134
20240628135009,-17.56134
20240628140009,19.36372
20240628141009,-17.56134
20240628142009,19.36372
20240628143009,19.36372
20240628144009,19.36372
20240628145009,19.36372
20240628150009,19.36372
20240628151009,19.36372
20240628152009,19.36372
20240628153009,19.36372
20240628154009,22.77886
20240628155009,19.36372
20240628160009,7.46255
20240628161009,-0.93691
20240628162009,-0.93691
20240628163009,-0.93691
20240628164009,-0.93691
20240628165009,-0.93691
20240717090009,34.32206
20240717091009,-22.78182
20240717092009,63.13502
20240717093009,80.80068
20240717094009,33.25772
20240717095009,-27.53867
20240717100009,32.13721
20240717101009,-17.56134
20240717102009,-17.56134
20240717103009,19.36372
20240717104009,19.36372
20240717105009,19.36372
20240717110009,-17.56134
20240717111009,-17.56134
20240717112009,18.86662
20240717113009,18.86662
20240717114009,28.99321
20240717115009,-18.05843
20240717120009,28.99321
20240717121009,28.99321
20240717122009,18.86662
20240717123009,22.77886
20240717124009,19.36372
20240717125009,19.36372
20240717130009,-17.56134
20240717131009,-17.56134
20240717132009,-17.56134
20240717133009,-17.56134
20240717134009,-17.56134
20240717135009,-17.56134
20240717140009,19.36372
20240717141009,-17.56134
20240717142009,19.36372
20240717143009,19.36372
20240717144009,19.36372
20240717145009,19.36372
20240717150009,19.36372
20240717151009,19.36372
20240717152009,19.36372
20240717153009,19.36372
20240717154009,22.77886
20240717155009,19.36372
20240717160009,7.46255
20240717161009,-0.93691
20240717162009,-0.93691
20240717163009,-0.93691
20240717164009,-0.93691
20240717165009,-0.93691
20240316090010,-49.32644
20240316091010,-32.41133
20240316092010,-30.49079
20240316093010,-30.49079
20240316094010,80.80068
20240316095010,-20.52596
20240316100010,-26.04406
20240316101010,-17.56134
20240316102010,-17.56134
20240316103010,19.36372
20240316104010,19.36372
20240316105010,19.36372
20240316110010,-17.56134
20240316111010,-17.56134
20240316112010,18.86662
20240316113010,18.86662
20240316114010,28.99321
20240316115010,-18.05843
20240316120010,28.99321
20240316121010,28.99321
20240316122010,18.86662
20240316123010,22.77886
20240316124010,19.36372
20240316125010,19.36372
20240316130010,-17.56134
20240316131010,-17.56134
20240316132010,-17.56134
20240316133010,-17.56134
20240316134010,-17.56134
20240316135010,-17.56134
20240316140010,19.36372
20240316141010,-17.56134
20240316142010,19.36372
20240316143010,19.36372
20240316144010,19.36372
20240316145010,19.36372
20240316150010,19.36372
20240316151010,19.36372
20240316152010,19.36372
20240316153010,19.36372
20240316154010,22.77886
20240316155010,19.36372
20240316160010,7.46255
20240316161010,-0.93691
20240316162010,-0.93691
20240316163010,-0.93691
20240316164010,-0.93691
20240316165010,-0.93691
20240324090010,-2.13411
20240324091010,-34.3469
20240324092010,-30.49079
20240324093010,-9.91049
20240324094010,-15.6408
20240324095010,-45.20091
20240324100010,-29.4592
20240324101010,-17.56134
20240324102010,-17.56134
20240324103010,19.36372
20240324104010,19.36372
20240324105010,19.36372
20240324110010,-17.56134
20240324111010,-17.56134
20240324112010,18.86662
20240324113010,18.86662
20240324114010,28.99321
20240324115010,-18.05843
20240324120010,28.99321
20240324121010,28.99321
20240324122010,18.86662
20240324123010,22.77886
20240324124010,19.36372
20240324125010,19.36372
20240324130010,-17.56134
20240324131010,-17.56134
20240324132010,-17.56134
20240324133010,-17.56134
20240324134010,-17.56134
20240324135010,-17.56134
20240324140010,19.36372
20240324141010,-17.56134
20240324142010,19.36372
20240324143010,19.36372
20240324144010,19.36372
20240324145010,19.36372
20240324150010,19.36372
20240324151010,19.36372
20240324152010,19.36372
20240324153010,19.36372
20240324154010,22.77886
20240324155010,19.36372
20240324160010,7.46255
20240324161010,-0.93691
20240324162010,-0.93691
20240324163010,-0.93691
20240324164010,-0.93691
20240324165010,-0.93691
20240412090010,34.32206
20240412091010,63.13502
20240412092010,63.13502
20240412093010,45.12459
20240412094010,45.28648
20240412095010,19.45798
20240412100010,19.45798
20240412101010,-17.56134
20240412102010,-17.56134
20240412103010,19.36372
20240412104010,19.36372
20240412105010,19.36372
20240412110010,-17.56134
20240412111010,-17.56134
20240412112010,18.86662
20240412113010,18.86662
20240412114010,28.99321
20240412115010,-18.05843
20240412120010,28.99321
20240412121010,28.99321
20240412122010,18.86662
20240412123010,22.77886
20240412124010,19.36372
20240412125010,19.36372
20240412130010,-17.56134
20240412131010,-17.56134
20240412132010,-17.56134
20240412133010,-17.56134
20240412134010,-17.56134
20240412135010,-17.56134
20240412140010,19.36372
20240412141010,-17.56134
20240412142010,19.36372
20240412143010,19.36372
20240412144010,19.36372
20240412145010,19.36372
20240412150010,19.36372
20240412151010,19.36372
20240412152010,19.36372
20240412153010,19.36372
20240412154010,22.77886
20240412155010,19.36372
20240412160010,7.46255
20240412161010,-0.93691
20240412162010,-0.93691
20240412163010,-0.93691
20240412164010,-0.93691
20240412165010,-0.93691
20240419090010,62.0145
20240419091010,62.0145
20240419092010,62.0145
20240419093010,25.96771
20240419094010,45.12459
20240419095010,19.45798
20240419100010,-15.6408
20240419101010,-14.14618
20240419102010,19.36372
20240419103010,19.36372
20240419104010,19.36372
20240419105010,19.36372
20240419110010,-17.56134
20240419111010,-17.56134
20240419112010,18.86662
20240419113010,18.86662
20240419114010,28.99321
20240419115010,-18.05843
20240419120010,28.99321
20240419121010,28.99321
20240419122010,18.86662
20240419123010,22.77886
20240419124010,19.36372
20240419125010,19.36372
20240419130010,-17.56134
20240419131010,-17.56134
20240419132010,-17.56134
20240419133010,-17.56134
20240419134010,-17.56134
20240419135010,-17.56134
20240419140010,19.36372
20240419141010,-17.56134
20240419142010,19.36372
20240419143010,19.36372
20240419144010,19.36372
20240419145010,19.36372
20240419150010,19.36372
20240419151010,19.36372
20240419152010,19.36372
20240419153010,19.36372
20240419154010,22.77886
20240419155010,19.36372
20240419160010,7.46255
20240419161010,-0.93691
20240419162010,-0.93691
20240419163010,-0.93691
20240419164010,-0.93691
20240419165010,-0.93691
20240515090010,44.65694
20240515091010,63.13502
20240515092010,63.13502
20240515093010,79.68016
20240515094010,45.28648
20240515095010,-27.53867
20240515100010,19.2961
20240515101010,-18.05843
20240515102010,-17.56134
20240515103010,19.36372
20240515104010,19.36372
20240515105010,19.36372
20240515110010,-17.56134
20240515111010,-17.56134
20240515112010,18.86662
20240515113010,18.86662
20240515114010,28.99321
20240515115010,-18.05843
20240515120010,28.99321
20240515121010,28.99321
20240515122010,18.86662
20240515123010,22.77886
20240515124010,19.36372
20240515125010,19.36372
20240515130010,-17.56134
20240515131010,-17.56134
20240515132010,-17.56134
20240515133010,-17.56134
20240515134010,-17.56134
20240515135010,-17.56134
20240515140010,19.36372
20240515141010,-17.56134
20240515142010,19.36372
20240515143010,19.36372
20240515144010,19.36372
20240515145010,19.36372
20240515150010,19.36372
20240515151010,19.36372
20240515152010,19.36372
20240515153010,19.36372
20240515154010,22.77886
20240515155010,19.36372
20240515160010,7.46255
20240515161010,-0.93691
20240515162010,-0.93691
20240515163010,-0.93691
20240515164010,-0.93691
20240515165010,-0.93691
20240526090010,98.78074
20240526091010,15.22344
20240526092010,-19.87533
20240526093010,0.13925
20240526094010,45.12459
20240526095010,19.2961
20240526100010,-15.6408
20240526101010,-17.56134
20240526102010,19.36372
20240526103010,19.36372
20240526104010,19.36372
20240526105010,19.36372
20240526110010,-17.56134
20240526111010,-17.56134
20240526112010,18.86662
20240526113010,18.86662
20240526114010,28.99321
20240526115010,-18.05843
20240526120010,28.99321
20240526121010,28.99321
20240526122010,18.86662
20240526123010,22.77886
20240526124010,19.36372
20240526125010,19.36372
20240526130010,-17.56134
20240526131010,-17.56134
20240526132010,-17.56134
20240526133010,-17.56134
20240526134010,-17.56134
20240526135010,-17.56134
20240526140010,19.36372
20240526141010,-17.56134
20240526142010,19.36372
20240526143010,19.36372
20240526144010,19.36372
20240526145010,19.36372
20240526150010,19.36372
20240526151010,19.36372
20240526152010,19.36372
20240526153010,19.36372
20240526154010,22.77886
20240526155010,19.36372
20240526160010,7.46255
20240526161010,-0.93691
20240526162010,-0.93691
20240526163010,-0.93691
20240526164010,-0.93691
20240526165010,-0.93691
20240617090010,98.78074
20240617091010,16.8909
20240617092010,-30.49079
20240617093010,63.13502
20240617094010,63.13502
20240617095010,19.45798
20240617100010,19.45798
20240617101010,-18.05843
20240617102010,19.36372
20240617103010,19.36372
20240617104010,19.36372
20240617105010,19.36372
20240617110010,-17.56134
20240617111010,-17.56134
20240617112010,18.86662
20240617113010,18.86662
20240617114010,28.99321
20240617115010,-18.05843
20240617120010,28.99321
20240617121010,28.99321
20240617122010,18.86662
20240617123010,22.77886
20240617124010,19.36372
20240617125010,19.36372
20240617130010,-17.56134
20240617131010,-17.56134
20240617132010,-17.56134
20240617133010,-17.56134
20240617134010,-17.56134
20240617135010,-17.56134
20240617140010,19.36372
20240617141010,-17.56134
20240617142010,19.36372
20240617143010,19.36372
20240617144010,19.36372
20240617145010,19.36372
20240617150010,19.36372
20240617151010,19.36372
20240617152010,19.36372
20240617153010,19.36372
20240617154010,22.77886
20240617155010,19.36372
20240617160010,7.46255
20240617161010,-0.93691
20240617162010,-0.93691
20240617163010,-0.93691
20240617164010,-0.93691
20240617165010,-0.93691
20240630090010,34.32206
20240630091010,-32.90843
20240630092010,63.13502
20240630093010,33.25772
20240630094010,45.28648
20240630095010,-14.14618
20240630100010,-15.6408
20240630101010,-17.56134
20240630102010,19.36372
20240630103010,19.36372
20240630104010,19.36372
20240630105010,19.36372
20240630110010,-17.56134
20240630111010,-17.56134
20240630112010,18.86662
20240630113010,18.86662
20240630114010,28.99321
20240630115010,-18.05843
20240630120010,28.99321
20240630121010,28.99321
20240630122010,18.86662
20240630123010,22.77886
20240630124010,19.36372
20240630125010,19.36372
20240630130010,-17.56134
20240630131010,-17.56134
20240630132010,-17.56134
20240630133010,-17.56134
20240630134010,-17.56134
20240630135010,-17.56134
20240630140010,19.36372
20240630141010,-17.56134
20240630142010,19.36372
20240630143010,19.36372
20240630144010,19.36372
20240630145010,19.36372
20240630150010,19.36372
20240630151010,19.36372
20240630152010,19.36372
20240630153010,19.36372
20240630154010,22.77886
20240630155010,19.36372
20240630160010,7.46255
20240630161010,-0.93691
20240630162010,-0.93691
20240630163010,-0.93691
20240630164010,-0.93691
20240630165010,-0.93691
20240714090010,-61.58184
20240714091010,-30.85537
20240714092010,-32.41133
20240714093010,-18.38071
20240714094010,-12.81699
20240714095010,-48.61606
20240714100010,14.97037
20240714101010,-17.56134
20240714102010,-17.56134
20240714103010,19.36372
20240714104010,19.36372
20240714105010,19.36372
20240714110010,-17.56134
20240714111010,-17.56134
20240714112010,18.86662
20240714113010,18.86662
20240714114010,28.99321
20240714115010,-18.05843
20240714120010,28.99321
20240714121010,28.99321
20240714122010,18.86662
20240714123010,22.77886
20240714124010,19.36372
20240714125010,19.36372
20240714130010,-17.56134
20240714131010,-17.56134
20240714132010,-17.56134
20240714133010,-17.56134
20240714134010,-17.56134
20240714135010,-17.56134
20240714140010,19.36372
20240714141010,-17.56134
20240714142010,19.36372
20240714143010,19.36372
20240714144010,19.36372
20240714145010,19.36372
20240714150010,19.36372
20240714151010,19.36372
20240714152010,19.36372
20240714153010,19.36372
20240714154010,22.77886
20240714155010,19.36372
20240714160010,7.46255
20240714161010,-0.93691
20240714162010,-0.93691
20240714163010,-0.93691
20240714164010,-0.93691
20240714165010,-0.93691
20240718090010,-23.43585
20240718091010,-30.85537
20240718092010,-34.3469
20240718093010,-32.41133
20240718094010,-32.41133
20240718095010,-41.36038
20240718100010,12.86662
20240718101010,-17.56134
20240718102010,19.36372
20240718103010,19.36372
20240718104010,19.36372
20240718105010,19.36372
20240718110010,-17.56134
20240718111010,-17.56134
20240718112010,18.86662
20240718113010,18.86662
20240718114010,28.99321
20240718115010,-18.05843
20240718120010,28.99321
20240718121010,28.99321
20240718122010,18.86662
20240718123010,22.77886
20240718124010,19.36372
20240718125010,19.36372
20240718130010,-17.56134
20240718131010,-17.56134
20240718132010,-17.56134
20240718133010,-17.56134
20240718134010,-17.56134
20240718135010,-17.56134
20240718140010,19.36372
20240718141010,-17.56134
20240718142010,19.36372
20240718143010,19.36372
20240718144010,19.36372
20240718145010,19.36372
20240718150010,19.36372
20240718151010,19.36372
20240718152010,19.36372
20240718153010,19.36372
20240718154010,22.77886
20240718155010,19.36372
20240718160010,7.46255
20240718161010,-0.93691
20240718162010,-0.93691
20240718163010,-0.93691
20240718164010,-0.93691
20240718165010,-0.93691
20240720090010,-38.2248
20240720091010,-30.85537
20240720092010,-32.41133
20240720093010,-32.41133
20240720094010,-32.41133
20240720095010,-29.4592
20240720100010,24.76778
20240720101010,-17.56134
20240720102010,-17.56134
20240720103010,19.36372
20240720104010,19.36372
20240720105010,19.36372
20240720110010,-17.56134
20240720111010,-17.56134
20240720112010,18.86662
20240720113010,18.86662
20240720114010,28.99321
20240720115010,-18.05843
20240720120010,28.99321
20240720121010,28.99321
20240720122010,18.86662
20240720123010,22.77886
20240720124010,19.36372
20240720125010,19.36372
20240720130010,-17.56134
20240720131010,-17.56134
20240720132010,-17.56134
20240720133010,-17.56134
20240720134010,-17.56134
20240720135010,-17.56134
20240720140010,19.36372
20240720141010,-17.56134
20240720142010,19.36372
20240720143010,19.36372
20240720144010,19.36372
20240720145010,19.36372
20240720150010,19.36372
20240720151010,19.36372
20240720152010,19.36372
20240720153010,19.36372
20240720154010,22.77886
20240720155010,19.36372
20240720160010,7.46255
20240720161010,-0.93691
20240720162010,-0.93691
20240720163010,-0.93691
20240720164010,-0.93691
20240720165010,-0.93691
20240322090011,98.78074
20240322091011,51.98968
20240322092011,15.22344
20240322093011,80.80068
20240322094011,80.80068
20240322095011,45.12459
20240322100011,19.2961
20240322101011,-17.56134
20240322102011,19.36372
20240322103011,19.36372
20240322104011,19.36372
20240322105011,19.36372
20240322110011,-17.56134
20240322111011,-17.56134
20240322112011,18.86662
20240322113011,18.86662
20240322114011,28.99321
20240322115011,-18.05843
20240322120011,28.99321
20240322121011,28.99321
20240322122011,18.86662
20240322123011,22.77886
20240322124011,19.36372
20240322125011,19.36372
20240322130011,-17.56134
20240322131011,-17.56134
20240322132011,-17.56134
20240322133011,-17.56134
20240322134011,-17.56134
20240322135011,-17.56134
20240322140011,19.36372
20240322141011,-17.56134
20240322142011,19.36372
20240322143011,19.36372
20240322144011,19.36372
20240322145011,19.36372
20240322150011,19.36372
20240322151011,19.36372
20240322152011,19.36372
20240322153011,19.36372
20240322154011,22.77886
20240322155011,19.36372
20240322160011,7.46255
20240322161011,-0.93691
20240322162011,-0.93691
20240322163011,-0.93691
20240322164011,-0.93691
20240322165011,-0.93691
20240327090011,98.78074
20240327091011,24.59987
20240327092011,-30.49079
20240327093011,33.25772
20240327094011,33.25772
20240327095011,19.45798
20240327100011,19.2961
20240327101011,22.77886
20240327102011,19.36372
20240327103011,19.36372
20240327104011,19.36372
20240327105011,19.36372
20240327110011,-17.56134
20240327111011,-17.56134
20240327112011,18.86662
20240327113011,18.86662
20240327114011,28.99321
20240327115011,-18.05843
20240327120011,28.99321
20240327121011,28.99321
20240327122011,18.86662
20240327123011,22.77886
20240327124011,19.36372
20240327125011,19.36372
20240327130011,-17.56134
20240327131011,-17.56134
20240327132011,-17.56134
20240327133011,-17.56134
20240327134011,-17.56134
20240327135011,-17.56134
20240327140011,19.36372
20240327141011,-17.56134
20240327142011,19.36372
20240327143011,19.36372
20240327144011,19.36372
20240327145011,19.36372
20240327150011,19.36372
20240327151011,19.36372
20240327152011,19.36372
20240327153011,19.36372
20240327154011,22.77886
20240327155011,19.36372
20240327160011,7.46255
20240327161011,-0.93691
20240327162011,-0.93691
20240327163011,-0.93691
20240327164011,-0.93691
20240327165011,-0.93691
20240413090011,63.13502
20240413091011,62.0145
20240413092011,-30.49079
20240413093011,80.80068
20240413094011,25.96771
20240413095011,45.12459
20240413100011,45.28648
20240413101011,-17.56134
20240413102011,19.36372
20240413103011,19.36372
20240413104011,19.36372
20240413105011,19.36372
20240413110011,-17.56134
20240413111011,-17.56134
20240413112011,18.86662
20240413113011,18.86662
20240413114011,28.99321
20240413115011,-18.05843
20240413120011,28.99321
20240413121011,28.99321
20240413122011,18.86662
20240413123011,22.77886
20240413124011,19.36372
20240413125011,19.36372
20240413130011,-17.56134
20240413131011,-17.56134
20240413132011,-17.56134
20240413133011,-17.56134
20240413134011,-17.56134
20240413135011,-17.56134
20240413140011,19.36372
20240413141011,-17.56134
20240413142011,19.36372
20240413143011,19.36372
20240413144011,19.36372
20240413145011,19.36372
20240413150011,19.36372
20240413151011,19.36372
20240413152011,19.36372
20240413153011,19.36372
20240413154011,22.77886
20240413155011,19.36372
20240413160011,7.46255
20240413161011,-0.93691
20240413162011,-0.93691
20240413163011,-0.93691
20240413164011,-0.93691
20240413165011,-0.93691
20240426090011,44.65694
20240426091011,-32.41133
20240426092011,-46.69552
20240426093011,-15.6408
20240426094011,45.12459
20240426095011,45.12459
20240426100011,-27.53867
20240426101011,-18.05843
20240426102011,-17.56134
20240426103011,19.36372
20240426104011,19.36372
20240426105011,19.36372
20240426110011,-17.56134
20240426111011,-17.56134
20240426112011,18.86662
20240426113011,18.86662
20240426114011,28.99321
20240426115011,-18.05843
20240426120011,28.99321
20240426121011,28.99321
20240426122011,18.86662
20240426123011,22.77886
20240426124011,19.36372
20240426125011,19.36372
20240426130011,-17.56134
20240426131011,-17.56134
20240426132011,-17.56134
20240426133011,-17.56134
20240426134011,-17.56134
20240426135011,-17.56134
20240426140011,19.36372
20240426141011,-17.56134
20240426142011,19.36372
20240426143011,19.36372
20240426144011,19.36372
20240426145011,19.36372
20240426150011,19.36372
20240426151011,19.36372
20240426152011,19.36372
20240426153011,19.36372
20240426154011,22.77886
20240426155011,19.36372
20240426160011,7.46255
20240426161011,-0.93691
20240426162011,-0.93691
20240426163011,-0.93691
20240426164011,-0.93691
20240426165011,-0.93691
20240606090011,98.78074
20240606091011,14.47327
20240606092011,-30.49079
20240606093011,-19.87533
20240606094011,63.13502
20240606095011,45.28648
20240606100011,56.38305
20240606101011,-18.05843
20240606102011,19.36372
20240606103011,19.36372
20240606104011,19.36372
20240606105011,19.36372
20240606110011,-17.56134
20240606111011,-17.56134
20240606112011,18.86662
20240606113011,18.86662
20240606114011,28.99321
20240606115011,-18.05843
20240606120011,28.99321
20240606121011,28.99321
20240606122011,18.86662
20240606123011,22.77886
20240606124011,19.36372
20240606125011,19.36372
20240606130011,-17.56134
20240606131011,-17.56134
20240606132011,-17.56134
20240606133011,-17.56134
20240606134011,-17.56134
20240606135011,-17.56134
20240606140011,19.36372
20240606141011,-17.56134
20240606142011,19.36372
20240606143011,19.36372
20240606144011,19.36372
20240606145011,19.36372
20240606150011,19.36372
20240606151011,19.36372
20240606152011,19.36372
20240606153011,19.36372
20240606154011,22.77886
20240606155011,19.36372
20240606160011,7.46255
20240606161011,-0.93691
20240606162011,-0.93691
20240606163011,-0.93691
20240606164011,-0.93691
20240606165011,-0.93691
20240712090011,44.65694
20240712091011,-32.41133
20240712092011,-45.20091
20240712093011,-32.41133
20240712094011,19.45798
20240712095011,-27.53867
20240712100011,-27.53867
20240712101011,-14.14618
20240712102011,-29.4625
20240712103011,19.36372
20240712104011,19.36372
20240712105011,19.36372
20240712110011,-17.56134
20240712111011,-17.56134
20240712112011,18.86662
20240712113011,18.86662
20240712114011,28.99321
20240712115011,-18.05843
20240712120011,28.99321
20240712121011,28.99321
20240712122011,18.86662
20240712123011,22.77886
20240712124011,19.36372
20240712125011,19.36372
20240712130011,-17.56134
20240712131011,-17.56134
20240712132011,-17.56134
20240712133011,-17.56134
20240712134011,-17.56134
20240712135011,-17.56134
20240712140011,19.36372
20240712141011,-17.56134
20240712142011,19.36372
20240712143011,19.36372
20240712144011,19.36372
20240712145011,19.36372
20240712150011,19.36372
20240712151011,19.36372
20240712152011,19.36372
20240712153011,19.36372
20240712154011,22.77886
20240712155011,19.36372
20240712160011,7.46255
20240712161011,-0.93691
20240712162011,-0.93691
20240712163011,-0.93691
20240712164011,-0.93691
20240712165011,-0.93691
20240315090012,51.98968
20240315091012,16.8909
20240315092012,16.34396
20240315093012,16.34396
20240315094012,80.80068
20240315095012,45.28648
20240315100012,19.2961
20240315101012,19.36372
20240315102012,-17.56134
20240315103012,19.36372
20240315104012,19.36372
20240315105012,19.36372
20240315110012,-17.56134
20240315111012,-17.56134
20240315112012,18.86662
20240315113012,18.86662
20240315114012,28.99321
20240315115012,-18.05843
20240315120012,28.99321
20240315121012,28.99321
20240315122012,18.86662
20240315123012,22.77886
20240315124012,19.36372
20240315125012,19.36372
20240315130012,-17.56134
20240315131012,-17.56134
20240315132012,-17.56134
20240315133012,-17.56134
20240315134012,-17.56134
20240315135012,-17.56134
20240315140012,19.36372
20240315141012,-17.56134
20240315142012,19.36372
20240315143012,19.36372
20240315144012,19.36372
20240315145012,19.36372
20240315150012,19.36372
20240315151012,19.36372
20240315152012,19.36372
20240315153012,19.36372
20240315154012,22.77886
20240315155012,19.36372
20240315160012,7.46255
20240315161012,-0.93691
20240315162012,-0.93691
20240315163012,-0.93691
20240315164012,-0.93691
20240315165012,-0.93691
20240317090012,51.98968
20240317091012,14.47327
20240317092012,-30.49079
20240317093012,33.25772
20240317094012,25.96771
20240317095012,45.12459
20240317100012,19.2961
20240317101012,22.77886
20240317102012,-17.56134
20240317103012,19.36372
20240317104012,19.36372
20240317105012,19.36372
20240317110012,-17.56134
20240317111012,-17.56134
20240317112012,18.86662
20240317113012,18.86662
20240317114012,28.99321
20240317115012,-18.05843
20240317120012,28.99321
20240317121012,28.99321
20240317122012,18.86662
20240317123012,22.77886
20240317124012,19.36372
20240317125012,19.36372
20240317130012,-17.56134
20240317131012,-17.56134
20240317132012,-17.56134
20240317133012,-17.56134
20240317134012,-17.56134
20240317135012,-17.56134
20240317140012,19.36372
20240317141012,-17.56134
20240317142012,19.36372
20240317143012,19.36372
20240317144012,19.36372
20240317145012,19.36372
20240317150012,19.36372
20240317151012,19.36372
20240317152012,19.36372
20240317153012,19.36372
20240317154012,22.77886
20240317155012,19.36372
20240317160012,7.46255
20240317161012,-0.93691
20240317162012,-0.93691
20240317163012,-0.93691
20240317164012,-0.93691
20240317165012,-0.93691
20240412090012,44.65694
20240412091012,63.13502
20240412092012,63.13502
20240412093012,45.12459
20240412094012,45.12459
20240412095012,19.2961
20240412100012,19.2961
20240412101012,-17.56134
20240412102012,-17.56134
20240412103012,19.36372
20240412104012,19.36372
20240412105012,19.36372
20240412110012,-17.56134
20240412111012,-17.56134
20240412112012,18.86662
20240412113012,18.86662
20240412114012,28.99321
20240412115012,-18.05843
20240412120012,28.99321
20240412121012,28.99321
20240412122012,18.86662
20240412123012,22.77886
20240412124012,19.36372
20240412125012,19.36372
20240412130012,-17.56134
20240412131012,-17.56134
20240412132012,-17.56134
20240412133012,-17.56134
20240412134012,-17.56134
20240412135012,-17.56134
20240412140012,19.36372
20240412141012,-17.56134
20240412142012,19.36372
20240412143012,19.36372
20240412144012,19.36372
20240412145012,19.36372
20240412150012,19.36372
20240412151012,19.36372
20240412152012,19.36372
20240412153012,19.36372
20240412154012,22.77886
20240412155012,19.36372
20240412160012,7.46255
20240412161012,-0.93691
20240412162012,-0.93691
20240412163012,-0.93691
20240412164012,-0.93691
20240412165012,-0.93691
20240426090012,44.65694
20240426091012,-32.41133
20240426092012,-20.52596
20240426093012,-15.6408
20240426094012,45.12459
20240426095012,19.2961
20240426100012,-27.53867
20240426101012,-14.14618
20240426102012,-17.56134
20240426103012,19.36372
20240426104012,19.36372
20240426105012,19.36372
20240426110012,-17.56134
20240426111012,-17.56134
20240426112012,18.86662
20240426113012,18.86662
20240426114012,28.99321
20240426115012,-18.05843
20240426120012,28.99321
20240426121012,28.99321
20240426122012,18.86662
20240426123012,22.77886
20240426124012,19.36372
20240426125012,19.36372
20240426130012,-17.56134
20240426131012,-17.56134
20240426132012,-17.56134
20240426133012,-17.56134
20240426134012,-17.56134
20240426135012,-17.56134
20240426140012,19.36372
20240426141012,-17.56134
20240426142012,19.36372
20240426143012,19.36372
20240426144012,19.36372
20240426145012,19.36372
20240426150012,19.36372
20240426151012,19.36372
20240426152012,19.36372
20240426153012,19.36372
20240426154012,22.77886
20240426155012,19.36372
20240426160012,7.46255
20240426161012,-0.93691
20240426162012,-0.93691
20240426163012,-0.93691
20240426164012,-0.93691
20240426165012,-0.93691
20240521090012,62.0145
20240521091012,15.22344
20240521092012,32.13721
20240521093012,45.28648
20240521094012,45.12459
20240521095012,19.45798
20240521100012,21.28424
20240521101012,-18.05843
20240521102012,19.36372
20240521103012,19.36372
20240521104012,19.36372
20240521105012,19.36372
20240521110012,-17.56134
20240521111012,-17.56134
20240521112012,18.86662
20240521113012,18.86662
20240521114012,28.99321
20240521115012,-18.05843
20240521120012,28.99321
20240521121012,28.99321
20240521122012,18.86662
20240521123012,22.77886
20240521124012,19.36372
20240521125012,19.36372
20240521130012,-17.56134
20240521131012,-17.56134
20240521132012,-17.56134
20240521133012,-17.56134
20240521134012,-17.56134
20240521135012,-17.56134
20240521140012,19.36372
20240521141012,-17.56134
20240521142012,19.36372
20240521143012,19.36372
20240521144012,19.36372
20240521145012,19.36372
20240521150012,19.36372
20240521151012,19.36372
20240521152012,19.36372
20240521153012,19.36372
20240521154012,22.77886
20240521155012,19.36372
20240521160012,7.46255
20240521161012,-0.93691
20240521162012,-0.93691
20240521163012,-0.93691
20240521164012,-0.93691
20240521165012,-0.93691
20240619090012,44.65694
20240619091012,-32.41133
20240619092012,-27.53867
20240619093012,-22.9436
20240619094012,19.2961
20240619095012,-27.53867
20240619100012,-27.53867
20240619101012,-17.56134
20240619102012,-29.4625
20240619103012,-17.56134
20240619104012,19.36372
20240619105012,19.36372
20240619110012,-17.56134
20240619111012,-17.56134
20240619112012,18.86662
20240619113012,18.86662
20240619114012,28.99321
20240619115012,-18.05843
20240619120012,28.99321
20240619121012,28.99321
20240619122012,18.86662
20240619123012,22.77886
20240619124012,19.36372
20240619125012,19.36372
20240619130012,-17.56134
20240619131012,-17.56134
20240619132012,-17.56134
20240619133012,-17.56134
20240619134012,-17.56134
20240619135012,-17.56134
20240619140012,19.36372
20240619141012,-17.56134
20240619142012,19.36372
20240619143012,19.36372
20240619144012,19.36372
20240619145012,19.36372
20240619150012,19.36372
20240619151012,19.36372
20240619152012,19.36372
20240619153012,19.36372
20240619154012,22.77886
20240619155012,19.36372
20240619160012,7.46255
20240619161012,-0.93691
20240619162012,-0.93691
20240619163012,-0.93691
20240619164012,-0.93691
20240619165012,-0.93691
20240621090012,44.65694
20240621091012,-32.41133
20240621092012,-19.8297
20240621093012,-32.90843
20240621094012,19.2961
20240621095012,19.2961
20240621100012,-19.8297
20240621101012,-14.14618
20240621102012,-29.4625
20240621103012,-17.56134
20240621104012,19.36372
20240621105012,19.36372
20240621110012,-17.56134
20240621111012,-17.56134
20240621112012,18.86662
20240621113012,18.86662
20240621114012,28.99321
20240621115012,-18.05843
20240621120012,28.99321
20240621121012,28.99321
20240621122012,18.86662
20240621123012,22.77886
20240621124012,19.36372
20240621125012,19.36372
20240621130012,-17.56134
20240621131012,-17.56134
20240621132012,-17.56134
20240621133012,-17.56134
20240621134012,-17.56134
20240621135012,-17.56134
20240621140012,19.36372
20240621141012,-17.56134
20240621142012,19.36372
20240621143012,19.36372
20240621144012,19.36372
20240621145012,19.36372
20240621150012,19.36372
20240621151012,19.36372
20240621152012,19.36372
20240621153012,19.36372
20240621154012,22.77886
20240621155012,19.36372
20240621160012,7.46255
20240621161012,-0.93691
20240621162012,-0.93691
20240621163012,-0.93691
20240621164012,-0.93691
20240621165012,-0.93691
20240705090012,44.65694
20240705091012,-21.79586
20240705092012,-18.05843
20240705093012,-27.53867
20240705094012,-15.6408
20240705095012,-29.9563
20240705100012,-15.6408
20240705101012,-17.56134
20240705102012,-29.4625
20240705103012,19.36372
20240705104012,19.36372
20240705105012,19.36372
20240705110012,-17.56134
20240705111012,-17.56134
20240705112012,18.86662
20240705113012,18.86662
20240705114012,28.99321
20240705115012,-18.05843
20240705120012,28.99321
20240705121012,28.99321
20240705122012,18.86662
20240705123012,22.77886
20240705124012,19.36372
20240705125012,19.36372
20240705130012,-17.56134
20240705131012,-17.56134
20240705132012,-17.56134
20240705133012,-17.56134
20240705134012,-17.56134
20240705135012,-17.56134
20240705140012,19.36372
20240705141012,-17.56134
20240705142012,19.36372
20240705143012,19.36372
20240705144012,19.36372
20240705145012,19.36372
20240705150012,19.36372
20240705151012,19.36372
20240705152012,19.36372
20240705153012,19.36372
20240705154012,22.77886
20240705155012,19.36372
20240705160012,7.46255
20240705161012,-0.93691
20240705162012,-0.93691
20240705163012,-0.93691
20240705164012,-0.93691
20240705165012,-0.93691
20240713090012,63.13502
20240713091012,-21.79586
20240713092012,-32.41133
20240713093012,-30.49079
20240713094012,-27.53867
20240713095012,19.2961
20240713100012,19.45798
20240713101012,-14.14618
20240713102012,-29.4625
20240713103012,19.36372
20240713104012,19.36372
20240713105012,19.36372
20240713110012,-17.56134
20240713111012,-17.56134
20240713112012,18.86662
20240713113012,18.86662
20240713114012,28.99321
20240713115012,-18.05843
20240713120012,28.99321
20240713121012,28.99321
20240713122012,18.86662
20240713123012,22.77886
20240713124012,19.36372
20240713125012,19.36372
20240713130012,-17.56134
20240713131012,-17.56134
20240713132012,-17.56134
20240713133012,-17.56134
20240713134012,-17.56134
20240713135012,-17.56134
20240713140012,19.36372
20240713141012,-17.56134
20240713142012,19.36372
20240713143012,19.36372
20240713144012,19.36372
20240713145012,19.36372
20240713150012,19.36372
20240713151012,19.36372
20240713152012,19.36372
20240713153012,19.36372
20240713154012,22.77886
20240713155012,19.36372
20240713160012,7.46255
20240713161012,-0.93691
20240713162012,-0.93691
20240713163012,-0.93691
20240713164012,-0.93691
20240713165012,-0.93691
20240214090013,-42.22736
20240214091013,-41.36038
20240214092013,-26.04406
20240214093013,-19.8297
20240214094013,-14.14618
20240214095013,-29.4592
20240214100013,-41.36038
20240214101013,-17.56134
20240214102013,-17.56134
20240214103013,19.36372
20240214104013,19.36372
20240214105013,19.36372
20240214110013,-17.56134
20240214111013,-17.56134
20240214112013,18.86662
20240214113013,18.86662
20240214114013,28.99321
20240214115013,-18.05843
20240214120013,28.99321
20240214121013,28.99321
20240214122013,18.86662
20240214123013,22.77886
20240214124013,19.36372
20240214125013,19.36372
20240214130013,-17.56134
20240214131013,-17.56134
20240214132013,-17.56134
20240214133013,-17.56134
20240214134013,-17.56134
20240214135013,-17.56134
20240214140013,19.36372
20240214141013,-17.56134
20240214142013,19.36372
20240214143013,19.36372
20240214144013,19.36372
20240214145013,19.36372
20240214150013,19.36372
20240214151013,19.36372
20240214152013,19.36372
20240214153013,19.36372
20240214154013,22.77886
20240214155013,19.36372
20240214160013,7.46255
20240214161013,-0.93691
20240214162013,-0.93691
20240214163013,-0.93691
20240214164013,-0.93691
20240214165013,-0.93691
20240221090013,-62.52798
20240221091013,-49.75984
20240221092013,-49.75984
20240221093013,-29.4592
20240221094013,-17.56134
20240221095013,-14.14618
20240221100013,-29.4592
20240221101013,-17.56134
20240221102013,-17.56134
20240221103013,19.36372
20240221104013,19.36372
20240221105013,19.36372
20240221110013,-17.56134
20240221111013,-17.56134
20240221112013,18.86662
20240221113013,18.86662
20240221114013,28.99321
20240221115013,-18.05843
20240221120013,28.99321
20240221121013,28.99321
20240221122013,18.86662
20240221123013,22.77886
20240221124013,19.36372
20240221125013,19.36372
20240221130013,-17.56134
20240221131013,-17.56134
20240221132013,-17.56134
20240221133013,-17.56134
20240221134013,-17.56134
20240221135013,-17.56134
20240221140013,19.36372
20240221141013,-17.56134
20240221142013,19.36372
20240221143013,19.36372
20240221144013,19.36372
20240221145013,19.36372
20240221150013,19.36372
20240221151013,19.36372
20240221152013,19.36372
20240221153013,19.36372
20240221154013,22.77886
20240221155013,19.36372
20240221160013,7.46255
20240221161013,-0.93691
20240221162013,-0.93691
20240221163013,-0.93691
20240221164013,-0.93691
20240221165013,-0.93691
20240314090013,51.98968
20240314091013,16.8909
20240314092013,16.34396
20240314093013,15.22344
20240314094013,33.25772
20240314095013,45.12459
20240314100013,19.2961
20240314101013,22.77886
20240314102013,-17.56134
20240314103013,19.36372
20240314104013,19.36372
20240314105013,19.36372
20240314110013,-17.56134
20240314111013,-17.56134
20240314112013,18.86662
20240314113013,18.86662
20240314114013,28.99321
20240314115013,-18.05843
20240314120013,28.99321
20240314121013,28.99321
20240314122013,18.86662
20240314123013,22.77886
20240314124013,19.36372
20240314125013,19.36372
20240314130013,-17.56134
20240314131013,-17.56134
20240314132013,-17.56134
20240314133013,-17.56134
20240314134013,-17.56134
20240314135013,-17.56134
20240314140013,19.36372
20240314141013,-17.56134
20240314142013,19.36372
20240314143013,19.36372
20240314144013,19.36372
20240314145013,19.36372
20240314150013,19.36372
20240314151013,19.36372
20240314152013,19.36372
20240314153013,19.36372
20240314154013,22.77886
20240314155013,19.36372
20240314160013,7.46255
20240314161013,-0.93691
20240314162013,-0.93691
20240314163013,-0.93691
20240314164013,-0.93691
20240314165013,-0.93691
20240316090013,44.65694
20240316091013,-30.49079
20240316092013,63.13502
20240316093013,63.13502
20240316094013,80.80068
20240316095013,33.25772
20240316100013,19.2961
20240316101013,-17.56134
20240316102013,-17.56134
20240316103013,19.36372
20240316104013,19.36372
20240316105013,19.36372
20240316110013,-17.56134
20240316111013,-17.56134
20240316112013,18.86662
20240316113013,18.86662
20240316114013,28.99321
20240316115013,-18.05843
20240316120013,28.99321
20240316121013,28.99321
20240316122013,18.86662
20240316123013,22.77886
20240316124013,19.36372
20240316125013,19.36372
20240316130013,-17.56134
20240316131013,-17.56134
20240316132013,-17.56134
20240316133013,-17.56134
20240316134013,-17.56134
20240316135013,-17.56134
20240316140013,19.36372
20240316141013,-17.56134
20240316142013,19.36372
20240316143013,19.36372
20240316144013,19.36372
20240316145013,19.36372
20240316150013,19.36372
20240316151013,19.36372
20240316152013,19.36372
20240316153013,19.36372
20240316154013,22.77886
20240316155013,19.36372
20240316160013,7.46255
20240316161013,-0.93691
20240316162013,-0.93691
20240316163013,-0.93691
20240316164013,-0.93691
20240316165013,-0.93691
20240328090013,44.65694
20240328091013,63.13502
20240328092013,63.13502
20240328093013,80.80068
20240328094013,63.13502
20240328095013,-20.52596
20240328100013,19.45798
20240328101013,-17.56134
20240328102013,-17.56134
20240328103013,19.36372
20240328104013,19.36372
20240328105013,19.36372
20240328110013,-17.56134
20240328111013,-17.56134
20240328112013,18.86662
20240328113013,18.86662
20240328114013,28.99321
20240328115013,-18.05843
20240328120013,28.99321
20240328121013,28.99321
20240328122013,18.86662
20240328123013,22.77886
20240328124013,19.36372
20240328125013,19.36372
20240328130013,-17.56134
20240328131013,-17.56134
20240328132013,-17.56134
20240328133013,-17.56134
20240328134013,-17.56134
20240328135013,-17.56134
20240328140013,19.36372
20240328141013,-17.56134
20240328142013,19.36372
20240328143013,19.36372
20240328144013,19.36372
20240328145013,19.36372
20240328150013,19.36372
20240328151013,19.36372
20240328152013,19.36372
20240328153013,19.36372
20240328154013,22.77886
20240328155013,19.36372
20240328160013,7.46255
20240328161013,-0.93691
20240328162013,-0.93691
20240328163013,-0.93691
20240328164013,-0.93691
20240328165013,-0.93691
20240412090013,34.32206
20240412091013,62.0145
20240412092013,63.13502
20240412093013,45.12459
20240412094013,79.68016
20240412095013,19.2961
20240412100013,19.45798
20240412101013,-17.56134
20240412102013,-17.56134
20240412103013,19.36372
20240412104013,19.36372
20240412105013,19.36372
20240412110013,-17.56134
20240412111013,-17.56134
20240412112013,18.86662
20240412113013,18.86662
20240412114013,28.99321
20240412115013,-18.05843
20240412120013,28.99321
20240412121013,28.99321
20240412122013,18.86662
20240412123013,22.77886
20240412124013,19.36372
20240412125013,19.36372
20240412130013,-17.56134
20240412131013,-17.56134
20240412132013,-17.56134
20240412133013,-17.56134
20240412134013,-17.56134
20240412135013,-17.56134
20240412140013,19.36372
20240412141013,-17.56134
20240412142013,19.36372
20240412143013,19.36372
20240412144013,19.36372
20240412145013,19.36372
20240412150013,19.36372
20240412151013,19.36372
20240412152013,19.36372
20240412153013,19.36372
20240412154013,22.77886
20240412155013,19.36372
20240412160013,7.46255
20240412161013,-0.93691
20240412162013,-0.93691
20240412163013,-0.93691
20240412164013,-0.93691
20240412165013,-0.93691
20240619090013,44.65694
20240619091013,15.22344
20240619092013,16.34396
20240619093013,33.25772
20240619094013,62.0145
20240619095013,-27.53867
20240619100013,51.98968
20240619101013,-17.56134
20240619102013,-17.56134
20240619103013,-17.56134
20240619104013,19.36372
20240619105013,19.36372
20240619110013,-17.56134
20240619111013,-17.56134
20240619112013,18.86662
20240619113013,18.86662
20240619114013,28.99321
20240619115013,-18.05843
20240619120013,28.99321
20240619121013,28.99321
20240619122013,18.86662
20240619123013,22.77886
20240619124013,19.36372
20240619125013,19.36372
20240619130013,-17.56134
20240619131013,-17.56134
20240619132013,-17.56134
20240619133013,-17.56134
20240619134013,-17.56134
20240619135013,-17.56134
20240619140013,19.36372
20240619141013,-17.56134
20240619142013,19.36372
20240619143013,19.36372
20240619144013,19.36372
20240619145013,19.36372
20240619150013,19.36372
20240619151013,19.36372
20240619152013,19.36372
20240619153013,19.36372
20240619154013,22.77886
20240619155013,19.36372
20240619160013,7.46255
20240619161013,-0.93691
20240619162013,-0.93691
20240619163013,-0.93691
20240619164013,-0.93691
20240619165013,-0.93691
20240225090014,19.36372
20240225091014,21.28424
20240225092014,-15.6408
20240225093014,-15.6408
20240225094014,-7.93183
20240225095014,-7.93183
20240225100014,-7.93183
20240225101014,-7.93183
20240225102014,19.36372
20240225103014,19.36372
20240225104014,19.36372
20240225105014,19.36372
20240225110014,-17.56134
20240225111014,-17.56134
20240225112014,18.86662
20240225113014,18.86662
20240225114014,28.99321
20240225115014,-18.05843
20240225120014,28.99321
20240225121014,28.99321
20240225122014,18.86662
20240225123014,22.77886
20240225124014,19.36372
20240225125014,19.36372
20240225130014,-17.56134
20240225131014,-17.56134
20240225132014,-17.56134
20240225133014,-17.56134
20240225134014,-17.56134
20240225135014,-17.56134
20240225140014,19.36372
20240225141014,-17.56134
20240225142014,19.36372
20240225143014,19.36372
20240225144014,19.36372
20240225145014,19.36372
20240225150014,19.36372
20240225151014,19.36372
20240225152014,19.36372
20240225153014,19.36372
20240225154014,22.77886
20240225155014,19.36372
20240225160014,7.46255
20240225161014,-0.93691
20240225162014,-0.93691
20240225163014,-0.93691
20240225164014,-0.93691
20240225165014,-0.93691
20240227090014,22.77886
20240227091014,-29.4592
20240227092014,-15.6408
20240227093014,-15.6408
20240227094014,-15.6408
20240227095014,-18.05843
20240227100014,-14.14618
20240227101014,-17.56134
20240227102014,19.36372
20240227103014,19.36372
20240227104014,19.36372
20240227105014,19.36372
20240227110014,-17.56134
20240227111014,-17.56134
20240227112014,18.86662
20240227113014,18.86662
20240227114014,28.99321
20240227115014,-18.05843
20240227120014,28.99321
20240227121014,28.99321
20240227122014,18.86662
20240227123014,22.77886
20240227124014,19.36372
20240227125014,19.36372
20240227130014,-17.56134
20240227131014,-17.56134
20240227132014,-17.56134
20240227133014,-17.56134
20240227134014,-17.56134
20240227135014,-17.56134
20240227140014,19.36372
20240227141014,-17.56134
20240227142014,19.36372
20240227143014,19.36372
20240227144014,19.36372
20240227145014,19.36372
20240227150014,19.36372
20240227151014,19.36372
20240227152014,19.36372
20240227153014,19.36372
20240227154014,22.77886
20240227155014,19.36372
20240227160014,7.46255
20240227161014,-0.93691
20240227162014,-0.93691
20240227163014,-0.93691
20240227164014,-0.93691
20240227165014,-0.93691
20240327090014,98.78074
20240327091014,-12.16636
20240327092014,-19.87533
20240327093014,16.34396
20240327094014,80.80068
20240327095014,19.2961
20240327100014,19.2961
20240327101014,-17.56134
20240327102014,19.36372
20240327103014,19.36372
20240327104014,19.36372
20240327105014,19.36372
20240327110014,-17.56134
20240327111014,-17.56134
20240327112014,18.86662
20240327113014,18.86662
20240327114014,28.99321
20240327115014,-18.05843
20240327120014,28.99321
20240327121014,28.99321
20240327122014,18.86662
20240327123014,22.77886
20240327124014,19.36372
20240327125014,19.36372
20240327130014,-17.56134
20240327131014,-17.56134
20240327132014,-17.56134
20240327133014,-17.56134
20240327134014,-17.56134
20240327135014,-17.56134
20240327140014,19.36372
20240327141014,-17.56134
20240327142014,19.36372
20240327143014,19.36372
20240327144014,19.36372
20240327145014,19.36372
20240327150014,19.36372
20240327151014,19.36372
20240327152014,19.36372
20240327153014,19.36372
20240327154014,22.77886
20240327155014,19.36372
20240327160014,7.46255
20240327161014,-0.93691
20240327162014,-0.93691
20240327163014,-0.93691
20240327164014,-0.93691
20240327165014,-0.93691
20240417090014,-49.69102
20240417091014,-20.2399
20240417092014,-21.79586
20240417093014,-18.05843
20240417094014,-17.56134
20240417095014,-17.56134
20240417100014,-29.4592
20240417101014,-17.56134
20240417102014,-17.56134
20240417103014,19.36372
20240417104014,19.36372
20240417105014,19.36372
20240417110014,-17.56134
20240417111014,-17.56134
20240417112014,18.86662
20240417113014,18.86662
20240417114014,28.99321
20240417115014,-18.05843
20240417120014,28.99321
20240417121014,28.99321
20240417122014,18.86662
20240417123014,22.77886
20240417124014,19.36372
20240417125014,19.36372
20240417130014,-17.56134
20240417131014,-17.56134
20240417132014,-17.56134
20240417133014,-17.56134
20240417134014,-17.56134
20240417135014,-17.56134
20240417140014,19.36372
20240417141014,-17.56134
20240417142014,19.36372
20240417143014,19.36372
20240417144014,19.36372
20240417145014,19.36372
20240417150014,19.36372
20240417151014,19.36372
20240417152014,19.36372
20240417153014,19.36372
20240417154014,22.77886
20240417155014,19.36372
20240417160014,7.46255
20240417161014,-0.93691
20240417162014,-0.93691
20240417163014,-0.93691
20240417164014,-0.93691
20240417165014,-0.93691
20240517090014,63.13502
20240517091014,63.13502
20240517092014,33.25772
20240517093014,63.13502
20240517094014,80.80068
20240517095014,26.12959
20240517100014,-15.6408
20240517101014,-17.56134
20240517102014,-17.56134
20240517103014,-29.4625
20240517104014,19.36372
20240517105014,19.36372
20240517110014,-17.56134
20240517111014,-17.56134
20240517112014,18.86662
20240517113014,18.86662
20240517114014,28.99321
20240517115014,-18.05843
20240517120014,28.99321
20240517121014,28.99321
20240517122014,18.86662
20240517123014,22.77886
20240517124014,19.36372
20240517125014,19.36372
20240517130014,-17.56134
20240517131014,-17.56134
20240517132014,-17.56134
20240517133014,-17.56134
20240517134014,-17.56134
20240517135014,-17.56134
20240517140014,19.36372
20240517141014,-17.56134
20240517142014,19.36372
20240517143014,19.36372
20240517144014,19.36372
20240517145014,19.36372
20240517150014,19.36372
20240517151014,19.36372
20240517152014,19.36372
20240517153014,19.36372
20240517154014,22.77886
20240517155014,19.36372
20240517160014,7.46255
20240517161014,-0.93691
20240517162014,-0.93691
20240517163014,-0.93691
20240517164014,-0.93691
20240517165014,-0.93691
20240704090014,34.32206
20240704091014,-19.87533
20240704092014,-19.87533
20240704093014,32.13721
20240704094014,19.45798
20240704095014,-15.6408
20240704100014,0.30113
20240704101014,-17.56134
20240704102014,19.36372
20240704103014,-17.56134
20240704104014,19.36372
20240704105014,19.36372
20240704110014,-17.56134
20240704111014,-17.56134
20240704112014,18.86662
20240704113014,18.86662
20240704114014,28.99321
20240704115014,-18.05843
20240704120014,28.99321
20240704121014,28.99321
20240704122014,18.86662
20240704123014,22.77886
20240704124014,19.36372
20240704125014,19.36372
20240704130014,-17.56134
20240704131014,-17.56134
20240704132014,-17.56134
20240704133014,-17.56134
20240704134014,-17.56134
20240704135014,-17.56134
20240704140014,19.36372
20240704141014,-17.56134
20240704142014,19.36372
20240704143014,19.36372
20240704144014,19.36372
20240704145014,19.36372
20240704150014,19.36372
20240704151014,19.36372
20240704152014,19.36372
20240704153014,19.36372
20240704154014,22.77886
20240704155014,19.36372
20240704160014,7.46255
20240704161014,-0.93691
20240704162014,-0.93691
20240704163014,-0.93691
20240704164014,-0.93691
20240704165014,-0.93691
20240715090014,44.65694
20240715091014,-19.87533
20240715092014,63.13502
20240715093014,16.34396
20240715094014,62.0145
20240715095014,32.13721
20240715100014,15.22344
20240715101014,-17.56134
20240715102014,-17.56134
20240715103014,19.36372
20240715104014,19.36372
20240715105014,19.36372
20240715110014,-17.56134
20240715111014,-17.56134
20240715112014,18.86662
20240715113014,18.86662
20240715114014,28.99321
20240715115014,-18.05843
20240715120014,28.99321
20240715121014,28.99321
20240715122014,18.86662
20240715123014,22.77886
20240715124014,19.36372
20240715125014,19.36372
20240715130014,-17.56134
20240715131014,-17.56134
20240715132014,-17.56134
20240715133014,-17.56134
20240715134014,-17.56134
20240715135014,-17.56134
20240715140014,19.36372
20240715141014,-17.56134
20240715142014,19.36372
20240715143014,19.36372
20240715144014,19.36372
20240715145014,19.36372
20240715150014,19.36372
20240715151014,19.36372
20240715152014,19.36372
20240715153014,19.36372
20240715154014,22.77886
20240715155014,19.36372
20240715160014,7.46255
20240715161014,-0.93691
20240715162014,-0.93691
20240715163014,-0.93691
20240715164014,-0.93691
20240715165014,-0.93691
20240215090015,32.35644
20240215091015,45.12459
20240215092015,45.12459
20240215093015,45.12459
20240215094015,45.12459
20240215095015,45.12459
20240215100015,-27.53867
20240215101015,-17.56134
20240215102015,-17.56134
20240215103015,19.36372
20240215104015,19.36372
20240215105015,19.36372
20240215110015,-17.56134
20240215111015,-17.56134
20240215112015,18.86662
20240215113015,18.86662
20240215114015,28.99321
20240215115015,-18.05843
20240215120015,28.99321
20240215121015,28.99321
20240215122015,18.86662
20240215123015,22.77886
20240215124015,19.36372
20240215125015,19.36372
20240215130015,-17.56134
20240215131015,-17.56134
20240215132015,-17.56134
20240215133015,-17.56134
20240215134015,-17.56134
20240215135015,-17.56134
20240215140015,19.36372
20240215141015,-17.56134
20240215142015,19.36372
20240215143015,19.36372
20240215144015,19.36372
20240215145015,19.36372
20240215150015,19.36372
20240215151015,19.36372
20240215152015,19.36372
20240215153015,19.36372
20240215154015,22.77886
20240215155015,19.36372
20240215160015,7.46255
20240215161015,-0.93691
20240215162015,-0.93691
20240215163015,-0.93691
20240215164015,-0.93691
20240215165015,-0.93691
20240218090015,45.12459
20240218091015,45.28648
20240218092015,-15.6408
20240218093015,45.28648
20240218094015,45.12459
20240218095015,19.45798
20240218100015,-15.6408
20240218101015,-17.56134
20240218102015,19.36372
20240218103015,19.36372
20240218104015,19.36372
20240218105015,19.36372
20240218110015,-17.56134
20240218111015,-17.56134
20240218112015,18.86662
20240218113015,18.86662
20240218114015,28.99321
20240218115015,-18.05843
20240218120015,28.99321
20240218121015,28.99321
20240218122015,18.86662
20240218123015,22.77886
20240218124015,19.36372
20240218125015,19.36372
20240218130015,-17.56134
20240218131015,-17.56134
20240218132015,-17.56134
20240218133015,-17.56134
20240218134015,-17.56134
20240218135015,-17.56134
20240218140015,19.36372
20240218141015,-17.56134
20240218142015,19.36372
20240218143015,19.36372
20240218144015,19.36372
20240218145015,19.36372
20240218150015,19.36372
20240218151015,19.36372
20240218152015,19.36372
20240218153015,19.36372
20240218154015,22.77886
20240218155015,19.36372
20240218160015,7.46255
20240218161015,-0.93691
20240218162015,-0.93691
20240218163015,-0.93691
20240218164015,-0.93691
20240218165015,-0.93691
20240314090015,98.78074
20240314091015,51.98968
20240314092015,16.34396
20240314093015,62.0145
20240314094015,80.80068
20240314095015,45.28648
20240314100015,19.2961
20240314101015,22.77886
20240314102015,-17.56134
20240314103015,19.36372
20240314104015,19.36372
20240314105015,19.36372
20240314110015,-17.56134
20240314111015,-17.56134
20240314112015,18.86662
20240314113015,18.86662
20240314114015,28.99321
20240314115015,-18.05843
20240314120015,28.99321
20240314121015,28.99321
20240314122015,18.86662
20240314123015,22.77886
20240314124015,19.36372
20240314125015,19.36372
20240314130015,-17.56134
20240314131015,-17.56134
20240314132015,-17.56134
20240314133015,-17.56134
20240314134015,-17.56134
20240314135015,-17.56134
20240314140015,19.36372
20240314141015,-17.56134
20240314142015,19.36372
20240314143015,19.36372
20240314144015,19.36372
20240314145015,19.36372
20240314150015,19.36372
20240314151015,19.36372
20240314152015,19.36372
20240314153015,19.36372
20240314154015,22.77886
20240314155015,19.36372
20240314160015,7.46255
20240314161015,-0.93691
20240314162015,-0.93691
20240314163015,-0.93691
20240314164015,-0.93691
20240314165015,-0.93691
20240317090015,98.78074
20240317091015,98.78074
20240317092015,15.22344
20240317093015,80.80068
20240317094015,80.80068
20240317095015,19.45798
20240317100015,19.45798
20240317101015,-17.56134
20240317102015,19.36372
20240317103015,19.36372
20240317104015,19.36372
20240317105015,19.36372
20240317110015,-17.56134
20240317111015,-17.56134
20240317112015,18.86662
20240317113015,18.86662
20240317114015,28.99321
20240317115015,-18.05843
20240317120015,28.99321
20240317121015,28.99321
20240317122015,18.86662
20240317123015,22.77886
20240317124015,19.36372
20240317125015,19.36372
20240317130015,-17.56134
20240317131015,-17.56134
20240317132015,-17.56134
20240317133015,-17.56134
20240317134015,-17.56134
20240317135015,-17.56134
20240317140015,19.36372
20240317141015,-17.56134
20240317142015,19.36372
20240317143015,19.36372
20240317144015,19.36372
20240317145015,19.36372
20240317150015,19.36372
20240317151015,19.36372
20240317152015,19.36372
20240317153015,19.36372
20240317154015,22.77886
20240317155015,19.36372
20240317160015,7.46255
20240317161015,-0.93691
20240317162015,-0.93691
20240317163015,-0.93691
20240317164015,-0.93691
20240317165015,-0.93691
20240412090015,34.32206
20240412091015,62.0145
20240412092015,62.0145
20240412093015,45.28648
20240412094015,26.12959
20240412095015,45.28648
20240412100015,-15.6408
20240412101015,-17.56134
20240412102015,-17.56134
20240412103015,-17.56134
20240412104015,19.36372
20240412105015,19.36372
20240412110015,-17.56134
20240412111015,-17.56134
20240412112015,18.86662
20240412113015,18.86662
20240412114015,28.99321
20240412115015,-18.05843
20240412120015,28.99321
20240412121015,28.99321
20240412122015,18.86662
20240412123015,22.77886
20240412124015,19.36372
20240412125015,19.36372
20240412130015,-17.56134
20240412131015,-17.56134
20240412132015,-17.56134
20240412133015,-17.56134
20240412134015,-17.56134
20240412135015,-17.56134
20240412140015,19.36372
20240412141015,-17.56134
20240412142015,19.36372
20240412143015,19.36372
20240412144015,19.36372
20240412145015,19.36372
20240412150015,19.36372
20240412151015,19.36372
20240412152015,19.36372
20240412153015,19.36372
20240412154015,22.77886
20240412155015,19.36372
20240412160015,7.46255
20240412161015,-0.93691
20240412162015,-0.93691
20240412163015,-0.93691
20240412164015,-0.93691
20240412165015,-0.93691
20240518090015,63.13502
20240518091015,-19.87533
20240518092015,14.47327
20240518093015,79.68016
20240518094015,-27.53867
20240518095015,19.2961
20240518100015,-7.93183
20240518101015,-17.56134
20240518102015,19.36372
20240518103015,-17.56134
20240518104015,19.36372
20240518105015,19.36372
20240518110015,-17.56134
20240518111015,-17.56134
20240518112015,18.86662
20240518113015,18.86662
20240518114015,28.99321
20240518115015,-18.05843
20240518120015,28.99321
20240518121015,28.99321
20240518122015,18.86662
20240518123015,22.77886
20240518124015,19.36372
20240518125015,19.36372
20240518130015,-17.56134
20240518131015,-17.56134
20240518132015,-17.56134
20240518133015,-17.56134
20240518134015,-17.56134
20240518135015,-17.56134
20240518140015,19.36372
20240518141015,-17.56134
20240518142015,19.36372
20240518143015,19.36372
20240518144015,19.36372
20240518145015,19.36372
20240518150015,19.36372
20240518151015,19.36372
20240518152015,19.36372
20240518153015,19.36372
20240518154015,22.77886
20240518155015,19.36372
20240518160015,7.46255
20240518161015,-0.93691
20240518162015,-0.93691
20240518163015,-0.93691
20240518164015,-0.93691
20240518165015,-0.93691
20240530090015,63.13502
20240530091015,62.0145
20240530092015,-27.08869
20240530093015,45.28648
20240530094015,45.12459
20240530095015,45.28648
20240530100015,-17.56134
20240530101015,-17.56134
20240530102015,19.36372
20240530103015,-17.56134
20240530104015,19.36372
20240530105015,19.36372
20240530110015,-17.56134
20240530111015,-17.56134
20240530112015,18.86662
20240530113015,18.86662
20240530114015,28.99321
20240530115015,-18.05843
20240530120015,28.99321
20240530121015,28.99321
20240530122015,18.86662
20240530123015,22.77886
20240530124015,19.36372
20240530125015,19.36372
20240530130015,-17.56134
20240530131015,-17.56134
20240530132015,-17.56134
20240530133015,-17.56134
20240530134015,-17.56134
20240530135015,-17.56134
20240530140015,19.36372
20240530141015,-17.56134
20240530142015,19.36372
20240530143015,19.36372
20240530144015,19.36372
20240530145015,19.36372
20240530150015,19.36372
20240530151015,19.36372
20240530152015,19.36372
20240530153015,19.36372
20240530154015,22.77886
20240530155015,19.36372
20240530160015,7.46255
20240530161015,-0.93691
20240530162015,-0.93691
20240530163015,-0.93691
20240530164015,-0.93691
20240530165015,-0.93691
20240605090015,98.78074
20240605091015,98.78074
20240605092015,-19.87533
20240605093015,63.13502
20240605094015,63.13502
20240605095015,80.80068
20240605100015,21.28424
20240605101015,-17.56134
20240605102015,19.36372
20240605103015,19.36372
20240605104015,19.36372
20240605105015,19.36372
20240605110015,-17.56134
20240605111015,-17.56134
20240605112015,18.86662
20240605113015,18.86662
20240605114015,28.99321
20240605115015,-18.05843
20240605120015,28.99321
20240605121015,28.99321
20240605122015,18.86662
20240605123015,22.77886
20240605124015,19.36372
20240605125015,19.36372
20240605130015,-17.56134
20240605131015,-17.56134
20240605132015,-17.56134
20240605133015,-17.56134
20240605134015,-17.56134
20240605135015,-17.56134
20240605140015,19.36372
20240605141015,-17.56134
20240605142015,19.36372
20240605143015,19.36372
20240605144015,19.36372
20240605145015,19.36372
20240605150015,19.36372
20240605151015,19.36372
20240605152015,19.36372
20240605153015,19.36372
20240605154015,22.77886
20240605155015,19.36372
20240605160015,7.46255
20240605161015,-0.93691
20240605162015,-0.93691
20240605163015,-0.93691
20240605164015,-0.93691
20240605165015,-0.93691
20240704090015,44.65694
20240704091015,62.0145
20240704092015,62.0145
20240704093015,79.68016
20240704094015,80.80068
20240704095015,-7.93183
20240704100015,19.45798
20240704101015,-17.56134
20240704102015,19.36372
20240704103015,19.36372
20240704104015,19.36372
20240704105015,19.36372
20240704110015,-17.56134
20240704111015,-17.56134
20240704112015,18.86662
20240704113015,18.86662
20240704114015,28.99321
20240704115015,-18.05843
20240704120015,28.99321
20240704121015,28.99321
20240704122015,18.86662
20240704123015,22.77886
20240704124015,19.36372
20240704125015,19.36372
20240704130015,-17.56134
20240704131015,-17.56134
20240704132015,-17.56134
20240704133015,-17.56134
20240704134015,-17.56134
20240704135015,-17.56134
20240704140015,19.36372
20240704141015,-17.56134
20240704142015,19.36372
20240704143015,19.36372
20240704144015,19.36372
20240704145015,19.36372
20240704150015,19.36372
20240704151015,19.36372
20240704152015,19.36372
20240704153015,19.36372
20240704154015,22.77886
20240704155015,19.36372
20240704160015,7.46255
20240704161015,-0.93691
20240704162015,-0.93691
20240704163015,-0.93691
20240704164015,-0.93691
20240704165015,-0.93691
20240316090016,-2.13411
20240316091016,-32.41133
20240316092016,-32.90843
20240316093016,-30.49079
20240316094016,63.13502
20240316095016,33.25772
20240316100016,-12.32812
20240316101016,-17.56134
20240316102016,-17.56134
20240316103016,19.36372
20240316104016,19.36372
20240316105016,19.36372
20240316110016,-17.56134
20240316111016,-17.56134
20240316112016,18.86662
20240316113016,18.86662
20240316114016,28.99321
20240316115016,-18.05843
20240316120016,28.99321
20240316121016,28.99321
20240316122016,18.86662
20240316123016,22.77886
20240316124016,19.36372
20240316125016,19.36372
20240316130016,-17.56134
20240316131016,-17.56134
20240316132016,-17.56134
20240316133016,-17.56134
20240316134016,-17.56134
20240316135016,-17.56134
20240316140016,19.36372
20240316141016,-17.56134
20240316142016,19.36372
20240316143016,19.36372
20240316144016,19.36372
20240316145016,19.36372
20240316150016,19.36372
20240316151016,19.36372
20240316152016,19.36372
20240316153016,19.36372
20240316154016,22.77886
20240316155016,19.36372
20240316160016,7.46255
20240316161016,-0.93691
20240316162016,-0.93691
20240316163016,-0.93691
20240316164016,-0.93691
20240316165016,-0.93691
20240322090016,98.78074
20240322091016,16.8909
20240322092016,-19.87533
20240322093016,63.13502
20240322094016,33.25772
20240322095016,80.80068
20240322100016,-15.6408
20240322101016,-17.56134
20240322102016,19.36372
20240322103016,-17.56134
20240322104016,19.36372
20240322105016,19.36372
20240322110016,-17.56134
20240322111016,-17.56134
20240322112016,18.86662
20240322113016,18.86662
20240322114016,28.99321
20240322115016,-18.05843
20240322120016,28.99321
20240322121016,28.99321
20240322122016,18.86662
20240322123016,22.77886
20240322124016,19.36372
20240322125016,19.36372
20240322130016,-17.56134
20240322131016,-17.56134
20240322132016,-17.56134
20240322133016,-17.56134
20240322134016,-17.56134
20240322135016,-17.56134
20240322140016,19.36372
20240322141016,-17.56134
20240322142016,19.36372
20240322143016,19.36372
20240322144016,19.36372
20240322145016,19.36372
20240322150016,19.36372
20240322151016,19.36372
20240322152016,19.36372
20240322153016,19.36372
20240322154016,22.77886
20240322155016,19.36372
20240322160016,7.46255
20240322161016,-0.93691
20240322162016,-0.93691
20240322163016,-0.93691
20240322164016,-0.93691
20240322165016,-0.93691
20240414090016,44.65694
20240414091016,-12.16636
20240414092016,-19.87533
20240414093016,79.68016
20240414094016,79.68016
20240414095016,-27.53867
20240414100016,-19.8297
20240414101016,-29.4592
20240414102016,-17.56134
20240414103016,19.36372
20240414104016,19.36372
20240414105016,19.36372
20240414110016,-17.56134
20240414111016,-17.56134
20240414112016,18.86662
20240414113016,18.86662
20240414114016,28.99321
20240414115016,-18.05843
20240414120016,28.99321
20240414121016,28.99321
20240414122016,18.86662
20240414123016,22.77886
20240414124016,19.36372
20240414125016,19.36372
20240414130016,-17.56134
20240414131016,-17.56134
20240414132016,-17.56134
20240414133016,-17.56134
20240414134016,-17.56134
20240414135016,-17.56134
20240414140016,19.36372
20240414141016,-17.56134
20240414142016,19.36372
20240414143016,19.36372
20240414144016,19.36372
20240414145016,19.36372
20240414150016,19.36372
20240414151016,19.36372
20240414152016,19.36372
20240414153016,19.36372
20240414154016,22.77886
20240414155016,19.36372
20240414160016,7.46255
20240414161016,-0.93691
20240414162016,-0.93691
20240414163016,-0.93691
20240414164016,-0.93691
20240414165016,-0.93691
20240422090016,44.65694
20240422091016,-19.87533
20240422092016,-30.49079
20240422093016,32.13721
20240422094016,79.68016
20240422095016,-46.69552
20240422100016,-18.05843
20240422101016,-29.4592
20240422102016,-17.56134
20240422103016,19.36372
20240422104016,19.36372
20240422105016,19.36372
20240422110016,-17.56134
20240422111016,-17.56134
20240422112016,18.86662
20240422113016,18.86662
20240422114016,28.99321
20240422115016,-18.05843
20240422120016,28.99321
20240422121016,28.99321
20240422122016,18.86662
20240422123016,22.77886
20240422124016,19.36372
20240422125016,19.36372
20240422130016,-17.56134
20240422131016,-17.56134
20240422132016,-17.56134
20240422133016,-17.56134
20240422134016,-17.56134
20240422135016,-17.56134
20240422140016,19.36372
20240422141016,-17.56134
20240422142016,19.36372
20240422143016,19.36372
20240422144016,19.36372
20240422145016,19.36372
20240422150016,19.36372
20240422151016,19.36372
20240422152016,19.36372
20240422153016,19.36372
20240422154016,22.77886
20240422155016,19.36372
20240422160016,7.46255
20240422161016,-0.93691
20240422162016,-0.93691
20240422163016,-0.93691
20240422164016,-0.93691
20240422165016,-0.93691
20240513090016,98.78074
20240513091016,15.22344
20240513092016,16.34396
20240513093016,79.68016
20240513094016,45.12459
20240513095016,-15.6408
20240513100016,-15.6408
20240513101016,-18.05843
20240513102016,19.36372
20240513103016,19.36372
20240513104016,19.36372
20240513105016,19.36372
20240513110016,-17.56134
20240513111016,-17.56134
20240513112016,18.86662
20240513113016,18.86662
20240513114016,28.99321
20240513115016,-18.05843
20240513120016,28.99321
20240513121016,28.99321
20240513122016,18.86662
20240513123016,22.77886
20240513124016,19.36372
20240513125016,19.36372
20240513130016,-17.56134
20240513131016,-17.56134
20240513132016,-17.56134
20240513133016,-17.56134
20240513134016,-17.56134
20240513135016,-17.56134
20240513140016,19.36372
20240513141016,-17.56134
20240513142016,19.36372
20240513143016,19.36372
20240513144016,19.36372
20240513145016,19.36372
20240513150016,19.36372
20240513151016,19.36372
20240513152016,19.36372
20240513153016,19.36372
20240513154016,22.77886
20240513155016,19.36372
20240513160016,7.46255
20240513161016,-0.93691
20240513162016,-0.93691
20240513163016,-0.93691
20240513164016,-0.93691
20240513165016,-0.93691
20240517090016,63.13502
20240517091016,16.34396
20240517092016,-22.9436
20240517093016,80.80068
20240517094016,33.25772
20240517095016,26.12959
20240517100016,-29.4592
20240517101016,-17.56134
20240517102016,-17.56134
20240517103016,-29.4625
20240517104016,7.46255
20240517105016,19.36372
20240517110016,-17.56134
20240517111016,-17.56134
20240517112016,18.86662
20240517113016,18.86662
20240517114016,28.99321
20240517115016,-18.05843
20240517120016,28.99321
20240517121016,28.99321
20240517122016,18.86662
20240517123016,22.77886
20240517124016,19.36372
20240517125016,19.36372
20240517130016,-17.56134
20240517131016,-17.56134
20240517132016,-17.56134
20240517133016,-17.56134
20240517134016,-17.56134
20240517135016,-17.56134
20240517140016,19.36372
20240517141016,-17.56134
20240517142016,19.36372
20240517143016,19.36372
20240517144016,19.36372
20240517145016,19.36372
20240517150016,19.36372
20240517151016,19.36372
20240517152016,19.36372
20240517153016,19.36372
20240517154016,22.77886
20240517155016,19.36372
20240517160016,7.46255
20240517161016,-0.93691
20240517162016,-0.93691
20240517163016,-0.93691
20240517164016,-0.93691
20240517165016,-0.93691
20240519090016,62.0145
20240519091016,15.22344
20240519092016,-2.20152
20240519093016,45.12459
20240519094016,19.2961
20240519095016,19.2961
20240519100016,-15.6408
20240519101016,-17.56134
20240519102016,19.36372
20240519103016,19.36372
20240519104016,19.36372
20240519105016,19.36372
20240519110016,-17.56134
20240519111016,-17.56134
20240519112016,18.86662
20240519113016,18.86662
20240519114016,28.99321
20240519115016,-18.05843
20240519120016,28.99321
20240519121016,28.99321
20240519122016,18.86662
20240519123016,22.77886
20240519124016,19.36372
20240519125016,19.36372
20240519130016,-17.56134
20240519131016,-17.56134
20240519132016,-17.56134
20240519133016,-17.56134
20240519134016,-17.56134
20240519135016,-17.56134
20240519140016,19.36372
20240519141016,-17.56134
20240519142016,19.36372
20240519143016,19.36372
20240519144016,19.36372
20240519145016,19.36372
20240519150016,19.36372
20240519151016,19.36372
20240519152016,19.36372
20240519153016,19.36372
20240519154016,22.77886
20240519155016,19.36372
20240519160016,7.46255
20240519161016,-0.93691
20240519162016,-0.93691
20240519163016,-0.93691
20240519164016,-0.93691
20240519165016,-0.93691
20240608090016,57.4251
20240608091016,62.0145
20240608092016,-19.87533
20240608093016,62.0145
20240608094016,32.13721
20240608095016,79.68016
20240608100016,56.38305
20240608101016,-17.56134
20240608102016,-17.56134
20240608103016,19.36372
20240608104016,19.36372
20240608105016,19.36372
20240608110016,-17.56134
20240608111016,-17.56134
20240608112016,18.86662
20240608113016,18.86662
20240608114016,28.99321
20240608115016,-18.05843
20240608120016,28.99321
20240608121016,28.99321
20240608122016,18.86662
20240608123016,22.77886
20240608124016,19.36372
20240608125016,19.36372
20240608130016,-17.56134
20240608131016,-17.56134
20240608132016,-17.56134
20240608133016,-17.56134
20240608134016,-17.56134
20240608135016,-17.56134
20240608140016,19.36372
20240608141016,-17.56134
20240608142016,19.36372
20240608143016,19.36372
20240608144016,19.36372
20240608145016,19.36372
20240608150016,19.36372
20240608151016,19.36372
20240608152016,19.36372
20240608153016,19.36372
20240608154016,22.77886
20240608155016,19.36372
20240608160016,7.46255
20240608161016,-0.93691
20240608162016,-0.93691
20240608163016,-0.93691
20240608164016,-0.93691
20240608165016,-0.93691
20240629090016,44.65694
20240629091016,15.22344
20240629092016,-12.16636
20240629093016,-15.6408
20240629094016,-15.6408
20240629095016,-15.6408
20240629100016,-15.6408
20240629101016,-17.56134
20240629102016,19.36372
20240629103016,19.36372
20240629104016,7.46255
20240629105016,19.36372
20240629110016,-17.56134
20240629111016,-17.56134
20240629112016,18.86662
20240629113016,18.86662
20240629114016,28.99321
20240629115016,-18.05843
20240629120016,28.99321
20240629121016,28.99321
20240629122016,18.86662
20240629123016,22.77886
20240629124016,19.36372
20240629125016,19.36372
20240629130016,-17.56134
20240629131016,-17.56134
20240629132016,-17.56134
20240629133016,-17.56134
20240629134016,-17.56134
20240629135016,-17.56134
20240629140016,19.36372
20240629141016,-17.56134
20240629142016,19.36372
20240629143016,19.36372
20240629144016,19.36372
20240629145016,19.36372
20240629150016,19.36372
20240629151016,19.36372
20240629152016,19.36372
20240629153016,19.36372
20240629154016,22.77886
20240629155016,19.36372
20240629160016,7.46255
20240629161016,-0.93691
20240629162016,-0.93691
20240629163016,-0.93691
20240629164016,-0.93691
20240629165016,-0.93691
20240123090017,82.21154
20240123091017,45.28648
20240123092017,45.28648
20240123093017,45.28648
20240123094017,45.12459
20240123095017,45.28648
20240123100017,-27.53867
20240123101017,-14.14618
20240123102017,-17.56134
20240123103017,19.36372
20240123104017,19.36372
20240123105017,19.36372
20240123110017,-17.56134
20240123111017,-17.56134
20240123112017,18.86662
20240123113017,18.86662
20240123114017,28.99321
20240123115017,-18.05843
20240123120017,28.99321
20240123121017,28.99321
20240123122017,18.86662
20240123123017,22.77886
20240123124017,19.36372
20240123125017,19.36372
20240123130017,-17.56134
20240123131017,-17.56134
20240123132017,-17.56134
20240123133017,-17.56134
20240123134017,-17.56134
20240123135017,-17.56134
20240123140017,19.36372
20240123141017,-17.56134
20240123142017,19.36372
20240123143017,19.36372
20240123144017,19.36372
20240123145017,19.36372
20240123150017,19.36372
20240123151017,19.36372
20240123152017,19.36372
20240123153017,19.36372
20240123154017,22.77886
20240123155017,19.36372
20240123160017,7.46255
20240123161017,-0.93691
20240123162017,-0.93691
20240123163017,-0.93691
20240123164017,-0.93691
20240123165017,-0.93691
20240129090017,82.21154
20240129091017,45.28648
20240129092017,45.28648
20240129093017,45.28648
20240129094017,45.28648
20240129095017,19.2961
20240129100017,-15.6408
20240129101017,-18.05843
20240129102017,19.36372
20240129103017,19.36372
20240129104017,19.36372
20240129105017,19.36372
20240129110017,-17.56134
20240129111017,-17.56134
20240129112017,18.86662
20240129113017,18.86662
20240129114017,28.99321
20240129115017,-18.05843
20240129120017,28.99321
20240129121017,28.99321
20240129122017,18.86662
20240129123017,22.77886
20240129124017,19.36372
20240129125017,19.36372
20240129130017,-17.56134
20240129131017,-17.56134
20240129132017,-17.56134
20240129133017,-17.56134
20240129134017,-17.56134
20240129135017,-17.56134
20240129140017,19.36372
20240129141017,-17.56134
20240129142017,19.36372
20240129143017,19.36372
20240129144017,19.36372
20240129145017,19.36372
20240129150017,19.36372
20240129151017,19.36372
20240129152017,19.36372
20240129153017,19.36372
20240129154017,22.77886
20240129155017,19.36372
20240129160017,7.46255
20240129161017,-0.93691
20240129162017,-0.93691
20240129163017,-0.93691
20240129164017,-0.93691
20240129165017,-0.93691
20240215090017,32.35644
20240215091017,45.12459
20240215092017,45.12459
20240215093017,45.12459
20240215094017,45.12459
20240215095017,45.12459
20240215100017,-27.53867
20240215101017,-17.56134
20240215102017,-17.56134
20240215103017,19.36372
20240215104017,19.36372
20240215105017,19.36372
20240215110017,-17.56134
20240215111017,-17.56134
20240215112017,18.86662
20240215113017,18.86662
20240215114017,28.99321
20240215115017,-18.05843
20240215120017,28.99321
20240215121017,28.99321
20240215122017,18.86662
20240215123017,22.77886
20240215124017,19.36372
20240215125017,19.36372
20240215130017,-17.56134
20240215131017,-17.56134
20240215132017,-17.56134
20240215133017,-17.56134
20240215134017,-17.56134
20240215135017,-17.56134
20240215140017,19.36372
20240215141017,-17.56134
20240215142017,19.36372
20240215143017,19.36372
20240215144017,19.36372
20240215145017,19.36372
20240215150017,19.36372
20240215151017,19.36372
20240215152017,19.36372
20240215153017,19.36372
20240215154017,22.77886
20240215155017,19.36372
20240215160017,7.46255
20240215161017,-0.93691
20240215162017,-0.93691
20240215163017,-0.93691
20240215164017,-0.93691
20240215165017,-0.93691
20240218090017,45.12459
20240218091017,45.28648
20240218092017,-15.6408
20240218093017,45.28648
20240218094017,19.2961
20240218095017,19.45798
20240218100017,-15.6408
20240218101017,-17.56134
20240218102017,19.36372
20240218103017,19.36372
20240218104017,19.36372
20240218105017,19.36372
20240218110017,-17.56134
20240218111017,-17.56134
20240218112017,18.86662
20240218113017,18.86662
20240218114017,28.99321
20240218115017,-18.05843
20240218120017,28.99321
20240218121017,28.99321
20240218122017,18.86662
20240218123017,22.77886
20240218124017,19.36372
20240218125017,19.36372
20240218130017,-17.56134
20240218131017,-17.56134
20240218132017,-17.56134
20240218133017,-17.56134
20240218134017,-17.56134
20240218135017,-17.56134
20240218140017,19.36372
20240218141017,-17.56134
20240218142017,19.36372
20240218143017,19.36372
20240218144017,19.36372
20240218145017,19.36372
20240218150017,19.36372
20240218151017,19.36372
20240218152017,19.36372
20240218153017,19.36372
20240218154017,22.77886
20240218155017,19.36372
20240218160017,7.46255
20240218161017,-0.93691
20240218162017,-0.93691
20240218163017,-0.93691
20240218164017,-0.93691
20240218165017,-0.93691
20240305090017,63.13502
20240305091017,63.13502
20240305092017,79.68016
20240305093017,26.12959
20240305094017,45.12459
20240305095017,25.96771
20240305100017,-18.05843
20240305101017,-17.56134
20240305102017,-17.56134
20240305103017,-29.4625
20240305104017,7.46255
20240305105017,19.36372
20240305110017,-17.56134
20240305111017,-17.56134
20240305112017,18.86662
20240305113017,18.86662
20240305114017,28.99321
20240305115017,-18.05843
20240305120017,28.99321
20240305121017,28.99321
20240305122017,18.86662
20240305123017,22.77886
20240305124017,19.36372
20240305125017,19.36372
20240305130017,-17.56134
20240305131017,-17.56134
20240305132017,-17.56134
20240305133017,-17.56134
20240305134017,-17.56134
20240305135017,-17.56134
20240305140017,19.36372
20240305141017,-17.56134
20240305142017,19.36372
20240305143017,19.36372
20240305144017,19.36372
20240305145017,19.36372
20240305150017,19.36372
20240305151017,19.36372
20240305152017,19.36372
20240305153017,19.36372
20240305154017,22.77886
20240305155017,19.36372
20240305160017,7.46255
20240305161017,-0.93691
20240305162017,-0.93691
20240305163017,-0.93691
20240305164017,-0.93691
20240305165017,-0.93691
20240309090017,98.78074
20240309091017,51.98968
20240309092017,62.0145
20240309093017,63.13502
20240309094017,80.80068
20240309095017,45.12459
20240309100017,19.2961
20240309101017,-17.56134
20240309102017,-17.56134
20240309103017,19.36372
20240309104017,19.36372
20240309105017,19.36372
20240309110017,-17.56134
20240309111017,-17.56134
20240309112017,18.86662
20240309113017,18.86662
20240309114017,28.99321
20240309115017,-18.05843
20240309120017,28.99321
20240309121017,28.99321
20240309122017,18.86662
20240309123017,22.77886
20240309124017,19.36372
20240309125017,19.36372
20240309130017,-17.56134
20240309131017,-17.56134
20240309132017,-17.56134
20240309133017,-17.56134
20240309134017,-17.56134
20240309135017,-17.56134
20240309140017,19.36372
20240309141017,-17.56134
20240309142017,19.36372
20240309143017,19.36372
20240309144017,19.36372
20240309145017,19.36372
20240309150017,19.36372
20240309151017,19.36372
20240309152017,19.36372
20240309153017,19.36372
20240309154017,22.77886
20240309155017,19.36372
20240309160017,7.46255
20240309161017,-0.93691
20240309162017,-0.93691
20240309163017,-0.93691
20240309164017,-0.93691
20240309165017,-0.93691
20240311090017,98.78074
20240311091017,51.98968
20240311092017,62.0145
20240311093017,63.13502
20240311094017,80.80068
20240311095017,45.12459
20240311100017,19.2961
20240311101017,-17.56134
20240311102017,19.36372
20240311103017,19.36372
20240311104017,19.36372
20240311105017,19.36372
20240311110017,-17.56134
20240311111017,-17.56134
20240311112017,18.86662
20240311113017,18.86662
20240311114017,28.99321
20240311115017,-18.05843
20240311120017,28.99321
20240311121017,28.99321
20240311122017,18.86662
20240311123017,22.77886
20240311124017,19.36372
20240311125017,19.36372
20240311130017,-17.56134
20240311131017,-17.56134
20240311132017,-17.56134
20240311133017,-17.56134
20240311134017,-17.56134
20240311135017,-17.56134
20240311140017,19.36372
20240311141017,-17.56134
20240311142017,19.36372
20240311143017,19.36372
20240311144017,19.36372
20240311145017,19.36372
20240311150017,19.36372
20240311151017,19.36372
20240311152017,19.36372
20240311153017,19.36372
20240311154017,22.77886
20240311155017,19.36372
20240311160017,7.46255
20240311161017,-0.93691
20240311162017,-0.93691
20240311163017,-0.93691
20240311164017,-0.93691
20240311165017,-0.93691
20240403090017,44.65694
20240403091017,63.13502
20240403092017,63.13502
20240403093017,45.28648
20240403094017,45.12459
20240403095017,-7.93183
20240403100017,-15.6408
20240403101017,-17.56134
20240403102017,19.36372
20240403103017,19.36372
20240403104017,19.36372
20240403105017,19.36372
20240403110017,-17.56134
20240403111017,-17.56134
20240403112017,18.86662
20240403113017,18.86662
20240403114017,28.99321
20240403115017,-18.05843
20240403120017,28.99321
20240403121017,28.99321
20240403122017,18.86662
20240403123017,22.77886
20240403124017,19.36372
20240403125017,19.36372
20240403130017,-17.56134
20240403131017,-17.56134
20240403132017,-17.56134
20240403133017,-17.56134
20240403134017,-17.56134
20240403135017,-17.56134
20240403140017,19.36372
20240403141017,-17.56134
20240403142017,19.36372
20240403143017,19.36372
20240403144017,19.36372
20240403145017,19.36372
20240403150017,19.36372
20240403151017,19.36372
20240403152017,19.36372
20240403153017,19.36372
20240403154017,22.77886
20240403155017,19.36372
20240403160017,7.46255
20240403161017,-0.93691
20240403162017,-0.93691
20240403163017,-0.93691
20240403164017,-0.93691
20240403165017,-0.93691
20240507090017,57.4251
20240507091017,63.13502
20240507092017,15.22344
20240507093017,26.12959
20240507094017,45.28648
20240507095017,45.28648
20240507100017,-15.6408
20240507101017,-17.56134
20240507102017,-17.56134
20240507103017,-29.4625
20240507104017,19.36372
20240507105017,19.36372
20240507110017,-17.56134
20240507111017,-17.56134
20240507112017,18.86662
20240507113017,18.86662
20240507114017,28.99321
20240507115017,-18.05843
20240507120017,28.99321
20240507121017,28.99321
20240507122017,18.86662
20240507123017,22.77886
20240507124017,19.36372
20240507125017,19.36372
20240507130017,-17.56134
20240507131017,-17.56134
20240507132017,-17.56134
20240507133017,-17.56134
20240507134017,-17.56134
20240507135017,-17.56134
20240507140017,19.36372
20240507141017,-17.56134
20240507142017,19.36372
20240507143017,19.36372
20240507144017,19.36372
20240507145017,19.36372
20240507150017,19.36372
20240507151017,19.36372
20240507152017,19.36372
20240507153017,19.36372
20240507154017,22.77886
20240507155017,19.36372
20240507160017,7.46255
20240507161017,-0.93691
20240507162017,-0.93691
20240507163017,-0.93691
20240507164017,-0.93691
20240507165017,-0.93691
20240528090017,98.78074
20240528091017,51.98968
20240528092017,-20.52596
20240528093017,26.12959
20240528094017,45.12459
20240528095017,-15.6408
20240528100017,-15.6408
20240528101017,-18.05843
20240528102017,19.36372
20240528103017,19.36372
20240528104017,19.36372
20240528105017,19.36372
20240528110017,-17.56134
20240528111017,-17.56134
20240528112017,18.86662
20240528113017,18.86662
20240528114017,28.99321
20240528115017,-18.05843
20240528120017,28.99321
20240528121017,28.99321
20240528122017,18.86662
20240528123017,22.77886
20240528124017,19.36372
20240528125017,19.36372
20240528130017,-17.56134
20240528131017,-17.56134
20240528132017,-17.56134
20240528133017,-17.56134
20240528134017,-17.56134
20240528135017,-17.56134
20240528140017,19.36372
20240528141017,-17.56134
20240528142017,19.36372
20240528143017,19.36372
20240528144017,19.36372
20240528145017,19.36372
20240528150017,19.36372
20240528151017,19.36372
20240528152017,19.36372
20240528153017,19.36372
20240528154017,22.77886
20240528155017,19.36372
20240528160017,7.46255
20240528161017,-0.93691
20240528162017,-0.93691
20240528163017,-0.93691
20240528164017,-0.93691
20240528165017,-0.93691
20240614090017,98.78074
20240614091017,14.47327
20240614092017,-30.49079
20240614093017,63.13502
20240614094017,63.13502
20240614095017,45.28648
20240614100017,56.38305
20240614101017,18.86662
20240614102017,19.36372
20240614103017,19.36372
20240614104017,19.36372
20240614105017,19.36372
20240614110017,-17.56134
20240614111017,-17.56134
20240614112017,18.86662
20240614113017,18.86662
20240614114017,28.99321
20240614115017,-18.05843
20240614120017,28.99321
20240614121017,28.99321
20240614122017,18.86662
20240614123017,22.77886
20240614124017,19.36372
20240614125017,19.36372
20240614130017,-17.56134
20240614131017,-17.56134
20240614132017,-17.56134
20240614133017,-17.56134
20240614134017,-17.56134
20240614135017,-17.56134
20240614140017,19.36372
20240614141017,-17.56134
20240614142017,19.36372
20240614143017,19.36372
20240614144017,19.36372
20240614145017,19.36372
20240614150017,19.36372
20240614151017,19.36372
20240614152017,19.36372
20240614153017,19.36372
20240614154017,22.77886
20240614155017,19.36372
20240614160017,7.46255
20240614161017,-0.93691
20240614162017,-0.93691
20240614163017,-0.93691
20240614164017,-0.93691
20240614165017,-0.93691
20240619090017,57.4251
20240619091017,15.22344
20240619092017,63.13502
20240619093017,-46.69552
20240619094017,79.68016
20240619095017,-19.8297
20240619100017,26.68831
20240619101017,-17.56134
20240619102017,-17.56134
20240619103017,-17.56134
20240619104017,19.36372
20240619105017,19.36372
20240619110017,-17.56134
20240619111017,-17.56134
20240619112017,18.86662
20240619113017,18.86662
20240619114017,28.99321
20240619115017,-18.05843
20240619120017,28.99321
20240619121017,28.99321
20240619122017,18.86662
20240619123017,22.77886
20240619124017,19.36372
20240619125017,19.36372
20240619130017,-17.56134
20240619131017,-17.56134
20240619132017,-17.56134
20240619133017,-17.56134
20240619134017,-17.56134
20240619135017,-17.56134
20240619140017,19.36372
20240619141017,-17.56134
20240619142017,19.36372
20240619143017,19.36372
20240619144017,19.36372
20240619145017,19.36372
20240619150017,19.36372
20240619151017,19.36372
20240619152017,19.36372
20240619153017,19.36372
20240619154017,22.77886
20240619155017,19.36372
20240619160017,7.46255
20240619161017,-0.93691
20240619162017,-0.93691
20240619163017,-0.93691
20240619164017,-0.93691
20240619165017,-0.93691
20240627090017,44.65694
20240627091017,15.22344
20240627092017,63.13502
20240627093017,16.34396
20240627094017,62.0145
20240627095017,-18.05843
20240627100017,26.68831
20240627101017,-17.56134
20240627102017,19.36372
20240627103017,-29.4625
20240627104017,19.36372
20240627105017,19.36372
20240627110017,-17.56134
20240627111017,-17.56134
20240627112017,18.86662
20240627113017,18.86662
20240627114017,28.99321
20240627115017,-18.05843
20240627120017,28.99321
20240627121017,28.99321
20240627122017,18.86662
20240627123017,22.77886
20240627124017,19.36372
20240627125017,19.36372
20240627130017,-17.56134
20240627131017,-17.56134
20240627132017,-17.56134
20240627133017,-17.56134
20240627134017,-17.56134
20240627135017,-17.56134
20240627140017,19.36372
20240627141017,-17.56134
20240627142017,19.36372
20240627143017,19.36372
20240627144017,19.36372
20240627145017,19.36372
20240627150017,19.36372
20240627151017,19.36372
20240627152017,19.36372
20240627153017,19.36372
20240627154017,22.77886
20240627155017,19.36372
20240627160017,7.46255
20240627161017,-0.93691
20240627162017,-0.93691
20240627163017,-0.93691
20240627164017,-0.93691
20240627165017,-0.93691
20240629090017,44.65694
20240629091017,62.0145
20240629092017,63.13502
20240629093017,32.13721
20240629094017,62.0145
20240629095017,-18.05843
20240629100017,-9.91049
20240629101017,-17.56134
20240629102017,19.36372
20240629103017,-17.56134
20240629104017,19.36372
20240629105017,19.36372
20240629110017,-17.56134
20240629111017,-17.56134
20240629112017,18.86662
20240629113017,18.86662
20240629114017,28.99321
20240629115017,-18.05843
20240629120017,28.99321
20240629121017,28.99321
20240629122017,18.86662
20240629123017,22.77886
20240629124017,19.36372
20240629125017,19.36372
20240629130017,-17.56134
20240629131017,-17.56134
20240629132017,-17.56134
20240629133017,-17.56134
20240629134017,-17.56134
20240629135017,-17.56134
20240629140017,19.36372
20240629141017,-17.56134
20240629142017,19.36372
20240629143017,19.36372
20240629144017,19.36372
20240629145017,19.36372
20240629150017,19.36372
20240629151017,19.36372
20240629152017,19.36372
20240629153017,19.36372
20240629154017,22.77886
20240629155017,19.36372
20240629160017,7.46255
20240629161017,-0.93691
20240629162017,-0.93691
20240629163017,-0.93691
20240629164017,-0.93691
20240629165017,-0.93691
20240704090017,34.32206
20240704091017,62.0145
20240704092017,62.0145
20240704093017,79.68016
20240704094017,79.68016
20240704095017,-7.93183
20240704100017,-34.79766
20240704101017,-14.14618
20240704102017,19.36372
20240704103017,19.36372
20240704104017,19.36372
20240704105017,19.36372
20240704110017,-17.56134
20240704111017,-17.56134
20240704112017,18.86662
20240704113017,18.86662
20240704114017,28.99321
20240704115017,-18.05843
20240704120017,28.99321
20240704121017,28.99321
20240704122017,18.86662
20240704123017,22.77886
20240704124017,19.36372
20240704125017,19.36372
20240704130017,-17.56134
20240704131017,-17.56134
20240704132017,-17.56134
20240704133017,-17.56134
20240704134017,-17.56134
20240704135017,-17.56134
20240704140017,19.36372
20240704141017,-17.56134
20240704142017,19.36372
20240704143017,19.36372
20240704144017,19.36372
20240704145017,19.36372
20240704150017,19.36372
20240704151017,19.36372
20240704152017,19.36372
20240704153017,19.36372
20240704154017,22.77886
20240704155017,19.36372
20240704160017,7.46255
20240704161017,-0.93691
20240704162017,-0.93691
20240704163017,-0.93691
20240704164017,-0.93691
20240704165017,-0.93691
20240706090017,34.32206
20240706091017,15.22344
20240706092017,62.0145
20240706093017,79.68016
20240706094017,79.68016
20240706095017,-7.93183
20240706100017,-34.79766
20240706101017,-14.14618
20240706102017,19.36372
20240706103017,19.36372
20240706104017,19.36372
20240706105017,19.36372
20240706110017,-17.56134
20240706111017,-17.56134
20240706112017,18.86662
20240706113017,18.86662
20240706114017,28.99321
20240706115017,-18.05843
20240706120017,28.99321
20240706121017,28.99321
20240706122017,18.86662
20240706123017,22.77886
20240706124017,19.36372
20240706125017,19.36372
20240706130017,-17.56134
20240706131017,-17.56134
20240706132017,-17.56134
20240706133017,-17.56134
20240706134017,-17.56134
20240706135017,-17.56134
20240706140017,19.36372
20240706141017,-17.56134
20240706142017,19.36372
20240706143017,19.36372
20240706144017,19.36372
20240706145017,19.36372
20240706150017,19.36372
20240706151017,19.36372
20240706152017,19.36372
20240706153017,19.36372
20240706154017,22.77886
20240706155017,19.36372
20240706160017,7.46255
20240706161017,-0.93691
20240706162017,-0.93691
20240706163017,-0.93691
20240706164017,-0.93691
20240706165017,-0.93691
20240328090008,-53.18254
20240328091008,-28.99618
20240328092008,-30.49079
20240328093008,-46.69552
20240328094008,-20.52596
20240328095008,-29.9563
20240328100008,-14.14618
20240328101008,-17.56134
20240328102008,-17.56134
20240328103008,19.36372
20240328104008,19.36372
20240328105008,19.36372
20240328110008,-17.56134
20240328111008,-17.56134
20240328112008,18.86662
20240328113008,18.86662
20240328114008,28.99321
20240328115008,-18.05843
20240328120008,28.99321
20240328121008,28.99321
20240328122008,18.86662
20240328123008,22.77886
20240328124008,19.36372
20240328125008,19.36372
20240328130008,-17.56134
20240328131008,-17.56134
20240328132008,-17.56134
20240328133008,-17.56134
20240328134008,-17.56134
20240328135008,-17.56134
20240328140008,19.36372
20240328141008,-17.56134
20240328142008,19.36372
20240328143008,19.36372
20240328144008,19.36372
20240328145008,19.36372
20240328150008,19.36372
20240328151008,19.36372
20240328152008,19.36372
20240328153008,19.36372
20240328154008,22.77886
20240328155008,19.36372
20240328160008,7.46255
20240328161008,-0.93691
20240328162008,-0.93691
20240328163008,-0.93691
20240328164008,-0.93691
20240328165008,-0.93691
20240508090008,62.0145
20240508091008,15.22344
20240508092008,15.22344
20240508093008,19.2961
20240508094008,45.12459
20240508095008,19.45798
20240508100008,-15.6408
20240508101008,-14.14618
20240508102008,19.36372
20240508103008,19.36372
20240508104008,19.36372
20240508105008,19.36372
20240508110008,-17.56134
20240508111008,-17.56134
20240508112008,18.86662
20240508113008,18.86662
20240508114008,28.99321
20240508115008,-18.05843
20240508120008,28.99321
20240508121008,28.99321
20240508122008,18.86662
20240508123008,22.77886
20240508124008,19.36372
20240508125008,19.36372
20240508130008,-17.56134
20240508131008,-17.56134
20240508132008,-17.56134
20240508133008,-17.56134
20240508134008,-17.56134
20240508135008,-17.56134
20240508140008,19.36372
20240508141008,-17.56134
20240508142008,19.36372
20240508143008,19.36372
20240508144008,19.36372
20240508145008,19.36372
20240508150008,19.36372
20240508151008,19.36372
20240508152008,19.36372
20240508153008,19.36372
20240508154008,22.77886
20240508155008,19.36372
20240508160008,7.46255
20240508161008,-0.93691
20240508162008,-0.93691
20240508163008,-0.93691
20240508164008,-0.93691
20240508165008,-0.93691
20240521090008,62.0145
20240521091008,15.22344
20240521092008,32.13721
20240521093008,45.28648
20240521094008,45.12459
20240521095008,19.45798
20240521100008,21.28424
20240521101008,-18.05843
20240521102008,19.36372
20240521103008,19.36372
20240521104008,19.36372
20240521105008,19.36372
20240521110008,-17.56134
20240521111008,-17.56134
20240521112008,18.86662
20240521113008,18.86662
20240521114008,28.99321
20240521115008,-18.05843
20240521120008,28.99321
20240521121008,28.99321
20240521122008,18.86662
20240521123008,22.77886
20240521124008,19.36372
20240521125008,19.36372
20240521130008,-17.56134
20240521131008,-17.56134
20240521132008,-17.56134
20240521133008,-17.56134
20240521134008,-17.56134
20240521135008,-17.56134
20240521140008,19.36372
20240521141008,-17.56134
20240521142008,19.36372
20240521143008,19.36372
20240521144008,19.36372
20240521145008,19.36372
20240521150008,19.36372
20240521151008,19.36372
20240521152008,19.36372
20240521153008,19.36372
20240521154008,22.77886
20240521155008,19.36372
20240521160008,7.46255
20240521161008,-0.93691
20240521162008,-0.93691
20240521163008,-0.93691
20240521164008,-0.93691
20240521165008,-0.93691
20240618090008,98.78074
20240618091008,51.98968
20240618092008,-12.16636
20240618093008,16.34396
20240618094008,80.80068
20240618095008,-15.6408
20240618100008,19.45798
20240618101008,-14.14618
20240618102008,19.36372
20240618103008,19.36372
20240618104008,19.36372
20240618105008,19.36372
20240618110008,-17.56134
20240618111008,-17.56134
20240618112008,18.86662
20240618113008,18.86662
20240618114008,28.99321
20240618115008,-18.05843
20240618120008,28.99321
20240618121008,28.99321
20240618122008,18.86662
20240618123008,22.77886
20240618124008,19.36372
20240618125008,19.36372
20240618130008,-17.56134
20240618131008,-17.56134
20240618132008,-17.56134
20240618133008,-17.56134
20240618134008,-17.56134
20240618135008,-17.56134
20240618140008,19.36372
20240618141008,-17.56134
20240618142008,19.36372
20240618143008,19.36372
20240618144008,19.36372
20240618145008,19.36372
20240618150008,19.36372
20240618151008,19.36372
20240618152008,19.36372
20240618153008,19.36372
20240618154008,22.77886
20240618155008,19.36372
20240618160008,7.46255
20240618161008,-0.93691
20240618162008,-0.93691
20240618163008,-0.93691
20240618164008,-0.93691
20240618165008,-0.93691
20240630090008,34.32206
20240630091008,-32.41133
20240630092008,-7.93183
20240630093008,-27.53867
20240630094008,19.2961
20240630095008,-29.9563
20240630100008,-15.6408
20240630101008,-17.56134
20240630102008,-17.56134
20240630103008,19.36372
20240630104008,19.36372
20240630105008,19.36372
20240630110008,-17.56134
20240630111008,-17.56134
20240630112008,18.86662
20240630113008,18.86662
20240630114008,28.99321
20240630115008,-18.05843
20240630120008,28.99321
20240630121008,28.99321
20240630122008,18.86662
20240630123008,22.77886
20240630124008,19.36372
20240630125008,19.36372
20240630130008,-17.56134
20240630131008,-17.56134
20240630132008,-17.56134
20240630133008,-17.56134
20240630134008,-17.56134
20240630135008,-17.56134
20240630140008,19.36372
20240630141008,-17.56134
20240630142008,19.36372
20240630143008,19.36372
20240630144008,19.36372
20240630145008,19.36372
20240630150008,19.36372
20240630151008,19.36372
20240630152008,19.36372
20240630153008,19.36372
20240630154008,22.77886
20240630155008,19.36372
20240630160008,7.46255
20240630161008,-0.93691
20240630162008,-0.93691
20240630163008,-0.93691
20240630164008,-0.93691
20240630165008,-0.93691
20240702090008,34.32206
20240702091008,-32.41133
20240702092008,-29.9563
20240702093008,-29.9563
20240702094008,19.2961
20240702095008,-19.8297
20240702100008,-15.6408
20240702101008,-17.56134
20240702102008,-29.4625
20240702103008,-17.56134
20240702104008,19.36372
20240702105008,19.36372
20240702110008,-17.56134
20240702111008,-17.56134
20240702112008,18.86662
20240702113008,18.86662
20240702114008,28.99321
20240702115008,-18.05843
20240702120008,28.99321
20240702121008,28.99321
20240702122008,18.86662
20240702123008,22.77886
20240702124008,19.36372
20240702125008,19.36372
20240702130008,-17.56134
20240702131008,-17.56134
20240702132008,-17.56134
20240702133008,-17.56134
20240702134008,-17.56134
20240702135008,-17.56134
20240702140008,19.36372
20240702141008,-17.56134
20240702142008,19.36372
20240702143008,19.36372
20240702144008,19.36372
20240702145008,19.36372
20240702150008,19.36372
20240702151008,19.36372
20240702152008,19.36372
20240702153008,19.36372
20240702154008,22.77886
20240702155008,19.36372
20240702160008,7.46255
20240702161008,-0.93691
20240702162008,-0.93691
20240702163008,-0.93691
20240702164008,-0.93691
20240702165008,-0.93691
20240812090008,34.32206
20240812091008,-32.41133
20240812092008,-7.93183
20240812093008,-27.53867
20240812094008,19.2961
20240812095008,-19.8297
20240812100008,-15.6408
20240812101008,-17.56134
20240812102008,-29.4625
20240812103008,19.36372
20240812104008,19.36372
20240812105008,19.36372
20240812110008,-17.56134
20240812111008,-17.56134
20240812112008,18.86662
20240812113008,18.86662
20240812114008,28.99321
20240812115008,-18.05843
20240812120008,28.99321
20240812121008,28.99321
20240812122008,18.86662
20240812123008,22.77886
20240812124008,19.36372
20240812125008,19.36372
20240812130008,-17.56134
20240812131008,-17.56134
20240812132008,-17.56134
20240812133008,-17.56134
20240812134008,-17.56134
20240812135008,-17.56134
20240812140008,19.36372
20240812141008,-17.56134
20240812142008,19.36372
20240812143008,19.36372
20240812144008,19.36372
20240812145008,19.36372
20240812150008,19.36372
20240812151008,19.36372
20240812152008,19.36372
20240812153008,19.36372
20240812154008,22.77886
20240812155008,19.36372
20240812160008,7.46255
20240812161008,-0.93691
20240812162008,-0.93691
20240812163008,-0.93691
20240812164008,-0.93691
20240812165008,-0.93691
20240828090008,34.32206
20240828091008,-32.41133
20240828092008,-7.93183
20240828093008,-27.53867
20240828094008,-27.53867
20240828095008,-19.8297
20240828100008,-15.6408
20240828101008,-17.56134
20240828102008,-29.4625
20240828103008,19.36372
20240828104008,19.36372
20240828105008,19.36372
20240828110008,-17.56134
20240828111008,-17.56134
20240828112008,18.86662
20240828113008,18.86662
20240828114008,28.99321
20240828115008,-18.05843
20240828120008,28.99321
20240828121008,28.99321
20240828122008,18.86662
20240828123008,22.77886
20240828124008,19.36372
20240828125008,19.36372
20240828130008,-17.56134
20240828131008,-17.56134
20240828132008,-17.56134
20240828133008,-17.56134
20240828134008,-17.56134
20240828135008,-17.56134
20240828140008,19.36372
20240828141008,-17.56134
20240828142008,19.36372
20240828143008,19.36372
20240828144008,19.36372
20240828145008,19.36372
20240828150008,19.36372
20240828151008,19.36372
20240828152008,19.36372
20240828153008,19.36372
20240828154008,22.77886
20240828155008,19.36372
20240828160008,7.46255
20240828161008,-0.93691
20240828162008,-0.93691
20240828163008,-0.93691
20240828164008,-0.93691
20240828165008,-0.93691
20240307090010,98.78074
20240307091010,51.98968
20240307092010,16.34396
20240307093010,62.0145
20240307094010,80.80068
20240307095010,45.28648
20240307100010,19.2961
20240307101010,18.86662
20240307102010,-17.56134
20240307103010,19.36372
20240307104010,19.36372
20240307105010,19.36372
20240307110010,-17.56134
20240307111010,-17.56134
20240307112010,18.86662
20240307113010,18.86662
20240307114010,28.99321
20240307115010,-18.05843
20240307120010,28.99321
20240307121010,28.99321
20240307122010,18.86662
20240307123010,22.77886
20240307124010,19.36372
20240307125010,19.36372
20240307130010,-17.56134
20240307131010,-17.56134
20240307132010,-17.56134
20240307133010,-17.56134
20240307134010,-17.56134
20240307135010,-17.56134
20240307140010,19.36372
20240307141010,-17.56134
20240307142010,19.36372
20240307143010,19.36372
20240307144010,19.36372
20240307145010,19.36372
20240307150010,19.36372
20240307151010,19.36372
20240307152010,19.36372
20240307153010,19.36372
20240307154010,22.77886
20240307155010,19.36372
20240307160010,7.46255
20240307161010,-0.93691
20240307162010,-0.93691
20240307163010,-0.93691
20240307164010,-0.93691
20240307165010,-0.93691
20240310090010,16.8909
20240310091010,14.97037
20240310092010,-30.49079
20240310093010,15.22344
20240310094010,33.25772
20240310095010,45.28648
20240310100010,19.2961
20240310101010,22.77886
20240310102010,-17.56134
20240310103010,19.36372
20240310104010,19.36372
20240310105010,19.36372
20240310110010,-17.56134
20240310111010,-17.56134
20240310112010,18.86662
20240310113010,18.86662
20240310114010,28.99321
20240310115010,-18.05843
20240310120010,28.99321
20240310121010,28.99321
20240310122010,18.86662
20240310123010,22.77886
20240310124010,19.36372
20240310125010,19.36372
20240310130010,-17.56134
20240310131010,-17.56134
20240310132010,-17.56134
20240310133010,-17.56134
20240310134010,-17.56134
20240310135010,-17.56134
20240310140010,19.36372
20240310141010,-17.56134
20240310142010,19.36372
20240310143010,19.36372
20240310144010,19.36372
20240310145010,19.36372
20240310150010,19.36372
20240310151010,19.36372
20240310152010,19.36372
20240310153010,19.36372
20240310154010,22.77886
20240310155010,19.36372
20240310160010,7.46255
20240310161010,-0.93691
20240310162010,-0.93691
20240310163010,-0.93691
20240310164010,-0.93691
20240310165010,-0.93691
20240423090010,63.13502
20240423091010,16.34396
20240423092010,-9.91049
20240423093010,45.28648
20240423094010,45.12459
20240423095010,45.28648
20240423100010,-15.6408
20240423101010,-14.14618
20240423102010,19.36372
20240423103010,19.36372
20240423104010,19.36372
20240423105010,19.36372
20240423110010,-17.56134
20240423111010,-17.56134
20240423112010,18.86662
20240423113010,18.86662
20240423114010,28.99321
20240423115010,-18.05843
20240423120010,28.99321
20240423121010,28.99321
20240423122010,18.86662
20240423123010,22.77886
20240423124010,19.36372
20240423125010,19.36372
20240423130010,-17.56134
20240423131010,-17.56134
20240423132010,-17.56134
20240423133010,-17.56134
20240423134010,-17.56134
20240423135010,-17.56134
20240423140010,19.36372
20240423141010,-17.56134
20240423142010,19.36372
20240423143010,19.36372
20240423144010,19.36372
20240423145010,19.36372
20240423150010,19.36372
20240423151010,19.36372
20240423152010,19.36372
20240423153010,19.36372
20240423154010,22.77886
20240423155010,19.36372
20240423160010,7.46255
20240423161010,-0.93691
20240423162010,-0.93691
20240423163010,-0.93691
20240423164010,-0.93691
20240423165010,-0.93691
20240519090010,62.0145
20240519091010,15.22344
20240519092010,32.13721
20240519093010,45.28648
20240519094010,45.12459
20240519095010,19.45798
20240519100010,21.28424
20240519101010,-14.14618
20240519102010,19.36372
20240519103010,19.36372
20240519104010,19.36372
20240519105010,19.36372
20240519110010,-17.56134
20240519111010,-17.56134
20240519112010,18.86662
20240519113010,18.86662
20240519114010,28.99321
20240519115010,-18.05843
20240519120010,28.99321
20240519121010,28.99321
20240519122010,18.86662
20240519123010,22.77886
20240519124010,19.36372
20240519125010,19.36372
20240519130010,-17.56134
20240519131010,-17.56134
20240519132010,-17.56134
20240519133010,-17.56134
20240519134010,-17.56134
20240519135010,-17.56134
20240519140010,19.36372
20240519141010,-17.56134
20240519142010,19.36372
20240519143010,19.36372
20240519144010,19.36372
20240519145010,19.36372
20240519150010,19.36372
20240519151010,19.36372
20240519152010,19.36372
20240519153010,19.36372
20240519154010,22.77886
20240519155010,19.36372
20240519160010,7.46255
20240519161010,-0.93691
20240519162010,-0.93691
20240519163010,-0.93691
20240519164010,-0.93691
20240519165010,-0.93691
20240619090010,44.65694
20240619091010,-30.49079
20240619092010,16.34396
20240619093010,-20.52596
20240619094010,80.80068
20240619095010,-29.9563
20240619100010,68.73602
20240619101010,-17.56134
20240619102010,-17.56134
20240619103010,-17.56134
20240619104010,19.36372
20240619105010,19.36372
20240619110010,-17.56134
20240619111010,-17.56134
20240619112010,18.86662
20240619113010,18.86662
20240619114010,28.99321
20240619115010,-18.05843
20240619120010,28.99321
20240619121010,28.99321
20240619122010,18.86662
20240619123010,22.77886
20240619124010,19.36372
20240619125010,19.36372
20240619130010,-17.56134
20240619131010,-17.56134
20240619132010,-17.56134
20240619133010,-17.56134
20240619134010,-17.56134
20240619135010,-17.56134
20240619140010,19.36372
20240619141010,-17.56134
20240619142010,19.36372
20240619143010,19.36372
20240619144010,19.36372
20240619145010,19.36372
20240619150010,19.36372
20240619151010,19.36372
20240619152010,19.36372
20240619153010,19.36372
20240619154010,22.77886
20240619155010,19.36372
20240619160010,7.46255
20240619161010,-0.93691
20240619162010,-0.93691
20240619163010,-0.93691
20240619164010,-0.93691
20240619165010,-0.93691
20240711090010,-34.56803
20240711091010,-30.85537
20240711092010,-32.41133
20240711093010,-21.79586
20240711094010,-11.83102
20240711095010,-17.56134
20240711100010,-11.83102
20240711101010,-17.56134
20240711102010,19.36372
20240711103010,19.36372
20240711104010,19.36372
20240711105010,19.36372
20240711110010,-17.56134
20240711111010,-17.56134
20240711112010,18.86662
20240711113010,18.86662
20240711114010,28.99321
20240711115010,-18.05843
20240711120010,28.99321
20240711121010,28.99321
20240711122010,18.86662
20240711123010,22.77886
20240711124010,19.36372
20240711125010,19.36372
20240711130010,-17.56134
20240711131010,-17.56134
20240711132010,-17.56134
20240711133010,-17.56134
20240711134010,-17.56134
20240711135010,-17.56134
20240711140010,19.36372
20240711141010,-17.56134
20240711142010,19.36372
20240711143010,19.36372
20240711144010,19.36372
20240711145010,19.36372
20240711150010,19.36372
20240711151010,19.36372
20240711152010,19.36372
20240711153010,19.36372
20240711154010,22.77886
20240711155010,19.36372
20240711160010,7.46255
20240711161010,-0.93691
20240711162010,-0.93691
20240711163010,-0.93691
20240711164010,-0.93691
20240711165010,-0.93691
20240207090017,45.28648
20240207091017,45.28648
20240207092017,45.28648
20240207093017,45.28648
20240207094017,45.28648
20240207095017,19.45798
20240207100017,-15.6408
20240207101017,-18.05843
20240207102017,19.36372
20240207103017,19.36372
20240207104017,19.36372
20240207105017,19.36372
20240207110017,-17.56134
20240207111017,-17.56134
20240207112017,18.86662
20240207113017,18.86662
20240207114017,28.99321
20240207115017,-18.05843
20240207120017,28.99321
20240207121017,28.99321
20240207122017,18.86662
20240207123017,22.77886
20240207124017,19.36372
20240207125017,19.36372
20240207130017,-17.56134
20240207131017,-17.56134
20240207132017,-17.56134
20240207133017,-17.56134
20240207134017,-17.56134
20240207135017,-17.56134
20240207140017,19.36372
20240207141017,-17.56134
20240207142017,19.36372
20240207143017,19.36372
20240207144017,19.36372
20240207145017,19.36372
20240207150017,19.36372
20240207151017,19.36372
20240207152017,19.36372
20240207153017,19.36372
20240207154017,22.77886
20240207155017,19.36372
20240207160017,7.46255
20240207161017,-0.93691
20240207162017,-0.93691
20240207163017,-0.93691
20240207164017,-0.93691
20240207165017,-0.93691
20240224090017,82.21154
20240224091017,45.28648
20240224092017,45.28648
20240224093017,45.28648
20240224094017,-15.6408
20240224095017,-27.53867
20240224100017,-15.6408
20240224101017,-18.05843
20240224102017,19.36372
20240224103017,19.36372
20240224104017,19.36372
20240224105017,19.36372
20240224110017,-17.56134
20240224111017,-17.56134
20240224112017,18.86662
20240224113017,18.86662
20240224114017,28.99321
20240224115017,-18.05843
20240224120017,28.99321
20240224121017,28.99321
20240224122017,18.86662
20240224123017,22.77886
20240224124017,19.36372
20240224125017,19.36372
20240224130017,-17.56134
20240224131017,-17.56134
20240224132017,-17.56134
20240224133017,-17.56134
20240224134017,-17.56134
20240224135017,-17.56134
20240224140017,19.36372
20240224141017,-17.56134
20240224142017,19.36372
20240224143017,19.36372
20240224144017,19.36372
20240224145017,19.36372
20240224150017,19.36372
20240224151017,19.36372
20240224152017,19.36372
20240224153017,19.36372
20240224154017,22.77886
20240224155017,19.36372
20240224160017,7.46255
20240224161017,-0.93691
20240224162017,-0.93691
20240224163017,-0.93691
20240224164017,-0.93691
20240224165017,-0.93691
20240318090017,98.78074
20240318091017,51.98968
20240318092017,16.34396
20240318093017,80.80068
20240318094017,80.80068
20240318095017,45.28648
20240318100017,19.2961
20240318101017,-14.14618
20240318102017,19.36372
20240318103017,19.36372
20240318104017,19.36372
20240318105017,19.36372
20240318110017,-17.56134
20240318111017,-17.56134
20240318112017,18.86662
20240318113017,18.86662
20240318114017,28.99321
20240318115017,-18.05843
20240318120017,28.99321
20240318121017,28.99321
20240318122017,18.86662
20240318123017,22.77886
20240318124017,19.36372
20240318125017,19.36372
20240318130017,-17.56134
20240318131017,-17.56134
20240318132017,-17.56134
20240318133017,-17.56134
20240318134017,-17.56134
20240318135017,-17.56134
20240318140017,19.36372
20240318141017,-17.56134
20240318142017,19.36372
20240318143017,19.36372
20240318144017,19.36372
20240318145017,19.36372
20240318150017,19.36372
20240318151017,19.36372
20240318152017,19.36372
20240318153017,19.36372
20240318154017,22.77886
20240318155017,19.36372
20240318160017,7.46255
20240318161017,-0.93691
20240318162017,-0.93691
20240318163017,-0.93691
20240318164017,-0.93691
20240318165017,-0.93691
20240509090017,98.78074
20240509091017,62.0145
20240509092017,16.34396
20240509093017,33.25772
20240509094017,45.12459
20240509095017,19.2961
20240509100017,-15.6408
20240509101017,-14.14618
20240509102017,19.36372
20240509103017,19.36372
20240509104017,19.36372
20240509105017,19.36372
20240509110017,-17.56134
20240509111017,-17.56134
20240509112017,18.86662
20240509113017,18.86662
20240509114017,28.99321
20240509115017,-18.05843
20240509120017,28.99321
20240509121017,28.99321
20240509122017,18.86662
20240509123017,22.77886
20240509124017,19.36372
20240509125017,19.36372
20240509130017,-17.56134
20240509131017,-17.56134
20240509132017,-17.56134
20240509133017,-17.56134
20240509134017,-17.56134
20240509135017,-17.56134
20240509140017,19.36372
20240509141017,-17.56134
20240509142017,19.36372
20240509143017,19.36372
20240509144017,19.36372
20240509145017,19.36372
20240509150017,19.36372
20240509151017,19.36372
20240509152017,19.36372
20240509153017,19.36372
20240509154017,22.77886
20240509155017,19.36372
20240509160017,7.46255
20240509161017,-0.93691
20240509162017,-0.93691
20240509163017,-0.93691
20240509164017,-0.93691
20240509165017,-0.93691
20240602090017,98.78074
20240602091017,14.97037
20240602092017,-30.49079
20240602093017,-19.87533
20240602094017,16.34396
20240602095017,-15.6408
20240602100017,-15.6408
20240602101017,-14.14618
20240602102017,19.36372
20240602103017,19.36372
20240602104017,19.36372
20240602105017,19.36372
20240602110017,-17.56134
20240602111017,-17.56134
20240602112017,18.86662
20240602113017,18.86662
20240602114017,28.99321
20240602115017,-18.05843
20240602120017,28.99321
20240602121017,28.99321
20240602122017,18.86662
20240602123017,22.77886
20240602124017,19.36372
20240602125017,19.36372
20240602130017,-17.56134
20240602131017,-17.56134
20240602132017,-17.56134
20240602133017,-17.56134
20240602134017,-17.56134
20240602135017,-17.56134
20240602140017,19.36372
20240602141017,-17.56134
20240602142017,19.36372
20240602143017,19.36372
20240602144017,19.36372
20240602145017,19.36372
20240602150017,19.36372
20240602151017,19.36372
20240602152017,19.36372
20240602153017,19.36372
20240602154017,22.77886
20240602155017,19.36372
20240602160017,7.46255
20240602161017,-0.93691
20240602162017,-0.93691
20240602163017,-0.93691
20240602164017,-0.93691
20240602165017,-0.93691
20240604090017,98.78074
20240604091017,98.78074
20240604092017,16.8909
20240604093017,62.0145
20240604094017,63.13502
20240604095017,25.96771
20240604100017,-7.93183
20240604101017,-17.56134
20240604102017,19.36372
20240604103017,-17.56134
20240604104017,19.36372
20240604105017,19.36372
20240604110017,-17.56134
20240604111017,-17.56134
20240604112017,18.86662
20240604113017,18.86662
20240604114017,28.99321
20240604115017,-18.05843
20240604120017,28.99321
20240604121017,28.99321
20240604122017,18.86662
20240604123017,22.77886
20240604124017,19.36372
20240604125017,19.36372
20240604130017,-17.56134
20240604131017,-17.56134
20240604132017,-17.56134
20240604133017,-17.56134
20240604134017,-17.56134
20240604135017,-17.56134
20240604140017,19.36372
20240604141017,-17.56134
20240604142017,19.36372
20240604143017,19.36372
20240604144017,19.36372
20240604145017,19.36372
20240604150017,19.36372
20240604151017,19.36372
20240604152017,19.36372
20240604153017,19.36372
20240604154017,22.77886
20240604155017,19.36372
20240604160017,7.46255
20240604161017,-0.93691
20240604162017,-0.93691
20240604163017,-0.93691
20240604164017,-0.93691
20240604165017,-0.93691
20240609090017,44.65694
20240609091017,15.22344
20240609092017,63.13502
20240609093017,-9.91049
20240609094017,62.0145
20240609095017,-18.05843
20240609100017,26.68831
20240609101017,-17.56134
20240609102017,19.36372
20240609103017,-17.56134
20240609104017,19.36372
20240609105017,19.36372
20240609110017,-17.56134
20240609111017,-17.56134
20240609112017,18.86662
20240609113017,18.86662
20240609114017,28.99321
20240609115017,-18.05843
20240609120017,28.99321
20240609121017,28.99321
20240609122017,18.86662
20240609123017,22.77886
20240609124017,19.36372
20240609125017,19.36372
20240609130017,-17.56134
20240609131017,-17.56134
20240609132017,-17.56134
20240609133017,-17.56134
20240609134017,-17.56134
20240609135017,-17.56134
20240609140017,19.36372
20240609141017,-17.56134
20240609142017,19.36372
20240609143017,19.36372
20240609144017,19.36372
20240609145017,19.36372
20240609150017,19.36372
20240609151017,19.36372
20240609152017,19.36372
20240609153017,19.36372
20240609154017,22.77886
20240609155017,19.36372
20240609160017,7.46255
20240609161017,-0.93691
20240609162017,-0.93691
20240609163017,-0.93691
20240609164017,-0.93691
20240609165017,-0.93691
20240709090017,44.65694
20240709091017,62.0145
20240709092017,62.0145
20240709093017,79.68016
20240709094017,79.68016
20240709095017,-7.93183
20240709100017,-9.91049
20240709101017,-17.56134
20240709102017,19.36372
20240709103017,-17.56134
20240709104017,19.36372
20240709105017,19.36372
20240709110017,-17.56134
20240709111017,-17.56134
20240709112017,18.86662
20240709113017,18.86662
20240709114017,28.99321
20240709115017,-18.05843
20240709120017,28.99321
20240709121017,28.99321
20240709122017,18.86662
20240709123017,22.77886
20240709124017,19.36372
20240709125017,19.36372
20240709130017,-17.56134
20240709131017,-17.56134
20240709132017,-17.56134
20240709133017,-17.56134
20240709134017,-17.56134
20240709135017,-17.56134
20240709140017,19.36372
20240709141017,-17.56134
20240709142017,19.36372
20240709143017,19.36372
20240709144017,19.36372
20240709145017,19.36372
20240709150017,19.36372
20240709151017,19.36372
20240709152017,19.36372
20240709153017,19.36372
20240709154017,22.77886
20240709155017,19.36372
20240709160017,7.46255
20240709161017,-0.93691
20240709162017,-0.93691
20240709163017,-0.93691
20240709164017,-0.93691
20240709165017,-0.93691
20240106090001,-42.22736
20240106091001,-41.36038
20240106092001,-26.04406
20240106093001,45.12459
20240106094001,-27.53867
20240106095001,45.12459
20240106100001,-29.4592
20240106101001,-17.56134
20240106102001,-17.56134
20240106103001,19.36372
20240106104001,19.36372
20240106105001,19.36372
20240106110001,-17.56134
20240106111001,-17.56134
20240106112001,18.86662
20240106113001,18.86662
20240106114001,28.99321
20240106115001,-18.05843
20240106120001,28.99321
20240106121001,28.99321
20240106122001,18.86662
20240106123001,22.77886
20240106124001,19.36372
20240106125001,19.36372
20240106130001,-17.56134
20240106131001,-17.56134
20240106132001,-17.56134
20240106133001,-17.56134
20240106134001,-17.56134
20240106135001,-17.56134
20240106140001,19.36372
20240106141001,-17.56134
20240106142001,19.36372
20240106143001,19.36372
20240106144001,19.36372
20240106145001,19.36372
20240106150001,19.36372
20240106151001,19.36372
20240106152001,19.36372
20240106153001,19.36372
20240106154001,22.77886
20240106155001,19.36372
20240106160001,7.46255
20240106161001,-0.93691
20240106162001,-0.93691
20240106163001,-0.93691
20240106164001,-0.93691
20240106165001,-0.93691
20240111090001,82.21154
20240111091001,45.12459
20240111092001,45.28648
20240111093001,45.28648
20240111094001,45.28648
20240111095001,-27.53867
20240111100001,-15.6408
20240111101001,-14.14618
20240111102001,-17.56134
20240111103001,19.36372
20240111104001,19.36372
20240111105001,19.36372
20240111110001,-17.56134
20240111111001,-17.56134
20240111112001,18.86662
20240111113001,18.86662
20240111114001,28.99321
20240111115001,-18.05843
20240111120001,28.99321
20240111121001,28.99321
20240111122001,18.86662
20240111123001,22.77886
20240111124001,19.36372
20240111125001,19.36372
20240111130001,-17.56134
20240111131001,-17.56134
20240111132001,-17.56134
20240111133001,-17.56134
20240111134001,-17.56134
20240111135001,-17.56134
20240111140001,19.36372
20240111141001,-17.56134
20240111142001,19.36372
20240111143001,19.36372
20240111144001,19.36372
20240111145001,19.36372
20240111150001,19.36372
20240111151001,19.36372
20240111152001,19.36372
20240111153001,19.36372
20240111154001,22.77886
20240111155001,19.36372
20240111160001,7.46255
20240111161001,-0.93691
20240111162001,-0.93691
20240111163001,-0.93691
20240111164001,-0.93691
20240111165001,-0.93691
20240213090001,19.2961
20240213091001,-29.4592
20240213092001,-29.4592
20240213093001,45.12459
20240213094001,45.28648
20240213095001,-7.93183
20240213100001,-29.4592
20240213101001,-17.56134
20240213102001,-17.56134
20240213103001,-17.56134
20240213104001,19.36372
20240213105001,19.36372
20240213110001,-17.56134
20240213111001,-17.56134
20240213112001,18.86662
20240213113001,18.86662
20240213114001,28.99321
20240213115001,-18.05843
20240213120001,28.99321
20240213121001,28.99321
20240213122001,18.86662
20240213123001,22.77886
20240213124001,19.36372
20240213125001,19.36372
20240213130001,-17.56134
20240213131001,-17.56134
20240213132001,-17.56134
20240213133001,-17.56134
20240213134001,-17.56134
20240213135001,-17.56134
20240213140001,19.36372
20240213141001,-17.56134
20240213142001,19.36372
20240213143001,19.36372
20240213144001,19.36372
20240213145001,19.36372
20240213150001,19.36372
20240213151001,19.36372
20240213152001,19.36372
20240213153001,19.36372
20240213154001,22.77886
20240213155001,19.36372
20240213160001,7.46255
20240213161001,-0.93691
20240213162001,-0.93691
20240213163001,-0.93691
20240213164001,-0.93691
20240213165001,-0.93691
20240508090001,62.0145
20240508091001,15.22344
20240508092001,-12.16636
20240508093001,33.25772
20240508094001,25.96771
20240508095001,19.2961
20240508100001,-15.6408
20240508101001,-17.56134
20240508102001,19.36372
20240508103001,19.36372
20240508104001,19.36372
20240508105001,19.36372
20240508110001,-17.56134
20240508111001,-17.56134
20240508112001,18.86662
20240508113001,18.86662
20240508114001,28.99321
20240508115001,-18.05843
20240508120001,28.99321
20240508121001,28.99321
20240508122001,18.86662
20240508123001,22.77886
20240508124001,19.36372
20240508125001,19.36372
20240508130001,-17.56134
20240508131001,-17.56134
20240508132001,-17.56134
20240508133001,-17.56134
20240508134001,-17.56134
20240508135001,-17.56134
20240508140001,19.36372
20240508141001,-17.56134
20240508142001,19.36372
20240508143001,19.36372
20240508144001,19.36372
20240508145001,19.36372
20240508150001,19.36372
20240508151001,19.36372
20240508152001,19.36372
20240508153001,19.36372
20240508154001,22.77886
20240508155001,19.36372
20240508160001,7.46255
20240508161001,-0.93691
20240508162001,-0.93691
20240508163001,-0.93691
20240508164001,-0.93691
20240508165001,-0.93691
20240510090001,98.78074
20240510091001,62.0145
20240510092001,-22.78182
20240510093001,80.80068
20240510094001,80.80068
20240510095001,19.2961
20240510100001,-15.6408
20240510101001,-17.56134
20240510102001,19.36372
20240510103001,19.36372
20240510104001,19.36372
20240510105001,19.36372
20240510110001,-17.56134
20240510111001,-17.56134
20240510112001,18.86662
20240510113001,18.86662
20240510114001,28.99321
20240510115001,-18.05843
20240510120001,28.99321
20240510121001,28.99321
20240510122001,18.86662
20240510123001,22.77886
20240510124001,19.36372
20240510125001,19.36372
20240510130001,-17.56134
20240510131001,-17.56134
20240510132001,-17.56134
20240510133001,-17.56134
20240510134001,-17.56134
20240510135001,-17.56134
20240510140001,19.36372
20240510141001,-17.56134
20240510142001,19.36372
20240510143001,19.36372
20240510144001,19.36372
20240510145001,19.36372
20240510150001,19.36372
20240510151001,19.36372
20240510152001,19.36372
20240510153001,19.36372
20240510154001,22.77886
20240510155001,19.36372
20240510160001,7.46255
20240510161001,-0.93691
20240510162001,-0.93691
20240510163001,-0.93691
20240510164001,-0.93691
20240510165001,-0.93691
20240524090001,62.0145
20240524091001,16.34396
20240524092001,79.68016
20240524093001,45.12459
20240524094001,45.12459
20240524095001,19.45798
20240524100001,28.99321
20240524101001,-14.14618
20240524102001,19.36372
20240524103001,19.36372
20240524104001,19.36372
20240524105001,19.36372
20240524110001,-17.56134
20240524111001,-17.56134
20240524112001,18.86662
20240524113001,18.86662
20240524114001,28.99321
20240524115001,-18.05843
20240524120001,28.99321
20240524121001,28.99321
20240524122001,18.86662
20240524123001,22.77886
20240524124001,19.36372
20240524125001,19.36372
20240524130001,-17.56134
20240524131001,-17.56134
20240524132001,-17.56134
20240524133001,-17.56134
20240524134001,-17.56134
20240524135001,-17.56134
20240524140001,19.36372
20240524141001,-17.56134
20240524142001,19.36372
20240524143001,19.36372
20240524144001,19.36372
20240524145001,19.36372
20240524150001,19.36372
20240524151001,19.36372
20240524152001,19.36372
20240524153001,19.36372
20240524154001,22.77886
20240524155001,19.36372
20240524160001,7.46255
20240524161001,-0.93691
20240524162001,-0.93691
20240524163001,-0.93691
20240524164001,-0.93691
20240524165001,-0.93691
20240623090001,34.32206
20240623091001,-19.87533
20240623092001,62.0145
20240623093001,79.68016
20240623094001,79.68016
20240623095001,-7.93183
20240623100001,-34.79766
20240623101001,-17.56134
20240623102001,19.36372
20240623103001,19.36372
20240623104001,19.36372
20240623105001,19.36372
20240623110001,-17.56134
20240623111001,-17.56134
20240623112001,18.86662
20240623113001,18.86662
20240623114001,28.99321
20240623115001,-18.05843
20240623120001,28.99321
20240623121001,28.99321
20240623122001,18.86662
20240623123001,22.77886
20240623124001,19.36372
20240623125001,19.36372
20240623130001,-17.56134
20240623131001,-17.56134
20240623132001,-17.56134
20240623133001,-17.56134
20240623134001,-17.56134
20240623135001,-17.56134
20240623140001,19.36372
20240623141001,-17.56134
20240623142001,19.36372
20240623143001,19.36372
20240623144001,19.36372
20240623145001,19.36372
20240623150001,19.36372
20240623151001,19.36372
20240623152001,19.36372
20240623153001,19.36372
20240623154001,22.77886
20240623155001,19.36372
20240623160001,7.46255
20240623161001,-0.93691
20240623162001,-0.93691
20240623163001,-0.93691
20240623164001,-0.93691
20240623165001,-0.93691
20240627090001,34.32206
20240627091001,-19.87533
20240627092001,63.13502
20240627093001,32.13721
20240627094001,62.0145
20240627095001,-7.93183
20240627100001,15.22344
20240627101001,-17.56134
20240627102001,19.36372
20240627103001,-17.56134
20240627104001,19.36372
20240627105001,19.36372
20240627110001,-17.56134
20240627111001,-17.56134
20240627112001,18.86662
20240627113001,18.86662
20240627114001,28.99321
20240627115001,-18.05843
20240627120001,28.99321
20240627121001,28.99321
20240627122001,18.86662
20240627123001,22.77886
20240627124001,19.36372
20240627125001,19.36372
20240627130001,-17.56134
20240627131001,-17.56134
20240627132001,-17.56134
20240627133001,-17.56134
20240627134001,-17.56134
20240627135001,-17.56134
20240627140001,19.36372
20240627141001,-17.56134
20240627142001,19.36372
20240627143001,19.36372
20240627144001,19.36372
20240627145001,19.36372
20240627150001,19.36372
20240627151001,19.36372
20240627152001,19.36372
20240627153001,19.36372
20240627154001,22.77886
20240627155001,19.36372
20240627160001,7.46255
20240627161001,-0.93691
20240627162001,-0.93691
20240627163001,-0.93691
20240627164001,-0.93691
20240627165001,-0.93691
20240713090001,63.13502
20240713091001,62.0145
20240713092001,-30.49079
20240713093001,62.0145
20240713094001,63.13502
20240713095001,79.68016
20240713100001,26.12959
20240713101001,-17.56134
20240713102001,-17.56134
20240713103001,-17.56134
20240713104001,19.36372
20240713105001,19.36372
20240713110001,-17.56134
20240713111001,-17.56134
20240713112001,18.86662
20240713113001,18.86662
20240713114001,28.99321
20240713115001,-18.05843
20240713120001,28.99321
20240713121001,28.99321
20240713122001,18.86662
20240713123001,22.77886
20240713124001,19.36372
20240713125001,19.36372
20240713130001,-17.56134
20240713131001,-17.56134
20240713132001,-17.56134
20240713133001,-17.56134
20240713134001,-17.56134
20240713135001,-17.56134
20240713140001,19.36372
20240713141001,-17.56134
20240713142001,19.36372
20240713143001,19.36372
20240713144001,19.36372
20240713145001,19.36372
20240713150001,19.36372
20240713151001,19.36372
20240713152001,19.36372
20240713153001,19.36372
20240713154001,22.77886
20240713155001,19.36372
20240713160001,7.46255
20240713161001,-0.93691
20240713162001,-0.93691
20240713163001,-0.93691
20240713164001,-0.93691
20240713165001,-0.93691
20240715090001,44.65694
20240715091001,-19.87533
20240715092001,63.13502
20240715093001,15.22344
20240715094001,62.0145
20240715095001,-20.52596
20240715100001,16.8909
20240715101001,-17.56134
20240715102001,-17.56134
20240715103001,-17.56134
20240715104001,19.36372
20240715105001,19.36372
20240715110001,-17.56134
20240715111001,-17.56134
20240715112001,18.86662
20240715113001,18.86662
20240715114001,28.99321
20240715115001,-18.05843
20240715120001,28.99321
20240715121001,28.99321
20240715122001,18.86662
20240715123001,22.77886
20240715124001,19.36372
20240715125001,19.36372
20240715130001,-17.56134
20240715131001,-17.56134
20240715132001,-17.56134
20240715133001,-17.56134
20240715134001,-17.56134
20240715135001,-17.56134
20240715140001,19.36372
20240715141001,-17.56134
20240715142001,19.36372
20240715143001,19.36372
20240715144001,19.36372
20240715145001,19.36372
20240715150001,19.36372
20240715151001,19.36372
20240715152001,19.36372
20240715153001,19.36372
20240715154001,22.77886
20240715155001,19.36372
20240715160001,7.46255
20240715161001,-0.93691
20240715162001,-0.93691
20240715163001,-0.93691
20240715164001,-0.93691
20240715165001,-0.93691
20240927090004,63.13502
20240927091004,79.68016
20240927092004,0.13925
20240927093004,45.28648
20240927094004,45.28648
20240927095004,45.28648
20240927100004,-15.6408
20240927101004,-17.56134
20240927102004,19.36372
20240927103004,19.36372
20240927104004,19.36372
20240927105004,19.36372
20240927110004,-17.56134
20240927111004,-17.56134
20240927112004,18.86662
20240927113004,18.86662
20240927114004,28.99321
20240927115004,-18.05843
20240927120004,28.99321
20240927121004,28.99321
20240927122004,18.86662
20240927123004,22.77886
20240927124004,19.36372
20240927125004,19.36372
20240927130004,-17.56134
20240927131004,-17.56134
20240927132004,-17.56134
20240927133004,-17.56134
20240927134004,-17.56134
20240927135004,-17.56134
20240927140004,19.36372
20240927141004,-17.56134
20240927142004,19.36372
20240927143004,19.36372
20240927144004,19.36372
20240927145004,19.36372
20240927150004,19.36372
20240927151004,19.36372
20240927152004,19.36372
20240927153004,19.36372
20240927154004,22.77886
20240927155004,19.36372
20240927160004,7.46255
20240927161004,-0.93691
20240927162004,-0.93691
20240927163004,-0.93691
20240927164004,-0.93691
20240927165004,-0.93691
20241018090004,34.32206
20241018091004,63.13502
20241018092004,63.13502
20241018093004,19.45798
20241018094004,45.12459
20241018095004,45.28648
20241018100004,-15.6408
20241018101004,-17.56134
20241018102004,-17.56134
20241018103004,19.36372
20241018104004,19.36372
20241018105004,19.36372
20241018110004,-17.56134
20241018111004,-17.56134
20241018112004,18.86662
20241018113004,18.86662
20241018114004,28.99321
20241018115004,-18.05843
20241018120004,28.99321
20241018121004,28.99321
20241018122004,18.86662
20241018123004,22.77886
20241018124004,19.36372
20241018125004,19.36372
20241018130004,-17.56134
20241018131004,-17.56134
20241018132004,-17.56134
20241018133004,-17.56134
20241018134004,-17.56134
20241018135004,-17.56134
20241018140004,19.36372
20241018141004,-17.56134
20241018142004,19.36372
20241018143004,19.36372
20241018144004,19.36372
20241018145004,19.36372
20241018150004,19.36372
20241018151004,19.36372
20241018152004,19.36372
20241018153004,19.36372
20241018154004,22.77886
20241018155004,19.36372
20241018160004,7.46255
20241018161004,-0.93691
20241018162004,-0.93691
20241018163004,-0.93691
20241018164004,-0.93691
20241018165004,-0.93691
20240918090007,62.0145
20240918091007,79.68016
20240918092007,80.80068
20240918093007,45.28648
20240918094007,45.12459
20240918095007,45.28648
20240918100007,21.28424
20240918101007,28.99321
20240918102007,19.36372
20240918103007,19.36372
20240918104007,19.36372
20240918105007,19.36372
20240918110007,-17.56134
20240918111007,-17.56134
20240918112007,18.86662
20240918113007,18.86662
20240918114007,28.99321
20240918115007,-18.05843
20240918120007,28.99321
20240918121007,28.99321
20240918122007,18.86662
20240918123007,22.77886
20240918124007,19.36372
20240918125007,19.36372
20240918130007,-17.56134
20240918131007,-17.56134
20240918132007,-17.56134
20240918133007,-17.56134
20240918134007,-17.56134
20240918135007,-17.56134
20240918140007,19.36372
20240918141007,-17.56134
20240918142007,19.36372
20240918143007,19.36372
20240918144007,19.36372
20240918145007,19.36372
20240918150007,19.36372
20240918151007,19.36372
20240918152007,19.36372
20240918153007,19.36372
20240918154007,22.77886
20240918155007,19.36372
20240918160007,7.46255
20240918161007,-0.93691
20240918162007,-0.93691
20240918163007,-0.93691
20240918164007,-0.93691
20240918165007,-0.93691
20240920090007,34.32206
20240920091007,63.13502
20240920092007,80.80068
20240920093007,19.45798
20240920094007,45.12459
20240920095007,-7.93183
20240920100007,-15.6408
20240920101007,-17.56134
20240920102007,19.36372
20240920103007,19.36372
20240920104007,19.36372
20240920105007,19.36372
20240920110007,-17.56134
20240920111007,-17.56134
20240920112007,18.86662
20240920113007,18.86662
20240920114007,28.99321
20240920115007,-18.05843
20240920120007,28.99321
20240920121007,28.99321
20240920122007,18.86662
20240920123007,22.77886
20240920124007,19.36372
20240920125007,19.36372
20240920130007,-17.56134
20240920131007,-17.56134
20240920132007,-17.56134
20240920133007,-17.56134
20240920134007,-17.56134
20240920135007,-17.56134
20240920140007,19.36372
20240920141007,-17.56134
20240920142007,19.36372
20240920143007,19.36372
20240920144007,19.36372
20240920145007,19.36372
20240920150007,19.36372
20240920151007,19.36372
20240920152007,19.36372
20240920153007,19.36372
20240920154007,22.77886
20240920155007,19.36372
20240920160007,7.46255
20240920161007,-0.93691
20240920162007,-0.93691
20240920163007,-0.93691
20240920164007,-0.93691
20240920165007,-0.93691
20241016090007,44.65694
20241016091007,63.13502
20241016092007,63.13502
20241016093007,19.45798
20241016094007,45.12459
20241016095007,-15.6408
20241016100007,-14.14618
20241016101007,-17.56134
20241016102007,19.36372
20241016103007,19.36372
20241016104007,19.36372
20241016105007,19.36372
20241016110007,-17.56134
20241016111007,-17.56134
20241016112007,18.86662
20241016113007,18.86662
20241016114007,28.99321
20241016115007,-18.05843
20241016120007,28.99321
20241016121007,28.99321
20241016122007,18.86662
20241016123007,22.77886
20241016124007,19.36372
20241016125007,19.36372
20241016130007,-17.56134
20241016131007,-17.56134
20241016132007,-17.56134
20241016133007,-17.56134
20241016134007,-17.56134
20241016135007,-17.56134
20241016140007,19.36372
20241016141007,-17.56134
20241016142007,19.36372
20241016143007,19.36372
20241016144007,19.36372
20241016145007,19.36372
20241016150007,19.36372
20241016151007,19.36372
20241016152007,19.36372
20241016153007,19.36372
20241016154007,22.77886
20241016155007,19.36372
20241016160007,7.46255
20241016161007,-0.93691
20241016162007,-0.93691
20241016163007,-0.93691
20241016164007,-0.93691
20241016165007,-0.93691
20240922090008,63.13502
20240922091008,79.68016
20240922092008,-14.14618
20240922093008,-15.6408
20240922094008,19.2961
20240922095008,19.45798
20240922100008,19.45798
20240922101008,-18.05843
20240922102008,19.36372
20240922103008,19.36372
20240922104008,19.36372
20240922105008,19.36372
20240922110008,-17.56134
20240922111008,-17.56134
20240922112008,18.86662
20240922113008,18.86662
20240922114008,28.99321
20240922115008,-18.05843
20240922120008,28.99321
20240922121008,28.99321
20240922122008,18.86662
20240922123008,22.77886
20240922124008,19.36372
20240922125008,19.36372
20240922130008,-17.56134
20240922131008,-17.56134
20240922132008,-17.56134
20240922133008,-17.56134
20240922134008,-17.56134
20240922135008,-17.56134
20240922140008,19.36372
20240922141008,-17.56134
20240922142008,19.36372
20240922143008,19.36372
20240922144008,19.36372
20240922145008,19.36372
20240922150008,19.36372
20240922151008,19.36372
20240922152008,19.36372
20240922153008,19.36372
20240922154008,22.77886
20240922155008,19.36372
20240922160008,7.46255
20240922161008,-0.93691
20240922162008,-0.93691
20240922163008,-0.93691
20240922164008,-0.93691
20240922165008,-0.93691
20240928090008,63.13502
20240928091008,79.68016
20240928092008,19.45798
20240928093008,45.28648
20240928094008,45.12459
20240928095008,45.28648
20240928100008,21.28424
20240928101008,-7.93183
20240928102008,19.36372
20240928103008,19.36372
20240928104008,19.36372
20240928105008,19.36372
20240928110008,-17.56134
20240928111008,-17.56134
20240928112008,18.86662
20240928113008,18.86662
20240928114008,28.99321
20240928115008,-18.05843
20240928120008,28.99321
20240928121008,28.99321
20240928122008,18.86662
20240928123008,22.77886
20240928124008,19.36372
20240928125008,19.36372
20240928130008,-17.56134
20240928131008,-17.56134
20240928132008,-17.56134
20240928133008,-17.56134
20240928134008,-17.56134
20240928135008,-17.56134
20240928140008,19.36372
20240928141008,-17.56134
20240928142008,19.36372
20240928143008,19.36372
20240928144008,19.36372
20240928145008,19.36372
20240928150008,19.36372
20240928151008,19.36372
20240928152008,19.36372
20240928153008,19.36372
20240928154008,22.77886
20240928155008,19.36372
20240928160008,7.46255
20240928161008,-0.93691
20240928162008,-0.93691
20240928163008,-0.93691
20240928164008,-0.93691
20240928165008,-0.93691
20241011090008,63.13502
20241011091008,79.68016
20241011092008,26.12959
20241011093008,45.28648
20241011094008,45.12459
20241011095008,45.28648
20241011100008,21.28424
20241011101008,-18.05843
20241011102008,19.36372
20241011103008,19.36372
20241011104008,19.36372
20241011105008,19.36372
20241011110008,-17.56134
20241011111008,-17.56134
20241011112008,18.86662
20241011113008,18.86662
20241011114008,28.99321
20241011115008,-18.05843
20241011120008,28.99321
20241011121008,28.99321
20241011122008,18.86662
20241011123008,22.77886
20241011124008,19.36372
20241011125008,19.36372
20241011130008,-17.56134
20241011131008,-17.56134
20241011132008,-17.56134
20241011133008,-17.56134
20241011134008,-17.56134
20241011135008,-17.56134
20241011140008,19.36372
20241011141008,-17.56134
20241011142008,19.36372
20241011143008,19.36372
20241011144008,19.36372
20241011145008,19.36372
20241011150008,19.36372
20241011151008,19.36372
20241011152008,19.36372
20241011153008,19.36372
20241011154008,22.77886
20241011155008,19.36372
20241011160008,7.46255
20241011161008,-0.93691
20241011162008,-0.93691
20241011163008,-0.93691
20241011164008,-0.93691
20241011165008,-0.93691
20241016090008,44.65694
20241016091008,45.12459
20241016092008,-27.53867
20241016093008,-27.53867
20241016094008,45.12459
20241016095008,19.2961
20241016100008,19.2961
20241016101008,-14.14618
20241016102008,-17.56134
20241016103008,19.36372
20241016104008,19.36372
20241016105008,19.36372
20241016110008,-17.56134
20241016111008,-17.56134
20241016112008,18.86662
20241016113008,18.86662
20241016114008,28.99321
20241016115008,-18.05843
20241016120008,28.99321
20241016121008,28.99321
20241016122008,18.86662
20241016123008,22.77886
20241016124008,19.36372
20241016125008,19.36372
20241016130008,-17.56134
20241016131008,-17.56134
20241016132008,-17.56134
20241016133008,-17.56134
20241016134008,-17.56134
20241016135008,-17.56134
20241016140008,19.36372
20241016141008,-17.56134
20241016142008,19.36372
20241016143008,19.36372
20241016144008,19.36372
20241016145008,19.36372
20241016150008,19.36372
20241016151008,19.36372
20241016152008,19.36372
20241016153008,19.36372
20241016154008,22.77886
20241016155008,19.36372
20241016160008,7.46255
20241016161008,-0.93691
20241016162008,-0.93691
20241016163008,-0.93691
20241016164008,-0.93691
20241016165008,-0.93691
20241018090008,34.32206
20241018091008,45.12459
20241018092008,19.2961
20241018093008,19.2961
20241018094008,45.12459
20241018095008,-27.53867
20241018100008,19.2961
20241018101008,-17.56134
20241018102008,-17.56134
20241018103008,19.36372
20241018104008,19.36372
20241018105008,19.36372
20241018110008,-17.56134
20241018111008,-17.56134
20241018112008,18.86662
20241018113008,18.86662
20241018114008,28.99321
20241018115008,-18.05843
20241018120008,28.99321
20241018121008,28.99321
20241018122008,18.86662
20241018123008,22.77886
20241018124008,19.36372
20241018125008,19.36372
20241018130008,-17.56134
20241018131008,-17.56134
20241018132008,-17.56134
20241018133008,-17.56134
20241018134008,-17.56134
20241018135008,-17.56134
20241018140008,19.36372
20241018141008,-17.56134
20241018142008,19.36372
20241018143008,19.36372
20241018144008,19.36372
20241018145008,19.36372
20241018150008,19.36372
20241018151008,19.36372
20241018152008,19.36372
20241018153008,19.36372
20241018154008,22.77886
20241018155008,19.36372
20241018160008,7.46255
20241018161008,-0.93691
20241018162008,-0.93691
20241018163008,-0.93691
20241018164008,-0.93691
20241018165008,-0.93691
20241028090008,63.13502
20241028091008,80.80068
20241028092008,-46.69552
20241028093008,45.28648
20241028094008,19.2961
20241028095008,45.12459
20241028100008,56.38305
20241028101008,-18.05843
20241028102008,19.36372
20241028103008,19.36372
20241028104008,19.36372
20241028105008,19.36372
20241028110008,-17.56134
20241028111008,-17.56134
20241028112008,18.86662
20241028113008,18.86662
20241028114008,28.99321
20241028115008,-18.05843
20241028120008,28.99321
20241028121008,28.99321
20241028122008,18.86662
20241028123008,22.77886
20241028124008,19.36372
20241028125008,19.36372
20241028130008,-17.56134
20241028131008,-17.56134
20241028132008,-17.56134
20241028133008,-17.56134
20241028134008,-17.56134
20241028135008,-17.56134
20241028140008,19.36372
20241028141008,-17.56134
20241028142008,19.36372
20241028143008,19.36372
20241028144008,19.36372
20241028145008,19.36372
20241028150008,19.36372
20241028151008,19.36372
20241028152008,19.36372
20241028153008,19.36372
20241028154008,22.77886
20241028155008,19.36372
20241028160008,7.46255
20241028161008,-0.93691
20241028162008,-0.93691
20241028163008,-0.93691
20241028164008,-0.93691
20241028165008,-0.93691
20240922090009,63.13502
20240922091009,15.22344
20240922092009,-36.71819
20240922093009,19.45798
20240922094009,-27.53867
20240922095009,19.2961
20240922100009,19.45798
20240922101009,-14.14618
20240922102009,19.36372
20240922103009,19.36372
20240922104009,19.36372
20240922105009,19.36372
20240922110009,-17.56134
20240922111009,-17.56134
20240922112009,18.86662
20240922113009,18.86662
20240922114009,28.99321
20240922115009,-18.05843
20240922120009,28.99321
20240922121009,28.99321
20240922122009,18.86662
20240922123009,22.77886
20240922124009,19.36372
20240922125009,19.36372
20240922130009,-17.56134
20240922131009,-17.56134
20240922132009,-17.56134
20240922133009,-17.56134
20240922134009,-17.56134
20240922135009,-17.56134
20240922140009,19.36372
20240922141009,-17.56134
20240922142009,19.36372
20240922143009,19.36372
20240922144009,19.36372
20240922145009,19.36372
20240922150009,19.36372
20240922151009,19.36372
20240922152009,19.36372
20240922153009,19.36372
20240922154009,22.77886
20240922155009,19.36372
20240922160009,7.46255
20240922161009,-0.93691
20240922162009,-0.93691
20240922163009,-0.93691
20240922164009,-0.93691
20240922165009,-0.93691
20240928090009,63.13502
20240928091009,15.22344
20240928092009,-34.79766
20240928093009,19.2961
20240928094009,45.12459
20240928095009,-15.6408
20240928100009,-15.6408
20240928101009,-17.56134
20240928102009,19.36372
20240928103009,19.36372
20240928104009,19.36372
20240928105009,19.36372
20240928110009,-17.56134
20240928111009,-17.56134
20240928112009,18.86662
20240928113009,18.86662
20240928114009,28.99321
20240928115009,-18.05843
20240928120009,28.99321
20240928121009,28.99321
20240928122009,18.86662
20240928123009,22.77886
20240928124009,19.36372
20240928125009,19.36372
20240928130009,-17.56134
20240928131009,-17.56134
20240928132009,-17.56134
20240928133009,-17.56134
20240928134009,-17.56134
20240928135009,-17.56134
20240928140009,19.36372
20240928141009,-17.56134
20240928142009,19.36372
20240928143009,19.36372
20240928144009,19.36372
20240928145009,19.36372
20240928150009,19.36372
20240928151009,19.36372
20240928152009,19.36372
20240928153009,19.36372
20240928154009,22.77886
20240928155009,19.36372
20240928160009,7.46255
20240928161009,-0.93691
20240928162009,-0.93691
20240928163009,-0.93691
20240928164009,-0.93691
20240928165009,-0.93691
20240920090010,-61.58184
20240920091010,-34.3469
20240920092010,-22.44649
20240920093010,-29.4592
20240920094010,-29.4592
20240920095010,-17.56134
20240920100010,-17.56134
20240920101010,-17.56134
20240920102010,-17.56134
20240920103010,19.36372
20240920104010,19.36372
20240920105010,19.36372
20240920110010,-17.56134
20240920111010,-17.56134
20240920112010,18.86662
20240920113010,18.86662
20240920114010,28.99321
20240920115010,-18.05843
20240920120010,28.99321
20240920121010,28.99321
20240920122010,18.86662
20240920123010,22.77886
20240920124010,19.36372
20240920125010,19.36372
20240920130010,-17.56134
20240920131010,-17.56134
20240920132010,-17.56134
20240920133010,-17.56134
20240920134010,-17.56134
20240920135010,-17.56134
20240920140010,19.36372
20240920141010,-17.56134
20240920142010,19.36372
20240920143010,19.36372
20240920144010,19.36372
20240920145010,19.36372
20240920150010,19.36372
20240920151010,19.36372
20240920152010,19.36372
20240920153010,19.36372
20240920154010,22.77886
20240920155010,19.36372
20240920160010,7.46255
20240920161010,-0.93691
20240920162010,-0.93691
20240920163010,-0.93691
20240920164010,-0.93691
20240920165010,-0.93691
20240928090010,-32.41133
20240928091010,-32.41133
20240928092010,-23.73219
20240928093010,-19.8297
20240928094010,-27.53867
20240928095010,-7.93183
20240928100010,-14.14618
20240928101010,-17.56134
20240928102010,19.36372
20240928103010,19.36372
20240928104010,19.36372
20240928105010,19.36372
20240928110010,-17.56134
20240928111010,-17.56134
20240928112010,18.86662
20240928113010,18.86662
20240928114010,28.99321
20240928115010,-18.05843
20240928120010,28.99321
20240928121010,28.99321
20240928122010,18.86662
20240928123010,22.77886
20240928124010,19.36372
20240928125010,19.36372
20240928130010,-17.56134
20240928131010,-17.56134
20240928132010,-17.56134
20240928133010,-17.56134
20240928134010,-17.56134
20240928135010,-17.56134
20240928140010,19.36372
20240928141010,-17.56134
20240928142010,19.36372
20240928143010,19.36372
20240928144010,19.36372
20240928145010,19.36372
20240928150010,19.36372
20240928151010,19.36372
20240928152010,19.36372
20240928153010,19.36372
20240928154010,22.77886
20240928155010,19.36372
20240928160010,7.46255
20240928161010,-0.93691
20240928162010,-0.93691
20240928163010,-0.93691
20240928164010,-0.93691
20240928165010,-0.93691
20240919090012,44.65694
20240919091012,45.12459
20240919092012,19.2961
20240919093012,45.12459
20240919094012,45.12459
20240919095012,19.2961
20240919100012,-15.6408
20240919101012,-17.56134
20240919102012,-29.4625
20240919103012,19.36372
20240919104012,19.36372
20240919105012,19.36372
20240919110012,-17.56134
20240919111012,-17.56134
20240919112012,18.86662
20240919113012,18.86662
20240919114012,28.99321
20240919115012,-18.05843
20240919120012,28.99321
20240919121012,28.99321
20240919122012,18.86662
20240919123012,22.77886
20240919124012,19.36372
20240919125012,19.36372
20240919130012,-17.56134
20240919131012,-17.56134
20240919132012,-17.56134
20240919133012,-17.56134
20240919134012,-17.56134
20240919135012,-17.56134
20240919140012,19.36372
20240919141012,-17.56134
20240919142012,19.36372
20240919143012,19.36372
20240919144012,19.36372
20240919145012,19.36372
20240919150012,19.36372
20240919151012,19.36372
20240919152012,19.36372
20240919153012,19.36372
20240919154012,22.77886
20240919155012,19.36372
20240919160012,7.46255
20240919161012,-0.93691
20240919162012,-0.93691
20240919163012,-0.93691
20240919164012,-0.93691
20240919165012,-0.93691
20240923090012,63.13502
20240923091012,79.68016
20240923092012,19.45798
20240923093012,45.28648
20240923094012,45.12459
20240923095012,45.28648
20240923100012,56.38305
20240923101012,28.99321
20240923102012,19.36372
20240923103012,19.36372
20240923104012,19.36372
20240923105012,19.36372
20240923110012,-17.56134
20240923111012,-17.56134
20240923112012,18.86662
20240923113012,18.86662
20240923114012,28.99321
20240923115012,-18.05843
20240923120012,28.99321
20240923121012,28.99321
20240923122012,18.86662
20240923123012,22.77886
20240923124012,19.36372
20240923125012,19.36372
20240923130012,-17.56134
20240923131012,-17.56134
20240923132012,-17.56134
20240923133012,-17.56134
20240923134012,-17.56134
20240923135012,-17.56134
20240923140012,19.36372
20240923141012,-17.56134
20240923142012,19.36372
20240923143012,19.36372
20240923144012,19.36372
20240923145012,19.36372
20240923150012,19.36372
20240923151012,19.36372
20240923152012,19.36372
20240923153012,19.36372
20240923154012,22.77886
20240923155012,19.36372
20240923160012,7.46255
20240923161012,-0.93691
20240923162012,-0.93691
20240923163012,-0.93691
20240923164012,-0.93691
20240923165012,-0.93691
20241002090012,62.0145
20241002091012,80.80068
20241002092012,79.68016
20241002093012,45.28648
20241002094012,45.12459
20241002095012,45.28648
20241002100012,21.28424
20241002101012,-18.05843
20241002102012,19.36372
20241002103012,19.36372
20241002104012,19.36372
20241002105012,19.36372
20241002110012,-17.56134
20241002111012,-17.56134
20241002112012,18.86662
20241002113012,18.86662
20241002114012,28.99321
20241002115012,-18.05843
20241002120012,28.99321
20241002121012,28.99321
20241002122012,18.86662
20241002123012,22.77886
20241002124012,19.36372
20241002125012,19.36372
20241002130012,-17.56134
20241002131012,-17.56134
20241002132012,-17.56134
20241002133012,-17.56134
20241002134012,-17.56134
20241002135012,-17.56134
20241002140012,19.36372
20241002141012,-17.56134
20241002142012,19.36372
20241002143012,19.36372
20241002144012,19.36372
20241002145012,19.36372
20241002150012,19.36372
20241002151012,19.36372
20241002152012,19.36372
20241002153012,19.36372
20241002154012,22.77886
20241002155012,19.36372
20241002160012,7.46255
20241002161012,-0.93691
20241002162012,-0.93691
20241002163012,-0.93691
20241002164012,-0.93691
20241002165012,-0.93691
