序號,答案
20240117090001,400.64498
20240117091001,444.72538
20240117092001,384.1555
20240117093001,289.67589
20240117094001,246.47167
20240117095001,239.83636
20240117100001,234.78007
20240117101001,236.28512
20240117102001,250.60207
20240117103001,295.5506
20240117104001,372.90521
20240117105001,331.8689
20240117110001,284.29046
20240117111001,262.36017
20240117112001,282.80472
20240117113001,290.57151
20240117114001,298.72065
20240117115001,256.82533
20240117120001,236.81371
20240117121001,235.4959
20240117122001,223.44161
20240117123001,231.89145
20240117124001,233.47897
20240117125001,225.32436
20240117130001,211.22608
20240117131001,207.4057
20240117132001,201.91308
20240117133001,195.54466
20240117134001,194.76147
20240117135001,191.12062
20240117140001,189.90703
20240117141001,188.27166
20240117142001,187.52131
20240117143001,187.17528
20240117144001,187.0783
20240117145001,187.1538
20240117150001,185.86136
20240117151001,185.2745
20240117152001,184.34563
20240117153001,183.8403
20240117154001,183.55681
20240117155001,183.515
20240117160001,204.08834
20240117161001,203.43944
20240117162001,196.53299
20240117163001,195.98405
20240117164001,196.07322
20240117165001,197.22659
20240119090001,877.14398
20240119091001,851.12155
20240119092001,338.12349
20240119093001,281.7604
20240119094001,256.79778
20240119095001,682.84948
20240119100001,231.01268
20240119101001,234.83614
20240119102001,251.14045
20240119103001,293.8721
20240119104001,339.03701
20240119105001,320.87485
20240119110001,284.29046
20240119111001,262.36017
20240119112001,282.80472
20240119113001,290.57151
20240119114001,298.72065
20240119115001,256.82533
20240119120001,236.81371
20240119121001,235.4959
20240119122001,223.44161
20240119123001,231.89145
20240119124001,233.47897
20240119125001,225.32436
20240119130001,211.22608
20240119131001,207.4057
20240119132001,201.91308
20240119133001,195.54466
20240119134001,194.76147
20240119135001,191.12062
20240119140001,189.90703
20240119141001,188.27166
20240119142001,187.52131
20240119143001,187.17528
20240119144001,187.0783
20240119145001,187.1538
20240119150001,185.86136
20240119151001,185.2745
20240119152001,184.34563
20240119153001,183.8403
20240119154001,183.55681
20240119155001,183.515
20240119160001,204.08834
20240119161001,203.43944
20240119162001,196.53299
20240119163001,195.98405
20240119164001,196.07322
20240119165001,197.22659
20240224090001,343.58034
20240224091001,471.17679
20240224092001,376.22964
20240224093001,249.66967
20240224094001,227.27089
20240224095001,228.66671
20240224100001,227.41777
20240224101001,236.46165
20240224102001,245.57484
20240224103001,295.64824
20240224104001,372.43216
20240224105001,331.76267
20240224110001,284.29046
20240224111001,262.36017
20240224112001,282.80472
20240224113001,290.57151
20240224114001,298.72065
20240224115001,256.82533
20240224120001,236.81371
20240224121001,235.4959
20240224122001,223.44161
20240224123001,231.89145
20240224124001,233.47897
20240224125001,225.32436
20240224130001,211.22608
20240224131001,207.4057
20240224132001,201.91308
20240224133001,195.54466
20240224134001,194.76147
20240224135001,191.12062
20240224140001,189.90703
20240224141001,188.27166
20240224142001,187.52131
20240224143001,187.17528
20240224144001,187.0783
20240224145001,187.1538
20240224150001,185.86136
20240224151001,185.2745
20240224152001,184.34563
20240224153001,183.8403
20240224154001,183.55681
20240224155001,183.515
20240224160001,204.08834
20240224161001,203.43944
20240224162001,196.53299
20240224163001,195.98405
20240224164001,196.07322
20240224165001,197.22659
20240226090001,262.43154
20240226091001,335.99373
20240226092001,314.33188
20240226093001,256.9699
20240226094001,232.97159
20240226095001,250.52187
20240226100001,232.57871
20240226101001,240.49199
20240226102001,250.92613
20240226103001,292.05109
20240226104001,372.18462
20240226105001,335.99779
20240226110001,284.29046
20240226111001,262.36017
20240226112001,282.80472
20240226113001,290.57151
20240226114001,298.72065
20240226115001,256.82533
20240226120001,236.81371
20240226121001,235.4959
20240226122001,223.44161
20240226123001,231.89145
20240226124001,233.47897
20240226125001,225.32436
20240226130001,211.22608
20240226131001,207.4057
20240226132001,201.91308
20240226133001,195.54466
20240226134001,194.76147
20240226135001,191.12062
20240226140001,189.90703
20240226141001,188.27166
20240226142001,187.52131
20240226143001,187.17528
20240226144001,187.0783
20240226145001,187.1538
20240226150001,185.86136
20240226151001,185.2745
20240226152001,184.34563
20240226153001,183.8403
20240226154001,183.55681
20240226155001,183.515
20240226160001,204.08834
20240226161001,203.43944
20240226162001,196.53299
20240226163001,195.98405
20240226164001,196.07322
20240226165001,197.22659
20240327090001,212.53133
20240327091001,319.22387
20240327092001,310.28265
20240327093001,264.78576
20240327094001,233.45301
20240327095001,235.23616
20240327100001,227.16216
20240327101001,236.14911
20240327102001,250.90866
20240327103001,321.32241
20240327104001,371.41205
20240327105001,326.77737
20240327110001,284.29046
20240327111001,262.36017
20240327112001,282.80472
20240327113001,290.57151
20240327114001,298.72065
20240327115001,256.82533
20240327120001,236.81371
20240327121001,235.4959
20240327122001,223.44161
20240327123001,231.89145
20240327124001,233.47897
20240327125001,225.32436
20240327130001,211.22608
20240327131001,207.4057
20240327132001,201.91308
20240327133001,195.54466
20240327134001,194.76147
20240327135001,191.12062
20240327140001,189.90703
20240327141001,188.27166
20240327142001,187.52131
20240327143001,187.17528
20240327144001,187.0783
20240327145001,187.1538
20240327150001,185.86136
20240327151001,185.2745
20240327152001,184.34563
20240327153001,183.8403
20240327154001,183.55681
20240327155001,183.515
20240327160001,204.08834
20240327161001,203.43944
20240327162001,196.53299
20240327163001,195.98405
20240327164001,196.07322
20240327165001,197.22659
20240329090001,189.78883
20240329091001,290.61529
20240329092001,253.01736
20240329093001,217.08674
20240329094001,216.46646
20240329095001,227.14442
20240329100001,214.88925
20240329101001,234.10619
20240329102001,243.07412
20240329103001,313.36279
20240329104001,372.11441
20240329105001,326.83169
20240329110001,284.29046
20240329111001,262.36017
20240329112001,282.80472
20240329113001,290.57151
20240329114001,298.72065
20240329115001,256.82533
20240329120001,236.81371
20240329121001,235.4959
20240329122001,223.44161
20240329123001,231.89145
20240329124001,233.47897
20240329125001,225.32436
20240329130001,211.22608
20240329131001,207.4057
20240329132001,201.91308
20240329133001,195.54466
20240329134001,194.76147
20240329135001,191.12062
20240329140001,189.90703
20240329141001,188.27166
20240329142001,187.52131
20240329143001,187.17528
20240329144001,187.0783
20240329145001,187.1538
20240329150001,185.86136
20240329151001,185.2745
20240329152001,184.34563
20240329153001,183.8403
20240329154001,183.55681
20240329155001,183.515
20240329160001,204.08834
20240329161001,203.43944
20240329162001,196.53299
20240329163001,195.98405
20240329164001,196.07322
20240329165001,197.22659
20240428090001,244.63168
20240428091001,314.39792
20240428092001,339.9549
20240428093001,298.81603
20240428094001,307.34811
20240428095001,240.05551
20240428100001,233.71909
20240428101001,241.90036
20240428102001,251.25692
20240428103001,322.83581
20240428104001,377.09869
20240428105001,331.1486
20240428110001,284.29046
20240428111001,262.36017
20240428112001,282.80472
20240428113001,290.57151
20240428114001,298.72065
20240428115001,256.82533
20240428120001,236.81371
20240428121001,235.4959
20240428122001,223.44161
20240428123001,231.89145
20240428124001,233.47897
20240428125001,225.32436
20240428130001,211.22608
20240428131001,207.4057
20240428132001,201.91308
20240428133001,195.54466
20240428134001,194.76147
20240428135001,191.12062
20240428140001,189.90703
20240428141001,188.27166
20240428142001,187.52131
20240428143001,187.17528
20240428144001,187.0783
20240428145001,187.1538
20240428150001,185.86136
20240428151001,185.2745
20240428152001,184.34563
20240428153001,183.8403
20240428154001,183.55681
20240428155001,183.515
20240428160001,204.08834
20240428161001,203.43944
20240428162001,196.53299
20240428163001,195.98405
20240428164001,196.07322
20240428165001,197.22659
20240430090001,689.7636
20240430091001,528.94232
20240430092001,382.00978
20240430093001,395.23337
20240430094001,487.78131
20240430095001,284.77673
20240430100001,340.76285
20240430101001,251.44255
20240430102001,303.67476
20240430103001,304.19956
20240430104001,326.28694
20240430105001,320.55926
20240430110001,284.29046
20240430111001,262.36017
20240430112001,282.80472
20240430113001,290.57151
20240430114001,298.72065
20240430115001,256.82533
20240430120001,236.81371
20240430121001,235.4959
20240430122001,223.44161
20240430123001,231.89145
20240430124001,233.47897
20240430125001,225.32436
20240430130001,211.22608
20240430131001,207.4057
20240430132001,201.91308
20240430133001,195.54466
20240430134001,194.76147
20240430135001,191.12062
20240430140001,189.90703
20240430141001,188.27166
20240430142001,187.52131
20240430143001,187.17528
20240430144001,187.0783
20240430145001,187.1538
20240430150001,185.86136
20240430151001,185.2745
20240430152001,184.34563
20240430153001,183.8403
20240430154001,183.55681
20240430155001,183.515
20240430160001,204.08834
20240430161001,203.43944
20240430162001,196.53299
20240430163001,195.98405
20240430164001,196.07322
20240430165001,197.22659
20240515090001,590.80776
20240515091001,473.59274
20240515092001,475.52333
20240515093001,685.91402
20240515094001,559.35457
20240515095001,327.94037
20240515100001,372.18272
20240515101001,254.00274
20240515102001,290.0813
20240515103001,313.63088
20240515104001,324.82023
20240515105001,325.673
20240515110001,284.29046
20240515111001,262.36017
20240515112001,282.80472
20240515113001,290.57151
20240515114001,298.72065
20240515115001,256.82533
20240515120001,236.81371
20240515121001,235.4959
20240515122001,223.44161
20240515123001,231.89145
20240515124001,233.47897
20240515125001,225.32436
20240515130001,211.22608
20240515131001,207.4057
20240515132001,201.91308
20240515133001,195.54466
20240515134001,194.76147
20240515135001,191.12062
20240515140001,189.90703
20240515141001,188.27166
20240515142001,187.52131
20240515143001,187.17528
20240515144001,187.0783
20240515145001,187.1538
20240515150001,185.86136
20240515151001,185.2745
20240515152001,184.34563
20240515153001,183.8403
20240515154001,183.55681
20240515155001,183.515
20240515160001,204.08834
20240515161001,203.43944
20240515162001,196.53299
20240515163001,195.98405
20240515164001,196.07322
20240515165001,197.22659
20240520090001,344.25538
20240520091001,302.35206
20240520092001,345.72484
20240520093001,294.48446
20240520094001,297.11629
20240520095001,242.18454
20240520100001,254.62928
20240520101001,252.57722
20240520102001,281.40389
20240520103001,343.35982
20240520104001,330.26653
20240520105001,320.80097
20240520110001,284.29046
20240520111001,262.36017
20240520112001,282.80472
20240520113001,290.57151
20240520114001,298.72065
20240520115001,256.82533
20240520120001,236.81371
20240520121001,235.4959
20240520122001,223.44161
20240520123001,231.89145
20240520124001,233.47897
20240520125001,225.32436
20240520130001,211.22608
20240520131001,207.4057
20240520132001,201.91308
20240520133001,195.54466
20240520134001,194.76147
20240520135001,191.12062
20240520140001,189.90703
20240520141001,188.27166
20240520142001,187.52131
20240520143001,187.17528
20240520144001,187.0783
20240520145001,187.1538
20240520150001,185.86136
20240520151001,185.2745
20240520152001,184.34563
20240520153001,183.8403
20240520154001,183.55681
20240520155001,183.515
20240520160001,204.08834
20240520161001,203.43944
20240520162001,196.53299
20240520163001,195.98405
20240520164001,196.07322
20240520165001,197.22659
20240613090001,203.39837
20240613091001,291.1391
20240613092001,366.16914
20240613093001,255.66358
20240613094001,237.49772
20240613095001,242.71026
20240613100001,225.04672
20240613101001,235.54688
20240613102001,244.68161
20240613103001,322.87161
20240613104001,375.06191
20240613105001,328.56906
20240613110001,284.29046
20240613111001,262.36017
20240613112001,282.80472
20240613113001,290.57151
20240613114001,298.72065
20240613115001,256.82533
20240613120001,236.81371
20240613121001,235.4959
20240613122001,223.44161
20240613123001,231.89145
20240613124001,233.47897
20240613125001,225.32436
20240613130001,211.22608
20240613131001,207.4057
20240613132001,201.91308
20240613133001,195.54466
20240613134001,194.76147
20240613135001,191.12062
20240613140001,189.90703
20240613141001,188.27166
20240613142001,187.52131
20240613143001,187.17528
20240613144001,187.0783
20240613145001,187.1538
20240613150001,185.86136
20240613151001,185.2745
20240613152001,184.34563
20240613153001,183.8403
20240613154001,183.55681
20240613155001,183.515
20240613160001,204.08834
20240613161001,203.43944
20240613162001,196.53299
20240613163001,195.98405
20240613164001,196.07322
20240613165001,197.22659
20240615090001,564.72683
20240615091001,310.23069
20240615092001,331.35407
20240615093001,464.91423
20240615094001,619.86472
20240615095001,491.65311
20240615100001,475.95368
20240615101001,275.25727
20240615102001,290.19015
20240615103001,282.01485
20240615104001,303.75879
20240615105001,304.86864
20240615110001,284.29046
20240615111001,262.36017
20240615112001,282.80472
20240615113001,290.57151
20240615114001,298.72065
20240615115001,256.82533
20240615120001,236.81371
20240615121001,235.4959
20240615122001,223.44161
20240615123001,231.89145
20240615124001,233.47897
20240615125001,225.32436
20240615130001,211.22608
20240615131001,207.4057
20240615132001,201.91308
20240615133001,195.54466
20240615134001,194.76147
20240615135001,191.12062
20240615140001,189.90703
20240615141001,188.27166
20240615142001,187.52131
20240615143001,187.17528
20240615144001,187.0783
20240615145001,187.1538
20240615150001,185.86136
20240615151001,185.2745
20240615152001,184.34563
20240615153001,183.8403
20240615154001,183.55681
20240615155001,183.515
20240615160001,204.08834
20240615161001,203.43944
20240615162001,196.53299
20240615163001,195.98405
20240615164001,196.07322
20240615165001,197.22659
20240703090001,551.7032
20240703091001,417.38144
20240703092001,299.23175
20240703093001,322.50192
20240703094001,568.21523
20240703095001,549.5999
20240703100001,287.87835
20240703101001,263.74789
20240703102001,273.58142
20240703103001,278.35196
20240703104001,310.90762
20240703105001,301.37865
20240703110001,284.29046
20240703111001,262.36017
20240703112001,282.80472
20240703113001,290.57151
20240703114001,298.72065
20240703115001,256.82533
20240703120001,236.81371
20240703121001,235.4959
20240703122001,223.44161
20240703123001,231.89145
20240703124001,233.47897
20240703125001,225.32436
20240703130001,211.22608
20240703131001,207.4057
20240703132001,201.91308
20240703133001,195.54466
20240703134001,194.76147
20240703135001,191.12062
20240703140001,189.90703
20240703141001,188.27166
20240703142001,187.52131
20240703143001,187.17528
20240703144001,187.0783
20240703145001,187.1538
20240703150001,185.86136
20240703151001,185.2745
20240703152001,184.34563
20240703153001,183.8403
20240703154001,183.55681
20240703155001,183.515
20240703160001,204.08834
20240703161001,203.43944
20240703162001,196.53299
20240703163001,195.98405
20240703164001,196.07322
20240703165001,197.22659
20240707090001,594.63723
20240707091001,333.93029
20240707092001,353.31414
20240707093001,417.24535
20240707094001,624.13997
20240707095001,522.64902
20240707100001,376.35136
20240707101001,280.26622
20240707102001,277.6021
20240707103001,279.91029
20240707104001,307.31091
20240707105001,296.51239
20240707110001,284.29046
20240707111001,262.36017
20240707112001,282.80472
20240707113001,290.57151
20240707114001,298.72065
20240707115001,256.82533
20240707120001,236.81371
20240707121001,235.4959
20240707122001,223.44161
20240707123001,231.89145
20240707124001,233.47897
20240707125001,225.32436
20240707130001,211.22608
20240707131001,207.4057
20240707132001,201.91308
20240707133001,195.54466
20240707134001,194.76147
20240707135001,191.12062
20240707140001,189.90703
20240707141001,188.27166
20240707142001,187.52131
20240707143001,187.17528
20240707144001,187.0783
20240707145001,187.1538
20240707150001,185.86136
20240707151001,185.2745
20240707152001,184.34563
20240707153001,183.8403
20240707154001,183.55681
20240707155001,183.515
20240707160001,204.08834
20240707161001,203.43944
20240707162001,196.53299
20240707163001,195.98405
20240707164001,196.07322
20240707165001,197.22659
20240125090002,195.84635
20240125091002,260.34832
20240125092002,235.78109
20240125093002,249.46675
20240125094002,215.03989
20240125095002,211.61844
20240125100002,234.24563
20240125101002,244.74279
20240125102002,250.96417
20240125103002,293.78118
20240125104002,369.19181
20240125105002,331.79814
20240125110002,284.29046
20240125111002,262.36017
20240125112002,282.80472
20240125113002,290.57151
20240125114002,298.72065
20240125115002,256.82533
20240125120002,236.81371
20240125121002,235.4959
20240125122002,223.44161
20240125123002,231.89145
20240125124002,233.47897
20240125125002,225.32436
20240125130002,211.22608
20240125131002,207.4057
20240125132002,201.91308
20240125133002,195.54466
20240125134002,194.76147
20240125135002,191.12062
20240125140002,189.90703
20240125141002,188.27166
20240125142002,187.52131
20240125143002,187.17528
20240125144002,187.0783
20240125145002,187.1538
20240125150002,185.86136
20240125151002,185.2745
20240125152002,184.34563
20240125153002,183.8403
20240125154002,183.55681
20240125155002,183.515
20240125160002,204.08834
20240125161002,203.43944
20240125162002,196.53299
20240125163002,195.98405
20240125164002,196.07322
20240125165002,197.22659
20240128090002,195.35967
20240128091002,244.68219
20240128092002,223.95503
20240128093002,228.59282
20240128094002,243.87463
20240128095002,215.80608
20240128100002,226.44221
20240128101002,242.10882
20240128102002,251.23861
20240128103002,289.92214
20240128104002,372.56688
20240128105002,336.14719
20240128110002,284.29046
20240128111002,262.36017
20240128112002,282.80472
20240128113002,290.57151
20240128114002,298.72065
20240128115002,256.82533
20240128120002,236.81371
20240128121002,235.4959
20240128122002,223.44161
20240128123002,231.89145
20240128124002,233.47897
20240128125002,225.32436
20240128130002,211.22608
20240128131002,207.4057
20240128132002,201.91308
20240128133002,195.54466
20240128134002,194.76147
20240128135002,191.12062
20240128140002,189.90703
20240128141002,188.27166
20240128142002,187.52131
20240128143002,187.17528
20240128144002,187.0783
20240128145002,187.1538
20240128150002,185.86136
20240128151002,185.2745
20240128152002,184.34563
20240128153002,183.8403
20240128154002,183.55681
20240128155002,183.515
20240128160002,204.08834
20240128161002,203.43944
20240128162002,196.53299
20240128163002,195.98405
20240128164002,196.07322
20240128165002,197.22659
20240213090002,795.93181
20240213091002,829.19481
20240213092002,575.58447
20240213093002,573.47165
20240213094002,556.19138
20240213095002,293.86975
20240213100002,226.6754
20240213101002,236.28211
20240213102002,278.68974
20240213103002,286.44077
20240213104002,304.10348
20240213105002,318.86834
20240213110002,284.29046
20240213111002,262.36017
20240213112002,282.80472
20240213113002,290.57151
20240213114002,298.72065
20240213115002,256.82533
20240213120002,236.81371
20240213121002,235.4959
20240213122002,223.44161
20240213123002,231.89145
20240213124002,233.47897
20240213125002,225.32436
20240213130002,211.22608
20240213131002,207.4057
20240213132002,201.91308
20240213133002,195.54466
20240213134002,194.76147
20240213135002,191.12062
20240213140002,189.90703
20240213141002,188.27166
20240213142002,187.52131
20240213143002,187.17528
20240213144002,187.0783
20240213145002,187.1538
20240213150002,185.86136
20240213151002,185.2745
20240213152002,184.34563
20240213153002,183.8403
20240213154002,183.55681
20240213155002,183.515
20240213160002,204.08834
20240213161002,203.43944
20240213162002,196.53299
20240213163002,195.98405
20240213164002,196.07322
20240213165002,197.22659
20240226090002,252.18994
20240226091002,401.91052
20240226092002,246.46513
20240226093002,249.53095
20240226094002,231.25199
20240226095002,219.90357
20240226100002,246.1786
20240226101002,241.12366
20240226102002,250.89547
20240226103002,295.32629
20240226104002,370.4029
20240226105002,331.18775
20240226110002,284.29046
20240226111002,262.36017
20240226112002,282.80472
20240226113002,290.57151
20240226114002,298.72065
20240226115002,256.82533
20240226120002,236.81371
20240226121002,235.4959
20240226122002,223.44161
20240226123002,231.89145
20240226124002,233.47897
20240226125002,225.32436
20240226130002,211.22608
20240226131002,207.4057
20240226132002,201.91308
20240226133002,195.54466
20240226134002,194.76147
20240226135002,191.12062
20240226140002,189.90703
20240226141002,188.27166
20240226142002,187.52131
20240226143002,187.17528
20240226144002,187.0783
20240226145002,187.1538
20240226150002,185.86136
20240226151002,185.2745
20240226152002,184.34563
20240226153002,183.8403
20240226154002,183.55681
20240226155002,183.515
20240226160002,204.08834
20240226161002,203.43944
20240226162002,196.53299
20240226163002,195.98405
20240226164002,196.07322
20240226165002,197.22659
20240319090002,187.80717
20240319091002,236.83249
20240319092002,216.10552
20240319093002,233.45201
20240319094002,248.91757
20240319095002,245.90356
20240319100002,229.9915
20240319101002,236.30642
20240319102002,250.93227
20240319103002,301.76424
20240319104002,383.76416
20240319105002,334.83772
20240319110002,284.29046
20240319111002,262.36017
20240319112002,282.80472
20240319113002,290.57151
20240319114002,298.72065
20240319115002,256.82533
20240319120002,236.81371
20240319121002,235.4959
20240319122002,223.44161
20240319123002,231.89145
20240319124002,233.47897
20240319125002,225.32436
20240319130002,211.22608
20240319131002,207.4057
20240319132002,201.91308
20240319133002,195.54466
20240319134002,194.76147
20240319135002,191.12062
20240319140002,189.90703
20240319141002,188.27166
20240319142002,187.52131
20240319143002,187.17528
20240319144002,187.0783
20240319145002,187.1538
20240319150002,185.86136
20240319151002,185.2745
20240319152002,184.34563
20240319153002,183.8403
20240319154002,183.55681
20240319155002,183.515
20240319160002,204.08834
20240319161002,203.43944
20240319162002,196.53299
20240319163002,195.98405
20240319164002,196.07322
20240319165002,197.22659
20240427090002,224.13585
20240427091002,344.72586
20240427092002,340.30656
20240427093002,262.72627
20240427094002,291.0786
20240427095002,239.65947
20240427100002,225.05743
20240427101002,236.51041
20240427102002,250.90661
20240427103002,320.6637
20240427104002,381.35706
20240427105002,329.93198
20240427110002,284.29046
20240427111002,262.36017
20240427112002,282.80472
20240427113002,290.57151
20240427114002,298.72065
20240427115002,256.82533
20240427120002,236.81371
20240427121002,235.4959
20240427122002,223.44161
20240427123002,231.89145
20240427124002,233.47897
20240427125002,225.32436
20240427130002,211.22608
20240427131002,207.4057
20240427132002,201.91308
20240427133002,195.54466
20240427134002,194.76147
20240427135002,191.12062
20240427140002,189.90703
20240427141002,188.27166
20240427142002,187.52131
20240427143002,187.17528
20240427144002,187.0783
20240427145002,187.1538
20240427150002,185.86136
20240427151002,185.2745
20240427152002,184.34563
20240427153002,183.8403
20240427154002,183.55681
20240427155002,183.515
20240427160002,204.08834
20240427161002,203.43944
20240427162002,196.53299
20240427163002,195.98405
20240427164002,196.07322
20240427165002,197.22659
20240508090002,254.64701
20240508091002,339.20618
20240508092002,346.28288
20240508093002,298.96474
20240508094002,297.90451
20240508095002,259.91603
20240508100002,236.46135
20240508101002,244.02793
20240508102002,252.68277
20240508103002,325.90242
20240508104002,370.42109
20240508105002,326.7214
20240508110002,284.29046
20240508111002,262.36017
20240508112002,282.80472
20240508113002,290.57151
20240508114002,298.72065
20240508115002,256.82533
20240508120002,236.81371
20240508121002,235.4959
20240508122002,223.44161
20240508123002,231.89145
20240508124002,233.47897
20240508125002,225.32436
20240508130002,211.22608
20240508131002,207.4057
20240508132002,201.91308
20240508133002,195.54466
20240508134002,194.76147
20240508135002,191.12062
20240508140002,189.90703
20240508141002,188.27166
20240508142002,187.52131
20240508143002,187.17528
20240508144002,187.0783
20240508145002,187.1538
20240508150002,185.86136
20240508151002,185.2745
20240508152002,184.34563
20240508153002,183.8403
20240508154002,183.55681
20240508155002,183.515
20240508160002,204.08834
20240508161002,203.43944
20240508162002,196.53299
20240508163002,195.98405
20240508164002,196.07322
20240508165002,197.22659
20240705090002,405.85665
20240705091002,259.60453
20240705092002,266.37538
20240705093002,305.70866
20240705094002,619.40788
20240705095002,501.3289
20240705100002,324.50144
20240705101002,277.21947
20240705102002,261.29365
20240705103002,277.68139
20240705104002,306.14214
20240705105002,296.65204
20240705110002,284.29046
20240705111002,262.36017
20240705112002,282.80472
20240705113002,290.57151
20240705114002,298.72065
20240705115002,256.82533
20240705120002,236.81371
20240705121002,235.4959
20240705122002,223.44161
20240705123002,231.89145
20240705124002,233.47897
20240705125002,225.32436
20240705130002,211.22608
20240705131002,207.4057
20240705132002,201.91308
20240705133002,195.54466
20240705134002,194.76147
20240705135002,191.12062
20240705140002,189.90703
20240705141002,188.27166
20240705142002,187.52131
20240705143002,187.17528
20240705144002,187.0783
20240705145002,187.1538
20240705150002,185.86136
20240705151002,185.2745
20240705152002,184.34563
20240705153002,183.8403
20240705154002,183.55681
20240705155002,183.515
20240705160002,204.08834
20240705161002,203.43944
20240705162002,196.53299
20240705163002,195.98405
20240705164002,196.07322
20240705165002,197.22659
20240707090002,493.4033
20240707091002,264.1145
20240707092002,261.54692
20240707093002,321.40067
20240707094002,598.16267
20240707095002,448.10329
20240707100002,336.48526
20240707101002,272.29375
20240707102002,273.32081
20240707103002,277.15157
20240707104002,303.73103
20240707105002,303.29637
20240707110002,284.29046
20240707111002,262.36017
20240707112002,282.80472
20240707113002,290.57151
20240707114002,298.72065
20240707115002,256.82533
20240707120002,236.81371
20240707121002,235.4959
20240707122002,223.44161
20240707123002,231.89145
20240707124002,233.47897
20240707125002,225.32436
20240707130002,211.22608
20240707131002,207.4057
20240707132002,201.91308
20240707133002,195.54466
20240707134002,194.76147
20240707135002,191.12062
20240707140002,189.90703
20240707141002,188.27166
20240707142002,187.52131
20240707143002,187.17528
20240707144002,187.0783
20240707145002,187.1538
20240707150002,185.86136
20240707151002,185.2745
20240707152002,184.34563
20240707153002,183.8403
20240707154002,183.55681
20240707155002,183.515
20240707160002,204.08834
20240707161002,203.43944
20240707162002,196.53299
20240707163002,195.98405
20240707164002,196.07322
20240707165002,197.22659
20240317090003,437.05748
20240317091003,304.2107
20240317092003,468.58379
20240317093003,390.27163
20240317094003,485.55465
20240317095003,251.91393
20240317100003,348.12134
20240317101003,278.86455
20240317102003,296.48989
20240317103003,360.53706
20240317104003,326.77821
20240317105003,318.60657
20240317110003,284.29046
20240317111003,262.36017
20240317112003,282.80472
20240317113003,290.57151
20240317114003,298.72065
20240317115003,256.82533
20240317120003,236.81371
20240317121003,235.4959
20240317122003,223.44161
20240317123003,231.89145
20240317124003,233.47897
20240317125003,225.32436
20240317130003,211.22608
20240317131003,207.4057
20240317132003,201.91308
20240317133003,195.54466
20240317134003,194.76147
20240317135003,191.12062
20240317140003,189.90703
20240317141003,188.27166
20240317142003,187.52131
20240317143003,187.17528
20240317144003,187.0783
20240317145003,187.1538
20240317150003,185.86136
20240317151003,185.2745
20240317152003,184.34563
20240317153003,183.8403
20240317154003,183.55681
20240317155003,183.515
20240317160003,204.08834
20240317161003,203.43944
20240317162003,196.53299
20240317163003,195.98405
20240317164003,196.07322
20240317165003,197.22659
20240414090003,619.73553
20240414091003,493.06461
20240414092003,476.90293
20240414093003,660.34015
20240414094003,538.45147
20240414095003,286.33149
20240414100003,317.77169
20240414101003,244.95944
20240414102003,279.72347
20240414103003,315.53965
20240414104003,331.81315
20240414105003,326.64873
20240414110003,284.29046
20240414111003,262.36017
20240414112003,282.80472
20240414113003,290.57151
20240414114003,298.72065
20240414115003,256.82533
20240414120003,236.81371
20240414121003,235.4959
20240414122003,223.44161
20240414123003,231.89145
20240414124003,233.47897
20240414125003,225.32436
20240414130003,211.22608
20240414131003,207.4057
20240414132003,201.91308
20240414133003,195.54466
20240414134003,194.76147
20240414135003,191.12062
20240414140003,189.90703
20240414141003,188.27166
20240414142003,187.52131
20240414143003,187.17528
20240414144003,187.0783
20240414145003,187.1538
20240414150003,185.86136
20240414151003,185.2745
20240414152003,184.34563
20240414153003,183.8403
20240414154003,183.55681
20240414155003,183.515
20240414160003,204.08834
20240414161003,203.43944
20240414162003,196.53299
20240414163003,195.98405
20240414164003,196.07322
20240414165003,197.22659
20240524090003,234.23611
20240524091003,383.05856
20240524092003,338.77046
20240524093003,300.67338
20240524094003,260.64822
20240524095003,239.74861
20240524100003,225.29471
20240524101003,236.14815
20240524102003,250.24523
20240524103003,319.48104
20240524104003,380.16873
20240524105003,329.9812
20240524110003,284.29046
20240524111003,262.36017
20240524112003,282.80472
20240524113003,290.57151
20240524114003,298.72065
20240524115003,256.82533
20240524120003,236.81371
20240524121003,235.4959
20240524122003,223.44161
20240524123003,231.89145
20240524124003,233.47897
20240524125003,225.32436
20240524130003,211.22608
20240524131003,207.4057
20240524132003,201.91308
20240524133003,195.54466
20240524134003,194.76147
20240524135003,191.12062
20240524140003,189.90703
20240524141003,188.27166
20240524142003,187.52131
20240524143003,187.17528
20240524144003,187.0783
20240524145003,187.1538
20240524150003,185.86136
20240524151003,185.2745
20240524152003,184.34563
20240524153003,183.8403
20240524154003,183.55681
20240524155003,183.515
20240524160003,204.08834
20240524161003,203.43944
20240524162003,196.53299
20240524163003,195.98405
20240524164003,196.07322
20240524165003,197.22659
20240526090003,208.49836
20240526091003,343.43809
20240526092003,301.35145
20240526093003,289.16465
20240526094003,250.43191
20240526095003,236.52128
20240526100003,227.35405
20240526101003,236.18126
20240526102003,250.54002
20240526103003,322.05106
20240526104003,372.22839
20240526105003,326.78772
20240526110003,284.29046
20240526111003,262.36017
20240526112003,282.80472
20240526113003,290.57151
20240526114003,298.72065
20240526115003,256.82533
20240526120003,236.81371
20240526121003,235.4959
20240526122003,223.44161
20240526123003,231.89145
20240526124003,233.47897
20240526125003,225.32436
20240526130003,211.22608
20240526131003,207.4057
20240526132003,201.91308
20240526133003,195.54466
20240526134003,194.76147
20240526135003,191.12062
20240526140003,189.90703
20240526141003,188.27166
20240526142003,187.52131
20240526143003,187.17528
20240526144003,187.0783
20240526145003,187.1538
20240526150003,185.86136
20240526151003,185.2745
20240526152003,184.34563
20240526153003,183.8403
20240526154003,183.55681
20240526155003,183.515
20240526160003,204.08834
20240526161003,203.43944
20240526162003,196.53299
20240526163003,195.98405
20240526164003,196.07322
20240526165003,197.22659
20240603090003,199.58507
20240603091003,343.11783
20240603092003,291.70717
20240603093003,274.914
20240603094003,233.48482
20240603095003,264.17881
20240603100003,216.54982
20240603101003,235.0522
20240603102003,245.26803
20240603103003,318.30799
20240603104003,380.16636
20240603105003,331.51423
20240603110003,284.29046
20240603111003,262.36017
20240603112003,282.80472
20240603113003,290.57151
20240603114003,298.72065
20240603115003,256.82533
20240603120003,236.81371
20240603121003,235.4959
20240603122003,223.44161
20240603123003,231.89145
20240603124003,233.47897
20240603125003,225.32436
20240603130003,211.22608
20240603131003,207.4057
20240603132003,201.91308
20240603133003,195.54466
20240603134003,194.76147
20240603135003,191.12062
20240603140003,189.90703
20240603141003,188.27166
20240603142003,187.52131
20240603143003,187.17528
20240603144003,187.0783
20240603145003,187.1538
20240603150003,185.86136
20240603151003,185.2745
20240603152003,184.34563
20240603153003,183.8403
20240603154003,183.55681
20240603155003,183.515
20240603160003,204.08834
20240603161003,203.43944
20240603162003,196.53299
20240603163003,195.98405
20240603164003,196.07322
20240603165003,197.22659
20240620090003,606.24375
20240620091003,303.07269
20240620092003,328.07392
20240620093003,453.75179
20240620094003,571.77079
20240620095003,339.26927
20240620100003,464.22747
20240620101003,273.67054
20240620102003,310.48188
20240620103003,320.82929
20240620104003,326.50131
20240620105003,319.62728
20240620110003,284.29046
20240620111003,262.36017
20240620112003,282.80472
20240620113003,290.57151
20240620114003,298.72065
20240620115003,256.82533
20240620120003,236.81371
20240620121003,235.4959
20240620122003,223.44161
20240620123003,231.89145
20240620124003,233.47897
20240620125003,225.32436
20240620130003,211.22608
20240620131003,207.4057
20240620132003,201.91308
20240620133003,195.54466
20240620134003,194.76147
20240620135003,191.12062
20240620140003,189.90703
20240620141003,188.27166
20240620142003,187.52131
20240620143003,187.17528
20240620144003,187.0783
20240620145003,187.1538
20240620150003,185.86136
20240620151003,185.2745
20240620152003,184.34563
20240620153003,183.8403
20240620154003,183.55681
20240620155003,183.515
20240620160003,204.08834
20240620161003,203.43944
20240620162003,196.53299
20240620163003,195.98405
20240620164003,196.07322
20240620165003,197.22659
20240420090004,815.35571
20240420091004,422.22135
20240420092004,401.44866
20240420093004,458.47726
20240420094004,540.96448
20240420095004,339.84994
20240420100004,341.12651
20240420101004,263.28759
20240420102004,288.68835
20240420103004,287.68897
20240420104004,315.72587
20240420105004,303.27912
20240420110004,284.29046
20240420111004,262.36017
20240420112004,282.80472
20240420113004,290.57151
20240420114004,298.72065
20240420115004,256.82533
20240420120004,236.81371
20240420121004,235.4959
20240420122004,223.44161
20240420123004,231.89145
20240420124004,233.47897
20240420125004,225.32436
20240420130004,211.22608
20240420131004,207.4057
20240420132004,201.91308
20240420133004,195.54466
20240420134004,194.76147
20240420135004,191.12062
20240420140004,189.90703
20240420141004,188.27166
20240420142004,187.52131
20240420143004,187.17528
20240420144004,187.0783
20240420145004,187.1538
20240420150004,185.86136
20240420151004,185.2745
20240420152004,184.34563
20240420153004,183.8403
20240420154004,183.55681
20240420155004,183.515
20240420160004,204.08834
20240420161004,203.43944
20240420162004,196.53299
20240420163004,195.98405
20240420164004,196.07322
20240420165004,197.22659
20240422090004,726.44952
20240422091004,414.70818
20240422092004,470.12374
20240422093004,621.30525
20240422094004,472.92416
20240422095004,407.13385
20240422100004,424.34524
20240422101004,283.15569
20240422102004,314.74944
20240422103004,302.30907
20240422104004,320.28783
20240422105004,320.68485
20240422110004,284.29046
20240422111004,262.36017
20240422112004,282.80472
20240422113004,290.57151
20240422114004,298.72065
20240422115004,256.82533
20240422120004,236.81371
20240422121004,235.4959
20240422122004,223.44161
20240422123004,231.89145
20240422124004,233.47897
20240422125004,225.32436
20240422130004,211.22608
20240422131004,207.4057
20240422132004,201.91308
20240422133004,195.54466
20240422134004,194.76147
20240422135004,191.12062
20240422140004,189.90703
20240422141004,188.27166
20240422142004,187.52131
20240422143004,187.17528
20240422144004,187.0783
20240422145004,187.1538
20240422150004,185.86136
20240422151004,185.2745
20240422152004,184.34563
20240422153004,183.8403
20240422154004,183.55681
20240422155004,183.515
20240422160004,204.08834
20240422161004,203.43944
20240422162004,196.53299
20240422163004,195.98405
20240422164004,196.07322
20240422165004,197.22659
20240513090004,191.7549
20240513091004,325.17722
20240513092004,247.726
20240513093004,238.73166
20240513094004,238.22518
20240513095004,283.37094
20240513100004,213.45692
20240513101004,218.5268
20240513102004,251.09592
20240513103004,303.70979
20240513104004,387.33386
20240513105004,332.76407
20240513110004,284.29046
20240513111004,262.36017
20240513112004,282.80472
20240513113004,290.57151
20240513114004,298.72065
20240513115004,256.82533
20240513120004,236.81371
20240513121004,235.4959
20240513122004,223.44161
20240513123004,231.89145
20240513124004,233.47897
20240513125004,225.32436
20240513130004,211.22608
20240513131004,207.4057
20240513132004,201.91308
20240513133004,195.54466
20240513134004,194.76147
20240513135004,191.12062
20240513140004,189.90703
20240513141004,188.27166
20240513142004,187.52131
20240513143004,187.17528
20240513144004,187.0783
20240513145004,187.1538
20240513150004,185.86136
20240513151004,185.2745
20240513152004,184.34563
20240513153004,183.8403
20240513154004,183.55681
20240513155004,183.515
20240513160004,204.08834
20240513161004,203.43944
20240513162004,196.53299
20240513163004,195.98405
20240513164004,196.07322
20240513165004,197.22659
20240515090004,711.36393
20240515091004,340.55007
20240515092004,525.65255
20240515093004,793.96947
20240515094004,539.56872
20240515095004,355.07813
20240515100004,518.80071
20240515101004,253.2792
20240515102004,294.14983
20240515103004,304.16285
20240515104004,322.23243
20240515105004,325.20389
20240515110004,284.29046
20240515111004,262.36017
20240515112004,282.80472
20240515113004,290.57151
20240515114004,298.72065
20240515115004,256.82533
20240515120004,236.81371
20240515121004,235.4959
20240515122004,223.44161
20240515123004,231.89145
20240515124004,233.47897
20240515125004,225.32436
20240515130004,211.22608
20240515131004,207.4057
20240515132004,201.91308
20240515133004,195.54466
20240515134004,194.76147
20240515135004,191.12062
20240515140004,189.90703
20240515141004,188.27166
20240515142004,187.52131
20240515143004,187.17528
20240515144004,187.0783
20240515145004,187.1538
20240515150004,185.86136
20240515151004,185.2745
20240515152004,184.34563
20240515153004,183.8403
20240515154004,183.55681
20240515155004,183.515
20240515160004,204.08834
20240515161004,203.43944
20240515162004,196.53299
20240515163004,195.98405
20240515164004,196.07322
20240515165004,197.22659
20240629090004,649.27066
20240629091004,352.38779
20240629092004,342.08349
20240629093004,520.06609
20240629094004,755.33509
20240629095004,565.68096
20240629100004,494.0406
20240629101004,281.48571
20240629102004,296.01536
20240629103004,287.74206
20240629104004,319.18991
20240629105004,301.22781
20240629110004,284.29046
20240629111004,262.36017
20240629112004,282.80472
20240629113004,290.57151
20240629114004,298.72065
20240629115004,256.82533
20240629120004,236.81371
20240629121004,235.4959
20240629122004,223.44161
20240629123004,231.89145
20240629124004,233.47897
20240629125004,225.32436
20240629130004,211.22608
20240629131004,207.4057
20240629132004,201.91308
20240629133004,195.54466
20240629134004,194.76147
20240629135004,191.12062
20240629140004,189.90703
20240629141004,188.27166
20240629142004,187.52131
20240629143004,187.17528
20240629144004,187.0783
20240629145004,187.1538
20240629150004,185.86136
20240629151004,185.2745
20240629152004,184.34563
20240629153004,183.8403
20240629154004,183.55681
20240629155004,183.515
20240629160004,204.08834
20240629161004,203.43944
20240629162004,196.53299
20240629163004,195.98405
20240629164004,196.07322
20240629165004,197.22659
20240704090004,668.03158
20240704091004,400.75235
20240704092004,399.80088
20240704093004,527.25361
20240704094004,807.85448
20240704095004,694.69054
20240704100004,457.87584
20240704101004,285.00356
20240704102004,280.62434
20240704103004,281.40909
20240704104004,321.57676
20240704105004,296.67154
20240704110004,284.29046
20240704111004,262.36017
20240704112004,282.80472
20240704113004,290.57151
20240704114004,298.72065
20240704115004,256.82533
20240704120004,236.81371
20240704121004,235.4959
20240704122004,223.44161
20240704123004,231.89145
20240704124004,233.47897
20240704125004,225.32436
20240704130004,211.22608
20240704131004,207.4057
20240704132004,201.91308
20240704133004,195.54466
20240704134004,194.76147
20240704135004,191.12062
20240704140004,189.90703
20240704141004,188.27166
20240704142004,187.52131
20240704143004,187.17528
20240704144004,187.0783
20240704145004,187.1538
20240704150004,185.86136
20240704151004,185.2745
20240704152004,184.34563
20240704153004,183.8403
20240704154004,183.55681
20240704155004,183.515
20240704160004,204.08834
20240704161004,203.43944
20240704162004,196.53299
20240704163004,195.98405
20240704164004,196.07322
20240704165004,197.22659
20240509090005,213.07267
20240509091005,294.77502
20240509092005,309.17381
20240509093005,287.80241
20240509094005,236.4941
20240509095005,261.89202
20240509100005,255.03656
20240509101005,253.56536
20240509102005,251.33856
20240509103005,325.96778
20240509104005,351.14982
20240509105005,326.67702
20240509110005,284.29046
20240509111005,262.36017
20240509112005,282.80472
20240509113005,290.57151
20240509114005,298.72065
20240509115005,256.82533
20240509120005,236.81371
20240509121005,235.4959
20240509122005,223.44161
20240509123005,231.89145
20240509124005,233.47897
20240509125005,225.32436
20240509130005,211.22608
20240509131005,207.4057
20240509132005,201.91308
20240509133005,195.54466
20240509134005,194.76147
20240509135005,191.12062
20240509140005,189.90703
20240509141005,188.27166
20240509142005,187.52131
20240509143005,187.17528
20240509144005,187.0783
20240509145005,187.1538
20240509150005,185.86136
20240509151005,185.2745
20240509152005,184.34563
20240509153005,183.8403
20240509154005,183.55681
20240509155005,183.515
20240509160005,204.08834
20240509161005,203.43944
20240509162005,196.53299
20240509163005,195.98405
20240509164005,196.07322
20240509165005,197.22659
20240514090005,231.12762
20240514091005,362.12368
20240514092005,404.6385
20240514093005,315.72827
20240514094005,258.07138
20240514095005,306.58536
20240514100005,236.96804
20240514101005,250.48865
20240514102005,252.9572
20240514103005,324.40902
20240514104005,357.83331
20240514105005,326.72883
20240514110005,284.29046
20240514111005,262.36017
20240514112005,282.80472
20240514113005,290.57151
20240514114005,298.72065
20240514115005,256.82533
20240514120005,236.81371
20240514121005,235.4959
20240514122005,223.44161
20240514123005,231.89145
20240514124005,233.47897
20240514125005,225.32436
20240514130005,211.22608
20240514131005,207.4057
20240514132005,201.91308
20240514133005,195.54466
20240514134005,194.76147
20240514135005,191.12062
20240514140005,189.90703
20240514141005,188.27166
20240514142005,187.52131
20240514143005,187.17528
20240514144005,187.0783
20240514145005,187.1538
20240514150005,185.86136
20240514151005,185.2745
20240514152005,184.34563
20240514153005,183.8403
20240514154005,183.55681
20240514155005,183.515
20240514160005,204.08834
20240514161005,203.43944
20240514162005,196.53299
20240514163005,195.98405
20240514164005,196.07322
20240514165005,197.22659
20240615090005,475.31407
20240615091005,485.27879
20240615092005,493.55514
20240615093005,391.30309
20240615094005,639.77236
20240615095005,273.68833
20240615100005,459.9199
20240615101005,273.48168
20240615102005,268.95302
20240615103005,277.51407
20240615104005,292.99155
20240615105005,305.30158
20240615110005,284.29046
20240615111005,262.36017
20240615112005,282.80472
20240615113005,290.57151
20240615114005,298.72065
20240615115005,256.82533
20240615120005,236.81371
20240615121005,235.4959
20240615122005,223.44161
20240615123005,231.89145
20240615124005,233.47897
20240615125005,225.32436
20240615130005,211.22608
20240615131005,207.4057
20240615132005,201.91308
20240615133005,195.54466
20240615134005,194.76147
20240615135005,191.12062
20240615140005,189.90703
20240615141005,188.27166
20240615142005,187.52131
20240615143005,187.17528
20240615144005,187.0783
20240615145005,187.1538
20240615150005,185.86136
20240615151005,185.2745
20240615152005,184.34563
20240615153005,183.8403
20240615154005,183.55681
20240615155005,183.515
20240615160005,204.08834
20240615161005,203.43944
20240615162005,196.53299
20240615163005,195.98405
20240615164005,196.07322
20240615165005,197.22659
20240620090005,428.18426
20240620091005,506.31988
20240620092005,475.97819
20240620093005,421.32355
20240620094005,577.4541
20240620095005,229.92371
20240620100005,437.25
20240620101005,273.81021
20240620102005,281.11561
20240620103005,289.96775
20240620104005,305.44111
20240620105005,319.21398
20240620110005,284.29046
20240620111005,262.36017
20240620112005,282.80472
20240620113005,290.57151
20240620114005,298.72065
20240620115005,256.82533
20240620120005,236.81371
20240620121005,235.4959
20240620122005,223.44161
20240620123005,231.89145
20240620124005,233.47897
20240620125005,225.32436
20240620130005,211.22608
20240620131005,207.4057
20240620132005,201.91308
20240620133005,195.54466
20240620134005,194.76147
20240620135005,191.12062
20240620140005,189.90703
20240620141005,188.27166
20240620142005,187.52131
20240620143005,187.17528
20240620144005,187.0783
20240620145005,187.1538
20240620150005,185.86136
20240620151005,185.2745
20240620152005,184.34563
20240620153005,183.8403
20240620154005,183.55681
20240620155005,183.515
20240620160005,204.08834
20240620161005,203.43944
20240620162005,196.53299
20240620163005,195.98405
20240620164005,196.07322
20240620165005,197.22659
20240706090005,328.0913
20240706091005,643.37417
20240706092005,541.25121
20240706093005,564.53207
20240706094005,639.82206
20240706095005,296.27339
20240706100005,324.55424
20240706101005,279.3049
20240706102005,253.49591
20240706103005,275.12724
20240706104005,304.30211
20240706105005,297.56061
20240706110005,284.29046
20240706111005,262.36017
20240706112005,282.80472
20240706113005,290.57151
20240706114005,298.72065
20240706115005,256.82533
20240706120005,236.81371
20240706121005,235.4959
20240706122005,223.44161
20240706123005,231.89145
20240706124005,233.47897
20240706125005,225.32436
20240706130005,211.22608
20240706131005,207.4057
20240706132005,201.91308
20240706133005,195.54466
20240706134005,194.76147
20240706135005,191.12062
20240706140005,189.90703
20240706141005,188.27166
20240706142005,187.52131
20240706143005,187.17528
20240706144005,187.0783
20240706145005,187.1538
20240706150005,185.86136
20240706151005,185.2745
20240706152005,184.34563
20240706153005,183.8403
20240706154005,183.55681
20240706155005,183.515
20240706160005,204.08834
20240706161005,203.43944
20240706162005,196.53299
20240706163005,195.98405
20240706164005,196.07322
20240706165005,197.22659
20240708090005,447.8428
20240708091005,630.60834
20240708092005,549.78543
20240708093005,380.85608
20240708094005,619.25385
20240708095005,261.34433
20240708100005,415.43406
20240708101005,278.13846
20240708102005,276.78212
20240708103005,282.41362
20240708104005,295.41828
20240708105005,305.64217
20240708110005,284.29046
20240708111005,262.36017
20240708112005,282.80472
20240708113005,290.57151
20240708114005,298.72065
20240708115005,256.82533
20240708120005,236.81371
20240708121005,235.4959
20240708122005,223.44161
20240708123005,231.89145
20240708124005,233.47897
20240708125005,225.32436
20240708130005,211.22608
20240708131005,207.4057
20240708132005,201.91308
20240708133005,195.54466
20240708134005,194.76147
20240708135005,191.12062
20240708140005,189.90703
20240708141005,188.27166
20240708142005,187.52131
20240708143005,187.17528
20240708144005,187.0783
20240708145005,187.1538
20240708150005,185.86136
20240708151005,185.2745
20240708152005,184.34563
20240708153005,183.8403
20240708154005,183.55681
20240708155005,183.515
20240708160005,204.08834
20240708161005,203.43944
20240708162005,196.53299
20240708163005,195.98405
20240708164005,196.07322
20240708165005,197.22659
20240520090006,380.83231
20240520091006,308.20153
20240520092006,464.51638
20240520093006,297.27094
20240520094006,305.9168
20240520095006,262.67673
20240520100006,281.34268
20240520101006,273.01385
20240520102006,286.85827
20240520103006,334.6623
20240520104006,324.2965
20240520105006,318.94093
20240520110006,284.29046
20240520111006,262.36017
20240520112006,282.80472
20240520113006,290.57151
20240520114006,298.72065
20240520115006,256.82533
20240520120006,236.81371
20240520121006,235.4959
20240520122006,223.44161
20240520123006,231.89145
20240520124006,233.47897
20240520125006,225.32436
20240520130006,211.22608
20240520131006,207.4057
20240520132006,201.91308
20240520133006,195.54466
20240520134006,194.76147
20240520135006,191.12062
20240520140006,189.90703
20240520141006,188.27166
20240520142006,187.52131
20240520143006,187.17528
20240520144006,187.0783
20240520145006,187.1538
20240520150006,185.86136
20240520151006,185.2745
20240520152006,184.34563
20240520153006,183.8403
20240520154006,183.55681
20240520155006,183.515
20240520160006,204.08834
20240520161006,203.43944
20240520162006,196.53299
20240520163006,195.98405
20240520164006,196.07322
20240520165006,197.22659
20240527090006,504.82837
20240527091006,482.67657
20240527092006,455.13992
20240527093006,319.29152
20240527094006,309.86983
20240527095006,242.34631
20240527100006,341.8373
20240527101006,252.06374
20240527102006,279.52448
20240527103006,319.35695
20240527104006,321.63812
20240527105006,324.8275
20240527110006,284.29046
20240527111006,262.36017
20240527112006,282.80472
20240527113006,290.57151
20240527114006,298.72065
20240527115006,256.82533
20240527120006,236.81371
20240527121006,235.4959
20240527122006,223.44161
20240527123006,231.89145
20240527124006,233.47897
20240527125006,225.32436
20240527130006,211.22608
20240527131006,207.4057
20240527132006,201.91308
20240527133006,195.54466
20240527134006,194.76147
20240527135006,191.12062
20240527140006,189.90703
20240527141006,188.27166
20240527142006,187.52131
20240527143006,187.17528
20240527144006,187.0783
20240527145006,187.1538
20240527150006,185.86136
20240527151006,185.2745
20240527152006,184.34563
20240527153006,183.8403
20240527154006,183.55681
20240527155006,183.515
20240527160006,204.08834
20240527161006,203.43944
20240527162006,196.53299
20240527163006,195.98405
20240527164006,196.07322
20240527165006,197.22659
20240625090006,594.40154
20240625091006,342.7712
20240625092006,364.31807
20240625093006,483.18825
20240625094006,642.38592
20240625095006,467.28163
20240625100006,612.04381
20240625101006,292.60632
20240625102006,279.73821
20240625103006,279.72077
20240625104006,304.14983
20240625105006,300.25742
20240625110006,284.29046
20240625111006,262.36017
20240625112006,282.80472
20240625113006,290.57151
20240625114006,298.72065
20240625115006,256.82533
20240625120006,236.81371
20240625121006,235.4959
20240625122006,223.44161
20240625123006,231.89145
20240625124006,233.47897
20240625125006,225.32436
20240625130006,211.22608
20240625131006,207.4057
20240625132006,201.91308
20240625133006,195.54466
20240625134006,194.76147
20240625135006,191.12062
20240625140006,189.90703
20240625141006,188.27166
20240625142006,187.52131
20240625143006,187.17528
20240625144006,187.0783
20240625145006,187.1538
20240625150006,185.86136
20240625151006,185.2745
20240625152006,184.34563
20240625153006,183.8403
20240625154006,183.55681
20240625155006,183.515
20240625160006,204.08834
20240625161006,203.43944
20240625162006,196.53299
20240625163006,195.98405
20240625164006,196.07322
20240625165006,197.22659
20240629090006,618.83855
20240629091006,350.12404
20240629092006,355.50567
20240629093006,468.78647
20240629094006,621.37115
20240629095006,526.93682
20240629100006,576.96421
20240629101006,288.7714
20240629102006,280.26872
20240629103006,279.76739
20240629104006,306.40559
20240629105006,298.01564
20240629110006,284.29046
20240629111006,262.36017
20240629112006,282.80472
20240629113006,290.57151
20240629114006,298.72065
20240629115006,256.82533
20240629120006,236.81371
20240629121006,235.4959
20240629122006,223.44161
20240629123006,231.89145
20240629124006,233.47897
20240629125006,225.32436
20240629130006,211.22608
20240629131006,207.4057
20240629132006,201.91308
20240629133006,195.54466
20240629134006,194.76147
20240629135006,191.12062
20240629140006,189.90703
20240629141006,188.27166
20240629142006,187.52131
20240629143006,187.17528
20240629144006,187.0783
20240629145006,187.1538
20240629150006,185.86136
20240629151006,185.2745
20240629152006,184.34563
20240629153006,183.8403
20240629154006,183.55681
20240629155006,183.515
20240629160006,204.08834
20240629161006,203.43944
20240629162006,196.53299
20240629163006,195.98405
20240629164006,196.07322
20240629165006,197.22659
20240706090006,681.30485
20240706091006,490.41966
20240706092006,482.81134
20240706093006,486.35302
20240706094006,721.55381
20240706095006,673.07816
20240706100006,505.54182
20240706101006,297.55875
20240706102006,276.87027
20240706103006,279.79791
20240706104006,314.8578
20240706105006,294.99892
20240706110006,284.29046
20240706111006,262.36017
20240706112006,282.80472
20240706113006,290.57151
20240706114006,298.72065
20240706115006,256.82533
20240706120006,236.81371
20240706121006,235.4959
20240706122006,223.44161
20240706123006,231.89145
20240706124006,233.47897
20240706125006,225.32436
20240706130006,211.22608
20240706131006,207.4057
20240706132006,201.91308
20240706133006,195.54466
20240706134006,194.76147
20240706135006,191.12062
20240706140006,189.90703
20240706141006,188.27166
20240706142006,187.52131
20240706143006,187.17528
20240706144006,187.0783
20240706145006,187.1538
20240706150006,185.86136
20240706151006,185.2745
20240706152006,184.34563
20240706153006,183.8403
20240706154006,183.55681
20240706155006,183.515
20240706160006,204.08834
20240706161006,203.43944
20240706162006,196.53299
20240706163006,195.98405
20240706164006,196.07322
20240706165006,197.22659
20240722090006,663.90683
20240722091006,450.7217
20240722092006,461.36385
20240722093006,466.27201
20240722094006,636.66772
20240722095006,547.71673
20240722100006,521.33743
20240722101006,293.21708
20240722102006,274.97434
20240722103006,278.13516
20240722104006,305.60523
20240722105006,296.30492
20240722110006,284.29046
20240722111006,262.36017
20240722112006,282.80472
20240722113006,290.57151
20240722114006,298.72065
20240722115006,256.82533
20240722120006,236.81371
20240722121006,235.4959
20240722122006,223.44161
20240722123006,231.89145
20240722124006,233.47897
20240722125006,225.32436
20240722130006,211.22608
20240722131006,207.4057
20240722132006,201.91308
20240722133006,195.54466
20240722134006,194.76147
20240722135006,191.12062
20240722140006,189.90703
20240722141006,188.27166
20240722142006,187.52131
20240722143006,187.17528
20240722144006,187.0783
20240722145006,187.1538
20240722150006,185.86136
20240722151006,185.2745
20240722152006,184.34563
20240722153006,183.8403
20240722154006,183.55681
20240722155006,183.515
20240722160006,204.08834
20240722161006,203.43944
20240722162006,196.53299
20240722163006,195.98405
20240722164006,196.07322
20240722165006,197.22659
20240526090007,241.35359
20240526091007,317.74727
20240526092007,340.2782
20240526093007,300.49377
20240526094007,261.09658
20240526095007,251.37216
20240526100007,238.31717
20240526101007,251.72092
20240526102007,253.24774
20240526103007,326.31342
20240526104007,346.89406
20240526105007,325.55895
20240526110007,284.29046
20240526111007,262.36017
20240526112007,282.80472
20240526113007,290.57151
20240526114007,298.72065
20240526115007,256.82533
20240526120007,236.81371
20240526121007,235.4959
20240526122007,223.44161
20240526123007,231.89145
20240526124007,233.47897
20240526125007,225.32436
20240526130007,211.22608
20240526131007,207.4057
20240526132007,201.91308
20240526133007,195.54466
20240526134007,194.76147
20240526135007,191.12062
20240526140007,189.90703
20240526141007,188.27166
20240526142007,187.52131
20240526143007,187.17528
20240526144007,187.0783
20240526145007,187.1538
20240526150007,185.86136
20240526151007,185.2745
20240526152007,184.34563
20240526153007,183.8403
20240526154007,183.55681
20240526155007,183.515
20240526160007,204.08834
20240526161007,203.43944
20240526162007,196.53299
20240526163007,195.98405
20240526164007,196.07322
20240526165007,197.22659
20240612090007,398.73261
20240612091007,367.76674
20240612092007,400.72936
20240612093007,338.48018
20240612094007,459.27873
20240612095007,268.22631
20240612100007,473.39506
20240612101007,299.10079
20240612102007,285.7338
20240612103007,334.19656
20240612104007,313.29817
20240612105007,296.68731
20240612110007,284.29046
20240612111007,262.36017
20240612112007,282.80472
20240612113007,290.57151
20240612114007,298.72065
20240612115007,256.82533
20240612120007,236.81371
20240612121007,235.4959
20240612122007,223.44161
20240612123007,231.89145
20240612124007,233.47897
20240612125007,225.32436
20240612130007,211.22608
20240612131007,207.4057
20240612132007,201.91308
20240612133007,195.54466
20240612134007,194.76147
20240612135007,191.12062
20240612140007,189.90703
20240612141007,188.27166
20240612142007,187.52131
20240612143007,187.17528
20240612144007,187.0783
20240612145007,187.1538
20240612150007,185.86136
20240612151007,185.2745
20240612152007,184.34563
20240612153007,183.8403
20240612154007,183.55681
20240612155007,183.515
20240612160007,204.08834
20240612161007,203.43944
20240612162007,196.53299
20240612163007,195.98405
20240612164007,196.07322
20240612165007,197.22659
20240615090007,614.35307
20240615091007,387.12595
20240615092007,383.17905
20240615093007,566.36165
20240615094007,787.23391
20240615095007,637.78931
20240615100007,796.94811
20240615101007,282.50642
20240615102007,304.97129
20240615103007,294.25239
20240615104007,312.62684
20240615105007,303.60782
20240615110007,284.29046
20240615111007,262.36017
20240615112007,282.80472
20240615113007,290.57151
20240615114007,298.72065
20240615115007,256.82533
20240615120007,236.81371
20240615121007,235.4959
20240615122007,223.44161
20240615123007,231.89145
20240615124007,233.47897
20240615125007,225.32436
20240615130007,211.22608
20240615131007,207.4057
20240615132007,201.91308
20240615133007,195.54466
20240615134007,194.76147
20240615135007,191.12062
20240615140007,189.90703
20240615141007,188.27166
20240615142007,187.52131
20240615143007,187.17528
20240615144007,187.0783
20240615145007,187.1538
20240615150007,185.86136
20240615151007,185.2745
20240615152007,184.34563
20240615153007,183.8403
20240615154007,183.55681
20240615155007,183.515
20240615160007,204.08834
20240615161007,203.43944
20240615162007,196.53299
20240615163007,195.98405
20240615164007,196.07322
20240615165007,197.22659
20240717090007,667.69118
20240717091007,375.57104
20240717092007,381.92913
20240717093007,623.93213
20240717094007,846.74178
20240717095007,692.75583
20240717100007,692.32401
20240717101007,281.16384
20240717102007,284.73171
20240717103007,281.36735
20240717104007,319.62505
20240717105007,296.44777
20240717110007,284.29046
20240717111007,262.36017
20240717112007,282.80472
20240717113007,290.57151
20240717114007,298.72065
20240717115007,256.82533
20240717120007,236.81371
20240717121007,235.4959
20240717122007,223.44161
20240717123007,231.89145
20240717124007,233.47897
20240717125007,225.32436
20240717130007,211.22608
20240717131007,207.4057
20240717132007,201.91308
20240717133007,195.54466
20240717134007,194.76147
20240717135007,191.12062
20240717140007,189.90703
20240717141007,188.27166
20240717142007,187.52131
20240717143007,187.17528
20240717144007,187.0783
20240717145007,187.1538
20240717150007,185.86136
20240717151007,185.2745
20240717152007,184.34563
20240717153007,183.8403
20240717154007,183.55681
20240717155007,183.515
20240717160007,204.08834
20240717161007,203.43944
20240717162007,196.53299
20240717163007,195.98405
20240717164007,196.07322
20240717165007,197.22659
20240124090008,193.11376
20240124091008,476.52949
20240124092008,260.47496
20240124093008,262.56793
20240124094008,213.38284
20240124095008,209.61379
20240124100008,217.3765
20240124101008,251.87971
20240124102008,248.29062
20240124103008,290.04019
20240124104008,367.09272
20240124105008,331.53531
20240124110008,284.29046
20240124111008,262.36017
20240124112008,282.80472
20240124113008,290.57151
20240124114008,298.72065
20240124115008,256.82533
20240124120008,236.81371
20240124121008,235.4959
20240124122008,223.44161
20240124123008,231.89145
20240124124008,233.47897
20240124125008,225.32436
20240124130008,211.22608
20240124131008,207.4057
20240124132008,201.91308
20240124133008,195.54466
20240124134008,194.76147
20240124135008,191.12062
20240124140008,189.90703
20240124141008,188.27166
20240124142008,187.52131
20240124143008,187.17528
20240124144008,187.0783
20240124145008,187.1538
20240124150008,185.86136
20240124151008,185.2745
20240124152008,184.34563
20240124153008,183.8403
20240124154008,183.55681
20240124155008,183.515
20240124160008,204.08834
20240124161008,203.43944
20240124162008,196.53299
20240124163008,195.98405
20240124164008,196.07322
20240124165008,197.22659
20240128090008,193.40279
20240128091008,257.06209
20240128092008,234.87233
20240128093008,233.71254
20240128094008,226.87025
20240128095008,209.32866
20240128100008,227.43223
20240128101008,243.621
20240128102008,245.34574
20240128103008,290.37699
20240128104008,369.74906
20240128105008,332.32456
20240128110008,284.29046
20240128111008,262.36017
20240128112008,282.80472
20240128113008,290.57151
20240128114008,298.72065
20240128115008,256.82533
20240128120008,236.81371
20240128121008,235.4959
20240128122008,223.44161
20240128123008,231.89145
20240128124008,233.47897
20240128125008,225.32436
20240128130008,211.22608
20240128131008,207.4057
20240128132008,201.91308
20240128133008,195.54466
20240128134008,194.76147
20240128135008,191.12062
20240128140008,189.90703
20240128141008,188.27166
20240128142008,187.52131
20240128143008,187.17528
20240128144008,187.0783
20240128145008,187.1538
20240128150008,185.86136
20240128151008,185.2745
20240128152008,184.34563
20240128153008,183.8403
20240128154008,183.55681
20240128155008,183.515
20240128160008,204.08834
20240128161008,203.43944
20240128162008,196.53299
20240128163008,195.98405
20240128164008,196.07322
20240128165008,197.22659
20240204090008,234.48836
20240204091008,296.57862
20240204092008,241.55776
20240204093008,233.93732
20240204094008,321.57525
20240204095008,221.50217
20240204100008,223.46361
20240204101008,234.62903
20240204102008,250.92836
20240204103008,295.58055
20240204104008,372.21461
20240204105008,331.73521
20240204110008,284.29046
20240204111008,262.36017
20240204112008,282.80472
20240204113008,290.57151
20240204114008,298.72065
20240204115008,256.82533
20240204120008,236.81371
20240204121008,235.4959
20240204122008,223.44161
20240204123008,231.89145
20240204124008,233.47897
20240204125008,225.32436
20240204130008,211.22608
20240204131008,207.4057
20240204132008,201.91308
20240204133008,195.54466
20240204134008,194.76147
20240204135008,191.12062
20240204140008,189.90703
20240204141008,188.27166
20240204142008,187.52131
20240204143008,187.17528
20240204144008,187.0783
20240204145008,187.1538
20240204150008,185.86136
20240204151008,185.2745
20240204152008,184.34563
20240204153008,183.8403
20240204154008,183.55681
20240204155008,183.515
20240204160008,204.08834
20240204161008,203.43944
20240204162008,196.53299
20240204163008,195.98405
20240204164008,196.07322
20240204165008,197.22659
20240218090008,514.44099
20240218091008,552.52914
20240218092008,264.10757
20240218093008,230.14843
20240218094008,206.95239
20240218095008,373.91837
20240218100008,210.65049
20240218101008,231.61514
20240218102008,243.67309
20240218103008,290.83365
20240218104008,352.70099
20240218105008,326.81284
20240218110008,284.29046
20240218111008,262.36017
20240218112008,282.80472
20240218113008,290.57151
20240218114008,298.72065
20240218115008,256.82533
20240218120008,236.81371
20240218121008,235.4959
20240218122008,223.44161
20240218123008,231.89145
20240218124008,233.47897
20240218125008,225.32436
20240218130008,211.22608
20240218131008,207.4057
20240218132008,201.91308
20240218133008,195.54466
20240218134008,194.76147
20240218135008,191.12062
20240218140008,189.90703
20240218141008,188.27166
20240218142008,187.52131
20240218143008,187.17528
20240218144008,187.0783
20240218145008,187.1538
20240218150008,185.86136
20240218151008,185.2745
20240218152008,184.34563
20240218153008,183.8403
20240218154008,183.55681
20240218155008,183.515
20240218160008,204.08834
20240218161008,203.43944
20240218162008,196.53299
20240218163008,195.98405
20240218164008,196.07322
20240218165008,197.22659
20240305090008,194.57692
20240305091008,711.75125
20240305092008,474.48025
20240305093008,396.02714
20240305094008,525.2289
20240305095008,291.6624
20240305100008,225.72934
20240305101008,228.74885
20240305102008,234.80092
20240305103008,280.02719
20240305104008,330.29717
20240305105008,327.17168
20240305110008,284.29046
20240305111008,262.36017
20240305112008,282.80472
20240305113008,290.57151
20240305114008,298.72065
20240305115008,256.82533
20240305120008,236.81371
20240305121008,235.4959
20240305122008,223.44161
20240305123008,231.89145
20240305124008,233.47897
20240305125008,225.32436
20240305130008,211.22608
20240305131008,207.4057
20240305132008,201.91308
20240305133008,195.54466
20240305134008,194.76147
20240305135008,191.12062
20240305140008,189.90703
20240305141008,188.27166
20240305142008,187.52131
20240305143008,187.17528
20240305144008,187.0783
20240305145008,187.1538
20240305150008,185.86136
20240305151008,185.2745
20240305152008,184.34563
20240305153008,183.8403
20240305154008,183.55681
20240305155008,183.515
20240305160008,204.08834
20240305161008,203.43944
20240305162008,196.53299
20240305163008,195.98405
20240305164008,196.07322
20240305165008,197.22659
20240325090008,195.72699
20240325091008,230.72857
20240325092008,223.51224
20240325093008,218.3799
20240325094008,207.82613
20240325095008,228.97054
20240325100008,205.47514
20240325101008,235.36951
20240325102008,244.04605
20240325103008,304.38904
20240325104008,361.77785
20240325105008,326.88749
20240325110008,284.29046
20240325111008,262.36017
20240325112008,282.80472
20240325113008,290.57151
20240325114008,298.72065
20240325115008,256.82533
20240325120008,236.81371
20240325121008,235.4959
20240325122008,223.44161
20240325123008,231.89145
20240325124008,233.47897
20240325125008,225.32436
20240325130008,211.22608
20240325131008,207.4057
20240325132008,201.91308
20240325133008,195.54466
20240325134008,194.76147
20240325135008,191.12062
20240325140008,189.90703
20240325141008,188.27166
20240325142008,187.52131
20240325143008,187.17528
20240325144008,187.0783
20240325145008,187.1538
20240325150008,185.86136
20240325151008,185.2745
20240325152008,184.34563
20240325153008,183.8403
20240325154008,183.55681
20240325155008,183.515
20240325160008,204.08834
20240325161008,203.43944
20240325162008,196.53299
20240325163008,195.98405
20240325164008,196.07322
20240325165008,197.22659
20240518090008,193.51661
20240518091008,291.17881
20240518092008,300.73339
20240518093008,252.18494
20240518094008,226.52549
20240518095008,227.94277
20240518100008,224.63198
20240518101008,236.12242
20240518102008,244.03573
20240518103008,310.33005
20240518104008,375.97224
20240518105008,331.25482
20240518110008,284.29046
20240518111008,262.36017
20240518112008,282.80472
20240518113008,290.57151
20240518114008,298.72065
20240518115008,256.82533
20240518120008,236.81371
20240518121008,235.4959
20240518122008,223.44161
20240518123008,231.89145
20240518124008,233.47897
20240518125008,225.32436
20240518130008,211.22608
20240518131008,207.4057
20240518132008,201.91308
20240518133008,195.54466
20240518134008,194.76147
20240518135008,191.12062
20240518140008,189.90703
20240518141008,188.27166
20240518142008,187.52131
20240518143008,187.17528
20240518144008,187.0783
20240518145008,187.1538
20240518150008,185.86136
20240518151008,185.2745
20240518152008,184.34563
20240518153008,183.8403
20240518154008,183.55681
20240518155008,183.515
20240518160008,204.08834
20240518161008,203.43944
20240518162008,196.53299
20240518163008,195.98405
20240518164008,196.07322
20240518165008,197.22659
20240526090008,190.95039
20240526091008,278.68714
20240526092008,261.38438
20240526093008,242.77409
20240526094008,249.3487
20240526095008,230.49731
20240526100008,215.6087
20240526101008,233.34708
20240526102008,244.17392
20240526103008,317.54969
20240526104008,381.62159
20240526105008,331.21567
20240526110008,284.29046
20240526111008,262.36017
20240526112008,282.80472
20240526113008,290.57151
20240526114008,298.72065
20240526115008,256.82533
20240526120008,236.81371
20240526121008,235.4959
20240526122008,223.44161
20240526123008,231.89145
20240526124008,233.47897
20240526125008,225.32436
20240526130008,211.22608
20240526131008,207.4057
20240526132008,201.91308
20240526133008,195.54466
20240526134008,194.76147
20240526135008,191.12062
20240526140008,189.90703
20240526141008,188.27166
20240526142008,187.52131
20240526143008,187.17528
20240526144008,187.0783
20240526145008,187.1538
20240526150008,185.86136
20240526151008,185.2745
20240526152008,184.34563
20240526153008,183.8403
20240526154008,183.55681
20240526155008,183.515
20240526160008,204.08834
20240526161008,203.43944
20240526162008,196.53299
20240526163008,195.98405
20240526164008,196.07322
20240526165008,197.22659
20240529090008,197.6934
20240529091008,230.57566
20240529092008,232.11147
20240529093008,230.46876
20240529094008,209.35489
20240529095008,217.45541
20240529100008,210.60539
20240529101008,243.51953
20240529102008,243.7882
20240529103008,321.23689
20240529104008,366.33945
20240529105008,326.79719
20240529110008,284.29046
20240529111008,262.36017
20240529112008,282.80472
20240529113008,290.57151
20240529114008,298.72065
20240529115008,256.82533
20240529120008,236.81371
20240529121008,235.4959
20240529122008,223.44161
20240529123008,231.89145
20240529124008,233.47897
20240529125008,225.32436
20240529130008,211.22608
20240529131008,207.4057
20240529132008,201.91308
20240529133008,195.54466
20240529134008,194.76147
20240529135008,191.12062
20240529140008,189.90703
20240529141008,188.27166
20240529142008,187.52131
20240529143008,187.17528
20240529144008,187.0783
20240529145008,187.1538
20240529150008,185.86136
20240529151008,185.2745
20240529152008,184.34563
20240529153008,183.8403
20240529154008,183.55681
20240529155008,183.515
20240529160008,204.08834
20240529161008,203.43944
20240529162008,196.53299
20240529163008,195.98405
20240529164008,196.07322
20240529165008,197.22659
20240607090008,191.81419
20240607091008,312.58293
20240607092008,264.502
20240607093008,242.26795
20240607094008,213.98449
20240607095008,229.70669
20240607100008,212.54513
20240607101008,230.21863
20240607102008,243.9561
20240607103008,319.9447
20240607104008,375.28301
20240607105008,326.98119
20240607110008,284.29046
20240607111008,262.36017
20240607112008,282.80472
20240607113008,290.57151
20240607114008,298.72065
20240607115008,256.82533
20240607120008,236.81371
20240607121008,235.4959
20240607122008,223.44161
20240607123008,231.89145
20240607124008,233.47897
20240607125008,225.32436
20240607130008,211.22608
20240607131008,207.4057
20240607132008,201.91308
20240607133008,195.54466
20240607134008,194.76147
20240607135008,191.12062
20240607140008,189.90703
20240607141008,188.27166
20240607142008,187.52131
20240607143008,187.17528
20240607144008,187.0783
20240607145008,187.1538
20240607150008,185.86136
20240607151008,185.2745
20240607152008,184.34563
20240607153008,183.8403
20240607154008,183.55681
20240607155008,183.515
20240607160008,204.08834
20240607161008,203.43944
20240607162008,196.53299
20240607163008,195.98405
20240607164008,196.07322
20240607165008,197.22659
20240613090008,193.61931
20240613091008,268.94547
20240613092008,264.33122
20240613093008,247.05004
20240613094008,227.79754
20240613095008,234.76382
20240613100008,210.35659
20240613101008,228.42476
20240613102008,243.6126
20240613103008,319.9879
20240613104008,375.28301
20240613105008,329.91089
20240613110008,284.29046
20240613111008,262.36017
20240613112008,282.80472
20240613113008,290.57151
20240613114008,298.72065
20240613115008,256.82533
20240613120008,236.81371
20240613121008,235.4959
20240613122008,223.44161
20240613123008,231.89145
20240613124008,233.47897
20240613125008,225.32436
20240613130008,211.22608
20240613131008,207.4057
20240613132008,201.91308
20240613133008,195.54466
20240613134008,194.76147
20240613135008,191.12062
20240613140008,189.90703
20240613141008,188.27166
20240613142008,187.52131
20240613143008,187.17528
20240613144008,187.0783
20240613145008,187.1538
20240613150008,185.86136
20240613151008,185.2745
20240613152008,184.34563
20240613153008,183.8403
20240613154008,183.55681
20240613155008,183.515
20240613160008,204.08834
20240613161008,203.43944
20240613162008,196.53299
20240613163008,195.98405
20240613164008,196.07322
20240613165008,197.22659
20240628090008,198.46867
20240628091008,562.72175
20240628092008,458.30827
20240628093008,396.41701
20240628094008,512.1803
20240628095008,213.94223
20240628100008,239.49488
20240628101008,241.57387
20240628102008,263.84363
20240628103008,296.87418
20240628104008,347.53527
20240628105008,333.2413
20240628110008,284.29046
20240628111008,262.36017
20240628112008,282.80472
20240628113008,290.57151
20240628114008,298.72065
20240628115008,256.82533
20240628120008,236.81371
20240628121008,235.4959
20240628122008,223.44161
20240628123008,231.89145
20240628124008,233.47897
20240628125008,225.32436
20240628130008,211.22608
20240628131008,207.4057
20240628132008,201.91308
20240628133008,195.54466
20240628134008,194.76147
20240628135008,191.12062
20240628140008,189.90703
20240628141008,188.27166
20240628142008,187.52131
20240628143008,187.17528
20240628144008,187.0783
20240628145008,187.1538
20240628150008,185.86136
20240628151008,185.2745
20240628152008,184.34563
20240628153008,183.8403
20240628154008,183.55681
20240628155008,183.515
20240628160008,204.08834
20240628161008,203.43944
20240628162008,196.53299
20240628163008,195.98405
20240628164008,196.07322
20240628165008,197.22659
20240705090008,194.35418
20240705091008,570.13732
20240705092008,401.13159
20240705093008,238.36336
20240705094008,321.64302
20240705095008,213.07292
20240705100008,224.93423
20240705101008,286.90879
20240705102008,274.42179
20240705103008,284.75009
20240705104008,326.37774
20240705105008,321.40492
20240705110008,284.29046
20240705111008,262.36017
20240705112008,282.80472
20240705113008,290.57151
20240705114008,298.72065
20240705115008,256.82533
20240705120008,236.81371
20240705121008,235.4959
20240705122008,223.44161
20240705123008,231.89145
20240705124008,233.47897
20240705125008,225.32436
20240705130008,211.22608
20240705131008,207.4057
20240705132008,201.91308
20240705133008,195.54466
20240705134008,194.76147
20240705135008,191.12062
20240705140008,189.90703
20240705141008,188.27166
20240705142008,187.52131
20240705143008,187.17528
20240705144008,187.0783
20240705145008,187.1538
20240705150008,185.86136
20240705151008,185.2745
20240705152008,184.34563
20240705153008,183.8403
20240705154008,183.55681
20240705155008,183.515
20240705160008,204.08834
20240705161008,203.43944
20240705162008,196.53299
20240705163008,195.98405
20240705164008,196.07322
20240705165008,197.22659
20240709090008,196.53755
20240709091008,380.66554
20240709092008,444.20869
20240709093008,242.26387
20240709094008,309.82355
20240709095008,210.69658
20240709100008,225.2356
20240709101008,279.06338
20240709102008,276.27893
20240709103008,280.04774
20240709104008,321.80232
20240709105008,323.71899
20240709110008,284.29046
20240709111008,262.36017
20240709112008,282.80472
20240709113008,290.57151
20240709114008,298.72065
20240709115008,256.82533
20240709120008,236.81371
20240709121008,235.4959
20240709122008,223.44161
20240709123008,231.89145
20240709124008,233.47897
20240709125008,225.32436
20240709130008,211.22608
20240709131008,207.4057
20240709132008,201.91308
20240709133008,195.54466
20240709134008,194.76147
20240709135008,191.12062
20240709140008,189.90703
20240709141008,188.27166
20240709142008,187.52131
20240709143008,187.17528
20240709144008,187.0783
20240709145008,187.1538
20240709150008,185.86136
20240709151008,185.2745
20240709152008,184.34563
20240709153008,183.8403
20240709154008,183.55681
20240709155008,183.515
20240709160008,204.08834
20240709161008,203.43944
20240709162008,196.53299
20240709163008,195.98405
20240709164008,196.07322
20240709165008,197.22659
20240715090008,199.06638
20240715091008,542.21105
20240715092008,478.86857
20240715093008,344.89822
20240715094008,604.96338
20240715095008,217.55098
20240715100008,233.35228
20240715101008,250.15733
20240715102008,273.19332
20240715103008,295.45107
20240715104008,342.86717
20240715105008,332.50182
20240715110008,284.29046
20240715111008,262.36017
20240715112008,282.80472
20240715113008,290.57151
20240715114008,298.72065
20240715115008,256.82533
20240715120008,236.81371
20240715121008,235.4959
20240715122008,223.44161
20240715123008,231.89145
20240715124008,233.47897
20240715125008,225.32436
20240715130008,211.22608
20240715131008,207.4057
20240715132008,201.91308
20240715133008,195.54466
20240715134008,194.76147
20240715135008,191.12062
20240715140008,189.90703
20240715141008,188.27166
20240715142008,187.52131
20240715143008,187.17528
20240715144008,187.0783
20240715145008,187.1538
20240715150008,185.86136
20240715151008,185.2745
20240715152008,184.34563
20240715153008,183.8403
20240715154008,183.55681
20240715155008,183.515
20240715160008,204.08834
20240715161008,203.43944
20240715162008,196.53299
20240715163008,195.98405
20240715164008,196.07322
20240715165008,197.22659
20240719090008,196.05065
20240719091008,587.01105
20240719092008,444.89044
20240719093008,213.60904
20240719094008,330.32432
20240719095008,211.20069
20240719100008,214.49253
20240719101008,262.73723
20240719102008,272.52862
20240719103008,277.55109
20240719104008,321.71257
20240719105008,325.82906
20240719110008,284.29046
20240719111008,262.36017
20240719112008,282.80472
20240719113008,290.57151
20240719114008,298.72065
20240719115008,256.82533
20240719120008,236.81371
20240719121008,235.4959
20240719122008,223.44161
20240719123008,231.89145
20240719124008,233.47897
20240719125008,225.32436
20240719130008,211.22608
20240719131008,207.4057
20240719132008,201.91308
20240719133008,195.54466
20240719134008,194.76147
20240719135008,191.12062
20240719140008,189.90703
20240719141008,188.27166
20240719142008,187.52131
20240719143008,187.17528
20240719144008,187.0783
20240719145008,187.1538
20240719150008,185.86136
20240719151008,185.2745
20240719152008,184.34563
20240719153008,183.8403
20240719154008,183.55681
20240719155008,183.515
20240719160008,204.08834
20240719161008,203.43944
20240719162008,196.53299
20240719163008,195.98405
20240719164008,196.07322
20240719165008,197.22659
20240309090009,201.05233
20240309091009,253.5747
20240309092009,341.41008
20240309093009,249.10246
20240309094009,217.1019
20240309095009,244.59549
20240309100009,404.40068
20240309101009,263.86531
20240309102009,251.22831
20240309103009,318.48784
20240309104009,358.85841
20240309105009,326.81284
20240309110009,284.29046
20240309111009,262.36017
20240309112009,282.80472
20240309113009,290.57151
20240309114009,298.72065
20240309115009,256.82533
20240309120009,236.81371
20240309121009,235.4959
20240309122009,223.44161
20240309123009,231.89145
20240309124009,233.47897
20240309125009,225.32436
20240309130009,211.22608
20240309131009,207.4057
20240309132009,201.91308
20240309133009,195.54466
20240309134009,194.76147
20240309135009,191.12062
20240309140009,189.90703
20240309141009,188.27166
20240309142009,187.52131
20240309143009,187.17528
20240309144009,187.0783
20240309145009,187.1538
20240309150009,185.86136
20240309151009,185.2745
20240309152009,184.34563
20240309153009,183.8403
20240309154009,183.55681
20240309155009,183.515
20240309160009,204.08834
20240309161009,203.43944
20240309162009,196.53299
20240309163009,195.98405
20240309164009,196.07322
20240309165009,197.22659
20240314090009,188.59234
20240314091009,235.29737
20240314092009,225.29256
20240314093009,217.39218
20240314094009,213.92116
20240314095009,214.03059
20240314100009,258.29859
20240314101009,244.0778
20240314102009,250.33871
20240314103009,305.12179
20240314104009,370.14184
20240314105009,328.67113
20240314110009,284.29046
20240314111009,262.36017
20240314112009,282.80472
20240314113009,290.57151
20240314114009,298.72065
20240314115009,256.82533
20240314120009,236.81371
20240314121009,235.4959
20240314122009,223.44161
20240314123009,231.89145
20240314124009,233.47897
20240314125009,225.32436
20240314130009,211.22608
20240314131009,207.4057
20240314132009,201.91308
20240314133009,195.54466
20240314134009,194.76147
20240314135009,191.12062
20240314140009,189.90703
20240314141009,188.27166
20240314142009,187.52131
20240314143009,187.17528
20240314144009,187.0783
20240314145009,187.1538
20240314150009,185.86136
20240314151009,185.2745
20240314152009,184.34563
20240314153009,183.8403
20240314154009,183.55681
20240314155009,183.515
20240314160009,204.08834
20240314161009,203.43944
20240314162009,196.53299
20240314163009,195.98405
20240314164009,196.07322
20240314165009,197.22659
20240414090009,317.2971
20240414091009,669.29712
20240414092009,517.51688
20240414093009,547.85718
20240414094009,599.35574
20240414095009,228.52415
20240414100009,296.37631
20240414101009,243.38997
20240414102009,251.81699
20240414103009,295.44641
20240414104009,343.23975
20240414105009,335.52465
20240414110009,284.29046
20240414111009,262.36017
20240414112009,282.80472
20240414113009,290.57151
20240414114009,298.72065
20240414115009,256.82533
20240414120009,236.81371
20240414121009,235.4959
20240414122009,223.44161
20240414123009,231.89145
20240414124009,233.47897
20240414125009,225.32436
20240414130009,211.22608
20240414131009,207.4057
20240414132009,201.91308
20240414133009,195.54466
20240414134009,194.76147
20240414135009,191.12062
20240414140009,189.90703
20240414141009,188.27166
20240414142009,187.52131
20240414143009,187.17528
20240414144009,187.0783
20240414145009,187.1538
20240414150009,185.86136
20240414151009,185.2745
20240414152009,184.34563
20240414153009,183.8403
20240414154009,183.55681
20240414155009,183.515
20240414160009,204.08834
20240414161009,203.43944
20240414162009,196.53299
20240414163009,195.98405
20240414164009,196.07322
20240414165009,197.22659
20240506090009,208.40513
20240506091009,541.91058
20240506092009,631.59544
20240506093009,217.03489
20240506094009,242.62328
20240506095009,216.50597
20240506100009,243.78501
20240506101009,255.81416
20240506102009,254.46513
20240506103009,284.72437
20240506104009,336.82914
20240506105009,335.31146
20240506110009,284.29046
20240506111009,262.36017
20240506112009,282.80472
20240506113009,290.57151
20240506114009,298.72065
20240506115009,256.82533
20240506120009,236.81371
20240506121009,235.4959
20240506122009,223.44161
20240506123009,231.89145
20240506124009,233.47897
20240506125009,225.32436
20240506130009,211.22608
20240506131009,207.4057
20240506132009,201.91308
20240506133009,195.54466
20240506134009,194.76147
20240506135009,191.12062
20240506140009,189.90703
20240506141009,188.27166
20240506142009,187.52131
20240506143009,187.17528
20240506144009,187.0783
20240506145009,187.1538
20240506150009,185.86136
20240506151009,185.2745
20240506152009,184.34563
20240506153009,183.8403
20240506154009,183.55681
20240506155009,183.515
20240506160009,204.08834
20240506161009,203.43944
20240506162009,196.53299
20240506163009,195.98405
20240506164009,196.07322
20240506165009,197.22659
20240526090009,191.44507
20240526091009,289.87752
20240526092009,245.26216
20240526093009,241.43005
20240526094009,238.38574
20240526095009,230.87662
20240526100009,219.9718
20240526101009,233.54254
20240526102009,243.88914
20240526103009,319.58645
20240526104009,373.22712
20240526105009,327.45423
20240526110009,284.29046
20240526111009,262.36017
20240526112009,282.80472
20240526113009,290.57151
20240526114009,298.72065
20240526115009,256.82533
20240526120009,236.81371
20240526121009,235.4959
20240526122009,223.44161
20240526123009,231.89145
20240526124009,233.47897
20240526125009,225.32436
20240526130009,211.22608
20240526131009,207.4057
20240526132009,201.91308
20240526133009,195.54466
20240526134009,194.76147
20240526135009,191.12062
20240526140009,189.90703
20240526141009,188.27166
20240526142009,187.52131
20240526143009,187.17528
20240526144009,187.0783
20240526145009,187.1538
20240526150009,185.86136
20240526151009,185.2745
20240526152009,184.34563
20240526153009,183.8403
20240526154009,183.55681
20240526155009,183.515
20240526160009,204.08834
20240526161009,203.43944
20240526162009,196.53299
20240526163009,195.98405
20240526164009,196.07322
20240526165009,197.22659
20240614090009,198.6978
20240614091009,320.52176
20240614092009,229.70303
20240614093009,219.41763
20240614094009,214.15359
20240614095009,231.01283
20240614100009,214.48632
20240614101009,233.53652
20240614102009,252.83856
20240614103009,322.17421
20240614104009,354.0833
20240614105009,325.33219
20240614110009,284.29046
20240614111009,262.36017
20240614112009,282.80472
20240614113009,290.57151
20240614114009,298.72065
20240614115009,256.82533
20240614120009,236.81371
20240614121009,235.4959
20240614122009,223.44161
20240614123009,231.89145
20240614124009,233.47897
20240614125009,225.32436
20240614130009,211.22608
20240614131009,207.4057
20240614132009,201.91308
20240614133009,195.54466
20240614134009,194.76147
20240614135009,191.12062
20240614140009,189.90703
20240614141009,188.27166
20240614142009,187.52131
20240614143009,187.17528
20240614144009,187.0783
20240614145009,187.1538
20240614150009,185.86136
20240614151009,185.2745
20240614152009,184.34563
20240614153009,183.8403
20240614154009,183.55681
20240614155009,183.515
20240614160009,204.08834
20240614161009,203.43944
20240614162009,196.53299
20240614163009,195.98405
20240614164009,196.07322
20240614165009,197.22659
20240621090009,206.39123
20240621091009,550.4896
20240621092009,536.52565
20240621093009,287.16256
20240621094009,542.76415
20240621095009,208.96177
20240621100009,233.65123
20240621101009,250.41031
20240621102009,274.28349
20240621103009,289.85165
20240621104009,332.49068
20240621105009,330.17849
20240621110009,284.29046
20240621111009,262.36017
20240621112009,282.80472
20240621113009,290.57151
20240621114009,298.72065
20240621115009,256.82533
20240621120009,236.81371
20240621121009,235.4959
20240621122009,223.44161
20240621123009,231.89145
20240621124009,233.47897
20240621125009,225.32436
20240621130009,211.22608
20240621131009,207.4057
20240621132009,201.91308
20240621133009,195.54466
20240621134009,194.76147
20240621135009,191.12062
20240621140009,189.90703
20240621141009,188.27166
20240621142009,187.52131
20240621143009,187.17528
20240621144009,187.0783
20240621145009,187.1538
20240621150009,185.86136
20240621151009,185.2745
20240621152009,184.34563
20240621153009,183.8403
20240621154009,183.55681
20240621155009,183.515
20240621160009,204.08834
20240621161009,203.43944
20240621162009,196.53299
20240621163009,195.98405
20240621164009,196.07322
20240621165009,197.22659
20240628090009,213.80948
20240628091009,493.95151
20240628092009,421.32622
20240628093009,349.05904
20240628094009,473.62883
20240628095009,213.0809
20240628100009,242.30579
20240628101009,241.23365
20240628102009,273.01265
20240628103009,299.34877
20240628104009,330.04592
20240628105009,331.64359
20240628110009,284.29046
20240628111009,262.36017
20240628112009,282.80472
20240628113009,290.57151
20240628114009,298.72065
20240628115009,256.82533
20240628120009,236.81371
20240628121009,235.4959
20240628122009,223.44161
20240628123009,231.89145
20240628124009,233.47897
20240628125009,225.32436
20240628130009,211.22608
20240628131009,207.4057
20240628132009,201.91308
20240628133009,195.54466
20240628134009,194.76147
20240628135009,191.12062
20240628140009,189.90703
20240628141009,188.27166
20240628142009,187.52131
20240628143009,187.17528
20240628144009,187.0783
20240628145009,187.1538
20240628150009,185.86136
20240628151009,185.2745
20240628152009,184.34563
20240628153009,183.8403
20240628154009,183.55681
20240628155009,183.515
20240628160009,204.08834
20240628161009,203.43944
20240628162009,196.53299
20240628163009,195.98405
20240628164009,196.07322
20240628165009,197.22659
20240717090009,203.71735
20240717091009,311.86466
20240717092009,395.77426
20240717093009,218.77591
20240717094009,340.59189
20240717095009,213.69844
20240717100009,231.74604
20240717101009,277.41291
20240717102009,263.60737
20240717103009,277.47632
20240717104009,313.5355
20240717105009,320.99984
20240717110009,284.29046
20240717111009,262.36017
20240717112009,282.80472
20240717113009,290.57151
20240717114009,298.72065
20240717115009,256.82533
20240717120009,236.81371
20240717121009,235.4959
20240717122009,223.44161
20240717123009,231.89145
20240717124009,233.47897
20240717125009,225.32436
20240717130009,211.22608
20240717131009,207.4057
20240717132009,201.91308
20240717133009,195.54466
20240717134009,194.76147
20240717135009,191.12062
20240717140009,189.90703
20240717141009,188.27166
20240717142009,187.52131
20240717143009,187.17528
20240717144009,187.0783
20240717145009,187.1538
20240717150009,185.86136
20240717151009,185.2745
20240717152009,184.34563
20240717153009,183.8403
20240717154009,183.55681
20240717155009,183.515
20240717160009,204.08834
20240717161009,203.43944
20240717162009,196.53299
20240717163009,195.98405
20240717164009,196.07322
20240717165009,197.22659
20240316090010,405.1749
20240316091010,578.15506
20240316092010,554.55055
20240316093010,521.6611
20240316094010,477.07824
20240316095010,228.94537
20240316100010,396.18751
20240316101010,251.91875
20240316102010,276.97272
20240316103010,296.92217
20240316104010,321.99834
20240316105010,326.87809
20240316110010,284.29046
20240316111010,262.36017
20240316112010,282.80472
20240316113010,290.57151
20240316114010,298.72065
20240316115010,256.82533
20240316120010,236.81371
20240316121010,235.4959
20240316122010,223.44161
20240316123010,231.89145
20240316124010,233.47897
20240316125010,225.32436
20240316130010,211.22608
20240316131010,207.4057
20240316132010,201.91308
20240316133010,195.54466
20240316134010,194.76147
20240316135010,191.12062
20240316140010,189.90703
20240316141010,188.27166
20240316142010,187.52131
20240316143010,187.17528
20240316144010,187.0783
20240316145010,187.1538
20240316150010,185.86136
20240316151010,185.2745
20240316152010,184.34563
20240316153010,183.8403
20240316154010,183.55681
20240316155010,183.515
20240316160010,204.08834
20240316161010,203.43944
20240316162010,196.53299
20240316163010,195.98405
20240316164010,196.07322
20240316165010,197.22659
20240324090010,307.69566
20240324091010,650.49332
20240324092010,466.67898
20240324093010,423.52201
20240324094010,475.81323
20240324095010,240.7515
20240324100010,413.9812
20240324101010,252.09507
20240324102010,276.04905
20240324103010,295.53102
20240324104010,320.77455
20240324105010,326.87809
20240324110010,284.29046
20240324111010,262.36017
20240324112010,282.80472
20240324113010,290.57151
20240324114010,298.72065
20240324115010,256.82533
20240324120010,236.81371
20240324121010,235.4959
20240324122010,223.44161
20240324123010,231.89145
20240324124010,233.47897
20240324125010,225.32436
20240324130010,211.22608
20240324131010,207.4057
20240324132010,201.91308
20240324133010,195.54466
20240324134010,194.76147
20240324135010,191.12062
20240324140010,189.90703
20240324141010,188.27166
20240324142010,187.52131
20240324143010,187.17528
20240324144010,187.0783
20240324145010,187.1538
20240324150010,185.86136
20240324151010,185.2745
20240324152010,184.34563
20240324153010,183.8403
20240324154010,183.55681
20240324155010,183.515
20240324160010,204.08834
20240324161010,203.43944
20240324162010,196.53299
20240324163010,195.98405
20240324164010,196.07322
20240324165010,197.22659
20240412090010,242.04103
20240412091010,671.15869
20240412092010,593.89655
20240412093010,329.74218
20240412094010,335.62397
20240412095010,237.4362
20240412100010,253.52557
20240412101010,278.67332
20240412102010,243.6582
20240412103010,275.63649
20240412104010,304.28621
20240412105010,306.83841
20240412110010,284.29046
20240412111010,262.36017
20240412112010,282.80472
20240412113010,290.57151
20240412114010,298.72065
20240412115010,256.82533
20240412120010,236.81371
20240412121010,235.4959
20240412122010,223.44161
20240412123010,231.89145
20240412124010,233.47897
20240412125010,225.32436
20240412130010,211.22608
20240412131010,207.4057
20240412132010,201.91308
20240412133010,195.54466
20240412134010,194.76147
20240412135010,191.12062
20240412140010,189.90703
20240412141010,188.27166
20240412142010,187.52131
20240412143010,187.17528
20240412144010,187.0783
20240412145010,187.1538
20240412150010,185.86136
20240412151010,185.2745
20240412152010,184.34563
20240412153010,183.8403
20240412154010,183.55681
20240412155010,183.515
20240412160010,204.08834
20240412161010,203.43944
20240412162010,196.53299
20240412163010,195.98405
20240412164010,196.07322
20240412165010,197.22659
20240419090010,200.50758
20240419091010,262.86169
20240419092010,280.73293
20240419093010,256.14462
20240419094010,240.59291
20240419095010,229.97482
20240419100010,227.83537
20240419101010,240.28746
20240419102010,249.1696
20240419103010,318.96012
20240419104010,376.73859
20240419105010,329.89283
20240419110010,284.29046
20240419111010,262.36017
20240419112010,282.80472
20240419113010,290.57151
20240419114010,298.72065
20240419115010,256.82533
20240419120010,236.81371
20240419121010,235.4959
20240419122010,223.44161
20240419123010,231.89145
20240419124010,233.47897
20240419125010,225.32436
20240419130010,211.22608
20240419131010,207.4057
20240419132010,201.91308
20240419133010,195.54466
20240419134010,194.76147
20240419135010,191.12062
20240419140010,189.90703
20240419141010,188.27166
20240419142010,187.52131
20240419143010,187.17528
20240419144010,187.0783
20240419145010,187.1538
20240419150010,185.86136
20240419151010,185.2745
20240419152010,184.34563
20240419153010,183.8403
20240419154010,183.55681
20240419155010,183.515
20240419160010,204.08834
20240419161010,203.43944
20240419162010,196.53299
20240419163010,195.98405
20240419164010,196.07322
20240419165010,197.22659
20240515090010,314.10777
20240515091010,690.8689
20240515092010,475.3225
20240515093010,295.71718
20240515094010,569.6566
20240515095010,237.63825
20240515100010,320.21092
20240515101010,251.9077
20240515102010,273.84686
20240515103010,301.7451
20240515104010,326.49338
20240515105010,331.89609
20240515110010,284.29046
20240515111010,262.36017
20240515112010,282.80472
20240515113010,290.57151
20240515114010,298.72065
20240515115010,256.82533
20240515120010,236.81371
20240515121010,235.4959
20240515122010,223.44161
20240515123010,231.89145
20240515124010,233.47897
20240515125010,225.32436
20240515130010,211.22608
20240515131010,207.4057
20240515132010,201.91308
20240515133010,195.54466
20240515134010,194.76147
20240515135010,191.12062
20240515140010,189.90703
20240515141010,188.27166
20240515142010,187.52131
20240515143010,187.17528
20240515144010,187.0783
20240515145010,187.1538
20240515150010,185.86136
20240515151010,185.2745
20240515152010,184.34563
20240515153010,183.8403
20240515154010,183.55681
20240515155010,183.515
20240515160010,204.08834
20240515161010,203.43944
20240515162010,196.53299
20240515163010,195.98405
20240515164010,196.07322
20240515165010,197.22659
20240526090010,195.08938
20240526091010,304.28174
20240526092010,248.20639
20240526093010,250.01888
20240526094010,229.50281
20240526095010,239.28365
20240526100010,227.75903
20240526101010,243.79016
20240526102010,245.50872
20240526103010,321.86111
20240526104010,365.33152
20240526105010,326.69467
20240526110010,284.29046
20240526111010,262.36017
20240526112010,282.80472
20240526113010,290.57151
20240526114010,298.72065
20240526115010,256.82533
20240526120010,236.81371
20240526121010,235.4959
20240526122010,223.44161
20240526123010,231.89145
20240526124010,233.47897
20240526125010,225.32436
20240526130010,211.22608
20240526131010,207.4057
20240526132010,201.91308
20240526133010,195.54466
20240526134010,194.76147
20240526135010,191.12062
20240526140010,189.90703
20240526141010,188.27166
20240526142010,187.52131
20240526143010,187.17528
20240526144010,187.0783
20240526145010,187.1538
20240526150010,185.86136
20240526151010,185.2745
20240526152010,184.34563
20240526153010,183.8403
20240526154010,183.55681
20240526155010,183.515
20240526160010,204.08834
20240526161010,203.43944
20240526162010,196.53299
20240526163010,195.98405
20240526164010,196.07322
20240526165010,197.22659
20240617090010,204.38303
20240617091010,327.89012
20240617092010,250.648
20240617093010,229.19834
20240617094010,219.2742
20240617095010,236.1495
20240617100010,224.32777
20240617101010,240.59957
20240617102010,254.23366
20240617103010,325.17808
20240617104010,349.00019
20240617105010,324.74581
20240617110010,284.29046
20240617111010,262.36017
20240617112010,282.80472
20240617113010,290.57151
20240617114010,298.72065
20240617115010,256.82533
20240617120010,236.81371
20240617121010,235.4959
20240617122010,223.44161
20240617123010,231.89145
20240617124010,233.47897
20240617125010,225.32436
20240617130010,211.22608
20240617131010,207.4057
20240617132010,201.91308
20240617133010,195.54466
20240617134010,194.76147
20240617135010,191.12062
20240617140010,189.90703
20240617141010,188.27166
20240617142010,187.52131
20240617143010,187.17528
20240617144010,187.0783
20240617145010,187.1538
20240617150010,185.86136
20240617151010,185.2745
20240617152010,184.34563
20240617153010,183.8403
20240617154010,183.55681
20240617155010,183.515
20240617160010,204.08834
20240617161010,203.43944
20240617162010,196.53299
20240617163010,195.98405
20240617164010,196.07322
20240617165010,197.22659
20240630090010,527.12773
20240630091010,298.0402
20240630092010,232.11952
20240630093010,308.09734
20240630094010,549.51341
20240630095010,260.37559
20240630100010,301.0917
20240630101010,278.96234
20240630102010,264.95743
20240630103010,275.38399
20240630104010,300.46658
20240630105010,303.72803
20240630110010,284.29046
20240630111010,262.36017
20240630112010,282.80472
20240630113010,290.57151
20240630114010,298.72065
20240630115010,256.82533
20240630120010,236.81371
20240630121010,235.4959
20240630122010,223.44161
20240630123010,231.89145
20240630124010,233.47897
20240630125010,225.32436
20240630130010,211.22608
20240630131010,207.4057
20240630132010,201.91308
20240630133010,195.54466
20240630134010,194.76147
20240630135010,191.12062
20240630140010,189.90703
20240630141010,188.27166
20240630142010,187.52131
20240630143010,187.17528
20240630144010,187.0783
20240630145010,187.1538
20240630150010,185.86136
20240630151010,185.2745
20240630152010,184.34563
20240630153010,183.8403
20240630154010,183.55681
20240630155010,183.515
20240630160010,204.08834
20240630161010,203.43944
20240630162010,196.53299
20240630163010,195.98405
20240630164010,196.07322
20240630165010,197.22659
20240714090010,450.19101
20240714091010,421.62905
20240714092010,328.01916
20240714093010,265.70118
20240714094010,639.28802
20240714095010,229.22652
20240714100010,392.2578
20240714101010,284.21605
20240714102010,283.56561
20240714103010,291.80329
20240714104010,305.05829
20240714105010,319.29114
20240714110010,284.29046
20240714111010,262.36017
20240714112010,282.80472
20240714113010,290.57151
20240714114010,298.72065
20240714115010,256.82533
20240714120010,236.81371
20240714121010,235.4959
20240714122010,223.44161
20240714123010,231.89145
20240714124010,233.47897
20240714125010,225.32436
20240714130010,211.22608
20240714131010,207.4057
20240714132010,201.91308
20240714133010,195.54466
20240714134010,194.76147
20240714135010,191.12062
20240714140010,189.90703
20240714141010,188.27166
20240714142010,187.52131
20240714143010,187.17528
20240714144010,187.0783
20240714145010,187.1538
20240714150010,185.86136
20240714151010,185.2745
20240714152010,184.34563
20240714153010,183.8403
20240714154010,183.55681
20240714155010,183.515
20240714160010,204.08834
20240714161010,203.43944
20240714162010,196.53299
20240714163010,195.98405
20240714164010,196.07322
20240714165010,197.22659
20240718090010,347.75533
20240718091010,357.76391
20240718092010,482.73381
20240718093010,477.639
20240718094010,777.97585
20240718095010,249.82088
20240718100010,395.71044
20240718101010,293.85409
20240718102010,253.80641
20240718103010,273.74672
20240718104010,302.2478
20240718105010,311.12478
20240718110010,284.29046
20240718111010,262.36017
20240718112010,282.80472
20240718113010,290.57151
20240718114010,298.72065
20240718115010,256.82533
20240718120010,236.81371
20240718121010,235.4959
20240718122010,223.44161
20240718123010,231.89145
20240718124010,233.47897
20240718125010,225.32436
20240718130010,211.22608
20240718131010,207.4057
20240718132010,201.91308
20240718133010,195.54466
20240718134010,194.76147
20240718135010,191.12062
20240718140010,189.90703
20240718141010,188.27166
20240718142010,187.52131
20240718143010,187.17528
20240718144010,187.0783
20240718145010,187.1538
20240718150010,185.86136
20240718151010,185.2745
20240718152010,184.34563
20240718153010,183.8403
20240718154010,183.55681
20240718155010,183.515
20240718160010,204.08834
20240718161010,203.43944
20240718162010,196.53299
20240718163010,195.98405
20240718164010,196.07322
20240718165010,197.22659
20240720090010,445.76321
20240720091010,483.09083
20240720092010,473.67746
20240720093010,394.33211
20240720094010,692.44766
20240720095010,237.6415
20240720100010,384.30276
20240720101010,286.66416
20240720102010,273.7614
20240720103010,277.98544
20240720104010,301.74391
20240720105010,311.9131
20240720110010,284.29046
20240720111010,262.36017
20240720112010,282.80472
20240720113010,290.57151
20240720114010,298.72065
20240720115010,256.82533
20240720120010,236.81371
20240720121010,235.4959
20240720122010,223.44161
20240720123010,231.89145
20240720124010,233.47897
20240720125010,225.32436
20240720130010,211.22608
20240720131010,207.4057
20240720132010,201.91308
20240720133010,195.54466
20240720134010,194.76147
20240720135010,191.12062
20240720140010,189.90703
20240720141010,188.27166
20240720142010,187.52131
20240720143010,187.17528
20240720144010,187.0783
20240720145010,187.1538
20240720150010,185.86136
20240720151010,185.2745
20240720152010,184.34563
20240720153010,183.8403
20240720154010,183.55681
20240720155010,183.515
20240720160010,204.08834
20240720161010,203.43944
20240720162010,196.53299
20240720163010,195.98405
20240720164010,196.07322
20240720165010,197.22659
20240322090011,203.31999
20240322091011,285.55954
20240322092011,299.0735
20240322093011,248.76619
20240322094011,227.75947
20240322095011,251.67824
20240322100011,376.99184
20240322101011,251.79353
20240322102011,251.7532
20240322103011,319.97209
20240322104011,342.60299
20240322105011,326.42136
20240322110011,284.29046
20240322111011,262.36017
20240322112011,282.80472
20240322113011,290.57151
20240322114011,298.72065
20240322115011,256.82533
20240322120011,236.81371
20240322121011,235.4959
20240322122011,223.44161
20240322123011,231.89145
20240322124011,233.47897
20240322125011,225.32436
20240322130011,211.22608
20240322131011,207.4057
20240322132011,201.91308
20240322133011,195.54466
20240322134011,194.76147
20240322135011,191.12062
20240322140011,189.90703
20240322141011,188.27166
20240322142011,187.52131
20240322143011,187.17528
20240322144011,187.0783
20240322145011,187.1538
20240322150011,185.86136
20240322151011,185.2745
20240322152011,184.34563
20240322153011,183.8403
20240322154011,183.55681
20240322155011,183.515
20240322160011,204.08834
20240322161011,203.43944
20240322162011,196.53299
20240322163011,195.98405
20240322164011,196.07322
20240322165011,197.22659
20240327090011,189.21843
20240327091011,235.87549
20240327092011,227.04787
20240327093011,228.14599
20240327094011,211.36564
20240327095011,226.17044
20240327100011,250.61328
20240327101011,241.60092
20240327102011,246.11696
20240327103011,315.06653
20240327104011,367.75553
20240327105011,326.81284
20240327110011,284.29046
20240327111011,262.36017
20240327112011,282.80472
20240327113011,290.57151
20240327114011,298.72065
20240327115011,256.82533
20240327120011,236.81371
20240327121011,235.4959
20240327122011,223.44161
20240327123011,231.89145
20240327124011,233.47897
20240327125011,225.32436
20240327130011,211.22608
20240327131011,207.4057
20240327132011,201.91308
20240327133011,195.54466
20240327134011,194.76147
20240327135011,191.12062
20240327140011,189.90703
20240327141011,188.27166
20240327142011,187.52131
20240327143011,187.17528
20240327144011,187.0783
20240327145011,187.1538
20240327150011,185.86136
20240327151011,185.2745
20240327152011,184.34563
20240327153011,183.8403
20240327154011,183.55681
20240327155011,183.515
20240327160011,204.08834
20240327161011,203.43944
20240327162011,196.53299
20240327163011,195.98405
20240327164011,196.07322
20240327165011,197.22659
20240413090011,255.73436
20240413091011,291.70952
20240413092011,341.84605
20240413093011,243.7041
20240413094011,251.52112
20240413095011,317.62029
20240413100011,237.38504
20240413101011,250.233
20240413102011,256.32951
20240413103011,321.8023
20240413104011,334.66018
20240413105011,326.38812
20240413110011,284.29046
20240413111011,262.36017
20240413112011,282.80472
20240413113011,290.57151
20240413114011,298.72065
20240413115011,256.82533
20240413120011,236.81371
20240413121011,235.4959
20240413122011,223.44161
20240413123011,231.89145
20240413124011,233.47897
20240413125011,225.32436
20240413130011,211.22608
20240413131011,207.4057
20240413132011,201.91308
20240413133011,195.54466
20240413134011,194.76147
20240413135011,191.12062
20240413140011,189.90703
20240413141011,188.27166
20240413142011,187.52131
20240413143011,187.17528
20240413144011,187.0783
20240413145011,187.1538
20240413150011,185.86136
20240413151011,185.2745
20240413152011,184.34563
20240413153011,183.8403
20240413154011,183.55681
20240413155011,183.515
20240413160011,204.08834
20240413161011,203.43944
20240413162011,196.53299
20240413163011,195.98405
20240413164011,196.07322
20240413165011,197.22659
20240426090011,201.61956
20240426091011,475.88237
20240426092011,300.8619
20240426093011,402.70267
20240426094011,316.62377
20240426095011,211.6669
20240426100011,248.20819
20240426101011,236.19405
20240426102011,250.79372
20240426103011,289.77011
20240426104011,369.23122
20240426105011,347.93292
20240426110011,284.29046
20240426111011,262.36017
20240426112011,282.80472
20240426113011,290.57151
20240426114011,298.72065
20240426115011,256.82533
20240426120011,236.81371
20240426121011,235.4959
20240426122011,223.44161
20240426123011,231.89145
20240426124011,233.47897
20240426125011,225.32436
20240426130011,211.22608
20240426131011,207.4057
20240426132011,201.91308
20240426133011,195.54466
20240426134011,194.76147
20240426135011,191.12062
20240426140011,189.90703
20240426141011,188.27166
20240426142011,187.52131
20240426143011,187.17528
20240426144011,187.0783
20240426145011,187.1538
20240426150011,185.86136
20240426151011,185.2745
20240426152011,184.34563
20240426153011,183.8403
20240426154011,183.55681
20240426155011,183.515
20240426160011,204.08834
20240426161011,203.43944
20240426162011,196.53299
20240426163011,195.98405
20240426164011,196.07322
20240426165011,197.22659
20240606090011,191.50841
20240606091011,299.35745
20240606092011,249.99956
20240606093011,262.33797
20240606094011,225.86206
20240606095011,236.06978
20240606100011,210.60021
20240606101011,228.86403
20240606102011,243.9091
20240606103011,319.44372
20240606104011,376.11712
20240606105011,329.99927
20240606110011,284.29046
20240606111011,262.36017
20240606112011,282.80472
20240606113011,290.57151
20240606114011,298.72065
20240606115011,256.82533
20240606120011,236.81371
20240606121011,235.4959
20240606122011,223.44161
20240606123011,231.89145
20240606124011,233.47897
20240606125011,225.32436
20240606130011,211.22608
20240606131011,207.4057
20240606132011,201.91308
20240606133011,195.54466
20240606134011,194.76147
20240606135011,191.12062
20240606140011,189.90703
20240606141011,188.27166
20240606142011,187.52131
20240606143011,187.17528
20240606144011,187.0783
20240606145011,187.1538
20240606150011,185.86136
20240606151011,185.2745
20240606152011,184.34563
20240606153011,183.8403
20240606154011,183.55681
20240606155011,183.515
20240606160011,204.08834
20240606161011,203.43944
20240606162011,196.53299
20240606163011,195.98405
20240606164011,196.07322
20240606165011,197.22659
20240712090011,197.76911
20240712091011,556.6764
20240712092011,543.82091
20240712093011,481.32133
20240712094011,659.18796
20240712095011,226.66285
20240712100011,232.65993
20240712101011,243.99307
20240712102011,256.00951
20240712103011,294.4362
20240712104011,363.07634
20240712105011,332.91043
20240712110011,284.29046
20240712111011,262.36017
20240712112011,282.80472
20240712113011,290.57151
20240712114011,298.72065
20240712115011,256.82533
20240712120011,236.81371
20240712121011,235.4959
20240712122011,223.44161
20240712123011,231.89145
20240712124011,233.47897
20240712125011,225.32436
20240712130011,211.22608
20240712131011,207.4057
20240712132011,201.91308
20240712133011,195.54466
20240712134011,194.76147
20240712135011,191.12062
20240712140011,189.90703
20240712141011,188.27166
20240712142011,187.52131
20240712143011,187.17528
20240712144011,187.0783
20240712145011,187.1538
20240712150011,185.86136
20240712151011,185.2745
20240712152011,184.34563
20240712153011,183.8403
20240712154011,183.55681
20240712155011,183.515
20240712160011,204.08834
20240712161011,203.43944
20240712162011,196.53299
20240712163011,195.98405
20240712164011,196.07322
20240712165011,197.22659
20240315090012,192.39518
20240315091012,214.28598
20240315092012,229.38752
20240315093012,213.30516
20240315094012,202.69541
20240315095012,213.2312
20240315100012,263.94502
20240315101012,252.47201
20240315102012,243.95288
20240315103012,304.20009
20240315104012,366.6789
20240315105012,326.71617
20240315110012,284.29046
20240315111012,262.36017
20240315112012,282.80472
20240315113012,290.57151
20240315114012,298.72065
20240315115012,256.82533
20240315120012,236.81371
20240315121012,235.4959
20240315122012,223.44161
20240315123012,231.89145
20240315124012,233.47897
20240315125012,225.32436
20240315130012,211.22608
20240315131012,207.4057
20240315132012,201.91308
20240315133012,195.54466
20240315134012,194.76147
20240315135012,191.12062
20240315140012,189.90703
20240315141012,188.27166
20240315142012,187.52131
20240315143012,187.17528
20240315144012,187.0783
20240315145012,187.1538
20240315150012,185.86136
20240315151012,185.2745
20240315152012,184.34563
20240315153012,183.8403
20240315154012,183.55681
20240315155012,183.515
20240315160012,204.08834
20240315161012,203.43944
20240315162012,196.53299
20240315163012,195.98405
20240315164012,196.07322
20240315165012,197.22659
20240317090012,191.68396
20240317091012,215.93964
20240317092012,217.50859
20240317093012,212.70146
20240317094012,202.491
20240317095012,212.00777
20240317100012,212.7142
20240317101012,243.5121
20240317102012,243.63126
20240317103012,304.11379
20240317104012,366.20824
20240317105012,326.86716
20240317110012,284.29046
20240317111012,262.36017
20240317112012,282.80472
20240317113012,290.57151
20240317114012,298.72065
20240317115012,256.82533
20240317120012,236.81371
20240317121012,235.4959
20240317122012,223.44161
20240317123012,231.89145
20240317124012,233.47897
20240317125012,225.32436
20240317130012,211.22608
20240317131012,207.4057
20240317132012,201.91308
20240317133012,195.54466
20240317134012,194.76147
20240317135012,191.12062
20240317140012,189.90703
20240317141012,188.27166
20240317142012,187.52131
20240317143012,187.17528
20240317144012,187.0783
20240317145012,187.1538
20240317150012,185.86136
20240317151012,185.2745
20240317152012,184.34563
20240317153012,183.8403
20240317154012,183.55681
20240317155012,183.515
20240317160012,204.08834
20240317161012,203.43944
20240317162012,196.53299
20240317163012,195.98405
20240317164012,196.07322
20240317165012,197.22659
20240412090012,192.95052
20240412091012,560.64993
20240412092012,607.73706
20240412093012,226.16079
20240412094012,292.49372
20240412095012,212.80711
20240412100012,244.87192
20240412101012,274.65637
20240412102012,257.6161
20240412103012,281.90608
20240412104012,324.16356
20240412105012,325.13395
20240412110012,284.29046
20240412111012,262.36017
20240412112012,282.80472
20240412113012,290.57151
20240412114012,298.72065
20240412115012,256.82533
20240412120012,236.81371
20240412121012,235.4959
20240412122012,223.44161
20240412123012,231.89145
20240412124012,233.47897
20240412125012,225.32436
20240412130012,211.22608
20240412131012,207.4057
20240412132012,201.91308
20240412133012,195.54466
20240412134012,194.76147
20240412135012,191.12062
20240412140012,189.90703
20240412141012,188.27166
20240412142012,187.52131
20240412143012,187.17528
20240412144012,187.0783
20240412145012,187.1538
20240412150012,185.86136
20240412151012,185.2745
20240412152012,184.34563
20240412153012,183.8403
20240412154012,183.55681
20240412155012,183.515
20240412160012,204.08834
20240412161012,203.43944
20240412162012,196.53299
20240412163012,195.98405
20240412164012,196.07322
20240412165012,197.22659
20240426090012,210.66713
20240426091012,444.46309
20240426092012,309.47853
20240426093012,340.15888
20240426094012,286.55408
20240426095012,213.51682
20240426100012,262.44535
20240426101012,243.71449
20240426102012,250.9826
20240426103012,290.07916
20240426104012,369.63863
20240426105012,347.29043
20240426110012,284.29046
20240426111012,262.36017
20240426112012,282.80472
20240426113012,290.57151
20240426114012,298.72065
20240426115012,256.82533
20240426120012,236.81371
20240426121012,235.4959
20240426122012,223.44161
20240426123012,231.89145
20240426124012,233.47897
20240426125012,225.32436
20240426130012,211.22608
20240426131012,207.4057
20240426132012,201.91308
20240426133012,195.54466
20240426134012,194.76147
20240426135012,191.12062
20240426140012,189.90703
20240426141012,188.27166
20240426142012,187.52131
20240426143012,187.17528
20240426144012,187.0783
20240426145012,187.1538
20240426150012,185.86136
20240426151012,185.2745
20240426152012,184.34563
20240426153012,183.8403
20240426154012,183.55681
20240426155012,183.515
20240426160012,204.08834
20240426161012,203.43944
20240426162012,196.53299
20240426163012,195.98405
20240426164012,196.07322
20240426165012,197.22659
20240521090012,192.4862
20240521091012,291.02321
20240521092012,275.50301
20240521093012,242.46499
20240521094012,259.16572
20240521095012,230.51771
20240521100012,215.84209
20240521101012,233.73254
20240521102012,244.17392
20240521103012,317.67392
20240521104012,380.85927
20240521105012,331.21567
20240521110012,284.29046
20240521111012,262.36017
20240521112012,282.80472
20240521113012,290.57151
20240521114012,298.72065
20240521115012,256.82533
20240521120012,236.81371
20240521121012,235.4959
20240521122012,223.44161
20240521123012,231.89145
20240521124012,233.47897
20240521125012,225.32436
20240521130012,211.22608
20240521131012,207.4057
20240521132012,201.91308
20240521133012,195.54466
20240521134012,194.76147
20240521135012,191.12062
20240521140012,189.90703
20240521141012,188.27166
20240521142012,187.52131
20240521143012,187.17528
20240521144012,187.0783
20240521145012,187.1538
20240521150012,185.86136
20240521151012,185.2745
20240521152012,184.34563
20240521153012,183.8403
20240521154012,183.55681
20240521155012,183.515
20240521160012,204.08834
20240521161012,203.43944
20240521162012,196.53299
20240521163012,195.98405
20240521164012,196.07322
20240521165012,197.22659
20240619090012,196.7646
20240619091012,484.2403
20240619092012,612.78057
20240619093012,367.58309
20240619094012,470.18542
20240619095012,214.40782
20240619100012,223.42622
20240619101012,234.14024
20240619102012,276.00166
20240619103012,286.68787
20240619104012,358.0892
20240619105012,332.28163
20240619110012,284.29046
20240619111012,262.36017
20240619112012,282.80472
20240619113012,290.57151
20240619114012,298.72065
20240619115012,256.82533
20240619120012,236.81371
20240619121012,235.4959
20240619122012,223.44161
20240619123012,231.89145
20240619124012,233.47897
20240619125012,225.32436
20240619130012,211.22608
20240619131012,207.4057
20240619132012,201.91308
20240619133012,195.54466
20240619134012,194.76147
20240619135012,191.12062
20240619140012,189.90703
20240619141012,188.27166
20240619142012,187.52131
20240619143012,187.17528
20240619144012,187.0783
20240619145012,187.1538
20240619150012,185.86136
20240619151012,185.2745
20240619152012,184.34563
20240619153012,183.8403
20240619154012,183.55681
20240619155012,183.515
20240619160012,204.08834
20240619161012,203.43944
20240619162012,196.53299
20240619163012,195.98405
20240619164012,196.07322
20240619165012,197.22659
20240621090012,195.31455
20240621091012,355.99035
20240621092012,496.20644
20240621093012,439.57853
20240621094012,576.34587
20240621095012,212.82175
20240621100012,225.81771
20240621101012,231.45209
20240621102012,272.7159
20240621103012,291.24729
20240621104012,361.5272
20240621105012,333.37892
20240621110012,284.29046
20240621111012,262.36017
20240621112012,282.80472
20240621113012,290.57151
20240621114012,298.72065
20240621115012,256.82533
20240621120012,236.81371
20240621121012,235.4959
20240621122012,223.44161
20240621123012,231.89145
20240621124012,233.47897
20240621125012,225.32436
20240621130012,211.22608
20240621131012,207.4057
20240621132012,201.91308
20240621133012,195.54466
20240621134012,194.76147
20240621135012,191.12062
20240621140012,189.90703
20240621141012,188.27166
20240621142012,187.52131
20240621143012,187.17528
20240621144012,187.0783
20240621145012,187.1538
20240621150012,185.86136
20240621151012,185.2745
20240621152012,184.34563
20240621153012,183.8403
20240621154012,183.55681
20240621155012,183.515
20240621160012,204.08834
20240621161012,203.43944
20240621162012,196.53299
20240621163012,195.98405
20240621164012,196.07322
20240621165012,197.22659
20240705090012,192.28915
20240705091012,500.05046
20240705092012,356.12353
20240705093012,392.94944
20240705094012,519.92165
20240705095012,216.51923
20240705100012,230.40028
20240705101012,275.7545
20240705102012,287.7744
20240705103012,291.56373
20240705104012,331.82767
20240705105012,322.95073
20240705110012,284.29046
20240705111012,262.36017
20240705112012,282.80472
20240705113012,290.57151
20240705114012,298.72065
20240705115012,256.82533
20240705120012,236.81371
20240705121012,235.4959
20240705122012,223.44161
20240705123012,231.89145
20240705124012,233.47897
20240705125012,225.32436
20240705130012,211.22608
20240705131012,207.4057
20240705132012,201.91308
20240705133012,195.54466
20240705134012,194.76147
20240705135012,191.12062
20240705140012,189.90703
20240705141012,188.27166
20240705142012,187.52131
20240705143012,187.17528
20240705144012,187.0783
20240705145012,187.1538
20240705150012,185.86136
20240705151012,185.2745
20240705152012,184.34563
20240705153012,183.8403
20240705154012,183.55681
20240705155012,183.515
20240705160012,204.08834
20240705161012,203.43944
20240705162012,196.53299
20240705163012,195.98405
20240705164012,196.07322
20240705165012,197.22659
20240713090012,194.16923
20240713091012,226.84188
20240713092012,291.40781
20240713093012,231.67103
20240713094012,248.04847
20240713095012,230.29243
20240713100012,215.28458
20240713101012,230.35689
20240713102012,251.10975
20240713103012,312.31681
20240713104012,367.88568
20240713105012,327.05691
20240713110012,284.29046
20240713111012,262.36017
20240713112012,282.80472
20240713113012,290.57151
20240713114012,298.72065
20240713115012,256.82533
20240713120012,236.81371
20240713121012,235.4959
20240713122012,223.44161
20240713123012,231.89145
20240713124012,233.47897
20240713125012,225.32436
20240713130012,211.22608
20240713131012,207.4057
20240713132012,201.91308
20240713133012,195.54466
20240713134012,194.76147
20240713135012,191.12062
20240713140012,189.90703
20240713141012,188.27166
20240713142012,187.52131
20240713143012,187.17528
20240713144012,187.0783
20240713145012,187.1538
20240713150012,185.86136
20240713151012,185.2745
20240713152012,184.34563
20240713153012,183.8403
20240713154012,183.55681
20240713155012,183.515
20240713160012,204.08834
20240713161012,203.43944
20240713162012,196.53299
20240713163012,195.98405
20240713164012,196.07322
20240713165012,197.22659
20240214090013,717.95511
20240214091013,857.29537
20240214092013,800.20495
20240214093013,477.15556
20240214094013,546.89472
20240214095013,239.43205
20240214100013,431.11966
20240214101013,275.65088
20240214102013,249.36226
20240214103013,278.50733
20240214104013,305.74578
20240214105013,320.96463
20240214110013,284.29046
20240214111013,262.36017
20240214112013,282.80472
20240214113013,290.57151
20240214114013,298.72065
20240214115013,256.82533
20240214120013,236.81371
20240214121013,235.4959
20240214122013,223.44161
20240214123013,231.89145
20240214124013,233.47897
20240214125013,225.32436
20240214130013,211.22608
20240214131013,207.4057
20240214132013,201.91308
20240214133013,195.54466
20240214134013,194.76147
20240214135013,191.12062
20240214140013,189.90703
20240214141013,188.27166
20240214142013,187.52131
20240214143013,187.17528
20240214144013,187.0783
20240214145013,187.1538
20240214150013,185.86136
20240214151013,185.2745
20240214152013,184.34563
20240214153013,183.8403
20240214154013,183.55681
20240214155013,183.515
20240214160013,204.08834
20240214161013,203.43944
20240214162013,196.53299
20240214163013,195.98405
20240214164013,196.07322
20240214165013,197.22659
20240221090013,426.62402
20240221091013,828.65251
20240221092013,726.60245
20240221093013,423.57809
20240221094013,607.83918
20240221095013,238.79778
20240221100013,457.62027
20240221101013,276.84983
20240221102013,250.92668
20240221103013,276.52098
20240221104013,304.14231
20240221105013,320.06768
20240221110013,284.29046
20240221111013,262.36017
20240221112013,282.80472
20240221113013,290.57151
20240221114013,298.72065
20240221115013,256.82533
20240221120013,236.81371
20240221121013,235.4959
20240221122013,223.44161
20240221123013,231.89145
20240221124013,233.47897
20240221125013,225.32436
20240221130013,211.22608
20240221131013,207.4057
20240221132013,201.91308
20240221133013,195.54466
20240221134013,194.76147
20240221135013,191.12062
20240221140013,189.90703
20240221141013,188.27166
20240221142013,187.52131
20240221143013,187.17528
20240221144013,187.0783
20240221145013,187.1538
20240221150013,185.86136
20240221151013,185.2745
20240221152013,184.34563
20240221153013,183.8403
20240221154013,183.55681
20240221155013,183.515
20240221160013,204.08834
20240221161013,203.43944
20240221162013,196.53299
20240221163013,195.98405
20240221164013,196.07322
20240221165013,197.22659
20240314090013,189.15478
20240314091013,209.81518
20240314092013,225.45868
20240314093013,226.42268
20240314094013,224.2001
20240314095013,215.38009
20240314100013,247.33163
20240314101013,244.89645
20240314102013,250.81946
20240314103013,304.29717
20240314104013,377.22017
20240314105013,331.79814
20240314110013,284.29046
20240314111013,262.36017
20240314112013,282.80472
20240314113013,290.57151
20240314114013,298.72065
20240314115013,256.82533
20240314120013,236.81371
20240314121013,235.4959
20240314122013,223.44161
20240314123013,231.89145
20240314124013,233.47897
20240314125013,225.32436
20240314130013,211.22608
20240314131013,207.4057
20240314132013,201.91308
20240314133013,195.54466
20240314134013,194.76147
20240314135013,191.12062
20240314140013,189.90703
20240314141013,188.27166
20240314142013,187.52131
20240314143013,187.17528
20240314144013,187.0783
20240314145013,187.1538
20240314150013,185.86136
20240314151013,185.2745
20240314152013,184.34563
20240314153013,183.8403
20240314154013,183.55681
20240314155013,183.515
20240314160013,204.08834
20240314161013,203.43944
20240314162013,196.53299
20240314163013,195.98405
20240314164013,196.07322
20240314165013,197.22659
20240316090013,311.73023
20240316091013,581.54749
20240316092013,560.57881
20240316093013,468.237
20240316094013,515.26037
20240316095013,233.05798
20240316100013,365.00347
20240316101013,251.9184
20240316102013,277.2839
20240316103013,302.51893
20240316104013,321.96798
20240316105013,326.80695
20240316110013,284.29046
20240316111013,262.36017
20240316112013,282.80472
20240316113013,290.57151
20240316114013,298.72065
20240316115013,256.82533
20240316120013,236.81371
20240316121013,235.4959
20240316122013,223.44161
20240316123013,231.89145
20240316124013,233.47897
20240316125013,225.32436
20240316130013,211.22608
20240316131013,207.4057
20240316132013,201.91308
20240316133013,195.54466
20240316134013,194.76147
20240316135013,191.12062
20240316140013,189.90703
20240316141013,188.27166
20240316142013,187.52131
20240316143013,187.17528
20240316144013,187.0783
20240316145013,187.1538
20240316150013,185.86136
20240316151013,185.2745
20240316152013,184.34563
20240316153013,183.8403
20240316154013,183.55681
20240316155013,183.515
20240316160013,204.08834
20240316161013,203.43944
20240316162013,196.53299
20240316163013,195.98405
20240316164013,196.07322
20240316165013,197.22659
20240328090013,337.55517
20240328091013,535.87535
20240328092013,469.38501
20240328093013,281.30544
20240328094013,481.27892
20240328095013,289.89721
20240328100013,396.59744
20240328101013,255.46144
20240328102013,272.96275
20240328103013,273.95894
20240328104013,295.60985
20240328105013,318.21394
20240328110013,284.29046
20240328111013,262.36017
20240328112013,282.80472
20240328113013,290.57151
20240328114013,298.72065
20240328115013,256.82533
20240328120013,236.81371
20240328121013,235.4959
20240328122013,223.44161
20240328123013,231.89145
20240328124013,233.47897
20240328125013,225.32436
20240328130013,211.22608
20240328131013,207.4057
20240328132013,201.91308
20240328133013,195.54466
20240328134013,194.76147
20240328135013,191.12062
20240328140013,189.90703
20240328141013,188.27166
20240328142013,187.52131
20240328143013,187.17528
20240328144013,187.0783
20240328145013,187.1538
20240328150013,185.86136
20240328151013,185.2745
20240328152013,184.34563
20240328153013,183.8403
20240328154013,183.55681
20240328155013,183.515
20240328160013,204.08834
20240328161013,203.43944
20240328162013,196.53299
20240328163013,195.98405
20240328164013,196.07322
20240328165013,197.22659
20240412090013,301.37115
20240412091013,569.91868
20240412092013,510.32174
20240412093013,406.25511
20240412094013,546.09704
20240412095013,312.30364
20240412100013,301.90097
20240412101013,275.76785
20240412102013,251.53002
20240412103013,274.1841
20240412104013,299.5549
20240412105013,303.76188
20240412110013,284.29046
20240412111013,262.36017
20240412112013,282.80472
20240412113013,290.57151
20240412114013,298.72065
20240412115013,256.82533
20240412120013,236.81371
20240412121013,235.4959
20240412122013,223.44161
20240412123013,231.89145
20240412124013,233.47897
20240412125013,225.32436
20240412130013,211.22608
20240412131013,207.4057
20240412132013,201.91308
20240412133013,195.54466
20240412134013,194.76147
20240412135013,191.12062
20240412140013,189.90703
20240412141013,188.27166
20240412142013,187.52131
20240412143013,187.17528
20240412144013,187.0783
20240412145013,187.1538
20240412150013,185.86136
20240412151013,185.2745
20240412152013,184.34563
20240412153013,183.8403
20240412154013,183.55681
20240412155013,183.515
20240412160013,204.08834
20240412161013,203.43944
20240412162013,196.53299
20240412163013,195.98405
20240412164013,196.07322
20240412165013,197.22659
20240619090013,459.26218
20240619091013,362.2097
20240619092013,325.02449
20240619093013,502.57968
20240619094013,577.48534
20240619095013,363.83863
20240619100013,466.48491
20240619101013,256.79628
20240619102013,283.64356
20240619103013,288.40959
20240619104013,304.1211
20240619105013,318.95751
20240619110013,284.29046
20240619111013,262.36017
20240619112013,282.80472
20240619113013,290.57151
20240619114013,298.72065
20240619115013,256.82533
20240619120013,236.81371
20240619121013,235.4959
20240619122013,223.44161
20240619123013,231.89145
20240619124013,233.47897
20240619125013,225.32436
20240619130013,211.22608
20240619131013,207.4057
20240619132013,201.91308
20240619133013,195.54466
20240619134013,194.76147
20240619135013,191.12062
20240619140013,189.90703
20240619141013,188.27166
20240619142013,187.52131
20240619143013,187.17528
20240619144013,187.0783
20240619145013,187.1538
20240619150013,185.86136
20240619151013,185.2745
20240619152013,184.34563
20240619153013,183.8403
20240619154013,183.55681
20240619155013,183.515
20240619160013,204.08834
20240619161013,203.43944
20240619162013,196.53299
20240619163013,195.98405
20240619164013,196.07322
20240619165013,197.22659
20240225090014,228.93724
20240225091014,263.89868
20240225092014,225.90814
20240225093014,228.27245
20240225094014,287.23529
20240225095014,226.68738
20240225100014,223.39087
20240225101014,235.64412
20240225102014,251.09531
20240225103014,289.92214
20240225104014,374.48601
20240225105014,334.87319
20240225110014,284.29046
20240225111014,262.36017
20240225112014,282.80472
20240225113014,290.57151
20240225114014,298.72065
20240225115014,256.82533
20240225120014,236.81371
20240225121014,235.4959
20240225122014,223.44161
20240225123014,231.89145
20240225124014,233.47897
20240225125014,225.32436
20240225130014,211.22608
20240225131014,207.4057
20240225132014,201.91308
20240225133014,195.54466
20240225134014,194.76147
20240225135014,191.12062
20240225140014,189.90703
20240225141014,188.27166
20240225142014,187.52131
20240225143014,187.17528
20240225144014,187.0783
20240225145014,187.1538
20240225150014,185.86136
20240225151014,185.2745
20240225152014,184.34563
20240225153014,183.8403
20240225154014,183.55681
20240225155014,183.515
20240225160014,204.08834
20240225161014,203.43944
20240225162014,196.53299
20240225163014,195.98405
20240225164014,196.07322
20240225165014,197.22659
20240227090014,332.99235
20240227091014,391.47561
20240227092014,348.01351
20240227093014,347.57397
20240227094014,282.82504
20240227095014,235.89251
20240227100014,236.96972
20240227101014,235.83005
20240227102014,251.26638
20240227103014,296.01595
20240227104014,368.86536
20240227105014,326.81284
20240227110014,284.29046
20240227111014,262.36017
20240227112014,282.80472
20240227113014,290.57151
20240227114014,298.72065
20240227115014,256.82533
20240227120014,236.81371
20240227121014,235.4959
20240227122014,223.44161
20240227123014,231.89145
20240227124014,233.47897
20240227125014,225.32436
20240227130014,211.22608
20240227131014,207.4057
20240227132014,201.91308
20240227133014,195.54466
20240227134014,194.76147
20240227135014,191.12062
20240227140014,189.90703
20240227141014,188.27166
20240227142014,187.52131
20240227143014,187.17528
20240227144014,187.0783
20240227145014,187.1538
20240227150014,185.86136
20240227151014,185.2745
20240227152014,184.34563
20240227153014,183.8403
20240227154014,183.55681
20240227155014,183.515
20240227160014,204.08834
20240227161014,203.43944
20240227162014,196.53299
20240227163014,195.98405
20240227164014,196.07322
20240227165014,197.22659
20240327090014,211.78113
20240327091014,327.31257
20240327092014,338.89256
20240327093014,255.69925
20240327094014,239.85112
20240327095014,283.83808
20240327100014,289.89178
20240327101014,251.68294
20240327102014,251.29932
20240327103014,324.36313
20240327104014,362.0442
20240327105014,326.66227
20240327110014,284.29046
20240327111014,262.36017
20240327112014,282.80472
20240327113014,290.57151
20240327114014,298.72065
20240327115014,256.82533
20240327120014,236.81371
20240327121014,235.4959
20240327122014,223.44161
20240327123014,231.89145
20240327124014,233.47897
20240327125014,225.32436
20240327130014,211.22608
20240327131014,207.4057
20240327132014,201.91308
20240327133014,195.54466
20240327134014,194.76147
20240327135014,191.12062
20240327140014,189.90703
20240327141014,188.27166
20240327142014,187.52131
20240327143014,187.17528
20240327144014,187.0783
20240327145014,187.1538
20240327150014,185.86136
20240327151014,185.2745
20240327152014,184.34563
20240327153014,183.8403
20240327154014,183.55681
20240327155014,183.515
20240327160014,204.08834
20240327161014,203.43944
20240327162014,196.53299
20240327163014,195.98405
20240327164014,196.07322
20240327165014,197.22659
20240417090014,428.12096
20240417091014,392.58763
20240417092014,345.87185
20240417093014,403.81042
20240417094014,559.31125
20240417095014,289.70352
20240417100014,282.62515
20240417101014,277.31567
20240417102014,244.67107
20240417103014,277.31961
20240417104014,319.28738
20240417105014,303.72054
20240417110014,284.29046
20240417111014,262.36017
20240417112014,282.80472
20240417113014,290.57151
20240417114014,298.72065
20240417115014,256.82533
20240417120014,236.81371
20240417121014,235.4959
20240417122014,223.44161
20240417123014,231.89145
20240417124014,233.47897
20240417125014,225.32436
20240417130014,211.22608
20240417131014,207.4057
20240417132014,201.91308
20240417133014,195.54466
20240417134014,194.76147
20240417135014,191.12062
20240417140014,189.90703
20240417141014,188.27166
20240417142014,187.52131
20240417143014,187.17528
20240417144014,187.0783
20240417145014,187.1538
20240417150014,185.86136
20240417151014,185.2745
20240417152014,184.34563
20240417153014,183.8403
20240417154014,183.55681
20240417155014,183.515
20240417160014,204.08834
20240417161014,203.43944
20240417162014,196.53299
20240417163014,195.98405
20240417164014,196.07322
20240417165014,197.22659
20240517090014,520.85402
20240517091014,375.72525
20240517092014,304.5058
20240517093014,257.08202
20240517094014,284.07628
20240517095014,260.18537
20240517100014,281.31482
20240517101014,273.10397
20240517102014,289.4789
20240517103014,304.5614
20240517104014,302.33466
20240517105014,304.79159
20240517110014,284.29046
20240517111014,262.36017
20240517112014,282.80472
20240517113014,290.57151
20240517114014,298.72065
20240517115014,256.82533
20240517120014,236.81371
20240517121014,235.4959
20240517122014,223.44161
20240517123014,231.89145
20240517124014,233.47897
20240517125014,225.32436
20240517130014,211.22608
20240517131014,207.4057
20240517132014,201.91308
20240517133014,195.54466
20240517134014,194.76147
20240517135014,191.12062
20240517140014,189.90703
20240517141014,188.27166
20240517142014,187.52131
20240517143014,187.17528
20240517144014,187.0783
20240517145014,187.1538
20240517150014,185.86136
20240517151014,185.2745
20240517152014,184.34563
20240517153014,183.8403
20240517154014,183.55681
20240517155014,183.515
20240517160014,204.08834
20240517161014,203.43944
20240517162014,196.53299
20240517163014,195.98405
20240517164014,196.07322
20240517165014,197.22659
20240704090014,483.57943
20240704091014,296.93514
20240704092014,289.95241
20240704093014,331.03297
20240704094014,582.53985
20240704095014,396.27506
20240704100014,278.43503
20240704101014,278.52965
20240704102014,273.53046
20240704103014,279.7376
20240704104014,320.48225
20240704105014,296.36462
20240704110014,284.29046
20240704111014,262.36017
20240704112014,282.80472
20240704113014,290.57151
20240704114014,298.72065
20240704115014,256.82533
20240704120014,236.81371
20240704121014,235.4959
20240704122014,223.44161
20240704123014,231.89145
20240704124014,233.47897
20240704125014,225.32436
20240704130014,211.22608
20240704131014,207.4057
20240704132014,201.91308
20240704133014,195.54466
20240704134014,194.76147
20240704135014,191.12062
20240704140014,189.90703
20240704141014,188.27166
20240704142014,187.52131
20240704143014,187.17528
20240704144014,187.0783
20240704145014,187.1538
20240704150014,185.86136
20240704151014,185.2745
20240704152014,184.34563
20240704153014,183.8403
20240704154014,183.55681
20240704155014,183.515
20240704160014,204.08834
20240704161014,203.43944
20240704162014,196.53299
20240704163014,195.98405
20240704164014,196.07322
20240704165014,197.22659
20240715090014,510.25508
20240715091014,368.88855
20240715092014,310.18155
20240715093014,362.61913
20240715094014,446.50526
20240715095014,293.30515
20240715100014,412.59687
20240715101014,253.14288
20240715102014,284.19494
20240715103014,305.33456
20240715104014,323.59178
20240715105014,322.33306
20240715110014,284.29046
20240715111014,262.36017
20240715112014,282.80472
20240715113014,290.57151
20240715114014,298.72065
20240715115014,256.82533
20240715120014,236.81371
20240715121014,235.4959
20240715122014,223.44161
20240715123014,231.89145
20240715124014,233.47897
20240715125014,225.32436
20240715130014,211.22608
20240715131014,207.4057
20240715132014,201.91308
20240715133014,195.54466
20240715134014,194.76147
20240715135014,191.12062
20240715140014,189.90703
20240715141014,188.27166
20240715142014,187.52131
20240715143014,187.17528
20240715144014,187.0783
20240715145014,187.1538
20240715150014,185.86136
20240715151014,185.2745
20240715152014,184.34563
20240715153014,183.8403
20240715154014,183.55681
20240715155014,183.515
20240715160014,204.08834
20240715161014,203.43944
20240715162014,196.53299
20240715163014,195.98405
20240715164014,196.07322
20240715165014,197.22659
20240215090015,588.38052
20240215091015,787.26338
20240215092015,680.59035
20240215093015,340.60571
20240215094015,467.80285
20240215095015,228.08591
20240215100015,265.84742
20240215101015,236.07051
20240215102015,244.12963
20240215103015,278.06482
20240215104015,325.00192
20240215105015,327.18078
20240215110015,284.29046
20240215111015,262.36017
20240215112015,282.80472
20240215113015,290.57151
20240215114015,298.72065
20240215115015,256.82533
20240215120015,236.81371
20240215121015,235.4959
20240215122015,223.44161
20240215123015,231.89145
20240215124015,233.47897
20240215125015,225.32436
20240215130015,211.22608
20240215131015,207.4057
20240215132015,201.91308
20240215133015,195.54466
20240215134015,194.76147
20240215135015,191.12062
20240215140015,189.90703
20240215141015,188.27166
20240215142015,187.52131
20240215143015,187.17528
20240215144015,187.0783
20240215145015,187.1538
20240215150015,185.86136
20240215151015,185.2745
20240215152015,184.34563
20240215153015,183.8403
20240215154015,183.55681
20240215155015,183.515
20240215160015,204.08834
20240215161015,203.43944
20240215162015,196.53299
20240215163015,195.98405
20240215164015,196.07322
20240215165015,197.22659
20240218090015,537.61555
20240218091015,440.52074
20240218092015,231.81304
20240218093015,287.36311
20240218094015,312.43528
20240218095015,388.45429
20240218100015,293.60679
20240218101015,242.3484
20240218102015,250.30041
20240218103015,297.28352
20240218104015,337.19897
20240218105015,324.22952
20240218110015,284.29046
20240218111015,262.36017
20240218112015,282.80472
20240218113015,290.57151
20240218114015,298.72065
20240218115015,256.82533
20240218120015,236.81371
20240218121015,235.4959
20240218122015,223.44161
20240218123015,231.89145
20240218124015,233.47897
20240218125015,225.32436
20240218130015,211.22608
20240218131015,207.4057
20240218132015,201.91308
20240218133015,195.54466
20240218134015,194.76147
20240218135015,191.12062
20240218140015,189.90703
20240218141015,188.27166
20240218142015,187.52131
20240218143015,187.17528
20240218144015,187.0783
20240218145015,187.1538
20240218150015,185.86136
20240218151015,185.2745
20240218152015,184.34563
20240218153015,183.8403
20240218154015,183.55681
20240218155015,183.515
20240218160015,204.08834
20240218161015,203.43944
20240218162015,196.53299
20240218163015,195.98405
20240218164015,196.07322
20240218165015,197.22659
20240314090015,188.96526
20240314091015,234.4528
20240314092015,227.14509
20240314093015,217.12149
20240314094015,209.94637
20240314095015,213.88833
20240314100015,266.32794
20240314101015,245.02276
20240314102015,250.60963
20240314103015,306.07218
20240314104015,370.69743
20240314105015,327.44543
20240314110015,284.29046
20240314111015,262.36017
20240314112015,282.80472
20240314113015,290.57151
20240314114015,298.72065
20240314115015,256.82533
20240314120015,236.81371
20240314121015,235.4959
20240314122015,223.44161
20240314123015,231.89145
20240314124015,233.47897
20240314125015,225.32436
20240314130015,211.22608
20240314131015,207.4057
20240314132015,201.91308
20240314133015,195.54466
20240314134015,194.76147
20240314135015,191.12062
20240314140015,189.90703
20240314141015,188.27166
20240314142015,187.52131
20240314143015,187.17528
20240314144015,187.0783
20240314145015,187.1538
20240314150015,185.86136
20240314151015,185.2745
20240314152015,184.34563
20240314153015,183.8403
20240314154015,183.55681
20240314155015,183.515
20240314160015,204.08834
20240314161015,203.43944
20240314162015,196.53299
20240314163015,195.98405
20240314164015,196.07322
20240314165015,197.22659
20240317090015,229.42699
20240317091015,242.46312
20240317092015,264.70428
20240317093015,238.18623
20240317094015,260.82977
20240317095015,269.97836
20240317100015,282.09895
20240317101015,252.32133
20240317102015,253.35507
20240317103015,324.37821
20240317104015,338.4164
20240317105015,322.23473
20240317110015,284.29046
20240317111015,262.36017
20240317112015,282.80472
20240317113015,290.57151
20240317114015,298.72065
20240317115015,256.82533
20240317120015,236.81371
20240317121015,235.4959
20240317122015,223.44161
20240317123015,231.89145
20240317124015,233.47897
20240317125015,225.32436
20240317130015,211.22608
20240317131015,207.4057
20240317132015,201.91308
20240317133015,195.54466
20240317134015,194.76147
20240317135015,191.12062
20240317140015,189.90703
20240317141015,188.27166
20240317142015,187.52131
20240317143015,187.17528
20240317144015,187.0783
20240317145015,187.1538
20240317150015,185.86136
20240317151015,185.2745
20240317152015,184.34563
20240317153015,183.8403
20240317154015,183.55681
20240317155015,183.515
20240317160015,204.08834
20240317161015,203.43944
20240317162015,196.53299
20240317163015,195.98405
20240317164015,196.07322
20240317165015,197.22659
20240412090015,648.78279
20240412091015,479.7639
20240412092015,342.19407
20240412093015,453.67799
20240412094015,722.15903
20240412095015,401.89466
20240412100015,316.90361
20240412101015,277.06929
20240412102015,286.89478
20240412103015,279.66151
20240412104015,313.3916
20240412105015,296.55613
20240412110015,284.29046
20240412111015,262.36017
20240412112015,282.80472
20240412113015,290.57151
20240412114015,298.72065
20240412115015,256.82533
20240412120015,236.81371
20240412121015,235.4959
20240412122015,223.44161
20240412123015,231.89145
20240412124015,233.47897
20240412125015,225.32436
20240412130015,211.22608
20240412131015,207.4057
20240412132015,201.91308
20240412133015,195.54466
20240412134015,194.76147
20240412135015,191.12062
20240412140015,189.90703
20240412141015,188.27166
20240412142015,187.52131
20240412143015,187.17528
20240412144015,187.0783
20240412145015,187.1538
20240412150015,185.86136
20240412151015,185.2745
20240412152015,184.34563
20240412153015,183.8403
20240412154015,183.55681
20240412155015,183.515
20240412160015,204.08834
20240412161015,203.43944
20240412162015,196.53299
20240412163015,195.98405
20240412164015,196.07322
20240412165015,197.22659
20240518090015,547.26106
20240518091015,292.75993
20240518092015,443.47635
20240518093015,301.71055
20240518094015,344.33037
20240518095015,253.05906
20240518100015,280.09046
20240518101015,252.00982
20240518102015,296.85575
20240518103015,358.99272
20240518104015,324.55602
20240518105015,319.69598
20240518110015,284.29046
20240518111015,262.36017
20240518112015,282.80472
20240518113015,290.57151
20240518114015,298.72065
20240518115015,256.82533
20240518120015,236.81371
20240518121015,235.4959
20240518122015,223.44161
20240518123015,231.89145
20240518124015,233.47897
20240518125015,225.32436
20240518130015,211.22608
20240518131015,207.4057
20240518132015,201.91308
20240518133015,195.54466
20240518134015,194.76147
20240518135015,191.12062
20240518140015,189.90703
20240518141015,188.27166
20240518142015,187.52131
20240518143015,187.17528
20240518144015,187.0783
20240518145015,187.1538
20240518150015,185.86136
20240518151015,185.2745
20240518152015,184.34563
20240518153015,183.8403
20240518154015,183.55681
20240518155015,183.515
20240518160015,204.08834
20240518161015,203.43944
20240518162015,196.53299
20240518163015,195.98405
20240518164015,196.07322
20240518165015,197.22659
20240530090015,693.96008
20240530091015,348.96402
20240530092015,526.07067
20240530093015,254.31123
20240530094015,292.73303
20240530095015,291.635
20240530100015,310.11043
20240530101015,279.64086
20240530102015,306.02376
20240530103015,365.5439
20240530104015,321.79974
20240530105015,305.61514
20240530110015,284.29046
20240530111015,262.36017
20240530112015,282.80472
20240530113015,290.57151
20240530114015,298.72065
20240530115015,256.82533
20240530120015,236.81371
20240530121015,235.4959
20240530122015,223.44161
20240530123015,231.89145
20240530124015,233.47897
20240530125015,225.32436
20240530130015,211.22608
20240530131015,207.4057
20240530132015,201.91308
20240530133015,195.54466
20240530134015,194.76147
20240530135015,191.12062
20240530140015,189.90703
20240530141015,188.27166
20240530142015,187.52131
20240530143015,187.17528
20240530144015,187.0783
20240530145015,187.1538
20240530150015,185.86136
20240530151015,185.2745
20240530152015,184.34563
20240530153015,183.8403
20240530154015,183.55681
20240530155015,183.515
20240530160015,204.08834
20240530161015,203.43944
20240530162015,196.53299
20240530163015,195.98405
20240530164015,196.07322
20240530165015,197.22659
20240605090015,290.44282
20240605091015,295.50253
20240605092015,458.65128
20240605093015,283.69072
20240605094015,293.69037
20240605095015,240.87966
20240605100015,254.94015
20240605101015,263.44543
20240605102015,279.62905
20240605103015,343.09871
20240605104015,334.88664
20240605105015,320.73227
20240605110015,284.29046
20240605111015,262.36017
20240605112015,282.80472
20240605113015,290.57151
20240605114015,298.72065
20240605115015,256.82533
20240605120015,236.81371
20240605121015,235.4959
20240605122015,223.44161
20240605123015,231.89145
20240605124015,233.47897
20240605125015,225.32436
20240605130015,211.22608
20240605131015,207.4057
20240605132015,201.91308
20240605133015,195.54466
20240605134015,194.76147
20240605135015,191.12062
20240605140015,189.90703
20240605141015,188.27166
20240605142015,187.52131
20240605143015,187.17528
20240605144015,187.0783
20240605145015,187.1538
20240605150015,185.86136
20240605151015,185.2745
20240605152015,184.34563
20240605153015,183.8403
20240605154015,183.55681
20240605155015,183.515
20240605160015,204.08834
20240605161015,203.43944
20240605162015,196.53299
20240605163015,195.98405
20240605164015,196.07322
20240605165015,197.22659
20240704090015,824.9775
20240704091015,492.09926
20240704092015,474.90037
20240704093015,471.21496
20240704094015,647.01054
20240704095015,663.57713
20240704100015,319.223
20240704101015,287.65822
20240704102015,289.99122
20240704103015,288.21119
20240704104015,324.26283
20240704105015,296.47006
20240704110015,284.29046
20240704111015,262.36017
20240704112015,282.80472
20240704113015,290.57151
20240704114015,298.72065
20240704115015,256.82533
20240704120015,236.81371
20240704121015,235.4959
20240704122015,223.44161
20240704123015,231.89145
20240704124015,233.47897
20240704125015,225.32436
20240704130015,211.22608
20240704131015,207.4057
20240704132015,201.91308
20240704133015,195.54466
20240704134015,194.76147
20240704135015,191.12062
20240704140015,189.90703
20240704141015,188.27166
20240704142015,187.52131
20240704143015,187.17528
20240704144015,187.0783
20240704145015,187.1538
20240704150015,185.86136
20240704151015,185.2745
20240704152015,184.34563
20240704153015,183.8403
20240704154015,183.55681
20240704155015,183.515
20240704160015,204.08834
20240704161015,203.43944
20240704162015,196.53299
20240704163015,195.98405
20240704164015,196.07322
20240704165015,197.22659
20240316090016,624.32099
20240316091016,550.07264
20240316092016,349.55244
20240316093016,364.52802
20240316094016,337.91924
20240316095016,239.85086
20240316100016,347.15267
20240316101016,242.23754
20240316102016,282.12871
20240316103016,306.82661
20240316104016,323.53646
20240316105016,324.46869
20240316110016,284.29046
20240316111016,262.36017
20240316112016,282.80472
20240316113016,290.57151
20240316114016,298.72065
20240316115016,256.82533
20240316120016,236.81371
20240316121016,235.4959
20240316122016,223.44161
20240316123016,231.89145
20240316124016,233.47897
20240316125016,225.32436
20240316130016,211.22608
20240316131016,207.4057
20240316132016,201.91308
20240316133016,195.54466
20240316134016,194.76147
20240316135016,191.12062
20240316140016,189.90703
20240316141016,188.27166
20240316142016,187.52131
20240316143016,187.17528
20240316144016,187.0783
20240316145016,187.1538
20240316150016,185.86136
20240316151016,185.2745
20240316152016,184.34563
20240316153016,183.8403
20240316154016,183.55681
20240316155016,183.515
20240316160016,204.08834
20240316161016,203.43944
20240316162016,196.53299
20240316163016,195.98405
20240316164016,196.07322
20240316165016,197.22659
20240322090016,291.55026
20240322091016,228.69783
20240322092016,473.41789
20240322093016,292.51641
20240322094016,295.74317
20240322095016,253.7444
20240322100016,316.1482
20240322101016,253.87371
20240322102016,277.64951
20240322103016,329.1786
20240322104016,331.11731
20240322105016,321.25675
20240322110016,284.29046
20240322111016,262.36017
20240322112016,282.80472
20240322113016,290.57151
20240322114016,298.72065
20240322115016,256.82533
20240322120016,236.81371
20240322121016,235.4959
20240322122016,223.44161
20240322123016,231.89145
20240322124016,233.47897
20240322125016,225.32436
20240322130016,211.22608
20240322131016,207.4057
20240322132016,201.91308
20240322133016,195.54466
20240322134016,194.76147
20240322135016,191.12062
20240322140016,189.90703
20240322141016,188.27166
20240322142016,187.52131
20240322143016,187.17528
20240322144016,187.0783
20240322145016,187.1538
20240322150016,185.86136
20240322151016,185.2745
20240322152016,184.34563
20240322153016,183.8403
20240322154016,183.55681
20240322155016,183.515
20240322160016,204.08834
20240322161016,203.43944
20240322162016,196.53299
20240322163016,195.98405
20240322164016,196.07322
20240322165016,197.22659
20240414090016,701.51866
20240414091016,414.50595
20240414092016,474.86881
20240414093016,632.51371
20240414094016,616.10553
20240414095016,354.34558
20240414100016,370.63744
20240414101016,250.47554
20240414102016,287.86368
20240414103016,313.88276
20240414104016,326.46337
20240414105016,325.39356
20240414110016,284.29046
20240414111016,262.36017
20240414112016,282.80472
20240414113016,290.57151
20240414114016,298.72065
20240414115016,256.82533
20240414120016,236.81371
20240414121016,235.4959
20240414122016,223.44161
20240414123016,231.89145
20240414124016,233.47897
20240414125016,225.32436
20240414130016,211.22608
20240414131016,207.4057
20240414132016,201.91308
20240414133016,195.54466
20240414134016,194.76147
20240414135016,191.12062
20240414140016,189.90703
20240414141016,188.27166
20240414142016,187.52131
20240414143016,187.17528
20240414144016,187.0783
20240414145016,187.1538
20240414150016,185.86136
20240414151016,185.2745
20240414152016,184.34563
20240414153016,183.8403
20240414154016,183.55681
20240414155016,183.515
20240414160016,204.08834
20240414161016,203.43944
20240414162016,196.53299
20240414163016,195.98405
20240414164016,196.07322
20240414165016,197.22659
20240422090016,665.91516
20240422091016,469.44935
20240422092016,357.6669
20240422093016,568.48083
20240422094016,545.70418
20240422095016,294.18024
20240422100016,438.16815
20240422101016,259.31109
20240422102016,315.09183
20240422103016,318.50383
20240422104016,326.50735
20240422105016,321.13065
20240422110016,284.29046
20240422111016,262.36017
20240422112016,282.80472
20240422113016,290.57151
20240422114016,298.72065
20240422115016,256.82533
20240422120016,236.81371
20240422121016,235.4959
20240422122016,223.44161
20240422123016,231.89145
20240422124016,233.47897
20240422125016,225.32436
20240422130016,211.22608
20240422131016,207.4057
20240422132016,201.91308
20240422133016,195.54466
20240422134016,194.76147
20240422135016,191.12062
20240422140016,189.90703
20240422141016,188.27166
20240422142016,187.52131
20240422143016,187.17528
20240422144016,187.0783
20240422145016,187.1538
20240422150016,185.86136
20240422151016,185.2745
20240422152016,184.34563
20240422153016,183.8403
20240422154016,183.55681
20240422155016,183.515
20240422160016,204.08834
20240422161016,203.43944
20240422162016,196.53299
20240422163016,195.98405
20240422164016,196.07322
20240422165016,197.22659
20240513090016,188.08173
20240513091016,249.9193
20240513092016,234.22213
20240513093016,222.59131
20240513094016,232.75753
20240513095016,227.79337
20240513100016,213.57996
20240513101016,224.98821
20240513102016,244.10285
20240513103016,310.05635
20240513104016,379.33829
20240513105016,331.81699
20240513110016,284.29046
20240513111016,262.36017
20240513112016,282.80472
20240513113016,290.57151
20240513114016,298.72065
20240513115016,256.82533
20240513120016,236.81371
20240513121016,235.4959
20240513122016,223.44161
20240513123016,231.89145
20240513124016,233.47897
20240513125016,225.32436
20240513130016,211.22608
20240513131016,207.4057
20240513132016,201.91308
20240513133016,195.54466
20240513134016,194.76147
20240513135016,191.12062
20240513140016,189.90703
20240513141016,188.27166
20240513142016,187.52131
20240513143016,187.17528
20240513144016,187.0783
20240513145016,187.1538
20240513150016,185.86136
20240513151016,185.2745
20240513152016,184.34563
20240513153016,183.8403
20240513154016,183.55681
20240513155016,183.515
20240513160016,204.08834
20240513161016,203.43944
20240513162016,196.53299
20240513163016,195.98405
20240513164016,196.07322
20240513165016,197.22659
20240517090016,882.61012
20240517091016,447.46822
20240517092016,1006.14965
20240517093016,386.38122
20240517094016,562.7707
20240517095016,338.08338
20240517100016,451.81471
20240517101016,284.12664
20240517102016,322.73692
20240517103016,330.23585
20240517104016,305.14732
20240517105016,296.17081
20240517110016,284.29046
20240517111016,262.36017
20240517112016,282.80472
20240517113016,290.57151
20240517114016,298.72065
20240517115016,256.82533
20240517120016,236.81371
20240517121016,235.4959
20240517122016,223.44161
20240517123016,231.89145
20240517124016,233.47897
20240517125016,225.32436
20240517130016,211.22608
20240517131016,207.4057
20240517132016,201.91308
20240517133016,195.54466
20240517134016,194.76147
20240517135016,191.12062
20240517140016,189.90703
20240517141016,188.27166
20240517142016,187.52131
20240517143016,187.17528
20240517144016,187.0783
20240517145016,187.1538
20240517150016,185.86136
20240517151016,185.2745
20240517152016,184.34563
20240517153016,183.8403
20240517154016,183.55681
20240517155016,183.515
20240517160016,204.08834
20240517161016,203.43944
20240517162016,196.53299
20240517163016,195.98405
20240517164016,196.07322
20240517165016,197.22659
20240519090016,228.23162
20240519091016,358.68861
20240519092016,373.18447
20240519093016,288.26656
20240519094016,241.51957
20240519095016,243.18187
20240519100016,233.65704
20240519101016,245.44701
20240519102016,250.91707
20240519103016,326.17322
20240519104016,365.31931
20240519105016,326.598
20240519110016,284.29046
20240519111016,262.36017
20240519112016,282.80472
20240519113016,290.57151
20240519114016,298.72065
20240519115016,256.82533
20240519120016,236.81371
20240519121016,235.4959
20240519122016,223.44161
20240519123016,231.89145
20240519124016,233.47897
20240519125016,225.32436
20240519130016,211.22608
20240519131016,207.4057
20240519132016,201.91308
20240519133016,195.54466
20240519134016,194.76147
20240519135016,191.12062
20240519140016,189.90703
20240519141016,188.27166
20240519142016,187.52131
20240519143016,187.17528
20240519144016,187.0783
20240519145016,187.1538
20240519150016,185.86136
20240519151016,185.2745
20240519152016,184.34563
20240519153016,183.8403
20240519154016,183.55681
20240519155016,183.515
20240519160016,204.08834
20240519161016,203.43944
20240519162016,196.53299
20240519163016,195.98405
20240519164016,196.07322
20240519165016,197.22659
20240608090016,591.62755
20240608091016,346.39651
20240608092016,389.56439
20240608093016,293.81904
20240608094016,272.23317
20240608095016,261.46568
20240608100016,309.59788
20240608101016,244.09647
20240608102016,297.34834
20240608103016,336.81693
20240608104016,326.58695
20240608105016,320.43645
20240608110016,284.29046
20240608111016,262.36017
20240608112016,282.80472
20240608113016,290.57151
20240608114016,298.72065
20240608115016,256.82533
20240608120016,236.81371
20240608121016,235.4959
20240608122016,223.44161
20240608123016,231.89145
20240608124016,233.47897
20240608125016,225.32436
20240608130016,211.22608
20240608131016,207.4057
20240608132016,201.91308
20240608133016,195.54466
20240608134016,194.76147
20240608135016,191.12062
20240608140016,189.90703
20240608141016,188.27166
20240608142016,187.52131
20240608143016,187.17528
20240608144016,187.0783
20240608145016,187.1538
20240608150016,185.86136
20240608151016,185.2745
20240608152016,184.34563
20240608153016,183.8403
20240608154016,183.55681
20240608155016,183.515
20240608160016,204.08834
20240608161016,203.43944
20240608162016,196.53299
20240608163016,195.98405
20240608164016,196.07322
20240608165016,197.22659
20240629090016,899.66965
20240629091016,780.71405
20240629092016,618.93272
20240629093016,554.10931
20240629094016,789.37845
20240629095016,687.001
20240629100016,549.6022
20240629101016,279.83917
20240629102016,306.35335
20240629103016,306.06373
20240629104016,327.6734
20240629105016,300.88275
20240629110016,284.29046
20240629111016,262.36017
20240629112016,282.80472
20240629113016,290.57151
20240629114016,298.72065
20240629115016,256.82533
20240629120016,236.81371
20240629121016,235.4959
20240629122016,223.44161
20240629123016,231.89145
20240629124016,233.47897
20240629125016,225.32436
20240629130016,211.22608
20240629131016,207.4057
20240629132016,201.91308
20240629133016,195.54466
20240629134016,194.76147
20240629135016,191.12062
20240629140016,189.90703
20240629141016,188.27166
20240629142016,187.52131
20240629143016,187.17528
20240629144016,187.0783
20240629145016,187.1538
20240629150016,185.86136
20240629151016,185.2745
20240629152016,184.34563
20240629153016,183.8403
20240629154016,183.55681
20240629155016,183.515
20240629160016,204.08834
20240629161016,203.43944
20240629162016,196.53299
20240629163016,195.98405
20240629164016,196.07322
20240629165016,197.22659
20240123090017,201.77821
20240123091017,446.08123
20240123092017,242.78737
20240123093017,292.20499
20240123094017,213.15359
20240123095017,217.05028
20240123100017,271.33411
20240123101017,244.81099
20240123102017,250.90217
20240123103017,293.89875
20240123104017,366.18854
20240123105017,329.61308
20240123110017,284.29046
20240123111017,262.36017
20240123112017,282.80472
20240123113017,290.57151
20240123114017,298.72065
20240123115017,256.82533
20240123120017,236.81371
20240123121017,235.4959
20240123122017,223.44161
20240123123017,231.89145
20240123124017,233.47897
20240123125017,225.32436
20240123130017,211.22608
20240123131017,207.4057
20240123132017,201.91308
20240123133017,195.54466
20240123134017,194.76147
20240123135017,191.12062
20240123140017,189.90703
20240123141017,188.27166
20240123142017,187.52131
20240123143017,187.17528
20240123144017,187.0783
20240123145017,187.1538
20240123150017,185.86136
20240123151017,185.2745
20240123152017,184.34563
20240123153017,183.8403
20240123154017,183.55681
20240123155017,183.515
20240123160017,204.08834
20240123161017,203.43944
20240123162017,196.53299
20240123163017,195.98405
20240123164017,196.07322
20240123165017,197.22659
20240129090017,222.76284
20240129091017,311.07723
20240129092017,285.38607
20240129093017,246.00586
20240129094017,217.05576
20240129095017,213.0677
20240129100017,232.96391
20240129101017,243.53
20240129102017,245.67953
20240129103017,295.27029
20240129104017,369.77546
20240129105017,331.15228
20240129110017,284.29046
20240129111017,262.36017
20240129112017,282.80472
20240129113017,290.57151
20240129114017,298.72065
20240129115017,256.82533
20240129120017,236.81371
20240129121017,235.4959
20240129122017,223.44161
20240129123017,231.89145
20240129124017,233.47897
20240129125017,225.32436
20240129130017,211.22608
20240129131017,207.4057
20240129132017,201.91308
20240129133017,195.54466
20240129134017,194.76147
20240129135017,191.12062
20240129140017,189.90703
20240129141017,188.27166
20240129142017,187.52131
20240129143017,187.17528
20240129144017,187.0783
20240129145017,187.1538
20240129150017,185.86136
20240129151017,185.2745
20240129152017,184.34563
20240129153017,183.8403
20240129154017,183.55681
20240129155017,183.515
20240129160017,204.08834
20240129161017,203.43944
20240129162017,196.53299
20240129163017,195.98405
20240129164017,196.07322
20240129165017,197.22659
20240215090017,579.23189
20240215091017,798.34834
20240215092017,707.97574
20240215093017,788.8408
20240215094017,443.34012
20240215095017,249.15867
20240215100017,287.58602
20240215101017,251.09422
20240215102017,273.78438
20240215103017,281.48392
20240215104017,313.4506
20240215105017,319.18068
20240215110017,284.29046
20240215111017,262.36017
20240215112017,282.80472
20240215113017,290.57151
20240215114017,298.72065
20240215115017,256.82533
20240215120017,236.81371
20240215121017,235.4959
20240215122017,223.44161
20240215123017,231.89145
20240215124017,233.47897
20240215125017,225.32436
20240215130017,211.22608
20240215131017,207.4057
20240215132017,201.91308
20240215133017,195.54466
20240215134017,194.76147
20240215135017,191.12062
20240215140017,189.90703
20240215141017,188.27166
20240215142017,187.52131
20240215143017,187.17528
20240215144017,187.0783
20240215145017,187.1538
20240215150017,185.86136
20240215151017,185.2745
20240215152017,184.34563
20240215153017,183.8403
20240215154017,183.55681
20240215155017,183.515
20240215160017,204.08834
20240215161017,203.43944
20240215162017,196.53299
20240215163017,195.98405
20240215164017,196.07322
20240215165017,197.22659
20240218090017,461.49794
20240218091017,676.49492
20240218092017,299.6598
20240218093017,269.71363
20240218094017,304.86492
20240218095017,375.29336
20240218100017,257.46519
20240218101017,242.08281
20240218102017,244.87602
20240218103017,295.69467
20240218104017,337.7392
20240218105017,324.43223
20240218110017,284.29046
20240218111017,262.36017
20240218112017,282.80472
20240218113017,290.57151
20240218114017,298.72065
20240218115017,256.82533
20240218120017,236.81371
20240218121017,235.4959
20240218122017,223.44161
20240218123017,231.89145
20240218124017,233.47897
20240218125017,225.32436
20240218130017,211.22608
20240218131017,207.4057
20240218132017,201.91308
20240218133017,195.54466
20240218134017,194.76147
20240218135017,191.12062
20240218140017,189.90703
20240218141017,188.27166
20240218142017,187.52131
20240218143017,187.17528
20240218144017,187.0783
20240218145017,187.1538
20240218150017,185.86136
20240218151017,185.2745
20240218152017,184.34563
20240218153017,183.8403
20240218154017,183.55681
20240218155017,183.515
20240218160017,204.08834
20240218161017,203.43944
20240218162017,196.53299
20240218163017,195.98405
20240218164017,196.07322
20240218165017,197.22659
20240305090017,634.83366
20240305091017,347.58598
20240305092017,286.92928
20240305093017,243.84811
20240305094017,247.75251
20240305095017,248.64914
20240305100017,277.25538
20240305101017,272.82984
20240305102017,290.76327
20240305103017,290.06376
20240305104017,295.14643
20240305105017,294.06825
20240305110017,284.29046
20240305111017,262.36017
20240305112017,282.80472
20240305113017,290.57151
20240305114017,298.72065
20240305115017,256.82533
20240305120017,236.81371
20240305121017,235.4959
20240305122017,223.44161
20240305123017,231.89145
20240305124017,233.47897
20240305125017,225.32436
20240305130017,211.22608
20240305131017,207.4057
20240305132017,201.91308
20240305133017,195.54466
20240305134017,194.76147
20240305135017,191.12062
20240305140017,189.90703
20240305141017,188.27166
20240305142017,187.52131
20240305143017,187.17528
20240305144017,187.0783
20240305145017,187.1538
20240305150017,185.86136
20240305151017,185.2745
20240305152017,184.34563
20240305153017,183.8403
20240305154017,183.55681
20240305155017,183.515
20240305160017,204.08834
20240305161017,203.43944
20240305162017,196.53299
20240305163017,195.98405
20240305164017,196.07322
20240305165017,197.22659
20240309090017,212.40726
20240309091017,237.28425
20240309092017,402.02686
20240309093017,258.47809
20240309094017,227.56079
20240309095017,277.9969
20240309100017,471.47062
20240309101017,263.41698
20240309102017,252.24362
20240309103017,319.6421
20240309104017,349.71183
20240309105017,326.71617
20240309110017,284.29046
20240309111017,262.36017
20240309112017,282.80472
20240309113017,290.57151
20240309114017,298.72065
20240309115017,256.82533
20240309120017,236.81371
20240309121017,235.4959
20240309122017,223.44161
20240309123017,231.89145
20240309124017,233.47897
20240309125017,225.32436
20240309130017,211.22608
20240309131017,207.4057
20240309132017,201.91308
20240309133017,195.54466
20240309134017,194.76147
20240309135017,191.12062
20240309140017,189.90703
20240309141017,188.27166
20240309142017,187.52131
20240309143017,187.17528
20240309144017,187.0783
20240309145017,187.1538
20240309150017,185.86136
20240309151017,185.2745
20240309152017,184.34563
20240309153017,183.8403
20240309154017,183.55681
20240309155017,183.515
20240309160017,204.08834
20240309161017,203.43944
20240309162017,196.53299
20240309163017,195.98405
20240309164017,196.07322
20240309165017,197.22659
20240311090017,209.12611
20240311091017,251.56074
20240311092017,312.04389
20240311093017,249.66168
20240311094017,232.32057
20240311095017,271.88045
20240311100017,396.00017
20240311101017,252.5471
20240311102017,251.18293
20240311103017,320.86429
20240311104017,358.79403
20240311105017,326.71617
20240311110017,284.29046
20240311111017,262.36017
20240311112017,282.80472
20240311113017,290.57151
20240311114017,298.72065
20240311115017,256.82533
20240311120017,236.81371
20240311121017,235.4959
20240311122017,223.44161
20240311123017,231.89145
20240311124017,233.47897
20240311125017,225.32436
20240311130017,211.22608
20240311131017,207.4057
20240311132017,201.91308
20240311133017,195.54466
20240311134017,194.76147
20240311135017,191.12062
20240311140017,189.90703
20240311141017,188.27166
20240311142017,187.52131
20240311143017,187.17528
20240311144017,187.0783
20240311145017,187.1538
20240311150017,185.86136
20240311151017,185.2745
20240311152017,184.34563
20240311153017,183.8403
20240311154017,183.55681
20240311155017,183.515
20240311160017,204.08834
20240311161017,203.43944
20240311162017,196.53299
20240311163017,195.98405
20240311164017,196.07322
20240311165017,197.22659
20240403090017,690.31585
20240403091017,468.39309
20240403092017,368.1025
20240403093017,341.70193
20240403094017,378.33185
20240403095017,346.09926
20240403100017,289.97772
20240403101017,278.66716
20240403102017,313.492
20240403103017,286.85807
20240403104017,314.12988
20240403105017,296.61444
20240403110017,284.29046
20240403111017,262.36017
20240403112017,282.80472
20240403113017,290.57151
20240403114017,298.72065
20240403115017,256.82533
20240403120017,236.81371
20240403121017,235.4959
20240403122017,223.44161
20240403123017,231.89145
20240403124017,233.47897
20240403125017,225.32436
20240403130017,211.22608
20240403131017,207.4057
20240403132017,201.91308
20240403133017,195.54466
20240403134017,194.76147
20240403135017,191.12062
20240403140017,189.90703
20240403141017,188.27166
20240403142017,187.52131
20240403143017,187.17528
20240403144017,187.0783
20240403145017,187.1538
20240403150017,185.86136
20240403151017,185.2745
20240403152017,184.34563
20240403153017,183.8403
20240403154017,183.55681
20240403155017,183.515
20240403160017,204.08834
20240403161017,203.43944
20240403162017,196.53299
20240403163017,195.98405
20240403164017,196.07322
20240403165017,197.22659
20240507090017,618.13983
20240507091017,429.74754
20240507092017,288.08522
20240507093017,249.79653
20240507094017,246.50877
20240507095017,244.31461
20240507100017,259.74401
20240507101017,272.39198
20240507102017,306.19342
20240507103017,295.6055
20240507104017,300.43588
20240507105017,300.44969
20240507110017,284.29046
20240507111017,262.36017
20240507112017,282.80472
20240507113017,290.57151
20240507114017,298.72065
20240507115017,256.82533
20240507120017,236.81371
20240507121017,235.4959
20240507122017,223.44161
20240507123017,231.89145
20240507124017,233.47897
20240507125017,225.32436
20240507130017,211.22608
20240507131017,207.4057
20240507132017,201.91308
20240507133017,195.54466
20240507134017,194.76147
20240507135017,191.12062
20240507140017,189.90703
20240507141017,188.27166
20240507142017,187.52131
20240507143017,187.17528
20240507144017,187.0783
20240507145017,187.1538
20240507150017,185.86136
20240507151017,185.2745
20240507152017,184.34563
20240507153017,183.8403
20240507154017,183.55681
20240507155017,183.515
20240507160017,204.08834
20240507161017,203.43944
20240507162017,196.53299
20240507163017,195.98405
20240507164017,196.07322
20240507165017,197.22659
20240528090017,188.43382
20240528091017,287.46107
20240528092017,231.63558
20240528093017,218.61493
20240528094017,234.35056
20240528095017,227.67731
20240528100017,213.47721
20240528101017,224.19947
20240528102017,243.95325
20240528103017,305.72938
20240528104017,376.93863
20240528105017,331.77784
20240528110017,284.29046
20240528111017,262.36017
20240528112017,282.80472
20240528113017,290.57151
20240528114017,298.72065
20240528115017,256.82533
20240528120017,236.81371
20240528121017,235.4959
20240528122017,223.44161
20240528123017,231.89145
20240528124017,233.47897
20240528125017,225.32436
20240528130017,211.22608
20240528131017,207.4057
20240528132017,201.91308
20240528133017,195.54466
20240528134017,194.76147
20240528135017,191.12062
20240528140017,189.90703
20240528141017,188.27166
20240528142017,187.52131
20240528143017,187.17528
20240528144017,187.0783
20240528145017,187.1538
20240528150017,185.86136
20240528151017,185.2745
20240528152017,184.34563
20240528153017,183.8403
20240528154017,183.55681
20240528155017,183.515
20240528160017,204.08834
20240528161017,203.43944
20240528162017,196.53299
20240528163017,195.98405
20240528164017,196.07322
20240528165017,197.22659
20240614090017,193.27808
20240614091017,344.23312
20240614092017,297.50364
20240614093017,244.15595
20240614094017,216.18501
20240614095017,234.14058
20240614100017,214.89669
20240614101017,232.27123
20240614102017,243.77154
20240614103017,319.83077
20240614104017,376.11712
20240614105017,327.45982
20240614110017,284.29046
20240614111017,262.36017
20240614112017,282.80472
20240614113017,290.57151
20240614114017,298.72065
20240614115017,256.82533
20240614120017,236.81371
20240614121017,235.4959
20240614122017,223.44161
20240614123017,231.89145
20240614124017,233.47897
20240614125017,225.32436
20240614130017,211.22608
20240614131017,207.4057
20240614132017,201.91308
20240614133017,195.54466
20240614134017,194.76147
20240614135017,191.12062
20240614140017,189.90703
20240614141017,188.27166
20240614142017,187.52131
20240614143017,187.17528
20240614144017,187.0783
20240614145017,187.1538
20240614150017,185.86136
20240614151017,185.2745
20240614152017,184.34563
20240614153017,183.8403
20240614154017,183.55681
20240614155017,183.515
20240614160017,204.08834
20240614161017,203.43944
20240614162017,196.53299
20240614163017,195.98405
20240614164017,196.07322
20240614165017,197.22659
20240619090017,483.48312
20240619091017,425.05082
20240619092017,362.91639
20240619093017,495.47477
20240619094017,448.44131
20240619095017,343.02237
20240619100017,324.72762
20240619101017,243.7748
20240619102017,277.8312
20240619103017,281.88463
20240619104017,318.47092
20240619105017,320.64242
20240619110017,284.29046
20240619111017,262.36017
20240619112017,282.80472
20240619113017,290.57151
20240619114017,298.72065
20240619115017,256.82533
20240619120017,236.81371
20240619121017,235.4959
20240619122017,223.44161
20240619123017,231.89145
20240619124017,233.47897
20240619125017,225.32436
20240619130017,211.22608
20240619131017,207.4057
20240619132017,201.91308
20240619133017,195.54466
20240619134017,194.76147
20240619135017,191.12062
20240619140017,189.90703
20240619141017,188.27166
20240619142017,187.52131
20240619143017,187.17528
20240619144017,187.0783
20240619145017,187.1538
20240619150017,185.86136
20240619151017,185.2745
20240619152017,184.34563
20240619153017,183.8403
20240619154017,183.55681
20240619155017,183.515
20240619160017,204.08834
20240619161017,203.43944
20240619162017,196.53299
20240619163017,195.98405
20240619164017,196.07322
20240619165017,197.22659
20240627090017,589.07177
20240627091017,371.9852
20240627092017,412.48289
20240627093017,479.16453
20240627094017,603.31473
20240627095017,543.252
20240627100017,388.8441
20240627101017,273.67417
20240627102017,291.1572
20240627103017,284.47645
20240627104017,305.09536
20240627105017,305.46079
20240627110017,284.29046
20240627111017,262.36017
20240627112017,282.80472
20240627113017,290.57151
20240627114017,298.72065
20240627115017,256.82533
20240627120017,236.81371
20240627121017,235.4959
20240627122017,223.44161
20240627123017,231.89145
20240627124017,233.47897
20240627125017,225.32436
20240627130017,211.22608
20240627131017,207.4057
20240627132017,201.91308
20240627133017,195.54466
20240627134017,194.76147
20240627135017,191.12062
20240627140017,189.90703
20240627141017,188.27166
20240627142017,187.52131
20240627143017,187.17528
20240627144017,187.0783
20240627145017,187.1538
20240627150017,185.86136
20240627151017,185.2745
20240627152017,184.34563
20240627153017,183.8403
20240627154017,183.55681
20240627155017,183.515
20240627160017,204.08834
20240627161017,203.43944
20240627162017,196.53299
20240627163017,195.98405
20240627164017,196.07322
20240627165017,197.22659
20240629090017,643.51582
20240629091017,416.24853
20240629092017,383.20932
20240629093017,456.8485
20240629094017,543.5685
20240629095017,491.28025
20240629100017,336.11035
20240629101017,277.726
20240629102017,287.53617
20240629103017,280.45162
20240629104017,307.4353
20240629105017,300.31431
20240629110017,284.29046
20240629111017,262.36017
20240629112017,282.80472
20240629113017,290.57151
20240629114017,298.72065
20240629115017,256.82533
20240629120017,236.81371
20240629121017,235.4959
20240629122017,223.44161
20240629123017,231.89145
20240629124017,233.47897
20240629125017,225.32436
20240629130017,211.22608
20240629131017,207.4057
20240629132017,201.91308
20240629133017,195.54466
20240629134017,194.76147
20240629135017,191.12062
20240629140017,189.90703
20240629141017,188.27166
20240629142017,187.52131
20240629143017,187.17528
20240629144017,187.0783
20240629145017,187.1538
20240629150017,185.86136
20240629151017,185.2745
20240629152017,184.34563
20240629153017,183.8403
20240629154017,183.55681
20240629155017,183.515
20240629160017,204.08834
20240629161017,203.43944
20240629162017,196.53299
20240629163017,195.98405
20240629164017,196.07322
20240629165017,197.22659
20240704090017,667.84675
20240704091017,534.85223
20240704092017,509.42473
20240704093017,472.7233
20240704094017,470.49006
20240704095017,529.12763
20240704100017,296.77403
20240704101017,293.53956
20240704102017,276.92049
20240704103017,280.0491
20240704104017,320.77176
20240704105017,295.38831
20240704110017,284.29046
20240704111017,262.36017
20240704112017,282.80472
20240704113017,290.57151
20240704114017,298.72065
20240704115017,256.82533
20240704120017,236.81371
20240704121017,235.4959
20240704122017,223.44161
20240704123017,231.89145
20240704124017,233.47897
20240704125017,225.32436
20240704130017,211.22608
20240704131017,207.4057
20240704132017,201.91308
20240704133017,195.54466
20240704134017,194.76147
20240704135017,191.12062
20240704140017,189.90703
20240704141017,188.27166
20240704142017,187.52131
20240704143017,187.17528
20240704144017,187.0783
20240704145017,187.1538
20240704150017,185.86136
20240704151017,185.2745
20240704152017,184.34563
20240704153017,183.8403
20240704154017,183.55681
20240704155017,183.515
20240704160017,204.08834
20240704161017,203.43944
20240704162017,196.53299
20240704163017,195.98405
20240704164017,196.07322
20240704165017,197.22659
20240706090017,668.4665
20240706091017,546.29541
20240706092017,518.05027
20240706093017,457.46105
20240706094017,487.15258
20240706095017,550.29977
20240706100017,303.92186
20240706101017,293.57139
20240706102017,275.32606
20240706103017,280.0491
20240706104017,320.66718
20240706105017,295.43168
20240706110017,284.29046
20240706111017,262.36017
20240706112017,282.80472
20240706113017,290.57151
20240706114017,298.72065
20240706115017,256.82533
20240706120017,236.81371
20240706121017,235.4959
20240706122017,223.44161
20240706123017,231.89145
20240706124017,233.47897
20240706125017,225.32436
20240706130017,211.22608
20240706131017,207.4057
20240706132017,201.91308
20240706133017,195.54466
20240706134017,194.76147
20240706135017,191.12062
20240706140017,189.90703
20240706141017,188.27166
20240706142017,187.52131
20240706143017,187.17528
20240706144017,187.0783
20240706145017,187.1538
20240706150017,185.86136
20240706151017,185.2745
20240706152017,184.34563
20240706153017,183.8403
20240706154017,183.55681
20240706155017,183.515
20240706160017,204.08834
20240706161017,203.43944
20240706162017,196.53299
20240706163017,195.98405
20240706164017,196.07322
20240706165017,197.22659
20240328090008,235.83152
20240328091008,482.72451
20240328092008,464.7774
20240328093008,237.92983
20240328094008,299.23904
20240328095008,210.34022
20240328100008,274.79781
20240328101008,243.31178
20240328102008,249.36032
20240328103008,278.54445
20240328104008,331.00327
20240328105008,331.02881
20240328110008,284.29046
20240328111008,262.36017
20240328112008,282.80472
20240328113008,290.57151
20240328114008,298.72065
20240328115008,256.82533
20240328120008,236.81371
20240328121008,235.4959
20240328122008,223.44161
20240328123008,231.89145
20240328124008,233.47897
20240328125008,225.32436
20240328130008,211.22608
20240328131008,207.4057
20240328132008,201.91308
20240328133008,195.54466
20240328134008,194.76147
20240328135008,191.12062
20240328140008,189.90703
20240328141008,188.27166
20240328142008,187.52131
20240328143008,187.17528
20240328144008,187.0783
20240328145008,187.1538
20240328150008,185.86136
20240328151008,185.2745
20240328152008,184.34563
20240328153008,183.8403
20240328154008,183.55681
20240328155008,183.515
20240328160008,204.08834
20240328161008,203.43944
20240328162008,196.53299
20240328163008,195.98405
20240328164008,196.07322
20240328165008,197.22659
20240508090008,196.36912
20240508091008,248.84578
20240508092008,261.41642
20240508093008,249.17612
20240508094008,235.88702
20240508095008,230.75936
20240508100008,226.79783
20240508101008,241.70511
20240508102008,245.30447
20240508103008,320.26102
20240508104008,372.18043
20240508105008,326.96313
20240508110008,284.29046
20240508111008,262.36017
20240508112008,282.80472
20240508113008,290.57151
20240508114008,298.72065
20240508115008,256.82533
20240508120008,236.81371
20240508121008,235.4959
20240508122008,223.44161
20240508123008,231.89145
20240508124008,233.47897
20240508125008,225.32436
20240508130008,211.22608
20240508131008,207.4057
20240508132008,201.91308
20240508133008,195.54466
20240508134008,194.76147
20240508135008,191.12062
20240508140008,189.90703
20240508141008,188.27166
20240508142008,187.52131
20240508143008,187.17528
20240508144008,187.0783
20240508145008,187.1538
20240508150008,185.86136
20240508151008,185.2745
20240508152008,184.34563
20240508153008,183.8403
20240508154008,183.55681
20240508155008,183.515
20240508160008,204.08834
20240508161008,203.43944
20240508162008,196.53299
20240508163008,195.98405
20240508164008,196.07322
20240508165008,197.22659
20240521090008,192.31988
20240521091008,293.41008
20240521092008,272.11664
20240521093008,250.56519
20240521094008,257.05606
20240521095008,230.49731
20240521100008,218.92553
20240521101008,234.7005
20240521102008,244.63602
20240521103008,317.54969
20240521104008,381.62159
20240521105008,331.24351
20240521110008,284.29046
20240521111008,262.36017
20240521112008,282.80472
20240521113008,290.57151
20240521114008,298.72065
20240521115008,256.82533
20240521120008,236.81371
20240521121008,235.4959
20240521122008,223.44161
20240521123008,231.89145
20240521124008,233.47897
20240521125008,225.32436
20240521130008,211.22608
20240521131008,207.4057
20240521132008,201.91308
20240521133008,195.54466
20240521134008,194.76147
20240521135008,191.12062
20240521140008,189.90703
20240521141008,188.27166
20240521142008,187.52131
20240521143008,187.17528
20240521144008,187.0783
20240521145008,187.1538
20240521150008,185.86136
20240521151008,185.2745
20240521152008,184.34563
20240521153008,183.8403
20240521154008,183.55681
20240521155008,183.515
20240521160008,204.08834
20240521161008,203.43944
20240521162008,196.53299
20240521163008,195.98405
20240521164008,196.07322
20240521165008,197.22659
20240618090008,233.31374
20240618091008,353.93347
20240618092008,286.54059
20240618093008,237.57228
20240618094008,229.71973
20240618095008,238.0056
20240618100008,226.91345
20240618101008,240.47418
20240618102008,255.15845
20240618103008,326.29661
20240618104008,350.05626
20240618105008,325.46822
20240618110008,284.29046
20240618111008,262.36017
20240618112008,282.80472
20240618113008,290.57151
20240618114008,298.72065
20240618115008,256.82533
20240618120008,236.81371
20240618121008,235.4959
20240618122008,223.44161
20240618123008,231.89145
20240618124008,233.47897
20240618125008,225.32436
20240618130008,211.22608
20240618131008,207.4057
20240618132008,201.91308
20240618133008,195.54466
20240618134008,194.76147
20240618135008,191.12062
20240618140008,189.90703
20240618141008,188.27166
20240618142008,187.52131
20240618143008,187.17528
20240618144008,187.0783
20240618145008,187.1538
20240618150008,185.86136
20240618151008,185.2745
20240618152008,184.34563
20240618153008,183.8403
20240618154008,183.55681
20240618155008,183.515
20240618160008,204.08834
20240618161008,203.43944
20240618162008,196.53299
20240618163008,195.98405
20240618164008,196.07322
20240618165008,197.22659
20240630090008,192.93538
20240630091008,511.8401
20240630092008,474.56859
20240630093008,271.4216
20240630094008,391.02199
20240630095008,215.85003
20240630100008,230.44721
20240630101008,271.03731
20240630102008,279.07897
20240630103008,286.46155
20240630104008,329.60414
20240630105008,325.76613
20240630110008,284.29046
20240630111008,262.36017
20240630112008,282.80472
20240630113008,290.57151
20240630114008,298.72065
20240630115008,256.82533
20240630120008,236.81371
20240630121008,235.4959
20240630122008,223.44161
20240630123008,231.89145
20240630124008,233.47897
20240630125008,225.32436
20240630130008,211.22608
20240630131008,207.4057
20240630132008,201.91308
20240630133008,195.54466
20240630134008,194.76147
20240630135008,191.12062
20240630140008,189.90703
20240630141008,188.27166
20240630142008,187.52131
20240630143008,187.17528
20240630144008,187.0783
20240630145008,187.1538
20240630150008,185.86136
20240630151008,185.2745
20240630152008,184.34563
20240630153008,183.8403
20240630154008,183.55681
20240630155008,183.515
20240630160008,204.08834
20240630161008,203.43944
20240630162008,196.53299
20240630163008,195.98405
20240630164008,196.07322
20240630165008,197.22659
20240702090008,192.97504
20240702091008,499.78672
20240702092008,534.70678
20240702093008,232.95122
20240702094008,483.90851
20240702095008,213.60001
20240702100008,223.27679
20240702101008,238.61898
20240702102008,277.45948
20240702103008,280.67914
20240702104008,344.85674
20240702105008,330.48579
20240702110008,284.29046
20240702111008,262.36017
20240702112008,282.80472
20240702113008,290.57151
20240702114008,298.72065
20240702115008,256.82533
20240702120008,236.81371
20240702121008,235.4959
20240702122008,223.44161
20240702123008,231.89145
20240702124008,233.47897
20240702125008,225.32436
20240702130008,211.22608
20240702131008,207.4057
20240702132008,201.91308
20240702133008,195.54466
20240702134008,194.76147
20240702135008,191.12062
20240702140008,189.90703
20240702141008,188.27166
20240702142008,187.52131
20240702143008,187.17528
20240702144008,187.0783
20240702145008,187.1538
20240702150008,185.86136
20240702151008,185.2745
20240702152008,184.34563
20240702153008,183.8403
20240702154008,183.55681
20240702155008,183.515
20240702160008,204.08834
20240702161008,203.43944
20240702162008,196.53299
20240702163008,195.98405
20240702164008,196.07322
20240702165008,197.22659
20240812090008,192.98218
20240812091008,692.08412
20240812092008,535.37525
20240812093008,226.37003
20240812094008,352.86589
20240812095008,213.11581
20240812100008,224.62029
20240812101008,250.06879
20240812102008,279.05245
20240812103008,279.92009
20240812104008,330.93066
20240812105008,327.35579
20240812110008,284.29046
20240812111008,262.36017
20240812112008,282.80472
20240812113008,290.57151
20240812114008,298.72065
20240812115008,256.82533
20240812120008,236.81371
20240812121008,235.4959
20240812122008,223.44161
20240812123008,231.89145
20240812124008,233.47897
20240812125008,225.32436
20240812130008,211.22608
20240812131008,207.4057
20240812132008,201.91308
20240812133008,195.54466
20240812134008,194.76147
20240812135008,191.12062
20240812140008,189.90703
20240812141008,188.27166
20240812142008,187.52131
20240812143008,187.17528
20240812144008,187.0783
20240812145008,187.1538
20240812150008,185.86136
20240812151008,185.2745
20240812152008,184.34563
20240812153008,183.8403
20240812154008,183.55681
20240812155008,183.515
20240812160008,204.08834
20240812161008,203.43944
20240812162008,196.53299
20240812163008,195.98405
20240812164008,196.07322
20240812165008,197.22659
20240828090008,192.87426
20240828091008,631.72163
20240828092008,536.29878
20240828093008,226.87346
20240828094008,382.15617
20240828095008,215.81256
20240828100008,230.4515
20240828101008,249.78939
20240828102008,279.14216
20240828103008,280.67914
20240828104008,332.14095
20240828105008,327.44925
20240828110008,284.29046
20240828111008,262.36017
20240828112008,282.80472
20240828113008,290.57151
20240828114008,298.72065
20240828115008,256.82533
20240828120008,236.81371
20240828121008,235.4959
20240828122008,223.44161
20240828123008,231.89145
20240828124008,233.47897
20240828125008,225.32436
20240828130008,211.22608
20240828131008,207.4057
20240828132008,201.91308
20240828133008,195.54466
20240828134008,194.76147
20240828135008,191.12062
20240828140008,189.90703
20240828141008,188.27166
20240828142008,187.52131
20240828143008,187.17528
20240828144008,187.0783
20240828145008,187.1538
20240828150008,185.86136
20240828151008,185.2745
20240828152008,184.34563
20240828153008,183.8403
20240828154008,183.55681
20240828155008,183.515
20240828160008,204.08834
20240828161008,203.43944
20240828162008,196.53299
20240828163008,195.98405
20240828164008,196.07322
20240828165008,197.22659
20240307090010,187.79668
20240307091010,207.86295
20240307092010,215.71377
20240307093010,227.10665
20240307094010,245.72741
20240307095010,212.73472
20240307100010,240.06403
20240307101010,243.58725
20240307102010,250.92009
20240307103010,302.83715
20240307104010,382.38793
20240307105010,334.83772
20240307110010,284.29046
20240307111010,262.36017
20240307112010,282.80472
20240307113010,290.57151
20240307114010,298.72065
20240307115010,256.82533
20240307120010,236.81371
20240307121010,235.4959
20240307122010,223.44161
20240307123010,231.89145
20240307124010,233.47897
20240307125010,225.32436
20240307130010,211.22608
20240307131010,207.4057
20240307132010,201.91308
20240307133010,195.54466
20240307134010,194.76147
20240307135010,191.12062
20240307140010,189.90703
20240307141010,188.27166
20240307142010,187.52131
20240307143010,187.17528
20240307144010,187.0783
20240307145010,187.1538
20240307150010,185.86136
20240307151010,185.2745
20240307152010,184.34563
20240307153010,183.8403
20240307154010,183.55681
20240307155010,183.515
20240307160010,204.08834
20240307161010,203.43944
20240307162010,196.53299
20240307163010,195.98405
20240307164010,196.07322
20240307165010,197.22659
20240310090010,188.48075
20240310091010,207.38029
20240310092010,212.65374
20240310093010,215.78966
20240310094010,209.38479
20240310095010,212.80255
20240310100010,240.36947
20240310101010,241.79876
20240310102010,251.03278
20240310103010,305.12179
20240310104010,374.68805
20240310105010,331.8162
20240310110010,284.29046
20240310111010,262.36017
20240310112010,282.80472
20240310113010,290.57151
20240310114010,298.72065
20240310115010,256.82533
20240310120010,236.81371
20240310121010,235.4959
20240310122010,223.44161
20240310123010,231.89145
20240310124010,233.47897
20240310125010,225.32436
20240310130010,211.22608
20240310131010,207.4057
20240310132010,201.91308
20240310133010,195.54466
20240310134010,194.76147
20240310135010,191.12062
20240310140010,189.90703
20240310141010,188.27166
20240310142010,187.52131
20240310143010,187.17528
20240310144010,187.0783
20240310145010,187.1538
20240310150010,185.86136
20240310151010,185.2745
20240310152010,184.34563
20240310153010,183.8403
20240310154010,183.55681
20240310155010,183.515
20240310160010,204.08834
20240310161010,203.43944
20240310162010,196.53299
20240310163010,195.98405
20240310164010,196.07322
20240310165010,197.22659
20240423090010,201.70193
20240423091010,315.92572
20240423092010,291.15308
20240423093010,244.95906
20240423094010,227.25153
20240423095010,228.71617
20240423100010,224.6955
20240423101010,245.04706
20240423102010,244.01734
20240423103010,321.30493
20240423104010,370.42109
20240423105010,326.77369
20240423110010,284.29046
20240423111010,262.36017
20240423112010,282.80472
20240423113010,290.57151
20240423114010,298.72065
20240423115010,256.82533
20240423120010,236.81371
20240423121010,235.4959
20240423122010,223.44161
20240423123010,231.89145
20240423124010,233.47897
20240423125010,225.32436
20240423130010,211.22608
20240423131010,207.4057
20240423132010,201.91308
20240423133010,195.54466
20240423134010,194.76147
20240423135010,191.12062
20240423140010,189.90703
20240423141010,188.27166
20240423142010,187.52131
20240423143010,187.17528
20240423144010,187.0783
20240423145010,187.1538
20240423150010,185.86136
20240423151010,185.2745
20240423152010,184.34563
20240423153010,183.8403
20240423154010,183.55681
20240423155010,183.515
20240423160010,204.08834
20240423161010,203.43944
20240423162010,196.53299
20240423163010,195.98405
20240423164010,196.07322
20240423165010,197.22659
20240519090010,199.44715
20240519091010,293.31831
20240519092010,289.4191
20240519093010,253.78793
20240519094010,259.4211
20240519095010,234.6041
20240519100010,224.87766
20240519101010,236.72914
20240519102010,245.19752
20240519103010,318.39246
20240519104010,380.57151
20240519105010,330.81784
20240519110010,284.29046
20240519111010,262.36017
20240519112010,282.80472
20240519113010,290.57151
20240519114010,298.72065
20240519115010,256.82533
20240519120010,236.81371
20240519121010,235.4959
20240519122010,223.44161
20240519123010,231.89145
20240519124010,233.47897
20240519125010,225.32436
20240519130010,211.22608
20240519131010,207.4057
20240519132010,201.91308
20240519133010,195.54466
20240519134010,194.76147
20240519135010,191.12062
20240519140010,189.90703
20240519141010,188.27166
20240519142010,187.52131
20240519143010,187.17528
20240519144010,187.0783
20240519145010,187.1538
20240519150010,185.86136
20240519151010,185.2745
20240519152010,184.34563
20240519153010,183.8403
20240519154010,183.55681
20240519155010,183.515
20240519160010,204.08834
20240519161010,203.43944
20240519162010,196.53299
20240519163010,195.98405
20240519164010,196.07322
20240519165010,197.22659
20240619090010,374.50746
20240619091010,367.34896
20240619092010,414.70132
20240619093010,392.90039
20240619094010,584.06601
20240619095010,221.80277
20240619100010,327.66818
20240619101010,252.80918
20240619102010,279.82763
20240619103010,281.81021
20240619104010,311.14731
20240619105010,320.77414
20240619110010,284.29046
20240619111010,262.36017
20240619112010,282.80472
20240619113010,290.57151
20240619114010,298.72065
20240619115010,256.82533
20240619120010,236.81371
20240619121010,235.4959
20240619122010,223.44161
20240619123010,231.89145
20240619124010,233.47897
20240619125010,225.32436
20240619130010,211.22608
20240619131010,207.4057
20240619132010,201.91308
20240619133010,195.54466
20240619134010,194.76147
20240619135010,191.12062
20240619140010,189.90703
20240619141010,188.27166
20240619142010,187.52131
20240619143010,187.17528
20240619144010,187.0783
20240619145010,187.1538
20240619150010,185.86136
20240619151010,185.2745
20240619152010,184.34563
20240619153010,183.8403
20240619154010,183.55681
20240619155010,183.515
20240619160010,204.08834
20240619161010,203.43944
20240619162010,196.53299
20240619163010,195.98405
20240619164010,196.07322
20240619165010,197.22659
20240711090010,330.61278
20240711091010,274.35709
20240711092010,375.93
20240711093010,414.44715
20240711094010,719.39287
20240711095010,315.52776
20240711100010,383.22295
20240711101010,288.82543
20240711102010,245.4376
20240711103010,273.17503
20240711104010,304.1211
20240711105010,304.97899
20240711110010,284.29046
20240711111010,262.36017
20240711112010,282.80472
20240711113010,290.57151
20240711114010,298.72065
20240711115010,256.82533
20240711120010,236.81371
20240711121010,235.4959
20240711122010,223.44161
20240711123010,231.89145
20240711124010,233.47897
20240711125010,225.32436
20240711130010,211.22608
20240711131010,207.4057
20240711132010,201.91308
20240711133010,195.54466
20240711134010,194.76147
20240711135010,191.12062
20240711140010,189.90703
20240711141010,188.27166
20240711142010,187.52131
20240711143010,187.17528
20240711144010,187.0783
20240711145010,187.1538
20240711150010,185.86136
20240711151010,185.2745
20240711152010,184.34563
20240711153010,183.8403
20240711154010,183.55681
20240711155010,183.515
20240711160010,204.08834
20240711161010,203.43944
20240711162010,196.53299
20240711163010,195.98405
20240711164010,196.07322
20240711165010,197.22659
20240207090017,446.31897
20240207091017,487.95376
20240207092017,345.78164
20240207093017,239.92435
20240207094017,216.05203
20240207095017,227.36299
20240207100017,225.37946
20240207101017,236.4461
20240207102017,243.90875
20240207103017,295.54456
20240207104017,370.39849
20240207105017,329.95083
20240207110017,284.29046
20240207111017,262.36017
20240207112017,282.80472
20240207113017,290.57151
20240207114017,298.72065
20240207115017,256.82533
20240207120017,236.81371
20240207121017,235.4959
20240207122017,223.44161
20240207123017,231.89145
20240207124017,233.47897
20240207125017,225.32436
20240207130017,211.22608
20240207131017,207.4057
20240207132017,201.91308
20240207133017,195.54466
20240207134017,194.76147
20240207135017,191.12062
20240207140017,189.90703
20240207141017,188.27166
20240207142017,187.52131
20240207143017,187.17528
20240207144017,187.0783
20240207145017,187.1538
20240207150017,185.86136
20240207151017,185.2745
20240207152017,184.34563
20240207153017,183.8403
20240207154017,183.55681
20240207155017,183.515
20240207160017,204.08834
20240207161017,203.43944
20240207162017,196.53299
20240207163017,195.98405
20240207164017,196.07322
20240207165017,197.22659
20240224090017,231.67565
20240224091017,474.78437
20240224092017,298.63995
20240224093017,239.27908
20240224094017,220.30725
20240224095017,217.30311
20240224100017,227.4522
20240224101017,240.82596
20240224102017,244.62124
20240224103017,295.42535
20240224104017,368.2008
20240224105017,328.91725
20240224110017,284.29046
20240224111017,262.36017
20240224112017,282.80472
20240224113017,290.57151
20240224114017,298.72065
20240224115017,256.82533
20240224120017,236.81371
20240224121017,235.4959
20240224122017,223.44161
20240224123017,231.89145
20240224124017,233.47897
20240224125017,225.32436
20240224130017,211.22608
20240224131017,207.4057
20240224132017,201.91308
20240224133017,195.54466
20240224134017,194.76147
20240224135017,191.12062
20240224140017,189.90703
20240224141017,188.27166
20240224142017,187.52131
20240224143017,187.17528
20240224144017,187.0783
20240224145017,187.1538
20240224150017,185.86136
20240224151017,185.2745
20240224152017,184.34563
20240224153017,183.8403
20240224154017,183.55681
20240224155017,183.515
20240224160017,204.08834
20240224161017,203.43944
20240224162017,196.53299
20240224163017,195.98405
20240224164017,196.07322
20240224165017,197.22659
20240318090017,189.34456
20240318091017,238.51813
20240318092017,232.97295
20240318093017,226.85639
20240318094017,210.97379
20240318095017,220.7588
20240318100017,249.93399
20240318101017,241.83477
20240318102017,245.64275
20240318103017,313.47614
20240318104017,370.75552
20240318105017,326.86703
20240318110017,284.29046
20240318111017,262.36017
20240318112017,282.80472
20240318113017,290.57151
20240318114017,298.72065
20240318115017,256.82533
20240318120017,236.81371
20240318121017,235.4959
20240318122017,223.44161
20240318123017,231.89145
20240318124017,233.47897
20240318125017,225.32436
20240318130017,211.22608
20240318131017,207.4057
20240318132017,201.91308
20240318133017,195.54466
20240318134017,194.76147
20240318135017,191.12062
20240318140017,189.90703
20240318141017,188.27166
20240318142017,187.52131
20240318143017,187.17528
20240318144017,187.0783
20240318145017,187.1538
20240318150017,185.86136
20240318151017,185.2745
20240318152017,184.34563
20240318153017,183.8403
20240318154017,183.55681
20240318155017,183.515
20240318160017,204.08834
20240318161017,203.43944
20240318162017,196.53299
20240318163017,195.98405
20240318164017,196.07322
20240318165017,197.22659
20240509090017,191.5796
20240509091017,245.32927
20240509092017,238.80985
20240509093017,240.10305
20240509094017,217.31323
20240509095017,229.80816
20240509100017,226.969
20240509101017,244.12214
20240509102017,245.35701
20240509103017,320.59029
20240509104017,371.78452
20240509105017,326.96313
20240509110017,284.29046
20240509111017,262.36017
20240509112017,282.80472
20240509113017,290.57151
20240509114017,298.72065
20240509115017,256.82533
20240509120017,236.81371
20240509121017,235.4959
20240509122017,223.44161
20240509123017,231.89145
20240509124017,233.47897
20240509125017,225.32436
20240509130017,211.22608
20240509131017,207.4057
20240509132017,201.91308
20240509133017,195.54466
20240509134017,194.76147
20240509135017,191.12062
20240509140017,189.90703
20240509141017,188.27166
20240509142017,187.52131
20240509143017,187.17528
20240509144017,187.0783
20240509145017,187.1538
20240509150017,185.86136
20240509151017,185.2745
20240509152017,184.34563
20240509153017,183.8403
20240509154017,183.55681
20240509155017,183.515
20240509160017,204.08834
20240509161017,203.43944
20240509162017,196.53299
20240509163017,195.98405
20240509164017,196.07322
20240509165017,197.22659
20240602090017,192.56851
20240602091017,333.99281
20240602092017,289.95208
20240602093017,243.81314
20240602094017,219.96606
20240602095017,239.54851
20240602100017,215.50891
20240602101017,229.969
20240602102017,244.18981
20240602103017,320.7063
20240602104017,376.40114
20240602105017,330.85699
20240602110017,284.29046
20240602111017,262.36017
20240602112017,282.80472
20240602113017,290.57151
20240602114017,298.72065
20240602115017,256.82533
20240602120017,236.81371
20240602121017,235.4959
20240602122017,223.44161
20240602123017,231.89145
20240602124017,233.47897
20240602125017,225.32436
20240602130017,211.22608
20240602131017,207.4057
20240602132017,201.91308
20240602133017,195.54466
20240602134017,194.76147
20240602135017,191.12062
20240602140017,189.90703
20240602141017,188.27166
20240602142017,187.52131
20240602143017,187.17528
20240602144017,187.0783
20240602145017,187.1538
20240602150017,185.86136
20240602151017,185.2745
20240602152017,184.34563
20240602153017,183.8403
20240602154017,183.55681
20240602155017,183.515
20240602160017,204.08834
20240602161017,203.43944
20240602162017,196.53299
20240602163017,195.98405
20240602164017,196.07322
20240602165017,197.22659
20240604090017,296.54015
20240604091017,291.63277
20240604092017,392.43672
20240604093017,459.24723
20240604094017,322.67922
20240604095017,253.04916
20240604100017,253.96344
20240604101017,261.9773
20240604102017,290.54219
20240604103017,339.90207
20240604104017,325.62662
20240604105017,313.14001
20240604110017,284.29046
20240604111017,262.36017
20240604112017,282.80472
20240604113017,290.57151
20240604114017,298.72065
20240604115017,256.82533
20240604120017,236.81371
20240604121017,235.4959
20240604122017,223.44161
20240604123017,231.89145
20240604124017,233.47897
20240604125017,225.32436
20240604130017,211.22608
20240604131017,207.4057
20240604132017,201.91308
20240604133017,195.54466
20240604134017,194.76147
20240604135017,191.12062
20240604140017,189.90703
20240604141017,188.27166
20240604142017,187.52131
20240604143017,187.17528
20240604144017,187.0783
20240604145017,187.1538
20240604150017,185.86136
20240604151017,185.2745
20240604152017,184.34563
20240604153017,183.8403
20240604154017,183.55681
20240604155017,183.515
20240604160017,204.08834
20240604161017,203.43944
20240604162017,196.53299
20240604163017,195.98405
20240604164017,196.07322
20240604165017,197.22659
20240609090017,607.59536
20240609091017,362.84381
20240609092017,347.9512
20240609093017,474.75411
20240609094017,557.94605
20240609095017,557.00742
20240609100017,396.20629
20240609101017,275.35405
20240609102017,300.44599
20240609103017,295.6723
20240609104017,318.45629
20240609105017,311.83945
20240609110017,284.29046
20240609111017,262.36017
20240609112017,282.80472
20240609113017,290.57151
20240609114017,298.72065
20240609115017,256.82533
20240609120017,236.81371
20240609121017,235.4959
20240609122017,223.44161
20240609123017,231.89145
20240609124017,233.47897
20240609125017,225.32436
20240609130017,211.22608
20240609131017,207.4057
20240609132017,201.91308
20240609133017,195.54466
20240609134017,194.76147
20240609135017,191.12062
20240609140017,189.90703
20240609141017,188.27166
20240609142017,187.52131
20240609143017,187.17528
20240609144017,187.0783
20240609145017,187.1538
20240609150017,185.86136
20240609151017,185.2745
20240609152017,184.34563
20240609153017,183.8403
20240609154017,183.55681
20240609155017,183.515
20240609160017,204.08834
20240609161017,203.43944
20240609162017,196.53299
20240609163017,195.98405
20240609164017,196.07322
20240609165017,197.22659
20240709090017,655.59989
20240709091017,494.65784
20240709092017,408.19829
20240709093017,458.03937
20240709094017,530.22422
20240709095017,527.61239
20240709100017,333.15444
20240709101017,285.53206
20240709102017,279.56707
20240709103017,279.95691
20240709104017,314.67913
20240709105017,296.51239
20240709110017,284.29046
20240709111017,262.36017
20240709112017,282.80472
20240709113017,290.57151
20240709114017,298.72065
20240709115017,256.82533
20240709120017,236.81371
20240709121017,235.4959
20240709122017,223.44161
20240709123017,231.89145
20240709124017,233.47897
20240709125017,225.32436
20240709130017,211.22608
20240709131017,207.4057
20240709132017,201.91308
20240709133017,195.54466
20240709134017,194.76147
20240709135017,191.12062
20240709140017,189.90703
20240709141017,188.27166
20240709142017,187.52131
20240709143017,187.17528
20240709144017,187.0783
20240709145017,187.1538
20240709150017,185.86136
20240709151017,185.2745
20240709152017,184.34563
20240709153017,183.8403
20240709154017,183.55681
20240709155017,183.515
20240709160017,204.08834
20240709161017,203.43944
20240709162017,196.53299
20240709163017,195.98405
20240709164017,196.07322
20240709165017,197.22659
20240106090001,627.40246
20240106091001,551.7244
20240106092001,696.48106
20240106093001,819.13337
20240106094001,533.64247
20240106095001,363.25753
20240106100001,277.71843
20240106101001,238.98339
20240106102001,252.82843
20240106103001,295.77223
20240106104001,330.70666
20240106105001,320.81675
20240106110001,284.29046
20240106111001,262.36017
20240106112001,282.80472
20240106113001,290.57151
20240106114001,298.72065
20240106115001,256.82533
20240106120001,236.81371
20240106121001,235.4959
20240106122001,223.44161
20240106123001,231.89145
20240106124001,233.47897
20240106125001,225.32436
20240106130001,211.22608
20240106131001,207.4057
20240106132001,201.91308
20240106133001,195.54466
20240106134001,194.76147
20240106135001,191.12062
20240106140001,189.90703
20240106141001,188.27166
20240106142001,187.52131
20240106143001,187.17528
20240106144001,187.0783
20240106145001,187.1538
20240106150001,185.86136
20240106151001,185.2745
20240106152001,184.34563
20240106153001,183.8403
20240106154001,183.55681
20240106155001,183.515
20240106160001,204.08834
20240106161001,203.43944
20240106162001,196.53299
20240106163001,195.98405
20240106164001,196.07322
20240106165001,197.22659
20240111090001,251.39647
20240111091001,383.93155
20240111092001,303.1874
20240111093001,289.43259
20240111094001,225.08211
20240111095001,228.18891
20240111100001,237.6323
20240111101001,243.28606
20240111102001,250.68247
20240111103001,295.02269
20240111104001,370.4029
20240111105001,331.21935
20240111110001,284.29046
20240111111001,262.36017
20240111112001,282.80472
20240111113001,290.57151
20240111114001,298.72065
20240111115001,256.82533
20240111120001,236.81371
20240111121001,235.4959
20240111122001,223.44161
20240111123001,231.89145
20240111124001,233.47897
20240111125001,225.32436
20240111130001,211.22608
20240111131001,207.4057
20240111132001,201.91308
20240111133001,195.54466
20240111134001,194.76147
20240111135001,191.12062
20240111140001,189.90703
20240111141001,188.27166
20240111142001,187.52131
20240111143001,187.17528
20240111144001,187.0783
20240111145001,187.1538
20240111150001,185.86136
20240111151001,185.2745
20240111152001,184.34563
20240111153001,183.8403
20240111154001,183.55681
20240111155001,183.515
20240111160001,204.08834
20240111161001,203.43944
20240111162001,196.53299
20240111163001,195.98405
20240111164001,196.07322
20240111165001,197.22659
20240213090001,702.49701
20240213091001,816.43604
20240213092001,576.7762
20240213093001,354.99922
20240213094001,376.05849
20240213095001,268.00376
20240213100001,233.06077
20240213101001,235.19034
20240213102001,273.07224
20240213103001,281.64604
20240213104001,313.09433
20240213105001,319.90461
20240213110001,284.29046
20240213111001,262.36017
20240213112001,282.80472
20240213113001,290.57151
20240213114001,298.72065
20240213115001,256.82533
20240213120001,236.81371
20240213121001,235.4959
20240213122001,223.44161
20240213123001,231.89145
20240213124001,233.47897
20240213125001,225.32436
20240213130001,211.22608
20240213131001,207.4057
20240213132001,201.91308
20240213133001,195.54466
20240213134001,194.76147
20240213135001,191.12062
20240213140001,189.90703
20240213141001,188.27166
20240213142001,187.52131
20240213143001,187.17528
20240213144001,187.0783
20240213145001,187.1538
20240213150001,185.86136
20240213151001,185.2745
20240213152001,184.34563
20240213153001,183.8403
20240213154001,183.55681
20240213155001,183.515
20240213160001,204.08834
20240213161001,203.43944
20240213162001,196.53299
20240213163001,195.98405
20240213164001,196.07322
20240213165001,197.22659
20240508090001,251.55451
20240508091001,321.10793
20240508092001,320.61973
20240508093001,286.90641
20240508094001,253.50453
20240508095001,251.56099
20240508100001,237.59445
20240508101001,251.03155
20240508102001,253.84033
20240508103001,329.40929
20240508104001,349.87815
20240508105001,326.41768
20240508110001,284.29046
20240508111001,262.36017
20240508112001,282.80472
20240508113001,290.57151
20240508114001,298.72065
20240508115001,256.82533
20240508120001,236.81371
20240508121001,235.4959
20240508122001,223.44161
20240508123001,231.89145
20240508124001,233.47897
20240508125001,225.32436
20240508130001,211.22608
20240508131001,207.4057
20240508132001,201.91308
20240508133001,195.54466
20240508134001,194.76147
20240508135001,191.12062
20240508140001,189.90703
20240508141001,188.27166
20240508142001,187.52131
20240508143001,187.17528
20240508144001,187.0783
20240508145001,187.1538
20240508150001,185.86136
20240508151001,185.2745
20240508152001,184.34563
20240508153001,183.8403
20240508154001,183.55681
20240508155001,183.515
20240508160001,204.08834
20240508161001,203.43944
20240508162001,196.53299
20240508163001,195.98405
20240508164001,196.07322
20240508165001,197.22659
20240510090001,304.94275
20240510091001,265.63596
20240510092001,372.63094
20240510093001,264.55104
20240510094001,286.68909
20240510095001,235.67513
20240510100001,245.16861
20240510101001,244.8959
20240510102001,273.73059
20240510103001,346.80482
20240510104001,343.71759
20240510105001,325.5981
20240510110001,284.29046
20240510111001,262.36017
20240510112001,282.80472
20240510113001,290.57151
20240510114001,298.72065
20240510115001,256.82533
20240510120001,236.81371
20240510121001,235.4959
20240510122001,223.44161
20240510123001,231.89145
20240510124001,233.47897
20240510125001,225.32436
20240510130001,211.22608
20240510131001,207.4057
20240510132001,201.91308
20240510133001,195.54466
20240510134001,194.76147
20240510135001,191.12062
20240510140001,189.90703
20240510141001,188.27166
20240510142001,187.52131
20240510143001,187.17528
20240510144001,187.0783
20240510145001,187.1538
20240510150001,185.86136
20240510151001,185.2745
20240510152001,184.34563
20240510153001,183.8403
20240510154001,183.55681
20240510155001,183.515
20240510160001,204.08834
20240510161001,203.43944
20240510162001,196.53299
20240510163001,195.98405
20240510164001,196.07322
20240510165001,197.22659
20240524090001,232.57073
20240524091001,388.31298
20240524092001,335.8188
20240524093001,300.99367
20240524094001,257.48664
20240524095001,238.95331
20240524100001,225.2693
20240524101001,236.25981
20240524102001,250.14122
20240524103001,320.05866
20240524104001,381.4714
20240524105001,330.49522
20240524110001,284.29046
20240524111001,262.36017
20240524112001,282.80472
20240524113001,290.57151
20240524114001,298.72065
20240524115001,256.82533
20240524120001,236.81371
20240524121001,235.4959
20240524122001,223.44161
20240524123001,231.89145
20240524124001,233.47897
20240524125001,225.32436
20240524130001,211.22608
20240524131001,207.4057
20240524132001,201.91308
20240524133001,195.54466
20240524134001,194.76147
20240524135001,191.12062
20240524140001,189.90703
20240524141001,188.27166
20240524142001,187.52131
20240524143001,187.17528
20240524144001,187.0783
20240524145001,187.1538
20240524150001,185.86136
20240524151001,185.2745
20240524152001,184.34563
20240524153001,183.8403
20240524154001,183.55681
20240524155001,183.515
20240524160001,204.08834
20240524161001,203.43944
20240524162001,196.53299
20240524163001,195.98405
20240524164001,196.07322
20240524165001,197.22659
20240623090001,605.34239
20240623091001,486.59896
20240623092001,484.23297
20240623093001,486.09234
20240623094001,577.37047
20240623095001,538.96575
20240623100001,308.76318
20240623101001,292.2866
20240623102001,263.87926
20240623103001,282.76876
20240623104001,314.60249
20240623105001,295.78831
20240623110001,284.29046
20240623111001,262.36017
20240623112001,282.80472
20240623113001,290.57151
20240623114001,298.72065
20240623115001,256.82533
20240623120001,236.81371
20240623121001,235.4959
20240623122001,223.44161
20240623123001,231.89145
20240623124001,233.47897
20240623125001,225.32436
20240623130001,211.22608
20240623131001,207.4057
20240623132001,201.91308
20240623133001,195.54466
20240623134001,194.76147
20240623135001,191.12062
20240623140001,189.90703
20240623141001,188.27166
20240623142001,187.52131
20240623143001,187.17528
20240623144001,187.0783
20240623145001,187.1538
20240623150001,185.86136
20240623151001,185.2745
20240623152001,184.34563
20240623153001,183.8403
20240623154001,183.55681
20240623155001,183.515
20240623160001,204.08834
20240623161001,203.43944
20240623162001,196.53299
20240623163001,195.98405
20240623164001,196.07322
20240623165001,197.22659
20240627090001,562.7328
20240627091001,327.01794
20240627092001,341.69873
20240627093001,424.12951
20240627094001,615.26416
20240627095001,517.60355
20240627100001,470.27738
20240627101001,275.21292
20240627102001,289.54745
20240627103001,281.81072
20240627104001,304.08736
20240627105001,304.9601
20240627110001,284.29046
20240627111001,262.36017
20240627112001,282.80472
20240627113001,290.57151
20240627114001,298.72065
20240627115001,256.82533
20240627120001,236.81371
20240627121001,235.4959
20240627122001,223.44161
20240627123001,231.89145
20240627124001,233.47897
20240627125001,225.32436
20240627130001,211.22608
20240627131001,207.4057
20240627132001,201.91308
20240627133001,195.54466
20240627134001,194.76147
20240627135001,191.12062
20240627140001,189.90703
20240627141001,188.27166
20240627142001,187.52131
20240627143001,187.17528
20240627144001,187.0783
20240627145001,187.1538
20240627150001,185.86136
20240627151001,185.2745
20240627152001,184.34563
20240627153001,183.8403
20240627154001,183.55681
20240627155001,183.515
20240627160001,204.08834
20240627161001,203.43944
20240627162001,196.53299
20240627163001,195.98405
20240627164001,196.07322
20240627165001,197.22659
20240713090001,396.76103
20240713091001,313.01446
20240713092001,377.90371
20240713093001,479.13672
20240713094001,434.60564
20240713095001,259.56651
20240713100001,266.08794
20240713101001,250.84788
20240713102001,296.62751
20240713103001,349.00295
20240713104001,323.84793
20240713105001,313.72695
20240713110001,284.29046
20240713111001,262.36017
20240713112001,282.80472
20240713113001,290.57151
20240713114001,298.72065
20240713115001,256.82533
20240713120001,236.81371
20240713121001,235.4959
20240713122001,223.44161
20240713123001,231.89145
20240713124001,233.47897
20240713125001,225.32436
20240713130001,211.22608
20240713131001,207.4057
20240713132001,201.91308
20240713133001,195.54466
20240713134001,194.76147
20240713135001,191.12062
20240713140001,189.90703
20240713141001,188.27166
20240713142001,187.52131
20240713143001,187.17528
20240713144001,187.0783
20240713145001,187.1538
20240713150001,185.86136
20240713151001,185.2745
20240713152001,184.34563
20240713153001,183.8403
20240713154001,183.55681
20240713155001,183.515
20240713160001,204.08834
20240713161001,203.43944
20240713162001,196.53299
20240713163001,195.98405
20240713164001,196.07322
20240713165001,197.22659
20240715090001,481.34096
20240715091001,398.35842
20240715092001,328.80564
20240715093001,465.9747
20240715094001,530.9569
20240715095001,333.51904
20240715100001,482.01892
20240715101001,274.72639
20240715102001,288.3151
20240715103001,311.62819
20240715104001,320.21579
20240715105001,321.69527
20240715110001,284.29046
20240715111001,262.36017
20240715112001,282.80472
20240715113001,290.57151
20240715114001,298.72065
20240715115001,256.82533
20240715120001,236.81371
20240715121001,235.4959
20240715122001,223.44161
20240715123001,231.89145
20240715124001,233.47897
20240715125001,225.32436
20240715130001,211.22608
20240715131001,207.4057
20240715132001,201.91308
20240715133001,195.54466
20240715134001,194.76147
20240715135001,191.12062
20240715140001,189.90703
20240715141001,188.27166
20240715142001,187.52131
20240715143001,187.17528
20240715144001,187.0783
20240715145001,187.1538
20240715150001,185.86136
20240715151001,185.2745
20240715152001,184.34563
20240715153001,183.8403
20240715154001,183.55681
20240715155001,183.515
20240715160001,204.08834
20240715161001,203.43944
20240715162001,196.53299
20240715163001,195.98405
20240715164001,196.07322
20240715165001,197.22659
20240927090004,576.48801
20240927091004,361.6729
20240927092004,347.40872
20240927093004,241.96354
20240927094004,240.39819
20240927095004,236.85333
20240927100004,252.49576
20240927101004,244.28426
20240927102004,301.03491
20240927103004,330.56371
20240927104004,324.61034
20240927105004,318.91453
20240927110004,284.29046
20240927111004,262.36017
20240927112004,282.80472
20240927113004,290.57151
20240927114004,298.72065
20240927115004,256.82533
20240927120004,236.81371
20240927121004,235.4959
20240927122004,223.44161
20240927123004,231.89145
20240927124004,233.47897
20240927125004,225.32436
20240927130004,211.22608
20240927131004,207.4057
20240927132004,201.91308
20240927133004,195.54466
20240927134004,194.76147
20240927135004,191.12062
20240927140004,189.90703
20240927141004,188.27166
20240927142004,187.52131
20240927143004,187.17528
20240927144004,187.0783
20240927145004,187.1538
20240927150004,185.86136
20240927151004,185.2745
20240927152004,184.34563
20240927153004,183.8403
20240927154004,183.55681
20240927155004,183.515
20240927160004,204.08834
20240927161004,203.43944
20240927162004,196.53299
20240927163004,195.98405
20240927164004,196.07322
20240927165004,197.22659
20241018090004,720.78352
20241018091004,594.27933
20241018092004,445.05531
20241018093004,472.09777
20241018094004,528.87486
20241018095004,262.19791
20241018100004,260.45282
20241018101004,250.31558
20241018102004,296.76036
20241018103004,289.69289
20241018104004,321.87786
20241018105004,304.80976
20241018110004,284.29046
20241018111004,262.36017
20241018112004,282.80472
20241018113004,290.57151
20241018114004,298.72065
20241018115004,256.82533
20241018120004,236.81371
20241018121004,235.4959
20241018122004,223.44161
20241018123004,231.89145
20241018124004,233.47897
20241018125004,225.32436
20241018130004,211.22608
20241018131004,207.4057
20241018132004,201.91308
20241018133004,195.54466
20241018134004,194.76147
20241018135004,191.12062
20241018140004,189.90703
20241018141004,188.27166
20241018142004,187.52131
20241018143004,187.17528
20241018144004,187.0783
20241018145004,187.1538
20241018150004,185.86136
20241018151004,185.2745
20241018152004,184.34563
20241018153004,183.8403
20241018154004,183.55681
20241018155004,183.515
20241018160004,204.08834
20241018161004,203.43944
20241018162004,196.53299
20241018163004,195.98405
20241018164004,196.07322
20241018165004,197.22659
20240918090007,189.53191
20240918091007,240.26344
20240918092007,242.50168
20240918093007,218.32366
20240918094007,225.93284
20240918095007,217.94332
20240918100007,210.91957
20240918101007,229.32517
20240918102007,243.10901
20240918103007,304.39978
20240918104007,376.05088
20240918105007,331.26999
20240918110007,284.29046
20240918111007,262.36017
20240918112007,282.80472
20240918113007,290.57151
20240918114007,298.72065
20240918115007,256.82533
20240918120007,236.81371
20240918121007,235.4959
20240918122007,223.44161
20240918123007,231.89145
20240918124007,233.47897
20240918125007,225.32436
20240918130007,211.22608
20240918131007,207.4057
20240918132007,201.91308
20240918133007,195.54466
20240918134007,194.76147
20240918135007,191.12062
20240918140007,189.90703
20240918141007,188.27166
20240918142007,187.52131
20240918143007,187.17528
20240918144007,187.0783
20240918145007,187.1538
20240918150007,185.86136
20240918151007,185.2745
20240918152007,184.34563
20240918153007,183.8403
20240918154007,183.55681
20240918155007,183.515
20240918160007,204.08834
20240918161007,203.43944
20240918162007,196.53299
20240918163007,195.98405
20240918164007,196.07322
20240918165007,197.22659
20240920090007,879.81578
20240920091007,555.04519
20240920092007,519.3291
20240920093007,567.18399
20240920094007,610.74299
20240920095007,261.24879
20240920100007,257.34221
20240920101007,249.58191
20240920102007,301.6198
20240920103007,295.66067
20240920104007,326.74082
20240920105007,305.78288
20240920110007,284.29046
20240920111007,262.36017
20240920112007,282.80472
20240920113007,290.57151
20240920114007,298.72065
20240920115007,256.82533
20240920120007,236.81371
20240920121007,235.4959
20240920122007,223.44161
20240920123007,231.89145
20240920124007,233.47897
20240920125007,225.32436
20240920130007,211.22608
20240920131007,207.4057
20240920132007,201.91308
20240920133007,195.54466
20240920134007,194.76147
20240920135007,191.12062
20240920140007,189.90703
20240920141007,188.27166
20240920142007,187.52131
20240920143007,187.17528
20240920144007,187.0783
20240920145007,187.1538
20240920150007,185.86136
20240920151007,185.2745
20240920152007,184.34563
20240920153007,183.8403
20240920154007,183.55681
20240920155007,183.515
20240920160007,204.08834
20240920161007,203.43944
20240920162007,196.53299
20240920163007,195.98405
20240920164007,196.07322
20240920165007,197.22659
20241016090007,835.29364
20241016091007,545.64391
20241016092007,489.14711
20241016093007,501.94301
20241016094007,661.71538
20241016095007,263.68011
20241016100007,299.11679
20241016101007,242.08274
20241016102007,320.76245
20241016103007,319.53695
20241016104007,342.58063
20241016105007,311.9784
20241016110007,284.29046
20241016111007,262.36017
20241016112007,282.80472
20241016113007,290.57151
20241016114007,298.72065
20241016115007,256.82533
20241016120007,236.81371
20241016121007,235.4959
20241016122007,223.44161
20241016123007,231.89145
20241016124007,233.47897
20241016125007,225.32436
20241016130007,211.22608
20241016131007,207.4057
20241016132007,201.91308
20241016133007,195.54466
20241016134007,194.76147
20241016135007,191.12062
20241016140007,189.90703
20241016141007,188.27166
20241016142007,187.52131
20241016143007,187.17528
20241016144007,187.0783
20241016145007,187.1538
20241016150007,185.86136
20241016151007,185.2745
20241016152007,184.34563
20241016153007,183.8403
20241016154007,183.55681
20241016155007,183.515
20241016160007,204.08834
20241016161007,203.43944
20241016162007,196.53299
20241016163007,195.98405
20241016164007,196.07322
20241016165007,197.22659
20240922090008,244.47071
20240922091008,560.47828
20240922092008,354.00542
20240922093008,243.20565
20240922094008,326.60019
20240922095008,230.93361
20240922100008,226.89336
20240922101008,243.44873
20240922102008,243.92892
20240922103008,319.93608
20240922104008,370.42109
20240922105008,326.86335
20240922110008,284.29046
20240922111008,262.36017
20240922112008,282.80472
20240922113008,290.57151
20240922114008,298.72065
20240922115008,256.82533
20240922120008,236.81371
20240922121008,235.4959
20240922122008,223.44161
20240922123008,231.89145
20240922124008,233.47897
20240922125008,225.32436
20240922130008,211.22608
20240922131008,207.4057
20240922132008,201.91308
20240922133008,195.54466
20240922134008,194.76147
20240922135008,191.12062
20240922140008,189.90703
20240922141008,188.27166
20240922142008,187.52131
20240922143008,187.17528
20240922144008,187.0783
20240922145008,187.1538
20240922150008,185.86136
20240922151008,185.2745
20240922152008,184.34563
20240922153008,183.8403
20240922154008,183.55681
20240922155008,183.515
20240922160008,204.08834
20240922161008,203.43944
20240922162008,196.53299
20240922163008,195.98405
20240922164008,196.07322
20240922165008,197.22659
20240928090008,193.62103
20240928091008,288.06036
20240928092008,301.81912
20240928093008,229.80438
20240928094008,240.88085
20240928095008,229.41436
20240928100008,214.66731
20240928101008,236.22128
20240928102008,243.56107
20240928103008,317.26586
20240928104008,375.1648
20240928105008,329.62825
20240928110008,284.29046
20240928111008,262.36017
20240928112008,282.80472
20240928113008,290.57151
20240928114008,298.72065
20240928115008,256.82533
20240928120008,236.81371
20240928121008,235.4959
20240928122008,223.44161
20240928123008,231.89145
20240928124008,233.47897
20240928125008,225.32436
20240928130008,211.22608
20240928131008,207.4057
20240928132008,201.91308
20240928133008,195.54466
20240928134008,194.76147
20240928135008,191.12062
20240928140008,189.90703
20240928141008,188.27166
20240928142008,187.52131
20240928143008,187.17528
20240928144008,187.0783
20240928145008,187.1538
20240928150008,185.86136
20240928151008,185.2745
20240928152008,184.34563
20240928153008,183.8403
20240928154008,183.55681
20240928155008,183.515
20240928160008,204.08834
20240928161008,203.43944
20240928162008,196.53299
20240928163008,195.98405
20240928164008,196.07322
20240928165008,197.22659
20241011090008,194.26818
20241011091008,258.73135
20241011092008,273.49675
20241011093008,228.75942
20241011094008,238.11496
20241011095008,227.43379
20241011100008,214.8194
20241011101008,236.72046
20241011102008,243.89011
20241011103008,317.46522
20241011104008,375.1648
20241011105008,329.89283
20241011110008,284.29046
20241011111008,262.36017
20241011112008,282.80472
20241011113008,290.57151
20241011114008,298.72065
20241011115008,256.82533
20241011120008,236.81371
20241011121008,235.4959
20241011122008,223.44161
20241011123008,231.89145
20241011124008,233.47897
20241011125008,225.32436
20241011130008,211.22608
20241011131008,207.4057
20241011132008,201.91308
20241011133008,195.54466
20241011134008,194.76147
20241011135008,191.12062
20241011140008,189.90703
20241011141008,188.27166
20241011142008,187.52131
20241011143008,187.17528
20241011144008,187.0783
20241011145008,187.1538
20241011150008,185.86136
20241011151008,185.2745
20241011152008,184.34563
20241011153008,183.8403
20241011154008,183.55681
20241011155008,183.515
20241011160008,204.08834
20241011161008,203.43944
20241011162008,196.53299
20241011163008,195.98405
20241011164008,196.07322
20241011165008,197.22659
20241016090008,196.41027
20241016091008,499.43495
20241016092008,640.34254
20241016093008,226.29124
20241016094008,236.68286
20241016095008,206.16154
20241016100008,230.73924
20241016101008,230.45133
20241016102008,254.05938
20241016103008,281.95022
20241016104008,358.6218
20241016105008,343.07458
20241016110008,284.29046
20241016111008,262.36017
20241016112008,282.80472
20241016113008,290.57151
20241016114008,298.72065
20241016115008,256.82533
20241016120008,236.81371
20241016121008,235.4959
20241016122008,223.44161
20241016123008,231.89145
20241016124008,233.47897
20241016125008,225.32436
20241016130008,211.22608
20241016131008,207.4057
20241016132008,201.91308
20241016133008,195.54466
20241016134008,194.76147
20241016135008,191.12062
20241016140008,189.90703
20241016141008,188.27166
20241016142008,187.52131
20241016143008,187.17528
20241016144008,187.0783
20241016145008,187.1538
20241016150008,185.86136
20241016151008,185.2745
20241016152008,184.34563
20241016153008,183.8403
20241016154008,183.55681
20241016155008,183.515
20241016160008,204.08834
20241016161008,203.43944
20241016162008,196.53299
20241016163008,195.98405
20241016164008,196.07322
20241016165008,197.22659
20241018090008,193.65959
20241018091008,523.40637
20241018092008,532.63422
20241018093008,227.16765
20241018094008,240.28896
20241018095008,211.50056
20241018100008,230.82498
20241018101008,235.11912
20241018102008,274.2124
20241018103008,279.63914
20241018104008,332.16117
20241018105008,332.34038
20241018110008,284.29046
20241018111008,262.36017
20241018112008,282.80472
20241018113008,290.57151
20241018114008,298.72065
20241018115008,256.82533
20241018120008,236.81371
20241018121008,235.4959
20241018122008,223.44161
20241018123008,231.89145
20241018124008,233.47897
20241018125008,225.32436
20241018130008,211.22608
20241018131008,207.4057
20241018132008,201.91308
20241018133008,195.54466
20241018134008,194.76147
20241018135008,191.12062
20241018140008,189.90703
20241018141008,188.27166
20241018142008,187.52131
20241018143008,187.17528
20241018144008,187.0783
20241018145008,187.1538
20241018150008,185.86136
20241018151008,185.2745
20241018152008,184.34563
20241018153008,183.8403
20241018154008,183.55681
20241018155008,183.515
20241018160008,204.08834
20241018161008,203.43944
20241018162008,196.53299
20241018163008,195.98405
20241018164008,196.07322
20241018165008,197.22659
20241028090008,203.66618
20241028091008,339.73787
20241028092008,308.64181
20241028093008,243.39089
20241028094008,356.18158
20241028095008,228.86026
20241028100008,216.11041
20241028101008,236.65392
20241028102008,243.98983
20241028103008,310.85109
20241028104008,373.06759
20241028105008,331.79814
20241028110008,284.29046
20241028111008,262.36017
20241028112008,282.80472
20241028113008,290.57151
20241028114008,298.72065
20241028115008,256.82533
20241028120008,236.81371
20241028121008,235.4959
20241028122008,223.44161
20241028123008,231.89145
20241028124008,233.47897
20241028125008,225.32436
20241028130008,211.22608
20241028131008,207.4057
20241028132008,201.91308
20241028133008,195.54466
20241028134008,194.76147
20241028135008,191.12062
20241028140008,189.90703
20241028141008,188.27166
20241028142008,187.52131
20241028143008,187.17528
20241028144008,187.0783
20241028145008,187.1538
20241028150008,185.86136
20241028151008,185.2745
20241028152008,184.34563
20241028153008,183.8403
20241028154008,183.55681
20241028155008,183.515
20241028160008,204.08834
20241028161008,203.43944
20241028162008,196.53299
20241028163008,195.98405
20241028164008,196.07322
20241028165008,197.22659
20240922090009,357.02882
20240922091009,386.81286
20240922092009,432.88515
20240922093009,291.45387
20240922094009,287.75725
20240922095009,233.82707
20240922100009,242.13889
20240922101009,252.14231
20240922102009,251.18666
20240922103009,325.29458
20240922104009,343.39074
20240922105009,326.86942
20240922110009,284.29046
20240922111009,262.36017
20240922112009,282.80472
20240922113009,290.57151
20240922114009,298.72065
20240922115009,256.82533
20240922120009,236.81371
20240922121009,235.4959
20240922122009,223.44161
20240922123009,231.89145
20240922124009,233.47897
20240922125009,225.32436
20240922130009,211.22608
20240922131009,207.4057
20240922132009,201.91308
20240922133009,195.54466
20240922134009,194.76147
20240922135009,191.12062
20240922140009,189.90703
20240922141009,188.27166
20240922142009,187.52131
20240922143009,187.17528
20240922144009,187.0783
20240922145009,187.1538
20240922150009,185.86136
20240922151009,185.2745
20240922152009,184.34563
20240922153009,183.8403
20240922154009,183.55681
20240922155009,183.515
20240922160009,204.08834
20240922161009,203.43944
20240922162009,196.53299
20240922163009,195.98405
20240922164009,196.07322
20240922165009,197.22659
20240928090009,213.7309
20240928091009,241.55767
20240928092009,210.68924
20240928093009,292.22491
20240928094009,230.11088
20240928095009,283.04013
20240928100009,232.48243
20240928101009,244.89731
20240928102009,251.74821
20240928103009,321.62705
20240928104009,350.05626
20240928105009,326.38573
20240928110009,284.29046
20240928111009,262.36017
20240928112009,282.80472
20240928113009,290.57151
20240928114009,298.72065
20240928115009,256.82533
20240928120009,236.81371
20240928121009,235.4959
20240928122009,223.44161
20240928123009,231.89145
20240928124009,233.47897
20240928125009,225.32436
20240928130009,211.22608
20240928131009,207.4057
20240928132009,201.91308
20240928133009,195.54466
20240928134009,194.76147
20240928135009,191.12062
20240928140009,189.90703
20240928141009,188.27166
20240928142009,187.52131
20240928143009,187.17528
20240928144009,187.0783
20240928145009,187.1538
20240928150009,185.86136
20240928151009,185.2745
20240928152009,184.34563
20240928153009,183.8403
20240928154009,183.55681
20240928155009,183.515
20240928160009,204.08834
20240928161009,203.43944
20240928162009,196.53299
20240928163009,195.98405
20240928164009,196.07322
20240928165009,197.22659
20240920090010,470.49553
20240920091010,519.43791
20240920092010,631.06737
20240920093010,431.38974
20240920094010,470.58328
20240920095010,251.41585
20240920100010,311.37306
20240920101010,279.20766
20240920102010,252.57059
20240920103010,273.60203
20240920104010,296.83013
20240920105010,311.73044
20240920110010,284.29046
20240920111010,262.36017
20240920112010,282.80472
20240920113010,290.57151
20240920114010,298.72065
20240920115010,256.82533
20240920120010,236.81371
20240920121010,235.4959
20240920122010,223.44161
20240920123010,231.89145
20240920124010,233.47897
20240920125010,225.32436
20240920130010,211.22608
20240920131010,207.4057
20240920132010,201.91308
20240920133010,195.54466
20240920134010,194.76147
20240920135010,191.12062
20240920140010,189.90703
20240920141010,188.27166
20240920142010,187.52131
20240920143010,187.17528
20240920144010,187.0783
20240920145010,187.1538
20240920150010,185.86136
20240920151010,185.2745
20240920152010,184.34563
20240920153010,183.8403
20240920154010,183.55681
20240920155010,183.515
20240920160010,204.08834
20240920161010,203.43944
20240920162010,196.53299
20240920163010,195.98405
20240920164010,196.07322
20240920165010,197.22659
20240928090010,289.96917
20240928091010,347.64705
20240928092010,269.14982
20240928093010,261.06608
20240928094010,264.49559
20240928095010,235.21036
20240928100010,236.1751
20240928101010,240.31622
20240928102010,252.47349
20240928103010,326.22108
20240928104010,347.75208
20240928105010,324.60824
20240928110010,284.29046
20240928111010,262.36017
20240928112010,282.80472
20240928113010,290.57151
20240928114010,298.72065
20240928115010,256.82533
20240928120010,236.81371
20240928121010,235.4959
20240928122010,223.44161
20240928123010,231.89145
20240928124010,233.47897
20240928125010,225.32436
20240928130010,211.22608
20240928131010,207.4057
20240928132010,201.91308
20240928133010,195.54466
20240928134010,194.76147
20240928135010,191.12062
20240928140010,189.90703
20240928141010,188.27166
20240928142010,187.52131
20240928143010,187.17528
20240928144010,187.0783
20240928145010,187.1538
20240928150010,185.86136
20240928151010,185.2745
20240928152010,184.34563
20240928153010,183.8403
20240928154010,183.55681
20240928155010,183.515
20240928160010,204.08834
20240928161010,203.43944
20240928162010,196.53299
20240928163010,195.98405
20240928164010,196.07322
20240928165010,197.22659
20240919090012,194.6289
20240919091012,633.80252
20240919092012,479.99478
20240919093012,250.51193
20240919094012,249.92238
20240919095012,216.88783
20240919100012,223.83433
20240919101012,223.41314
20240919102012,256.17711
20240919103012,276.58672
20240919104012,330.4202
20240919105012,335.38685
20240919110012,284.29046
20240919111012,262.36017
20240919112012,282.80472
20240919113012,290.57151
20240919114012,298.72065
20240919115012,256.82533
20240919120012,236.81371
20240919121012,235.4959
20240919122012,223.44161
20240919123012,231.89145
20240919124012,233.47897
20240919125012,225.32436
20240919130012,211.22608
20240919131012,207.4057
20240919132012,201.91308
20240919133012,195.54466
20240919134012,194.76147
20240919135012,191.12062
20240919140012,189.90703
20240919141012,188.27166
20240919142012,187.52131
20240919143012,187.17528
20240919144012,187.0783
20240919145012,187.1538
20240919150012,185.86136
20240919151012,185.2745
20240919152012,184.34563
20240919153012,183.8403
20240919154012,183.55681
20240919155012,183.515
20240919160012,204.08834
20240919161012,203.43944
20240919162012,196.53299
20240919163012,195.98405
20240919164012,196.07322
20240919165012,197.22659
20240923090012,193.41402
20240923091012,248.2704
20240923092012,262.96596
20240923093012,215.08391
20240923094012,213.22232
20240923095012,228.10463
20240923100012,209.28502
20240923101012,231.49134
20240923102012,242.92698
20240923103012,312.64974
20240923104012,371.88682
20240923105012,327.0566
20240923110012,284.29046
20240923111012,262.36017
20240923112012,282.80472
20240923113012,290.57151
20240923114012,298.72065
20240923115012,256.82533
20240923120012,236.81371
20240923121012,235.4959
20240923122012,223.44161
20240923123012,231.89145
20240923124012,233.47897
20240923125012,225.32436
20240923130012,211.22608
20240923131012,207.4057
20240923132012,201.91308
20240923133012,195.54466
20240923134012,194.76147
20240923135012,191.12062
20240923140012,189.90703
20240923141012,188.27166
20240923142012,187.52131
20240923143012,187.17528
20240923144012,187.0783
20240923145012,187.1538
20240923150012,185.86136
20240923151012,185.2745
20240923152012,184.34563
20240923153012,183.8403
20240923154012,183.55681
20240923155012,183.515
20240923160012,204.08834
20240923161012,203.43944
20240923162012,196.53299
20240923163012,195.98405
20240923164012,196.07322
20240923165012,197.22659
20241002090012,194.83705
20241002091012,266.42009
20241002092012,260.77439
20241002093012,234.21137
20241002094012,247.77265
20241002095012,227.8014
20241002100012,224.11786
20241002101012,235.23124
20241002102012,244.77179
20241002103012,310.5074
20241002104012,381.17779
20241002105012,331.75899
20241002110012,284.29046
20241002111012,262.36017
20241002112012,282.80472
20241002113012,290.57151
20241002114012,298.72065
20241002115012,256.82533
20241002120012,236.81371
20241002121012,235.4959
20241002122012,223.44161
20241002123012,231.89145
20241002124012,233.47897
20241002125012,225.32436
20241002130012,211.22608
20241002131012,207.4057
20241002132012,201.91308
20241002133012,195.54466
20241002134012,194.76147
20241002135012,191.12062
20241002140012,189.90703
20241002141012,188.27166
20241002142012,187.52131
20241002143012,187.17528
20241002144012,187.0783
20241002145012,187.1538
20241002150012,185.86136
20241002151012,185.2745
20241002152012,184.34563
20241002153012,183.8403
20241002154012,183.55681
20241002155012,183.515
20241002160012,204.08834
20241002161012,203.43944
20241002162012,196.53299
20241002163012,195.98405
20241002164012,196.07322
20241002165012,197.22659
