序號,答案
20240117090001,207.11361
20240117091001,201.45755
20240117092001,196.20736
20240117093001,196.52561
20240117094001,199.16081
20240117095001,201.37918
20240117100001,201.18247
20240117101001,206.89899
20240117102001,210.80134
20240117103001,220.62506
20240117104001,242.73252
20240117105001,274.57491
20240117110001,296.66875
20240117111001,269.64871
20240117112001,245.26949
20240117113001,232.17526
20240117114001,232.46692
20240117115001,237.39305
20240117120001,234.36178
20240117121001,236.64885
20240117122001,234.80281
20240117123001,242.04519
20240117124001,230.17066
20240117125001,231.73289
20240117130001,208.09963
20240117131001,204.61711
20240117132001,204.45929
20240117133001,198.69505
20240117134001,197.58118
20240117135001,196.0865
20240117140001,194.03898
20240117141001,194.81317
20240117142001,194.11933
20240117143001,193.8078
20240117144001,194.05129
20240117145001,194.49326
20240117150001,191.5248
20240117151001,188.09912
20240117152001,186.15886
20240117153001,184.68713
20240117154001,183.84097
20240117155001,183.57157
20240117160001,556.34745
20240117161001,697.28306
20240117162001,686.0735
20240117163001,695.47288
20240117164001,843.6927
20240117165001,955.79305
20240119090001,209.07722
20240119091001,199.51316
20240119092001,208.15032
20240119093001,208.4975
20240119094001,209.52622
20240119095001,197.68754
20240119100001,206.12365
20240119101001,205.49231
20240119102001,207.40908
20240119103001,211.71566
20240119104001,232.0336
20240119105001,254.2546
20240119110001,296.66875
20240119111001,269.64871
20240119112001,245.26949
20240119113001,232.17526
20240119114001,232.46692
20240119115001,237.39305
20240119120001,234.36178
20240119121001,236.64885
20240119122001,234.80281
20240119123001,242.04519
20240119124001,230.17066
20240119125001,231.73289
20240119130001,208.09963
20240119131001,204.61711
20240119132001,204.45929
20240119133001,198.69505
20240119134001,197.58118
20240119135001,196.0865
20240119140001,194.03898
20240119141001,194.81317
20240119142001,194.11933
20240119143001,193.8078
20240119144001,194.05129
20240119145001,194.49326
20240119150001,191.5248
20240119151001,188.09912
20240119152001,186.15886
20240119153001,184.68713
20240119154001,183.84097
20240119155001,183.57157
20240119160001,556.34745
20240119161001,697.28306
20240119162001,686.0735
20240119163001,695.47288
20240119164001,843.6927
20240119165001,955.79305
20240224090001,197.12048
20240224091001,203.76797
20240224092001,195.22147
20240224093001,195.59367
20240224094001,196.19335
20240224095001,201.34915
20240224100001,200.62213
20240224101001,208.03055
20240224102001,211.35484
20240224103001,221.51387
20240224104001,250.00251
20240224105001,275.32154
20240224110001,296.66875
20240224111001,269.64871
20240224112001,245.26949
20240224113001,232.17526
20240224114001,232.46692
20240224115001,237.39305
20240224120001,234.36178
20240224121001,236.64885
20240224122001,234.80281
20240224123001,242.04519
20240224124001,230.17066
20240224125001,231.73289
20240224130001,208.09963
20240224131001,204.61711
20240224132001,204.45929
20240224133001,198.69505
20240224134001,197.58118
20240224135001,196.0865
20240224140001,194.03898
20240224141001,194.81317
20240224142001,194.11933
20240224143001,193.8078
20240224144001,194.05129
20240224145001,194.49326
20240224150001,191.5248
20240224151001,188.09912
20240224152001,186.15886
20240224153001,184.68713
20240224154001,183.84097
20240224155001,183.57157
20240224160001,556.34745
20240224161001,697.28306
20240224162001,686.0735
20240224163001,695.47288
20240224164001,843.6927
20240224165001,955.79305
20240226090001,194.32277
20240226091001,201.35616
20240226092001,196.45033
20240226093001,195.41217
20240226094001,201.53379
20240226095001,206.56034
20240226100001,206.19398
20240226101001,206.86058
20240226102001,210.49845
20240226103001,226.57903
20240226104001,248.6007
20240226105001,274.62594
20240226110001,296.66875
20240226111001,269.64871
20240226112001,245.26949
20240226113001,232.17526
20240226114001,232.46692
20240226115001,237.39305
20240226120001,234.36178
20240226121001,236.64885
20240226122001,234.80281
20240226123001,242.04519
20240226124001,230.17066
20240226125001,231.73289
20240226130001,208.09963
20240226131001,204.61711
20240226132001,204.45929
20240226133001,198.69505
20240226134001,197.58118
20240226135001,196.0865
20240226140001,194.03898
20240226141001,194.81317
20240226142001,194.11933
20240226143001,193.8078
20240226144001,194.05129
20240226145001,194.49326
20240226150001,191.5248
20240226151001,188.09912
20240226152001,186.15886
20240226153001,184.68713
20240226154001,183.84097
20240226155001,183.57157
20240226160001,556.34745
20240226161001,697.28306
20240226162001,686.0735
20240226163001,695.47288
20240226164001,843.6927
20240226165001,955.79305
20240327090001,243.26038
20240327091001,227.13237
20240327092001,208.56092
20240327093001,201.81894
20240327094001,197.3625
20240327095001,196.35818
20240327100001,198.0853
20240327101001,203.16467
20240327102001,206.54748
20240327103001,220.06241
20240327104001,239.80202
20240327105001,253.28241
20240327110001,296.66875
20240327111001,269.64871
20240327112001,245.26949
20240327113001,232.17526
20240327114001,232.46692
20240327115001,237.39305
20240327120001,234.36178
20240327121001,236.64885
20240327122001,234.80281
20240327123001,242.04519
20240327124001,230.17066
20240327125001,231.73289
20240327130001,208.09963
20240327131001,204.61711
20240327132001,204.45929
20240327133001,198.69505
20240327134001,197.58118
20240327135001,196.0865
20240327140001,194.03898
20240327141001,194.81317
20240327142001,194.11933
20240327143001,193.8078
20240327144001,194.05129
20240327145001,194.49326
20240327150001,191.5248
20240327151001,188.09912
20240327152001,186.15886
20240327153001,184.68713
20240327154001,183.84097
20240327155001,183.57157
20240327160001,556.34745
20240327161001,697.28306
20240327162001,686.0735
20240327163001,695.47288
20240327164001,843.6927
20240327165001,955.79305
20240329090001,197.94365
20240329091001,199.50602
20240329092001,197.15377
20240329093001,195.24549
20240329094001,191.02304
20240329095001,192.31092
20240329100001,197.40694
20240329101001,203.66129
20240329102001,208.31003
20240329103001,211.58693
20240329104001,239.86245
20240329105001,257.35072
20240329110001,296.66875
20240329111001,269.64871
20240329112001,245.26949
20240329113001,232.17526
20240329114001,232.46692
20240329115001,237.39305
20240329120001,234.36178
20240329121001,236.64885
20240329122001,234.80281
20240329123001,242.04519
20240329124001,230.17066
20240329125001,231.73289
20240329130001,208.09963
20240329131001,204.61711
20240329132001,204.45929
20240329133001,198.69505
20240329134001,197.58118
20240329135001,196.0865
20240329140001,194.03898
20240329141001,194.81317
20240329142001,194.11933
20240329143001,193.8078
20240329144001,194.05129
20240329145001,194.49326
20240329150001,191.5248
20240329151001,188.09912
20240329152001,186.15886
20240329153001,184.68713
20240329154001,183.84097
20240329155001,183.57157
20240329160001,556.34745
20240329161001,697.28306
20240329162001,686.0735
20240329163001,695.47288
20240329164001,843.6927
20240329165001,955.79305
20240428090001,352.59538
20240428091001,224.77161
20240428092001,207.50548
20240428093001,200.38828
20240428094001,199.51135
20240428095001,197.53701
20240428100001,201.79678
20240428101001,203.52593
20240428102001,206.50403
20240428103001,221.03534
20240428104001,235.30055
20240428105001,254.44507
20240428110001,296.66875
20240428111001,269.64871
20240428112001,245.26949
20240428113001,232.17526
20240428114001,232.46692
20240428115001,237.39305
20240428120001,234.36178
20240428121001,236.64885
20240428122001,234.80281
20240428123001,242.04519
20240428124001,230.17066
20240428125001,231.73289
20240428130001,208.09963
20240428131001,204.61711
20240428132001,204.45929
20240428133001,198.69505
20240428134001,197.58118
20240428135001,196.0865
20240428140001,194.03898
20240428141001,194.81317
20240428142001,194.11933
20240428143001,193.8078
20240428144001,194.05129
20240428145001,194.49326
20240428150001,191.5248
20240428151001,188.09912
20240428152001,186.15886
20240428153001,184.68713
20240428154001,183.84097
20240428155001,183.57157
20240428160001,556.34745
20240428161001,697.28306
20240428162001,686.0735
20240428163001,695.47288
20240428164001,843.6927
20240428165001,955.79305
20240430090001,783.88443
20240430091001,357.06212
20240430092001,341.46664
20240430093001,208.36499
20240430094001,213.30331
20240430095001,202.37695
20240430100001,208.64631
20240430101001,199.93876
20240430102001,203.43915
20240430103001,211.16098
20240430104001,220.42492
20240430105001,234.98201
20240430110001,296.66875
20240430111001,269.64871
20240430112001,245.26949
20240430113001,232.17526
20240430114001,232.46692
20240430115001,237.39305
20240430120001,234.36178
20240430121001,236.64885
20240430122001,234.80281
20240430123001,242.04519
20240430124001,230.17066
20240430125001,231.73289
20240430130001,208.09963
20240430131001,204.61711
20240430132001,204.45929
20240430133001,198.69505
20240430134001,197.58118
20240430135001,196.0865
20240430140001,194.03898
20240430141001,194.81317
20240430142001,194.11933
20240430143001,193.8078
20240430144001,194.05129
20240430145001,194.49326
20240430150001,191.5248
20240430151001,188.09912
20240430152001,186.15886
20240430153001,184.68713
20240430154001,183.84097
20240430155001,183.57157
20240430160001,556.34745
20240430161001,697.28306
20240430162001,686.0735
20240430163001,695.47288
20240430164001,843.6927
20240430165001,955.79305
20240515090001,766.53011
20240515091001,740.80195
20240515092001,530.87492
20240515093001,265.15172
20240515094001,211.84727
20240515095001,236.38931
20240515100001,213.08542
20240515101001,195.25231
20240515102001,201.37252
20240515103001,207.87307
20240515104001,216.07742
20240515105001,232.30248
20240515110001,296.66875
20240515111001,269.64871
20240515112001,245.26949
20240515113001,232.17526
20240515114001,232.46692
20240515115001,237.39305
20240515120001,234.36178
20240515121001,236.64885
20240515122001,234.80281
20240515123001,242.04519
20240515124001,230.17066
20240515125001,231.73289
20240515130001,208.09963
20240515131001,204.61711
20240515132001,204.45929
20240515133001,198.69505
20240515134001,197.58118
20240515135001,196.0865
20240515140001,194.03898
20240515141001,194.81317
20240515142001,194.11933
20240515143001,193.8078
20240515144001,194.05129
20240515145001,194.49326
20240515150001,191.5248
20240515151001,188.09912
20240515152001,186.15886
20240515153001,184.68713
20240515154001,183.84097
20240515155001,183.57157
20240515160001,556.34745
20240515161001,697.28306
20240515162001,686.0735
20240515163001,695.47288
20240515164001,843.6927
20240515165001,955.79305
20240520090001,404.37914
20240520091001,234.06751
20240520092001,235.59408
20240520093001,204.75626
20240520094001,208.44988
20240520095001,203.96754
20240520100001,209.22668
20240520101001,201.47033
20240520102001,206.1297
20240520103001,211.36721
20240520104001,222.49744
20240520105001,243.00924
20240520110001,296.66875
20240520111001,269.64871
20240520112001,245.26949
20240520113001,232.17526
20240520114001,232.46692
20240520115001,237.39305
20240520120001,234.36178
20240520121001,236.64885
20240520122001,234.80281
20240520123001,242.04519
20240520124001,230.17066
20240520125001,231.73289
20240520130001,208.09963
20240520131001,204.61711
20240520132001,204.45929
20240520133001,198.69505
20240520134001,197.58118
20240520135001,196.0865
20240520140001,194.03898
20240520141001,194.81317
20240520142001,194.11933
20240520143001,193.8078
20240520144001,194.05129
20240520145001,194.49326
20240520150001,191.5248
20240520151001,188.09912
20240520152001,186.15886
20240520153001,184.68713
20240520154001,183.84097
20240520155001,183.57157
20240520160001,556.34745
20240520161001,697.28306
20240520162001,686.0735
20240520163001,695.47288
20240520164001,843.6927
20240520165001,955.79305
20240613090001,224.07764
20240613091001,213.12168
20240613092001,207.86534
20240613093001,198.47335
20240613094001,195.89285
20240613095001,192.73628
20240613100001,198.96903
20240613101001,201.93605
20240613102001,207.1781
20240613103001,222.2084
20240613104001,233.03221
20240613105001,251.99866
20240613110001,296.66875
20240613111001,269.64871
20240613112001,245.26949
20240613113001,232.17526
20240613114001,232.46692
20240613115001,237.39305
20240613120001,234.36178
20240613121001,236.64885
20240613122001,234.80281
20240613123001,242.04519
20240613124001,230.17066
20240613125001,231.73289
20240613130001,208.09963
20240613131001,204.61711
20240613132001,204.45929
20240613133001,198.69505
20240613134001,197.58118
20240613135001,196.0865
20240613140001,194.03898
20240613141001,194.81317
20240613142001,194.11933
20240613143001,193.8078
20240613144001,194.05129
20240613145001,194.49326
20240613150001,191.5248
20240613151001,188.09912
20240613152001,186.15886
20240613153001,184.68713
20240613154001,183.84097
20240613155001,183.57157
20240613160001,556.34745
20240613161001,697.28306
20240613162001,686.0735
20240613163001,695.47288
20240613164001,843.6927
20240613165001,955.79305
20240615090001,666.11021
20240615091001,275.47646
20240615092001,227.8519
20240615093001,207.0671
20240615094001,202.36041
20240615095001,197.08595
20240615100001,202.64989
20240615101001,197.25083
20240615102001,203.67714
20240615103001,211.61278
20240615104001,220.7413
20240615105001,239.00407
20240615110001,296.66875
20240615111001,269.64871
20240615112001,245.26949
20240615113001,232.17526
20240615114001,232.46692
20240615115001,237.39305
20240615120001,234.36178
20240615121001,236.64885
20240615122001,234.80281
20240615123001,242.04519
20240615124001,230.17066
20240615125001,231.73289
20240615130001,208.09963
20240615131001,204.61711
20240615132001,204.45929
20240615133001,198.69505
20240615134001,197.58118
20240615135001,196.0865
20240615140001,194.03898
20240615141001,194.81317
20240615142001,194.11933
20240615143001,193.8078
20240615144001,194.05129
20240615145001,194.49326
20240615150001,191.5248
20240615151001,188.09912
20240615152001,186.15886
20240615153001,184.68713
20240615154001,183.84097
20240615155001,183.57157
20240615160001,556.34745
20240615161001,697.28306
20240615162001,686.0735
20240615163001,695.47288
20240615164001,843.6927
20240615165001,955.79305
20240703090001,630.66893
20240703091001,199.10178
20240703092001,191.35332
20240703093001,200.76644
20240703094001,200.65027
20240703095001,190.82726
20240703100001,206.05739
20240703101001,202.12991
20240703102001,202.21912
20240703103001,212.68894
20240703104001,216.18354
20240703105001,241.43817
20240703110001,296.66875
20240703111001,269.64871
20240703112001,245.26949
20240703113001,232.17526
20240703114001,232.46692
20240703115001,237.39305
20240703120001,234.36178
20240703121001,236.64885
20240703122001,234.80281
20240703123001,242.04519
20240703124001,230.17066
20240703125001,231.73289
20240703130001,208.09963
20240703131001,204.61711
20240703132001,204.45929
20240703133001,198.69505
20240703134001,197.58118
20240703135001,196.0865
20240703140001,194.03898
20240703141001,194.81317
20240703142001,194.11933
20240703143001,193.8078
20240703144001,194.05129
20240703145001,194.49326
20240703150001,191.5248
20240703151001,188.09912
20240703152001,186.15886
20240703153001,184.68713
20240703154001,183.84097
20240703155001,183.57157
20240703160001,556.34745
20240703161001,697.28306
20240703162001,686.0735
20240703163001,695.47288
20240703164001,843.6927
20240703165001,955.79305
20240707090001,692.09588
20240707091001,212.92017
20240707092001,201.14866
20240707093001,197.58818
20240707094001,195.68612
20240707095001,192.67837
20240707100001,199.35331
20240707101001,201.20225
20240707102001,204.12556
20240707103001,211.48704
20240707104001,216.03174
20240707105001,242.69087
20240707110001,296.66875
20240707111001,269.64871
20240707112001,245.26949
20240707113001,232.17526
20240707114001,232.46692
20240707115001,237.39305
20240707120001,234.36178
20240707121001,236.64885
20240707122001,234.80281
20240707123001,242.04519
20240707124001,230.17066
20240707125001,231.73289
20240707130001,208.09963
20240707131001,204.61711
20240707132001,204.45929
20240707133001,198.69505
20240707134001,197.58118
20240707135001,196.0865
20240707140001,194.03898
20240707141001,194.81317
20240707142001,194.11933
20240707143001,193.8078
20240707144001,194.05129
20240707145001,194.49326
20240707150001,191.5248
20240707151001,188.09912
20240707152001,186.15886
20240707153001,184.68713
20240707154001,183.84097
20240707155001,183.57157
20240707160001,556.34745
20240707161001,697.28306
20240707162001,686.0735
20240707163001,695.47288
20240707164001,843.6927
20240707165001,955.79305
20240125090002,192.03489
20240125091002,190.82502
20240125092002,194.79136
20240125093002,191.92115
20240125094002,196.48539
20240125095002,197.69533
20240125100002,196.06618
20240125101002,203.3438
20240125102002,209.73109
20240125103002,226.3879
20240125104002,240.53442
20240125105002,264.58969
20240125110002,296.66875
20240125111002,269.64871
20240125112002,245.26949
20240125113002,232.17526
20240125114002,232.46692
20240125115002,237.39305
20240125120002,234.36178
20240125121002,236.64885
20240125122002,234.80281
20240125123002,242.04519
20240125124002,230.17066
20240125125002,231.73289
20240125130002,208.09963
20240125131002,204.61711
20240125132002,204.45929
20240125133002,198.69505
20240125134002,197.58118
20240125135002,196.0865
20240125140002,194.03898
20240125141002,194.81317
20240125142002,194.11933
20240125143002,193.8078
20240125144002,194.05129
20240125145002,194.49326
20240125150002,191.5248
20240125151002,188.09912
20240125152002,186.15886
20240125153002,184.68713
20240125154002,183.84097
20240125155002,183.57157
20240125160002,556.34745
20240125161002,697.28306
20240125162002,686.0735
20240125163002,695.47288
20240125164002,843.6927
20240125165002,955.79305
20240128090002,189.00651
20240128091002,189.18261
20240128092002,200.65927
20240128093002,192.0535
20240128094002,199.00825
20240128095002,203.42254
20240128100002,202.35354
20240128101002,206.22369
20240128102002,209.82453
20240128103002,228.18316
20240128104002,243.40357
20240128105002,274.65482
20240128110002,296.66875
20240128111002,269.64871
20240128112002,245.26949
20240128113002,232.17526
20240128114002,232.46692
20240128115002,237.39305
20240128120002,234.36178
20240128121002,236.64885
20240128122002,234.80281
20240128123002,242.04519
20240128124002,230.17066
20240128125002,231.73289
20240128130002,208.09963
20240128131002,204.61711
20240128132002,204.45929
20240128133002,198.69505
20240128134002,197.58118
20240128135002,196.0865
20240128140002,194.03898
20240128141002,194.81317
20240128142002,194.11933
20240128143002,193.8078
20240128144002,194.05129
20240128145002,194.49326
20240128150002,191.5248
20240128151002,188.09912
20240128152002,186.15886
20240128153002,184.68713
20240128154002,183.84097
20240128155002,183.57157
20240128160002,556.34745
20240128161002,697.28306
20240128162002,686.0735
20240128163002,695.47288
20240128164002,843.6927
20240128165002,955.79305
20240213090002,540.10841
20240213091002,225.28918
20240213092002,202.62496
20240213093002,197.48031
20240213094002,196.7486
20240213095002,192.79431
20240213100002,203.70508
20240213101002,198.56136
20240213102002,204.07723
20240213103002,206.68555
20240213104002,220.78592
20240213105002,243.35819
20240213110002,296.66875
20240213111002,269.64871
20240213112002,245.26949
20240213113002,232.17526
20240213114002,232.46692
20240213115002,237.39305
20240213120002,234.36178
20240213121002,236.64885
20240213122002,234.80281
20240213123002,242.04519
20240213124002,230.17066
20240213125002,231.73289
20240213130002,208.09963
20240213131002,204.61711
20240213132002,204.45929
20240213133002,198.69505
20240213134002,197.58118
20240213135002,196.0865
20240213140002,194.03898
20240213141002,194.81317
20240213142002,194.11933
20240213143002,193.8078
20240213144002,194.05129
20240213145002,194.49326
20240213150002,191.5248
20240213151002,188.09912
20240213152002,186.15886
20240213153002,184.68713
20240213154002,183.84097
20240213155002,183.57157
20240213160002,556.34745
20240213161002,697.28306
20240213162002,686.0735
20240213163002,695.47288
20240213164002,843.6927
20240213165002,955.79305
20240226090002,196.34824
20240226091002,196.77556
20240226092002,191.47789
20240226093002,196.00837
20240226094002,200.61427
20240226095002,203.54761
20240226100002,201.46619
20240226101002,204.13156
20240226102002,211.31235
20240226103002,226.5885
20240226104002,241.7571
20240226105002,265.89067
20240226110002,296.66875
20240226111002,269.64871
20240226112002,245.26949
20240226113002,232.17526
20240226114002,232.46692
20240226115002,237.39305
20240226120002,234.36178
20240226121002,236.64885
20240226122002,234.80281
20240226123002,242.04519
20240226124002,230.17066
20240226125002,231.73289
20240226130002,208.09963
20240226131002,204.61711
20240226132002,204.45929
20240226133002,198.69505
20240226134002,197.58118
20240226135002,196.0865
20240226140002,194.03898
20240226141002,194.81317
20240226142002,194.11933
20240226143002,193.8078
20240226144002,194.05129
20240226145002,194.49326
20240226150002,191.5248
20240226151002,188.09912
20240226152002,186.15886
20240226153002,184.68713
20240226154002,183.84097
20240226155002,183.57157
20240226160002,556.34745
20240226161002,697.28306
20240226162002,686.0735
20240226163002,695.47288
20240226164002,843.6927
20240226165002,955.79305
20240319090002,195.53119
20240319091002,195.60152
20240319092002,207.0373
20240319093002,199.95095
20240319094002,198.77815
20240319095002,199.53811
20240319100002,200.45042
20240319101002,201.18016
20240319102002,206.1633
20240319103002,220.06241
20240319104002,240.48246
20240319105002,257.2995
20240319110002,296.66875
20240319111002,269.64871
20240319112002,245.26949
20240319113002,232.17526
20240319114002,232.46692
20240319115002,237.39305
20240319120002,234.36178
20240319121002,236.64885
20240319122002,234.80281
20240319123002,242.04519
20240319124002,230.17066
20240319125002,231.73289
20240319130002,208.09963
20240319131002,204.61711
20240319132002,204.45929
20240319133002,198.69505
20240319134002,197.58118
20240319135002,196.0865
20240319140002,194.03898
20240319141002,194.81317
20240319142002,194.11933
20240319143002,193.8078
20240319144002,194.05129
20240319145002,194.49326
20240319150002,191.5248
20240319151002,188.09912
20240319152002,186.15886
20240319153002,184.68713
20240319154002,183.84097
20240319155002,183.57157
20240319160002,556.34745
20240319161002,697.28306
20240319162002,686.0735
20240319163002,695.47288
20240319164002,843.6927
20240319165002,955.79305
20240427090002,241.31222
20240427091002,210.8923
20240427092002,197.99117
20240427093002,202.22101
20240427094002,196.43642
20240427095002,196.44639
20240427100002,197.01563
20240427101002,203.86898
20240427102002,207.72699
20240427103002,221.09085
20240427104002,239.87838
20240427105002,255.43211
20240427110002,296.66875
20240427111002,269.64871
20240427112002,245.26949
20240427113002,232.17526
20240427114002,232.46692
20240427115002,237.39305
20240427120002,234.36178
20240427121002,236.64885
20240427122002,234.80281
20240427123002,242.04519
20240427124002,230.17066
20240427125002,231.73289
20240427130002,208.09963
20240427131002,204.61711
20240427132002,204.45929
20240427133002,198.69505
20240427134002,197.58118
20240427135002,196.0865
20240427140002,194.03898
20240427141002,194.81317
20240427142002,194.11933
20240427143002,193.8078
20240427144002,194.05129
20240427145002,194.49326
20240427150002,191.5248
20240427151002,188.09912
20240427152002,186.15886
20240427153002,184.68713
20240427154002,183.84097
20240427155002,183.57157
20240427160002,556.34745
20240427161002,697.28306
20240427162002,686.0735
20240427163002,695.47288
20240427164002,843.6927
20240427165002,955.79305
20240508090002,288.38655
20240508091002,235.91267
20240508092002,208.3736
20240508093002,202.06797
20240508094002,202.22349
20240508095002,203.50416
20240508100002,203.95497
20240508101002,203.52187
20240508102002,207.07311
20240508103002,221.84185
20240508104002,228.97398
20240508105002,252.41825
20240508110002,296.66875
20240508111002,269.64871
20240508112002,245.26949
20240508113002,232.17526
20240508114002,232.46692
20240508115002,237.39305
20240508120002,234.36178
20240508121002,236.64885
20240508122002,234.80281
20240508123002,242.04519
20240508124002,230.17066
20240508125002,231.73289
20240508130002,208.09963
20240508131002,204.61711
20240508132002,204.45929
20240508133002,198.69505
20240508134002,197.58118
20240508135002,196.0865
20240508140002,194.03898
20240508141002,194.81317
20240508142002,194.11933
20240508143002,193.8078
20240508144002,194.05129
20240508145002,194.49326
20240508150002,191.5248
20240508151002,188.09912
20240508152002,186.15886
20240508153002,184.68713
20240508154002,183.84097
20240508155002,183.57157
20240508160002,556.34745
20240508161002,697.28306
20240508162002,686.0735
20240508163002,695.47288
20240508164002,843.6927
20240508165002,955.79305
20240705090002,535.09775
20240705091002,204.5061
20240705092002,197.14097
20240705093002,201.07048
20240705094002,196.35882
20240705095002,195.54434
20240705100002,200.98657
20240705101002,203.14053
20240705102002,205.82805
20240705103002,212.01038
20240705104002,212.77036
20240705105002,243.04669
20240705110002,296.66875
20240705111002,269.64871
20240705112002,245.26949
20240705113002,232.17526
20240705114002,232.46692
20240705115002,237.39305
20240705120002,234.36178
20240705121002,236.64885
20240705122002,234.80281
20240705123002,242.04519
20240705124002,230.17066
20240705125002,231.73289
20240705130002,208.09963
20240705131002,204.61711
20240705132002,204.45929
20240705133002,198.69505
20240705134002,197.58118
20240705135002,196.0865
20240705140002,194.03898
20240705141002,194.81317
20240705142002,194.11933
20240705143002,193.8078
20240705144002,194.05129
20240705145002,194.49326
20240705150002,191.5248
20240705151002,188.09912
20240705152002,186.15886
20240705153002,184.68713
20240705154002,183.84097
20240705155002,183.57157
20240705160002,556.34745
20240705161002,697.28306
20240705162002,686.0735
20240705163002,695.47288
20240705164002,843.6927
20240705165002,955.79305
20240707090002,565.24545
20240707091002,209.39122
20240707092002,196.6116
20240707093002,205.85326
20240707094002,195.82224
20240707095002,192.06749
20240707100002,196.3715
20240707101002,201.08254
20240707102002,204.43124
20240707103002,211.9418
20240707104002,215.35879
20240707105002,241.9743
20240707110002,296.66875
20240707111002,269.64871
20240707112002,245.26949
20240707113002,232.17526
20240707114002,232.46692
20240707115002,237.39305
20240707120002,234.36178
20240707121002,236.64885
20240707122002,234.80281
20240707123002,242.04519
20240707124002,230.17066
20240707125002,231.73289
20240707130002,208.09963
20240707131002,204.61711
20240707132002,204.45929
20240707133002,198.69505
20240707134002,197.58118
20240707135002,196.0865
20240707140002,194.03898
20240707141002,194.81317
20240707142002,194.11933
20240707143002,193.8078
20240707144002,194.05129
20240707145002,194.49326
20240707150002,191.5248
20240707151002,188.09912
20240707152002,186.15886
20240707153002,184.68713
20240707154002,183.84097
20240707155002,183.57157
20240707160002,556.34745
20240707161002,697.28306
20240707162002,686.0735
20240707163002,695.47288
20240707164002,843.6927
20240707165002,955.79305
20240317090003,860.60378
20240317091003,235.56048
20240317092003,469.59751
20240317093003,202.72053
20240317094003,209.87611
20240317095003,204.83388
20240317100003,207.37884
20240317101003,204.94718
20240317102003,201.7325
20240317103003,203.746
20240317104003,211.00286
20240317105003,242.38678
20240317110003,296.66875
20240317111003,269.64871
20240317112003,245.26949
20240317113003,232.17526
20240317114003,232.46692
20240317115003,237.39305
20240317120003,234.36178
20240317121003,236.64885
20240317122003,234.80281
20240317123003,242.04519
20240317124003,230.17066
20240317125003,231.73289
20240317130003,208.09963
20240317131003,204.61711
20240317132003,204.45929
20240317133003,198.69505
20240317134003,197.58118
20240317135003,196.0865
20240317140003,194.03898
20240317141003,194.81317
20240317142003,194.11933
20240317143003,193.8078
20240317144003,194.05129
20240317145003,194.49326
20240317150003,191.5248
20240317151003,188.09912
20240317152003,186.15886
20240317153003,184.68713
20240317154003,183.84097
20240317155003,183.57157
20240317160003,556.34745
20240317161003,697.28306
20240317162003,686.0735
20240317163003,695.47288
20240317164003,843.6927
20240317165003,955.79305
20240414090003,762.15699
20240414091003,532.21492
20240414092003,558.11786
20240414093003,243.27469
20240414094003,237.19511
20240414095003,225.40335
20240414100003,221.29605
20240414101003,196.90691
20240414102003,200.42235
20240414103003,207.43429
20240414104003,215.93469
20240414105003,232.19542
20240414110003,296.66875
20240414111003,269.64871
20240414112003,245.26949
20240414113003,232.17526
20240414114003,232.46692
20240414115003,237.39305
20240414120003,234.36178
20240414121003,236.64885
20240414122003,234.80281
20240414123003,242.04519
20240414124003,230.17066
20240414125003,231.73289
20240414130003,208.09963
20240414131003,204.61711
20240414132003,204.45929
20240414133003,198.69505
20240414134003,197.58118
20240414135003,196.0865
20240414140003,194.03898
20240414141003,194.81317
20240414142003,194.11933
20240414143003,193.8078
20240414144003,194.05129
20240414145003,194.49326
20240414150003,191.5248
20240414151003,188.09912
20240414152003,186.15886
20240414153003,184.68713
20240414154003,183.84097
20240414155003,183.57157
20240414160003,556.34745
20240414161003,697.28306
20240414162003,686.0735
20240414163003,695.47288
20240414164003,843.6927
20240414165003,955.79305
20240524090003,224.68094
20240524091003,211.84767
20240524092003,202.08315
20240524093003,200.80488
20240524094003,196.82634
20240524095003,196.60337
20240524100003,198.64604
20240524101003,206.24478
20240524102003,207.47423
20240524103003,221.09257
20240524104003,239.68481
20240524105003,255.75849
20240524110003,296.66875
20240524111003,269.64871
20240524112003,245.26949
20240524113003,232.17526
20240524114003,232.46692
20240524115003,237.39305
20240524120003,234.36178
20240524121003,236.64885
20240524122003,234.80281
20240524123003,242.04519
20240524124003,230.17066
20240524125003,231.73289
20240524130003,208.09963
20240524131003,204.61711
20240524132003,204.45929
20240524133003,198.69505
20240524134003,197.58118
20240524135003,196.0865
20240524140003,194.03898
20240524141003,194.81317
20240524142003,194.11933
20240524143003,193.8078
20240524144003,194.05129
20240524145003,194.49326
20240524150003,191.5248
20240524151003,188.09912
20240524152003,186.15886
20240524153003,184.68713
20240524154003,183.84097
20240524155003,183.57157
20240524160003,556.34745
20240524161003,697.28306
20240524162003,686.0735
20240524163003,695.47288
20240524164003,843.6927
20240524165003,955.79305
20240526090003,233.4385
20240526091003,213.52278
20240526092003,205.68135
20240526093003,202.52935
20240526094003,199.75628
20240526095003,198.1674
20240526100003,201.62938
20240526101003,205.81691
20240526102003,207.54486
20240526103003,220.76906
20240526104003,234.51482
20240526105003,254.6196
20240526110003,296.66875
20240526111003,269.64871
20240526112003,245.26949
20240526113003,232.17526
20240526114003,232.46692
20240526115003,237.39305
20240526120003,234.36178
20240526121003,236.64885
20240526122003,234.80281
20240526123003,242.04519
20240526124003,230.17066
20240526125003,231.73289
20240526130003,208.09963
20240526131003,204.61711
20240526132003,204.45929
20240526133003,198.69505
20240526134003,197.58118
20240526135003,196.0865
20240526140003,194.03898
20240526141003,194.81317
20240526142003,194.11933
20240526143003,193.8078
20240526144003,194.05129
20240526145003,194.49326
20240526150003,191.5248
20240526151003,188.09912
20240526152003,186.15886
20240526153003,184.68713
20240526154003,183.84097
20240526155003,183.57157
20240526160003,556.34745
20240526161003,697.28306
20240526162003,686.0735
20240526163003,695.47288
20240526164003,843.6927
20240526165003,955.79305
20240603090003,223.91753
20240603091003,253.28959
20240603092003,211.60891
20240603093003,205.93681
20240603094003,196.60866
20240603095003,195.26519
20240603100003,201.43961
20240603101003,199.0662
20240603102003,207.02915
20240603103003,222.32961
20240603104003,234.13382
20240603105003,252.14388
20240603110003,296.66875
20240603111003,269.64871
20240603112003,245.26949
20240603113003,232.17526
20240603114003,232.46692
20240603115003,237.39305
20240603120003,234.36178
20240603121003,236.64885
20240603122003,234.80281
20240603123003,242.04519
20240603124003,230.17066
20240603125003,231.73289
20240603130003,208.09963
20240603131003,204.61711
20240603132003,204.45929
20240603133003,198.69505
20240603134003,197.58118
20240603135003,196.0865
20240603140003,194.03898
20240603141003,194.81317
20240603142003,194.11933
20240603143003,193.8078
20240603144003,194.05129
20240603145003,194.49326
20240603150003,191.5248
20240603151003,188.09912
20240603152003,186.15886
20240603153003,184.68713
20240603154003,183.84097
20240603155003,183.57157
20240603160003,556.34745
20240603161003,697.28306
20240603162003,686.0735
20240603163003,695.47288
20240603164003,843.6927
20240603165003,955.79305
20240620090003,784.60975
20240620091003,306.61377
20240620092003,296.90968
20240620093003,222.16972
20240620094003,208.78948
20240620095003,198.26502
20240620100003,228.92901
20240620101003,197.12135
20240620102003,202.01675
20240620103003,207.71463
20240620104003,220.86329
20240620105003,233.36063
20240620110003,296.66875
20240620111003,269.64871
20240620112003,245.26949
20240620113003,232.17526
20240620114003,232.46692
20240620115003,237.39305
20240620120003,234.36178
20240620121003,236.64885
20240620122003,234.80281
20240620123003,242.04519
20240620124003,230.17066
20240620125003,231.73289
20240620130003,208.09963
20240620131003,204.61711
20240620132003,204.45929
20240620133003,198.69505
20240620134003,197.58118
20240620135003,196.0865
20240620140003,194.03898
20240620141003,194.81317
20240620142003,194.11933
20240620143003,193.8078
20240620144003,194.05129
20240620145003,194.49326
20240620150003,191.5248
20240620151003,188.09912
20240620152003,186.15886
20240620153003,184.68713
20240620154003,183.84097
20240620155003,183.57157
20240620160003,556.34745
20240620161003,697.28306
20240620162003,686.0735
20240620163003,695.47288
20240620164003,843.6927
20240620165003,955.79305
20240420090004,928.31235
20240420091004,439.14777
20240420092004,326.95074
20240420093004,197.30799
20240420094004,205.8684
20240420095004,197.67272
20240420100004,205.32438
20240420101004,201.25731
20240420102004,206.34206
20240420103004,208.07242
20240420104004,212.25991
20240420105004,235.10766
20240420110004,296.66875
20240420111004,269.64871
20240420112004,245.26949
20240420113004,232.17526
20240420114004,232.46692
20240420115004,237.39305
20240420120004,234.36178
20240420121004,236.64885
20240420122004,234.80281
20240420123004,242.04519
20240420124004,230.17066
20240420125004,231.73289
20240420130004,208.09963
20240420131004,204.61711
20240420132004,204.45929
20240420133004,198.69505
20240420134004,197.58118
20240420135004,196.0865
20240420140004,194.03898
20240420141004,194.81317
20240420142004,194.11933
20240420143004,193.8078
20240420144004,194.05129
20240420145004,194.49326
20240420150004,191.5248
20240420151004,188.09912
20240420152004,186.15886
20240420153004,184.68713
20240420154004,183.84097
20240420155004,183.57157
20240420160004,556.34745
20240420161004,697.28306
20240420162004,686.0735
20240420163004,695.47288
20240420164004,843.6927
20240420165004,955.79305
20240422090004,858.24551
20240422091004,586.81784
20240422092004,247.67991
20240422093004,201.6554
20240422094004,234.83976
20240422095004,203.96287
20240422100004,222.53258
20240422101004,195.06521
20240422102004,202.16817
20240422103004,207.88606
20240422104004,211.50933
20240422105004,233.19986
20240422110004,296.66875
20240422111004,269.64871
20240422112004,245.26949
20240422113004,232.17526
20240422114004,232.46692
20240422115004,237.39305
20240422120004,234.36178
20240422121004,236.64885
20240422122004,234.80281
20240422123004,242.04519
20240422124004,230.17066
20240422125004,231.73289
20240422130004,208.09963
20240422131004,204.61711
20240422132004,204.45929
20240422133004,198.69505
20240422134004,197.58118
20240422135004,196.0865
20240422140004,194.03898
20240422141004,194.81317
20240422142004,194.11933
20240422143004,193.8078
20240422144004,194.05129
20240422145004,194.49326
20240422150004,191.5248
20240422151004,188.09912
20240422152004,186.15886
20240422153004,184.68713
20240422154004,183.84097
20240422155004,183.57157
20240422160004,556.34745
20240422161004,697.28306
20240422162004,686.0735
20240422163004,695.47288
20240422164004,843.6927
20240422165004,955.79305
20240513090004,203.92453
20240513091004,195.5427
20240513092004,197.86901
20240513093004,198.26705
20240513094004,200.40549
20240513095004,195.26646
20240513100004,196.42125
20240513101004,201.14132
20240513102004,208.16208
20240513103004,222.19053
20240513104004,233.52389
20240513105004,253.52216
20240513110004,296.66875
20240513111004,269.64871
20240513112004,245.26949
20240513113004,232.17526
20240513114004,232.46692
20240513115004,237.39305
20240513120004,234.36178
20240513121004,236.64885
20240513122004,234.80281
20240513123004,242.04519
20240513124004,230.17066
20240513125004,231.73289
20240513130004,208.09963
20240513131004,204.61711
20240513132004,204.45929
20240513133004,198.69505
20240513134004,197.58118
20240513135004,196.0865
20240513140004,194.03898
20240513141004,194.81317
20240513142004,194.11933
20240513143004,193.8078
20240513144004,194.05129
20240513145004,194.49326
20240513150004,191.5248
20240513151004,188.09912
20240513152004,186.15886
20240513153004,184.68713
20240513154004,183.84097
20240513155004,183.57157
20240513160004,556.34745
20240513161004,697.28306
20240513162004,686.0735
20240513163004,695.47288
20240513164004,843.6927
20240513165004,955.79305
20240515090004,845.78089
20240515091004,565.04412
20240515092004,574.35122
20240515093004,211.62383
20240515094004,230.36716
20240515095004,344.58885
20240515100004,235.53318
20240515101004,191.12301
20240515102004,200.66477
20240515103004,207.32396
20240515104004,211.56926
20240515105004,230.39833
20240515110004,296.66875
20240515111004,269.64871
20240515112004,245.26949
20240515113004,232.17526
20240515114004,232.46692
20240515115004,237.39305
20240515120004,234.36178
20240515121004,236.64885
20240515122004,234.80281
20240515123004,242.04519
20240515124004,230.17066
20240515125004,231.73289
20240515130004,208.09963
20240515131004,204.61711
20240515132004,204.45929
20240515133004,198.69505
20240515134004,197.58118
20240515135004,196.0865
20240515140004,194.03898
20240515141004,194.81317
20240515142004,194.11933
20240515143004,193.8078
20240515144004,194.05129
20240515145004,194.49326
20240515150004,191.5248
20240515151004,188.09912
20240515152004,186.15886
20240515153004,184.68713
20240515154004,183.84097
20240515155004,183.57157
20240515160004,556.34745
20240515161004,697.28306
20240515162004,686.0735
20240515163004,695.47288
20240515164004,843.6927
20240515165004,955.79305
20240629090004,804.47851
20240629091004,232.73516
20240629092004,237.35949
20240629093004,209.39273
20240629094004,224.59817
20240629095004,196.07895
20240629100004,205.54401
20240629101004,198.70128
20240629102004,204.40721
20240629103004,208.08186
20240629104004,212.32218
20240629105004,239.07961
20240629110004,296.66875
20240629111004,269.64871
20240629112004,245.26949
20240629113004,232.17526
20240629114004,232.46692
20240629115004,237.39305
20240629120004,234.36178
20240629121004,236.64885
20240629122004,234.80281
20240629123004,242.04519
20240629124004,230.17066
20240629125004,231.73289
20240629130004,208.09963
20240629131004,204.61711
20240629132004,204.45929
20240629133004,198.69505
20240629134004,197.58118
20240629135004,196.0865
20240629140004,194.03898
20240629141004,194.81317
20240629142004,194.11933
20240629143004,193.8078
20240629144004,194.05129
20240629145004,194.49326
20240629150004,191.5248
20240629151004,188.09912
20240629152004,186.15886
20240629153004,184.68713
20240629154004,183.84097
20240629155004,183.57157
20240629160004,556.34745
20240629161004,697.28306
20240629162004,686.0735
20240629163004,695.47288
20240629164004,843.6927
20240629165004,955.79305
20240704090004,772.23317
20240704091004,204.40355
20240704092004,198.91421
20240704093004,196.14531
20240704094004,196.37948
20240704095004,195.92074
20240704100004,203.94537
20240704101004,201.95419
20240704102004,202.45735
20240704103004,208.19576
20240704104004,211.65312
20240704105004,241.65943
20240704110004,296.66875
20240704111004,269.64871
20240704112004,245.26949
20240704113004,232.17526
20240704114004,232.46692
20240704115004,237.39305
20240704120004,234.36178
20240704121004,236.64885
20240704122004,234.80281
20240704123004,242.04519
20240704124004,230.17066
20240704125004,231.73289
20240704130004,208.09963
20240704131004,204.61711
20240704132004,204.45929
20240704133004,198.69505
20240704134004,197.58118
20240704135004,196.0865
20240704140004,194.03898
20240704141004,194.81317
20240704142004,194.11933
20240704143004,193.8078
20240704144004,194.05129
20240704145004,194.49326
20240704150004,191.5248
20240704151004,188.09912
20240704152004,186.15886
20240704153004,184.68713
20240704154004,183.84097
20240704155004,183.57157
20240704160004,556.34745
20240704161004,697.28306
20240704162004,686.0735
20240704163004,695.47288
20240704164004,843.6927
20240704165004,955.79305
20240509090005,283.82612
20240509091005,227.46799
20240509092005,204.71867
20240509093005,201.64378
20240509094005,197.83192
20240509095005,195.81223
20240509100005,204.42589
20240509101005,203.23992
20240509102005,206.16825
20240509103005,220.53889
20240509104005,229.01805
20240509105005,245.26749
20240509110005,296.66875
20240509111005,269.64871
20240509112005,245.26949
20240509113005,232.17526
20240509114005,232.46692
20240509115005,237.39305
20240509120005,234.36178
20240509121005,236.64885
20240509122005,234.80281
20240509123005,242.04519
20240509124005,230.17066
20240509125005,231.73289
20240509130005,208.09963
20240509131005,204.61711
20240509132005,204.45929
20240509133005,198.69505
20240509134005,197.58118
20240509135005,196.0865
20240509140005,194.03898
20240509141005,194.81317
20240509142005,194.11933
20240509143005,193.8078
20240509144005,194.05129
20240509145005,194.49326
20240509150005,191.5248
20240509151005,188.09912
20240509152005,186.15886
20240509153005,184.68713
20240509154005,183.84097
20240509155005,183.57157
20240509160005,556.34745
20240509161005,697.28306
20240509162005,686.0735
20240509163005,695.47288
20240509164005,843.6927
20240509165005,955.79305
20240514090005,387.09402
20240514091005,224.5097
20240514092005,207.17463
20240514093005,204.1855
20240514094005,198.70592
20240514095005,202.69781
20240514100005,201.57109
20240514101005,200.52943
20240514102005,206.5974
20240514103005,221.54517
20240514104005,222.62359
20240514105005,243.58693
20240514110005,296.66875
20240514111005,269.64871
20240514112005,245.26949
20240514113005,232.17526
20240514114005,232.46692
20240514115005,237.39305
20240514120005,234.36178
20240514121005,236.64885
20240514122005,234.80281
20240514123005,242.04519
20240514124005,230.17066
20240514125005,231.73289
20240514130005,208.09963
20240514131005,204.61711
20240514132005,204.45929
20240514133005,198.69505
20240514134005,197.58118
20240514135005,196.0865
20240514140005,194.03898
20240514141005,194.81317
20240514142005,194.11933
20240514143005,193.8078
20240514144005,194.05129
20240514145005,194.49326
20240514150005,191.5248
20240514151005,188.09912
20240514152005,186.15886
20240514153005,184.68713
20240514154005,183.84097
20240514155005,183.57157
20240514160005,556.34745
20240514161005,697.28306
20240514162005,686.0735
20240514163005,695.47288
20240514164005,843.6927
20240514165005,955.79305
20240615090005,469.21745
20240615091005,301.70139
20240615092005,332.97633
20240615093005,234.12255
20240615094005,208.02465
20240615095005,196.49708
20240615100005,196.56831
20240615101005,203.20618
20240615102005,203.9131
20240615103005,221.57145
20240615104005,221.0775
20240615105005,241.15192
20240615110005,296.66875
20240615111005,269.64871
20240615112005,245.26949
20240615113005,232.17526
20240615114005,232.46692
20240615115005,237.39305
20240615120005,234.36178
20240615121005,236.64885
20240615122005,234.80281
20240615123005,242.04519
20240615124005,230.17066
20240615125005,231.73289
20240615130005,208.09963
20240615131005,204.61711
20240615132005,204.45929
20240615133005,198.69505
20240615134005,197.58118
20240615135005,196.0865
20240615140005,194.03898
20240615141005,194.81317
20240615142005,194.11933
20240615143005,193.8078
20240615144005,194.05129
20240615145005,194.49326
20240615150005,191.5248
20240615151005,188.09912
20240615152005,186.15886
20240615153005,184.68713
20240615154005,183.84097
20240615155005,183.57157
20240615160005,556.34745
20240615161005,697.28306
20240615162005,686.0735
20240615163005,695.47288
20240615164005,843.6927
20240615165005,955.79305
20240620090005,443.39563
20240620091005,378.46823
20240620092005,397.84295
20240620093005,208.14819
20240620094005,212.17319
20240620095005,199.94308
20240620100005,218.16554
20240620101005,200.99866
20240620102005,204.06306
20240620103005,222.82532
20240620104005,220.88544
20240620105005,238.72301
20240620110005,296.66875
20240620111005,269.64871
20240620112005,245.26949
20240620113005,232.17526
20240620114005,232.46692
20240620115005,237.39305
20240620120005,234.36178
20240620121005,236.64885
20240620122005,234.80281
20240620123005,242.04519
20240620124005,230.17066
20240620125005,231.73289
20240620130005,208.09963
20240620131005,204.61711
20240620132005,204.45929
20240620133005,198.69505
20240620134005,197.58118
20240620135005,196.0865
20240620140005,194.03898
20240620141005,194.81317
20240620142005,194.11933
20240620143005,193.8078
20240620144005,194.05129
20240620145005,194.49326
20240620150005,191.5248
20240620151005,188.09912
20240620152005,186.15886
20240620153005,184.68713
20240620154005,183.84097
20240620155005,183.57157
20240620160005,556.34745
20240620161005,697.28306
20240620162005,686.0735
20240620163005,695.47288
20240620164005,843.6927
20240620165005,955.79305
20240706090005,339.62624
20240706091005,191.2636
20240706092005,189.07034
20240706093005,195.44596
20240706094005,185.83434
20240706095005,190.56211
20240706100005,189.91548
20240706101005,202.72572
20240706102005,207.24464
20240706103005,221.58699
20240706104005,212.35533
20240706105005,243.68159
20240706110005,296.66875
20240706111005,269.64871
20240706112005,245.26949
20240706113005,232.17526
20240706114005,232.46692
20240706115005,237.39305
20240706120005,234.36178
20240706121005,236.64885
20240706122005,234.80281
20240706123005,242.04519
20240706124005,230.17066
20240706125005,231.73289
20240706130005,208.09963
20240706131005,204.61711
20240706132005,204.45929
20240706133005,198.69505
20240706134005,197.58118
20240706135005,196.0865
20240706140005,194.03898
20240706141005,194.81317
20240706142005,194.11933
20240706143005,193.8078
20240706144005,194.05129
20240706145005,194.49326
20240706150005,191.5248
20240706151005,188.09912
20240706152005,186.15886
20240706153005,184.68713
20240706154005,183.84097
20240706155005,183.57157
20240706160005,556.34745
20240706161005,697.28306
20240706162005,686.0735
20240706163005,695.47288
20240706164005,843.6927
20240706165005,955.79305
20240708090005,352.24499
20240708091005,267.35446
20240708092005,243.52341
20240708093005,222.91908
20240708094005,205.19777
20240708095005,197.55599
20240708100005,197.15564
20240708101005,204.18341
20240708102005,205.84451
20240708103005,221.43763
20240708104005,220.51691
20240708105005,241.98936
20240708110005,296.66875
20240708111005,269.64871
20240708112005,245.26949
20240708113005,232.17526
20240708114005,232.46692
20240708115005,237.39305
20240708120005,234.36178
20240708121005,236.64885
20240708122005,234.80281
20240708123005,242.04519
20240708124005,230.17066
20240708125005,231.73289
20240708130005,208.09963
20240708131005,204.61711
20240708132005,204.45929
20240708133005,198.69505
20240708134005,197.58118
20240708135005,196.0865
20240708140005,194.03898
20240708141005,194.81317
20240708142005,194.11933
20240708143005,193.8078
20240708144005,194.05129
20240708145005,194.49326
20240708150005,191.5248
20240708151005,188.09912
20240708152005,186.15886
20240708153005,184.68713
20240708154005,183.84097
20240708155005,183.57157
20240708160005,556.34745
20240708161005,697.28306
20240708162005,686.0735
20240708163005,695.47288
20240708164005,843.6927
20240708165005,955.79305
20240520090006,669.68316
20240520091006,305.24254
20240520092006,280.19574
20240520093006,207.39612
20240520094006,210.7005
20240520095006,204.40724
20240520100006,200.61334
20240520101006,198.92139
20240520102006,206.11072
20240520103006,208.96461
20240520104006,215.27267
20240520105006,240.83927
20240520110006,296.66875
20240520111006,269.64871
20240520112006,245.26949
20240520113006,232.17526
20240520114006,232.46692
20240520115006,237.39305
20240520120006,234.36178
20240520121006,236.64885
20240520122006,234.80281
20240520123006,242.04519
20240520124006,230.17066
20240520125006,231.73289
20240520130006,208.09963
20240520131006,204.61711
20240520132006,204.45929
20240520133006,198.69505
20240520134006,197.58118
20240520135006,196.0865
20240520140006,194.03898
20240520141006,194.81317
20240520142006,194.11933
20240520143006,193.8078
20240520144006,194.05129
20240520145006,194.49326
20240520150006,191.5248
20240520151006,188.09912
20240520152006,186.15886
20240520153006,184.68713
20240520154006,183.84097
20240520155006,183.57157
20240520160006,556.34745
20240520161006,697.28306
20240520162006,686.0735
20240520163006,695.47288
20240520164006,843.6927
20240520165006,955.79305
20240527090006,562.2162
20240527091006,356.07996
20240527092006,279.27384
20240527093006,209.18854
20240527094006,204.43445
20240527095006,204.94757
20240527100006,211.0412
20240527101006,196.59434
20240527102006,204.02626
20240527103006,221.68334
20240527104006,211.72984
20240527105006,235.53149
20240527110006,296.66875
20240527111006,269.64871
20240527112006,245.26949
20240527113006,232.17526
20240527114006,232.46692
20240527115006,237.39305
20240527120006,234.36178
20240527121006,236.64885
20240527122006,234.80281
20240527123006,242.04519
20240527124006,230.17066
20240527125006,231.73289
20240527130006,208.09963
20240527131006,204.61711
20240527132006,204.45929
20240527133006,198.69505
20240527134006,197.58118
20240527135006,196.0865
20240527140006,194.03898
20240527141006,194.81317
20240527142006,194.11933
20240527143006,193.8078
20240527144006,194.05129
20240527145006,194.49326
20240527150006,191.5248
20240527151006,188.09912
20240527152006,186.15886
20240527153006,184.68713
20240527154006,183.84097
20240527155006,183.57157
20240527160006,556.34745
20240527161006,697.28306
20240527162006,686.0735
20240527163006,695.47288
20240527164006,843.6927
20240527165006,955.79305
20240625090006,717.38148
20240625091006,232.51256
20240625092006,198.74396
20240625093006,204.08682
20240625094006,208.59551
20240625095006,193.45678
20240625100006,201.60741
20240625101006,197.74249
20240625102006,204.05294
20240625103006,211.81101
20240625104006,211.99907
20240625105006,240.89985
20240625110006,296.66875
20240625111006,269.64871
20240625112006,245.26949
20240625113006,232.17526
20240625114006,232.46692
20240625115006,237.39305
20240625120006,234.36178
20240625121006,236.64885
20240625122006,234.80281
20240625123006,242.04519
20240625124006,230.17066
20240625125006,231.73289
20240625130006,208.09963
20240625131006,204.61711
20240625132006,204.45929
20240625133006,198.69505
20240625134006,197.58118
20240625135006,196.0865
20240625140006,194.03898
20240625141006,194.81317
20240625142006,194.11933
20240625143006,193.8078
20240625144006,194.05129
20240625145006,194.49326
20240625150006,191.5248
20240625151006,188.09912
20240625152006,186.15886
20240625153006,184.68713
20240625154006,183.84097
20240625155006,183.57157
20240625160006,556.34745
20240625161006,697.28306
20240625162006,686.0735
20240625163006,695.47288
20240625164006,843.6927
20240625165006,955.79305
20240629090006,733.9542
20240629091006,228.19173
20240629092006,206.12328
20240629093006,207.37539
20240629094006,214.12979
20240629095006,194.89992
20240629100006,197.42078
20240629101006,197.58443
20240629102006,203.74487
20240629103006,211.63232
20240629104006,212.16459
20240629105006,240.97203
20240629110006,296.66875
20240629111006,269.64871
20240629112006,245.26949
20240629113006,232.17526
20240629114006,232.46692
20240629115006,237.39305
20240629120006,234.36178
20240629121006,236.64885
20240629122006,234.80281
20240629123006,242.04519
20240629124006,230.17066
20240629125006,231.73289
20240629130006,208.09963
20240629131006,204.61711
20240629132006,204.45929
20240629133006,198.69505
20240629134006,197.58118
20240629135006,196.0865
20240629140006,194.03898
20240629141006,194.81317
20240629142006,194.11933
20240629143006,193.8078
20240629144006,194.05129
20240629145006,194.49326
20240629150006,191.5248
20240629151006,188.09912
20240629152006,186.15886
20240629153006,184.68713
20240629154006,183.84097
20240629155006,183.57157
20240629160006,556.34745
20240629161006,697.28306
20240629162006,686.0735
20240629163006,695.47288
20240629164006,843.6927
20240629165006,955.79305
20240706090006,658.18417
20240706091006,203.3262
20240706092006,197.72505
20240706093006,194.83769
20240706094006,197.59934
20240706095006,194.53777
20240706100006,195.83729
20240706101006,201.58798
20240706102006,204.05765
20240706103006,211.6104
20240706104006,211.72024
20240706105006,242.2792
20240706110006,296.66875
20240706111006,269.64871
20240706112006,245.26949
20240706113006,232.17526
20240706114006,232.46692
20240706115006,237.39305
20240706120006,234.36178
20240706121006,236.64885
20240706122006,234.80281
20240706123006,242.04519
20240706124006,230.17066
20240706125006,231.73289
20240706130006,208.09963
20240706131006,204.61711
20240706132006,204.45929
20240706133006,198.69505
20240706134006,197.58118
20240706135006,196.0865
20240706140006,194.03898
20240706141006,194.81317
20240706142006,194.11933
20240706143006,193.8078
20240706144006,194.05129
20240706145006,194.49326
20240706150006,191.5248
20240706151006,188.09912
20240706152006,186.15886
20240706153006,184.68713
20240706154006,183.84097
20240706155006,183.57157
20240706160006,556.34745
20240706161006,697.28306
20240706162006,686.0735
20240706163006,695.47288
20240706164006,843.6927
20240706165006,955.79305
20240722090006,683.732
20240722091006,213.59295
20240722092006,201.76235
20240722093006,200.64249
20240722094006,202.18977
20240722095006,191.87684
20240722100006,192.11412
20240722101006,200.82077
20240722102006,203.7426
20240722103006,211.93416
20240722104006,211.565
20240722105006,242.4329
20240722110006,296.66875
20240722111006,269.64871
20240722112006,245.26949
20240722113006,232.17526
20240722114006,232.46692
20240722115006,237.39305
20240722120006,234.36178
20240722121006,236.64885
20240722122006,234.80281
20240722123006,242.04519
20240722124006,230.17066
20240722125006,231.73289
20240722130006,208.09963
20240722131006,204.61711
20240722132006,204.45929
20240722133006,198.69505
20240722134006,197.58118
20240722135006,196.0865
20240722140006,194.03898
20240722141006,194.81317
20240722142006,194.11933
20240722143006,193.8078
20240722144006,194.05129
20240722145006,194.49326
20240722150006,191.5248
20240722151006,188.09912
20240722152006,186.15886
20240722153006,184.68713
20240722154006,183.84097
20240722155006,183.57157
20240722160006,556.34745
20240722161006,697.28306
20240722162006,686.0735
20240722163006,695.47288
20240722164006,843.6927
20240722165006,955.79305
20240526090007,290.3205
20240526091007,280.72155
20240526092007,226.46801
20240526093007,204.33907
20240526094007,206.89512
20240526095007,205.35338
20240526100007,203.84597
20240526101007,203.28959
20240526102007,206.09926
20240526103007,215.8048
20240526104007,228.93816
20240526105007,244.61795
20240526110007,296.66875
20240526111007,269.64871
20240526112007,245.26949
20240526113007,232.17526
20240526114007,232.46692
20240526115007,237.39305
20240526120007,234.36178
20240526121007,236.64885
20240526122007,234.80281
20240526123007,242.04519
20240526124007,230.17066
20240526125007,231.73289
20240526130007,208.09963
20240526131007,204.61711
20240526132007,204.45929
20240526133007,198.69505
20240526134007,197.58118
20240526135007,196.0865
20240526140007,194.03898
20240526141007,194.81317
20240526142007,194.11933
20240526143007,193.8078
20240526144007,194.05129
20240526145007,194.49326
20240526150007,191.5248
20240526151007,188.09912
20240526152007,186.15886
20240526153007,184.68713
20240526154007,183.84097
20240526155007,183.57157
20240526160007,556.34745
20240526161007,697.28306
20240526162007,686.0735
20240526163007,695.47288
20240526164007,843.6927
20240526165007,955.79305
20240612090007,531.6592
20240612091007,292.67769
20240612092007,375.51342
20240612093007,200.61219
20240612094007,208.45229
20240612095007,198.58316
20240612100007,205.79656
20240612101007,200.87727
20240612102007,203.68949
20240612103007,207.35534
20240612104007,211.35387
20240612105007,242.97747
20240612110007,296.66875
20240612111007,269.64871
20240612112007,245.26949
20240612113007,232.17526
20240612114007,232.46692
20240612115007,237.39305
20240612120007,234.36178
20240612121007,236.64885
20240612122007,234.80281
20240612123007,242.04519
20240612124007,230.17066
20240612125007,231.73289
20240612130007,208.09963
20240612131007,204.61711
20240612132007,204.45929
20240612133007,198.69505
20240612134007,197.58118
20240612135007,196.0865
20240612140007,194.03898
20240612141007,194.81317
20240612142007,194.11933
20240612143007,193.8078
20240612144007,194.05129
20240612145007,194.49326
20240612150007,191.5248
20240612151007,188.09912
20240612152007,186.15886
20240612153007,184.68713
20240612154007,183.84097
20240612155007,183.57157
20240612160007,556.34745
20240612161007,697.28306
20240612162007,686.0735
20240612163007,695.47288
20240612164007,843.6927
20240612165007,955.79305
20240615090007,814.97181
20240615091007,340.45984
20240615092007,302.75424
20240615093007,210.12809
20240615094007,211.46896
20240615095007,198.58349
20240615100007,212.53032
20240615101007,195.95171
20240615102007,203.93367
20240615103007,207.92757
20240615104007,212.26519
20240615105007,235.34728
20240615110007,296.66875
20240615111007,269.64871
20240615112007,245.26949
20240615113007,232.17526
20240615114007,232.46692
20240615115007,237.39305
20240615120007,234.36178
20240615121007,236.64885
20240615122007,234.80281
20240615123007,242.04519
20240615124007,230.17066
20240615125007,231.73289
20240615130007,208.09963
20240615131007,204.61711
20240615132007,204.45929
20240615133007,198.69505
20240615134007,197.58118
20240615135007,196.0865
20240615140007,194.03898
20240615141007,194.81317
20240615142007,194.11933
20240615143007,193.8078
20240615144007,194.05129
20240615145007,194.49326
20240615150007,191.5248
20240615151007,188.09912
20240615152007,186.15886
20240615153007,184.68713
20240615154007,183.84097
20240615155007,183.57157
20240615160007,556.34745
20240615161007,697.28306
20240615162007,686.0735
20240615163007,695.47288
20240615164007,843.6927
20240615165007,955.79305
20240717090007,825.37572
20240717091007,211.07433
20240717092007,208.71464
20240717093007,203.79799
20240717094007,222.17933
20240717095007,193.79619
20240717100007,207.40537
20240717101007,200.04578
20240717102007,203.47319
20240717103007,207.90131
20240717104007,211.76359
20240717105007,240.67877
20240717110007,296.66875
20240717111007,269.64871
20240717112007,245.26949
20240717113007,232.17526
20240717114007,232.46692
20240717115007,237.39305
20240717120007,234.36178
20240717121007,236.64885
20240717122007,234.80281
20240717123007,242.04519
20240717124007,230.17066
20240717125007,231.73289
20240717130007,208.09963
20240717131007,204.61711
20240717132007,204.45929
20240717133007,198.69505
20240717134007,197.58118
20240717135007,196.0865
20240717140007,194.03898
20240717141007,194.81317
20240717142007,194.11933
20240717143007,193.8078
20240717144007,194.05129
20240717145007,194.49326
20240717150007,191.5248
20240717151007,188.09912
20240717152007,186.15886
20240717153007,184.68713
20240717154007,183.84097
20240717155007,183.57157
20240717160007,556.34745
20240717161007,697.28306
20240717162007,686.0735
20240717163007,695.47288
20240717164007,843.6927
20240717165007,955.79305
20240124090008,188.66187
20240124091008,187.59151
20240124092008,192.5601
20240124093008,191.57649
20240124094008,195.89534
20240124095008,196.29623
20240124100008,194.8327
20240124101008,200.05215
20240124102008,207.44921
20240124103008,222.05227
20240124104008,241.42555
20240124105008,258.23023
20240124110008,296.66875
20240124111008,269.64871
20240124112008,245.26949
20240124113008,232.17526
20240124114008,232.46692
20240124115008,237.39305
20240124120008,234.36178
20240124121008,236.64885
20240124122008,234.80281
20240124123008,242.04519
20240124124008,230.17066
20240124125008,231.73289
20240124130008,208.09963
20240124131008,204.61711
20240124132008,204.45929
20240124133008,198.69505
20240124134008,197.58118
20240124135008,196.0865
20240124140008,194.03898
20240124141008,194.81317
20240124142008,194.11933
20240124143008,193.8078
20240124144008,194.05129
20240124145008,194.49326
20240124150008,191.5248
20240124151008,188.09912
20240124152008,186.15886
20240124153008,184.68713
20240124154008,183.84097
20240124155008,183.57157
20240124160008,556.34745
20240124161008,697.28306
20240124162008,686.0735
20240124163008,695.47288
20240124164008,843.6927
20240124165008,955.79305
20240128090008,187.02587
20240128091008,187.25592
20240128092008,192.53499
20240128093008,191.65899
20240128094008,195.73754
20240128095008,197.1857
20240128100008,196.68689
20240128101008,203.17565
20240128102008,210.61784
20240128103008,226.49567
20240128104008,242.77615
20240128105008,266.47111
20240128110008,296.66875
20240128111008,269.64871
20240128112008,245.26949
20240128113008,232.17526
20240128114008,232.46692
20240128115008,237.39305
20240128120008,234.36178
20240128121008,236.64885
20240128122008,234.80281
20240128123008,242.04519
20240128124008,230.17066
20240128125008,231.73289
20240128130008,208.09963
20240128131008,204.61711
20240128132008,204.45929
20240128133008,198.69505
20240128134008,197.58118
20240128135008,196.0865
20240128140008,194.03898
20240128141008,194.81317
20240128142008,194.11933
20240128143008,193.8078
20240128144008,194.05129
20240128145008,194.49326
20240128150008,191.5248
20240128151008,188.09912
20240128152008,186.15886
20240128153008,184.68713
20240128154008,183.84097
20240128155008,183.57157
20240128160008,556.34745
20240128161008,697.28306
20240128162008,686.0735
20240128163008,695.47288
20240128164008,843.6927
20240128165008,955.79305
20240204090008,192.65412
20240204091008,192.21522
20240204092008,194.1653
20240204093008,198.56785
20240204094008,199.92499
20240204095008,205.61182
20240204100008,201.24235
20240204101008,203.78298
20240204102008,211.92186
20240204103008,227.99522
20240204104008,234.5473
20240204105008,254.46243
20240204110008,296.66875
20240204111008,269.64871
20240204112008,245.26949
20240204113008,232.17526
20240204114008,232.46692
20240204115008,237.39305
20240204120008,234.36178
20240204121008,236.64885
20240204122008,234.80281
20240204123008,242.04519
20240204124008,230.17066
20240204125008,231.73289
20240204130008,208.09963
20240204131008,204.61711
20240204132008,204.45929
20240204133008,198.69505
20240204134008,197.58118
20240204135008,196.0865
20240204140008,194.03898
20240204141008,194.81317
20240204142008,194.11933
20240204143008,193.8078
20240204144008,194.05129
20240204145008,194.49326
20240204150008,191.5248
20240204151008,188.09912
20240204152008,186.15886
20240204153008,184.68713
20240204154008,183.84097
20240204155008,183.57157
20240204160008,556.34745
20240204161008,697.28306
20240204162008,686.0735
20240204163008,695.47288
20240204164008,843.6927
20240204165008,955.79305
20240218090008,193.45735
20240218091008,190.50974
20240218092008,192.63515
20240218093008,193.18184
20240218094008,197.83554
20240218095008,206.34259
20240218100008,197.29285
20240218101008,201.22774
20240218102008,209.08701
20240218103008,208.27683
20240218104008,229.00548
20240218105008,256.12067
20240218110008,296.66875
20240218111008,269.64871
20240218112008,245.26949
20240218113008,232.17526
20240218114008,232.46692
20240218115008,237.39305
20240218120008,234.36178
20240218121008,236.64885
20240218122008,234.80281
20240218123008,242.04519
20240218124008,230.17066
20240218125008,231.73289
20240218130008,208.09963
20240218131008,204.61711
20240218132008,204.45929
20240218133008,198.69505
20240218134008,197.58118
20240218135008,196.0865
20240218140008,194.03898
20240218141008,194.81317
20240218142008,194.11933
20240218143008,193.8078
20240218144008,194.05129
20240218145008,194.49326
20240218150008,191.5248
20240218151008,188.09912
20240218152008,186.15886
20240218153008,184.68713
20240218154008,183.84097
20240218155008,183.57157
20240218160008,556.34745
20240218161008,697.28306
20240218162008,686.0735
20240218163008,695.47288
20240218164008,843.6927
20240218165008,955.79305
20240305090008,195.30529
20240305091008,197.61652
20240305092008,190.85391
20240305093008,197.15827
20240305094008,190.70069
20240305095008,271.7928
20240305100008,201.7475
20240305101008,212.15089
20240305102008,221.10126
20240305103008,212.11388
20240305104008,211.82874
20240305105008,240.48667
20240305110008,296.66875
20240305111008,269.64871
20240305112008,245.26949
20240305113008,232.17526
20240305114008,232.46692
20240305115008,237.39305
20240305120008,234.36178
20240305121008,236.64885
20240305122008,234.80281
20240305123008,242.04519
20240305124008,230.17066
20240305125008,231.73289
20240305130008,208.09963
20240305131008,204.61711
20240305132008,204.45929
20240305133008,198.69505
20240305134008,197.58118
20240305135008,196.0865
20240305140008,194.03898
20240305141008,194.81317
20240305142008,194.11933
20240305143008,193.8078
20240305144008,194.05129
20240305145008,194.49326
20240305150008,191.5248
20240305151008,188.09912
20240305152008,186.15886
20240305153008,184.68713
20240305154008,183.84097
20240305155008,183.57157
20240305160008,556.34745
20240305161008,697.28306
20240305162008,686.0735
20240305163008,695.47288
20240305164008,843.6927
20240305165008,955.79305
20240325090008,202.29712
20240325091008,200.4285
20240325092008,239.74008
20240325093008,193.02888
20240325094008,190.96194
20240325095008,191.88359
20240325100008,207.35325
20240325101008,201.19038
20240325102008,207.717
20240325103008,211.58241
20240325104008,222.80396
20240325105008,251.94145
20240325110008,296.66875
20240325111008,269.64871
20240325112008,245.26949
20240325113008,232.17526
20240325114008,232.46692
20240325115008,237.39305
20240325120008,234.36178
20240325121008,236.64885
20240325122008,234.80281
20240325123008,242.04519
20240325124008,230.17066
20240325125008,231.73289
20240325130008,208.09963
20240325131008,204.61711
20240325132008,204.45929
20240325133008,198.69505
20240325134008,197.58118
20240325135008,196.0865
20240325140008,194.03898
20240325141008,194.81317
20240325142008,194.11933
20240325143008,193.8078
20240325144008,194.05129
20240325145008,194.49326
20240325150008,191.5248
20240325151008,188.09912
20240325152008,186.15886
20240325153008,184.68713
20240325154008,183.84097
20240325155008,183.57157
20240325160008,556.34745
20240325161008,697.28306
20240325162008,686.0735
20240325163008,695.47288
20240325164008,843.6927
20240325165008,955.79305
20240518090008,196.20523
20240518091008,197.00435
20240518092008,202.90097
20240518093008,196.70639
20240518094008,196.62838
20240518095008,196.6035
20240518100008,201.75863
20240518101008,203.42234
20240518102008,207.02888
20240518103008,220.72226
20240518104008,232.78933
20240518105008,254.43608
20240518110008,296.66875
20240518111008,269.64871
20240518112008,245.26949
20240518113008,232.17526
20240518114008,232.46692
20240518115008,237.39305
20240518120008,234.36178
20240518121008,236.64885
20240518122008,234.80281
20240518123008,242.04519
20240518124008,230.17066
20240518125008,231.73289
20240518130008,208.09963
20240518131008,204.61711
20240518132008,204.45929
20240518133008,198.69505
20240518134008,197.58118
20240518135008,196.0865
20240518140008,194.03898
20240518141008,194.81317
20240518142008,194.11933
20240518143008,193.8078
20240518144008,194.05129
20240518145008,194.49326
20240518150008,191.5248
20240518151008,188.09912
20240518152008,186.15886
20240518153008,184.68713
20240518154008,183.84097
20240518155008,183.57157
20240518160008,556.34745
20240518161008,697.28306
20240518162008,686.0735
20240518163008,695.47288
20240518164008,843.6927
20240518165008,955.79305
20240526090008,198.36276
20240526091008,197.39723
20240526092008,199.26977
20240526093008,197.05697
20240526094008,194.80154
20240526095008,196.38809
20240526100008,202.38153
20240526101008,206.34576
20240526102008,207.43264
20240526103008,221.09257
20240526104008,238.45309
20240526105008,257.41384
20240526110008,296.66875
20240526111008,269.64871
20240526112008,245.26949
20240526113008,232.17526
20240526114008,232.46692
20240526115008,237.39305
20240526120008,234.36178
20240526121008,236.64885
20240526122008,234.80281
20240526123008,242.04519
20240526124008,230.17066
20240526125008,231.73289
20240526130008,208.09963
20240526131008,204.61711
20240526132008,204.45929
20240526133008,198.69505
20240526134008,197.58118
20240526135008,196.0865
20240526140008,194.03898
20240526141008,194.81317
20240526142008,194.11933
20240526143008,193.8078
20240526144008,194.05129
20240526145008,194.49326
20240526150008,191.5248
20240526151008,188.09912
20240526152008,186.15886
20240526153008,184.68713
20240526154008,183.84097
20240526155008,183.57157
20240526160008,556.34745
20240526161008,697.28306
20240526162008,686.0735
20240526163008,695.47288
20240526164008,843.6927
20240526165008,955.79305
20240529090008,201.92706
20240529091008,193.91647
20240529092008,203.15176
20240529093008,196.8934
20240529094008,196.55111
20240529095008,195.69945
20240529100008,207.63701
20240529101008,203.85614
20240529102008,207.10119
20240529103008,212.31272
20240529104008,226.91104
20240529105008,253.01196
20240529110008,296.66875
20240529111008,269.64871
20240529112008,245.26949
20240529113008,232.17526
20240529114008,232.46692
20240529115008,237.39305
20240529120008,234.36178
20240529121008,236.64885
20240529122008,234.80281
20240529123008,242.04519
20240529124008,230.17066
20240529125008,231.73289
20240529130008,208.09963
20240529131008,204.61711
20240529132008,204.45929
20240529133008,198.69505
20240529134008,197.58118
20240529135008,196.0865
20240529140008,194.03898
20240529141008,194.81317
20240529142008,194.11933
20240529143008,193.8078
20240529144008,194.05129
20240529145008,194.49326
20240529150008,191.5248
20240529151008,188.09912
20240529152008,186.15886
20240529153008,184.68713
20240529154008,183.84097
20240529155008,183.57157
20240529160008,556.34745
20240529161008,697.28306
20240529162008,686.0735
20240529163008,695.47288
20240529164008,843.6927
20240529165008,955.79305
20240607090008,201.09494
20240607091008,200.04909
20240607092008,202.35893
20240607093008,195.59019
20240607094008,191.00638
20240607095008,191.20629
20240607100008,197.73589
20240607101008,197.15088
20240607102008,208.29359
20240607103008,221.10783
20240607104008,232.31219
20240607105008,252.25694
20240607110008,296.66875
20240607111008,269.64871
20240607112008,245.26949
20240607113008,232.17526
20240607114008,232.46692
20240607115008,237.39305
20240607120008,234.36178
20240607121008,236.64885
20240607122008,234.80281
20240607123008,242.04519
20240607124008,230.17066
20240607125008,231.73289
20240607130008,208.09963
20240607131008,204.61711
20240607132008,204.45929
20240607133008,198.69505
20240607134008,197.58118
20240607135008,196.0865
20240607140008,194.03898
20240607141008,194.81317
20240607142008,194.11933
20240607143008,193.8078
20240607144008,194.05129
20240607145008,194.49326
20240607150008,191.5248
20240607151008,188.09912
20240607152008,186.15886
20240607153008,184.68713
20240607154008,183.84097
20240607155008,183.57157
20240607160008,556.34745
20240607161008,697.28306
20240607162008,686.0735
20240607163008,695.47288
20240607164008,843.6927
20240607165008,955.79305
20240613090008,195.03117
20240613091008,199.14457
20240613092008,199.51897
20240613093008,195.47073
20240613094008,191.04174
20240613095008,191.21505
20240613100008,199.29068
20240613101008,199.07476
20240613102008,207.61902
20240613103008,222.2084
20240613104008,233.03221
20240613105008,252.25694
20240613110008,296.66875
20240613111008,269.64871
20240613112008,245.26949
20240613113008,232.17526
20240613114008,232.46692
20240613115008,237.39305
20240613120008,234.36178
20240613121008,236.64885
20240613122008,234.80281
20240613123008,242.04519
20240613124008,230.17066
20240613125008,231.73289
20240613130008,208.09963
20240613131008,204.61711
20240613132008,204.45929
20240613133008,198.69505
20240613134008,197.58118
20240613135008,196.0865
20240613140008,194.03898
20240613141008,194.81317
20240613142008,194.11933
20240613143008,193.8078
20240613144008,194.05129
20240613145008,194.49326
20240613150008,191.5248
20240613151008,188.09912
20240613152008,186.15886
20240613153008,184.68713
20240613154008,183.84097
20240613155008,183.57157
20240613160008,556.34745
20240613161008,697.28306
20240613162008,686.0735
20240613163008,695.47288
20240613164008,843.6927
20240613165008,955.79305
20240628090008,226.93536
20240628091008,412.18505
20240628092008,320.79734
20240628093008,191.20388
20240628094008,194.67889
20240628095008,189.6995
20240628100008,192.68453
20240628101008,201.41156
20240628102008,211.72062
20240628103008,220.9896
20240628104008,221.94102
20240628105008,235.43946
20240628110008,296.66875
20240628111008,269.64871
20240628112008,245.26949
20240628113008,232.17526
20240628114008,232.46692
20240628115008,237.39305
20240628120008,234.36178
20240628121008,236.64885
20240628122008,234.80281
20240628123008,242.04519
20240628124008,230.17066
20240628125008,231.73289
20240628130008,208.09963
20240628131008,204.61711
20240628132008,204.45929
20240628133008,198.69505
20240628134008,197.58118
20240628135008,196.0865
20240628140008,194.03898
20240628141008,194.81317
20240628142008,194.11933
20240628143008,193.8078
20240628144008,194.05129
20240628145008,194.49326
20240628150008,191.5248
20240628151008,188.09912
20240628152008,186.15886
20240628153008,184.68713
20240628154008,183.84097
20240628155008,183.57157
20240628160008,556.34745
20240628161008,697.28306
20240628162008,686.0735
20240628163008,695.47288
20240628164008,843.6927
20240628165008,955.79305
20240705090008,196.49997
20240705091008,189.48214
20240705092008,193.75658
20240705093008,190.17745
20240705094008,195.992
20240705095008,187.43759
20240705100008,208.75631
20240705101008,200.81224
20240705102008,204.20967
20240705103008,221.12457
20240705104008,222.19763
20240705105008,235.99874
20240705110008,296.66875
20240705111008,269.64871
20240705112008,245.26949
20240705113008,232.17526
20240705114008,232.46692
20240705115008,237.39305
20240705120008,234.36178
20240705121008,236.64885
20240705122008,234.80281
20240705123008,242.04519
20240705124008,230.17066
20240705125008,231.73289
20240705130008,208.09963
20240705131008,204.61711
20240705132008,204.45929
20240705133008,198.69505
20240705134008,197.58118
20240705135008,196.0865
20240705140008,194.03898
20240705141008,194.81317
20240705142008,194.11933
20240705143008,193.8078
20240705144008,194.05129
20240705145008,194.49326
20240705150008,191.5248
20240705151008,188.09912
20240705152008,186.15886
20240705153008,184.68713
20240705154008,183.84097
20240705155008,183.57157
20240705160008,556.34745
20240705161008,697.28306
20240705162008,686.0735
20240705163008,695.47288
20240705164008,843.6927
20240705165008,955.79305
20240709090008,199.90697
20240709091008,238.96562
20240709092008,199.46656
20240709093008,190.27649
20240709094008,195.96632
20240709095008,187.35844
20240709100008,208.57778
20240709101008,201.75313
20240709102008,204.15367
20240709103008,221.28687
20240709104008,221.30745
20240709105008,236.1082
20240709110008,296.66875
20240709111008,269.64871
20240709112008,245.26949
20240709113008,232.17526
20240709114008,232.46692
20240709115008,237.39305
20240709120008,234.36178
20240709121008,236.64885
20240709122008,234.80281
20240709123008,242.04519
20240709124008,230.17066
20240709125008,231.73289
20240709130008,208.09963
20240709131008,204.61711
20240709132008,204.45929
20240709133008,198.69505
20240709134008,197.58118
20240709135008,196.0865
20240709140008,194.03898
20240709141008,194.81317
20240709142008,194.11933
20240709143008,193.8078
20240709144008,194.05129
20240709145008,194.49326
20240709150008,191.5248
20240709151008,188.09912
20240709152008,186.15886
20240709153008,184.68713
20240709154008,183.84097
20240709155008,183.57157
20240709160008,556.34745
20240709161008,697.28306
20240709162008,686.0735
20240709163008,695.47288
20240709164008,843.6927
20240709165008,955.79305
20240715090008,208.83552
20240715091008,508.96998
20240715092008,280.01946
20240715093008,190.65337
20240715094008,193.86301
20240715095008,189.4677
20240715100008,198.658
20240715101008,201.46514
20240715102008,211.35126
20240715103008,221.93182
20240715104008,221.48538
20240715105008,235.79719
20240715110008,296.66875
20240715111008,269.64871
20240715112008,245.26949
20240715113008,232.17526
20240715114008,232.46692
20240715115008,237.39305
20240715120008,234.36178
20240715121008,236.64885
20240715122008,234.80281
20240715123008,242.04519
20240715124008,230.17066
20240715125008,231.73289
20240715130008,208.09963
20240715131008,204.61711
20240715132008,204.45929
20240715133008,198.69505
20240715134008,197.58118
20240715135008,196.0865
20240715140008,194.03898
20240715141008,194.81317
20240715142008,194.11933
20240715143008,193.8078
20240715144008,194.05129
20240715145008,194.49326
20240715150008,191.5248
20240715151008,188.09912
20240715152008,186.15886
20240715153008,184.68713
20240715154008,183.84097
20240715155008,183.57157
20240715160008,556.34745
20240715161008,697.28306
20240715162008,686.0735
20240715163008,695.47288
20240715164008,843.6927
20240715165008,955.79305
20240719090008,201.07639
20240719091008,190.47052
20240719092008,198.07507
20240719093008,189.59942
20240719094008,194.33402
20240719095008,187.17895
20240719100008,207.11237
20240719101008,203.67001
20240719102008,204.52151
20240719103008,221.36858
20240719104008,221.15496
20240719105008,239.02958
20240719110008,296.66875
20240719111008,269.64871
20240719112008,245.26949
20240719113008,232.17526
20240719114008,232.46692
20240719115008,237.39305
20240719120008,234.36178
20240719121008,236.64885
20240719122008,234.80281
20240719123008,242.04519
20240719124008,230.17066
20240719125008,231.73289
20240719130008,208.09963
20240719131008,204.61711
20240719132008,204.45929
20240719133008,198.69505
20240719134008,197.58118
20240719135008,196.0865
20240719140008,194.03898
20240719141008,194.81317
20240719142008,194.11933
20240719143008,193.8078
20240719144008,194.05129
20240719145008,194.49326
20240719150008,191.5248
20240719151008,188.09912
20240719152008,186.15886
20240719153008,184.68713
20240719154008,183.84097
20240719155008,183.57157
20240719160008,556.34745
20240719161008,697.28306
20240719162008,686.0735
20240719163008,695.47288
20240719164008,843.6927
20240719165008,955.79305
20240309090009,208.52118
20240309091009,205.32331
20240309092009,201.5724
20240309093009,199.52622
20240309094009,197.34613
20240309095009,195.15471
20240309100009,194.60123
20240309101009,201.81001
20240309102009,205.53999
20240309103009,212.11559
20240309104009,232.41084
20240309105009,251.90528
20240309110009,296.66875
20240309111009,269.64871
20240309112009,245.26949
20240309113009,232.17526
20240309114009,232.46692
20240309115009,237.39305
20240309120009,234.36178
20240309121009,236.64885
20240309122009,234.80281
20240309123009,242.04519
20240309124009,230.17066
20240309125009,231.73289
20240309130009,208.09963
20240309131009,204.61711
20240309132009,204.45929
20240309133009,198.69505
20240309134009,197.58118
20240309135009,196.0865
20240309140009,194.03898
20240309141009,194.81317
20240309142009,194.11933
20240309143009,193.8078
20240309144009,194.05129
20240309145009,194.49326
20240309150009,191.5248
20240309151009,188.09912
20240309152009,186.15886
20240309153009,184.68713
20240309154009,183.84097
20240309155009,183.57157
20240309160009,556.34745
20240309161009,697.28306
20240309162009,686.0735
20240309163009,695.47288
20240309164009,843.6927
20240309165009,955.79305
20240314090009,188.43918
20240314091009,189.79586
20240314092009,201.25153
20240314093009,191.57906
20240314094009,192.10352
20240314095009,190.76425
20240314100009,191.50352
20240314101009,196.40796
20240314102009,205.84686
20240314103009,215.07838
20240314104009,235.27296
20240314105009,254.17851
20240314110009,296.66875
20240314111009,269.64871
20240314112009,245.26949
20240314113009,232.17526
20240314114009,232.46692
20240314115009,237.39305
20240314120009,234.36178
20240314121009,236.64885
20240314122009,234.80281
20240314123009,242.04519
20240314124009,230.17066
20240314125009,231.73289
20240314130009,208.09963
20240314131009,204.61711
20240314132009,204.45929
20240314133009,198.69505
20240314134009,197.58118
20240314135009,196.0865
20240314140009,194.03898
20240314141009,194.81317
20240314142009,194.11933
20240314143009,193.8078
20240314144009,194.05129
20240314145009,194.49326
20240314150009,191.5248
20240314151009,188.09912
20240314152009,186.15886
20240314153009,184.68713
20240314154009,183.84097
20240314155009,183.57157
20240314160009,556.34745
20240314161009,697.28306
20240314162009,686.0735
20240314163009,695.47288
20240314164009,843.6927
20240314165009,955.79305
20240414090009,448.8114
20240414091009,319.61413
20240414092009,390.31716
20240414093009,213.20512
20240414094009,235.08044
20240414095009,208.80734
20240414100009,229.74807
20240414101009,203.58737
20240414102009,205.75126
20240414103009,220.68551
20240414104009,221.32193
20240414105009,235.44406
20240414110009,296.66875
20240414111009,269.64871
20240414112009,245.26949
20240414113009,232.17526
20240414114009,232.46692
20240414115009,237.39305
20240414120009,234.36178
20240414121009,236.64885
20240414122009,234.80281
20240414123009,242.04519
20240414124009,230.17066
20240414125009,231.73289
20240414130009,208.09963
20240414131009,204.61711
20240414132009,204.45929
20240414133009,198.69505
20240414134009,197.58118
20240414135009,196.0865
20240414140009,194.03898
20240414141009,194.81317
20240414142009,194.11933
20240414143009,193.8078
20240414144009,194.05129
20240414145009,194.49326
20240414150009,191.5248
20240414151009,188.09912
20240414152009,186.15886
20240414153009,184.68713
20240414154009,183.84097
20240414155009,183.57157
20240414160009,556.34745
20240414161009,697.28306
20240414162009,686.0735
20240414163009,695.47288
20240414164009,843.6927
20240414165009,955.79305
20240506090009,443.0452
20240506091009,372.69032
20240506092009,210.17922
20240506093009,201.16285
20240506094009,203.25904
20240506095009,192.33421
20240506100009,256.49962
20240506101009,203.73841
20240506102009,206.01129
20240506103009,221.73231
20240506104009,221.06534
20240506105009,236.43304
20240506110009,296.66875
20240506111009,269.64871
20240506112009,245.26949
20240506113009,232.17526
20240506114009,232.46692
20240506115009,237.39305
20240506120009,234.36178
20240506121009,236.64885
20240506122009,234.80281
20240506123009,242.04519
20240506124009,230.17066
20240506125009,231.73289
20240506130009,208.09963
20240506131009,204.61711
20240506132009,204.45929
20240506133009,198.69505
20240506134009,197.58118
20240506135009,196.0865
20240506140009,194.03898
20240506141009,194.81317
20240506142009,194.11933
20240506143009,193.8078
20240506144009,194.05129
20240506145009,194.49326
20240506150009,191.5248
20240506151009,188.09912
20240506152009,186.15886
20240506153009,184.68713
20240506154009,183.84097
20240506155009,183.57157
20240506160009,556.34745
20240506161009,697.28306
20240506162009,686.0735
20240506163009,695.47288
20240506164009,843.6927
20240506165009,955.79305
20240526090009,200.29461
20240526091009,197.93576
20240526092009,201.99044
20240526093009,198.52387
20240526094009,196.17927
20240526095009,196.39405
20240526100009,201.86543
20240526101009,210.22194
20240526102009,207.33897
20240526103009,220.9231
20240526104009,234.44958
20240526105009,255.62002
20240526110009,296.66875
20240526111009,269.64871
20240526112009,245.26949
20240526113009,232.17526
20240526114009,232.46692
20240526115009,237.39305
20240526120009,234.36178
20240526121009,236.64885
20240526122009,234.80281
20240526123009,242.04519
20240526124009,230.17066
20240526125009,231.73289
20240526130009,208.09963
20240526131009,204.61711
20240526132009,204.45929
20240526133009,198.69505
20240526134009,197.58118
20240526135009,196.0865
20240526140009,194.03898
20240526141009,194.81317
20240526142009,194.11933
20240526143009,193.8078
20240526144009,194.05129
20240526145009,194.49326
20240526150009,191.5248
20240526151009,188.09912
20240526152009,186.15886
20240526153009,184.68713
20240526154009,183.84097
20240526155009,183.57157
20240526160009,556.34745
20240526161009,697.28306
20240526162009,686.0735
20240526163009,695.47288
20240526164009,843.6927
20240526165009,955.79305
20240614090009,198.55165
20240614091009,208.7823
20240614092009,213.4546
20240614093009,199.92594
20240614094009,195.60784
20240614095009,190.90866
20240614100009,196.23561
20240614101009,196.47908
20240614102009,207.24367
20240614103009,222.19601
20240614104009,226.97126
20240614105009,245.68681
20240614110009,296.66875
20240614111009,269.64871
20240614112009,245.26949
20240614113009,232.17526
20240614114009,232.46692
20240614115009,237.39305
20240614120009,234.36178
20240614121009,236.64885
20240614122009,234.80281
20240614123009,242.04519
20240614124009,230.17066
20240614125009,231.73289
20240614130009,208.09963
20240614131009,204.61711
20240614132009,204.45929
20240614133009,198.69505
20240614134009,197.58118
20240614135009,196.0865
20240614140009,194.03898
20240614141009,194.81317
20240614142009,194.11933
20240614143009,193.8078
20240614144009,194.05129
20240614145009,194.49326
20240614150009,191.5248
20240614151009,188.09912
20240614152009,186.15886
20240614153009,184.68713
20240614154009,183.84097
20240614155009,183.57157
20240614160009,556.34745
20240614161009,697.28306
20240614162009,686.0735
20240614163009,695.47288
20240614164009,843.6927
20240614165009,955.79305
20240621090009,374.76419
20240621091009,451.4484
20240621092009,292.90976
20240621093009,195.05151
20240621094009,204.0441
20240621095009,194.80671
20240621100009,261.92084
20240621101009,202.52566
20240621102009,208.31428
20240621103009,222.12263
20240621104009,221.7089
20240621105009,235.96634
20240621110009,296.66875
20240621111009,269.64871
20240621112009,245.26949
20240621113009,232.17526
20240621114009,232.46692
20240621115009,237.39305
20240621120009,234.36178
20240621121009,236.64885
20240621122009,234.80281
20240621123009,242.04519
20240621124009,230.17066
20240621125009,231.73289
20240621130009,208.09963
20240621131009,204.61711
20240621132009,204.45929
20240621133009,198.69505
20240621134009,197.58118
20240621135009,196.0865
20240621140009,194.03898
20240621141009,194.81317
20240621142009,194.11933
20240621143009,193.8078
20240621144009,194.05129
20240621145009,194.49326
20240621150009,191.5248
20240621151009,188.09912
20240621152009,186.15886
20240621153009,184.68713
20240621154009,183.84097
20240621155009,183.57157
20240621160009,556.34745
20240621161009,697.28306
20240621162009,686.0735
20240621163009,695.47288
20240621164009,843.6927
20240621165009,955.79305
20240628090009,349.32985
20240628091009,237.76809
20240628092009,340.31748
20240628093009,208.77652
20240628094009,214.3839
20240628095009,193.44322
20240628100009,293.09722
20240628101009,201.71231
20240628102009,206.8878
20240628103009,221.52214
20240628104009,222.42271
20240628105009,235.33914
20240628110009,296.66875
20240628111009,269.64871
20240628112009,245.26949
20240628113009,232.17526
20240628114009,232.46692
20240628115009,237.39305
20240628120009,234.36178
20240628121009,236.64885
20240628122009,234.80281
20240628123009,242.04519
20240628124009,230.17066
20240628125009,231.73289
20240628130009,208.09963
20240628131009,204.61711
20240628132009,204.45929
20240628133009,198.69505
20240628134009,197.58118
20240628135009,196.0865
20240628140009,194.03898
20240628141009,194.81317
20240628142009,194.11933
20240628143009,193.8078
20240628144009,194.05129
20240628145009,194.49326
20240628150009,191.5248
20240628151009,188.09912
20240628152009,186.15886
20240628153009,184.68713
20240628154009,183.84097
20240628155009,183.57157
20240628160009,556.34745
20240628161009,697.28306
20240628162009,686.0735
20240628163009,695.47288
20240628164009,843.6927
20240628165009,955.79305
20240717090009,207.19501
20240717091009,192.20068
20240717092009,191.99383
20240717093009,190.91633
20240717094009,195.44121
20240717095009,190.75827
20240717100009,226.57973
20240717101009,206.8826
20240717102009,204.14995
20240717103009,221.22144
20240717104009,221.02514
20240717105009,240.91171
20240717110009,296.66875
20240717111009,269.64871
20240717112009,245.26949
20240717113009,232.17526
20240717114009,232.46692
20240717115009,237.39305
20240717120009,234.36178
20240717121009,236.64885
20240717122009,234.80281
20240717123009,242.04519
20240717124009,230.17066
20240717125009,231.73289
20240717130009,208.09963
20240717131009,204.61711
20240717132009,204.45929
20240717133009,198.69505
20240717134009,197.58118
20240717135009,196.0865
20240717140009,194.03898
20240717141009,194.81317
20240717142009,194.11933
20240717143009,193.8078
20240717144009,194.05129
20240717145009,194.49326
20240717150009,191.5248
20240717151009,188.09912
20240717152009,186.15886
20240717153009,184.68713
20240717154009,183.84097
20240717155009,183.57157
20240717160009,556.34745
20240717161009,697.28306
20240717162009,686.0735
20240717163009,695.47288
20240717164009,843.6927
20240717165009,955.79305
20240316090010,695.51802
20240316091010,395.50692
20240316092010,282.49471
20240316093010,206.87308
20240316094010,202.95645
20240316095010,211.24157
20240316100010,255.52232
20240316101010,197.67679
20240316102010,203.32221
20240316103010,227.86748
20240316104010,220.38448
20240316105010,235.34225
20240316110010,296.66875
20240316111010,269.64871
20240316112010,245.26949
20240316113010,232.17526
20240316114010,232.46692
20240316115010,237.39305
20240316120010,234.36178
20240316121010,236.64885
20240316122010,234.80281
20240316123010,242.04519
20240316124010,230.17066
20240316125010,231.73289
20240316130010,208.09963
20240316131010,204.61711
20240316132010,204.45929
20240316133010,198.69505
20240316134010,197.58118
20240316135010,196.0865
20240316140010,194.03898
20240316141010,194.81317
20240316142010,194.11933
20240316143010,193.8078
20240316144010,194.05129
20240316145010,194.49326
20240316150010,191.5248
20240316151010,188.09912
20240316152010,186.15886
20240316153010,184.68713
20240316154010,183.84097
20240316155010,183.57157
20240316160010,556.34745
20240316161010,697.28306
20240316162010,686.0735
20240316163010,695.47288
20240316164010,843.6927
20240316165010,955.79305
20240324090010,497.96989
20240324091010,584.86109
20240324092010,321.70863
20240324093010,214.84034
20240324094010,218.44796
20240324095010,245.41113
20240324100010,221.12956
20240324101010,196.9996
20240324102010,203.40849
20240324103010,228.16732
20240324104010,215.94073
20240324105010,235.45391
20240324110010,296.66875
20240324111010,269.64871
20240324112010,245.26949
20240324113010,232.17526
20240324114010,232.46692
20240324115010,237.39305
20240324120010,234.36178
20240324121010,236.64885
20240324122010,234.80281
20240324123010,242.04519
20240324124010,230.17066
20240324125010,231.73289
20240324130010,208.09963
20240324131010,204.61711
20240324132010,204.45929
20240324133010,198.69505
20240324134010,197.58118
20240324135010,196.0865
20240324140010,194.03898
20240324141010,194.81317
20240324142010,194.11933
20240324143010,193.8078
20240324144010,194.05129
20240324145010,194.49326
20240324150010,191.5248
20240324151010,188.09912
20240324152010,186.15886
20240324153010,184.68713
20240324154010,183.84097
20240324155010,183.57157
20240324160010,556.34745
20240324161010,697.28306
20240324162010,686.0735
20240324163010,695.47288
20240324164010,843.6927
20240324165010,955.79305
20240412090010,535.52071
20240412091010,210.38384
20240412092010,211.94858
20240412093010,195.8749
20240412094010,195.71176
20240412095010,195.88532
20240412100010,221.58925
20240412101010,207.12696
20240412102010,203.91519
20240412103010,220.63271
20240412104010,220.9599
20240412105010,242.71585
20240412110010,296.66875
20240412111010,269.64871
20240412112010,245.26949
20240412113010,232.17526
20240412114010,232.46692
20240412115010,237.39305
20240412120010,234.36178
20240412121010,236.64885
20240412122010,234.80281
20240412123010,242.04519
20240412124010,230.17066
20240412125010,231.73289
20240412130010,208.09963
20240412131010,204.61711
20240412132010,204.45929
20240412133010,198.69505
20240412134010,197.58118
20240412135010,196.0865
20240412140010,194.03898
20240412141010,194.81317
20240412142010,194.11933
20240412143010,193.8078
20240412144010,194.05129
20240412145010,194.49326
20240412150010,191.5248
20240412151010,188.09912
20240412152010,186.15886
20240412153010,184.68713
20240412154010,183.84097
20240412155010,183.57157
20240412160010,556.34745
20240412161010,697.28306
20240412162010,686.0735
20240412163010,695.47288
20240412164010,843.6927
20240412165010,955.79305
20240419090010,224.19418
20240419091010,208.17119
20240419092010,207.69001
20240419093010,202.07987
20240419094010,196.61929
20240419095010,196.92674
20240419100010,201.50438
20240419101010,205.72429
20240419102010,206.72198
20240419103010,220.80612
20240419104010,234.413
20240419105010,254.78243
20240419110010,296.66875
20240419111010,269.64871
20240419112010,245.26949
20240419113010,232.17526
20240419114010,232.46692
20240419115010,237.39305
20240419120010,234.36178
20240419121010,236.64885
20240419122010,234.80281
20240419123010,242.04519
20240419124010,230.17066
20240419125010,231.73289
20240419130010,208.09963
20240419131010,204.61711
20240419132010,204.45929
20240419133010,198.69505
20240419134010,197.58118
20240419135010,196.0865
20240419140010,194.03898
20240419141010,194.81317
20240419142010,194.11933
20240419143010,193.8078
20240419144010,194.05129
20240419145010,194.49326
20240419150010,191.5248
20240419151010,188.09912
20240419152010,186.15886
20240419153010,184.68713
20240419154010,183.84097
20240419155010,183.57157
20240419160010,556.34745
20240419161010,697.28306
20240419162010,686.0735
20240419163010,695.47288
20240419164010,843.6927
20240419165010,955.79305
20240515090010,348.31692
20240515091010,232.35134
20240515092010,359.3315
20240515093010,202.68522
20240515094010,206.89597
20240515095010,209.69855
20240515100010,204.00777
20240515101010,200.74157
20240515102010,204.01609
20240515103010,220.82179
20240515104010,220.89116
20240515105010,235.27942
20240515110010,296.66875
20240515111010,269.64871
20240515112010,245.26949
20240515113010,232.17526
20240515114010,232.46692
20240515115010,237.39305
20240515120010,234.36178
20240515121010,236.64885
20240515122010,234.80281
20240515123010,242.04519
20240515124010,230.17066
20240515125010,231.73289
20240515130010,208.09963
20240515131010,204.61711
20240515132010,204.45929
20240515133010,198.69505
20240515134010,197.58118
20240515135010,196.0865
20240515140010,194.03898
20240515141010,194.81317
20240515142010,194.11933
20240515143010,193.8078
20240515144010,194.05129
20240515145010,194.49326
20240515150010,191.5248
20240515151010,188.09912
20240515152010,186.15886
20240515153010,184.68713
20240515154010,183.84097
20240515155010,183.57157
20240515160010,556.34745
20240515161010,697.28306
20240515162010,686.0735
20240515163010,695.47288
20240515164010,843.6927
20240515165010,955.79305
20240526090010,212.3337
20240526091010,205.20356
20240526092010,202.57646
20240526093010,199.66452
20240526094010,200.47392
20240526095010,196.01653
20240526100010,201.68498
20240526101010,203.96402
20240526102010,206.52657
20240526103010,220.72757
20240526104010,231.69275
20240526105010,252.61574
20240526110010,296.66875
20240526111010,269.64871
20240526112010,245.26949
20240526113010,232.17526
20240526114010,232.46692
20240526115010,237.39305
20240526120010,234.36178
20240526121010,236.64885
20240526122010,234.80281
20240526123010,242.04519
20240526124010,230.17066
20240526125010,231.73289
20240526130010,208.09963
20240526131010,204.61711
20240526132010,204.45929
20240526133010,198.69505
20240526134010,197.58118
20240526135010,196.0865
20240526140010,194.03898
20240526141010,194.81317
20240526142010,194.11933
20240526143010,193.8078
20240526144010,194.05129
20240526145010,194.49326
20240526150010,191.5248
20240526151010,188.09912
20240526152010,186.15886
20240526153010,184.68713
20240526154010,183.84097
20240526155010,183.57157
20240526160010,556.34745
20240526161010,697.28306
20240526162010,686.0735
20240526163010,695.47288
20240526164010,843.6927
20240526165010,955.79305
20240617090010,216.48892
20240617091010,231.73693
20240617092010,215.11308
20240617093010,198.39472
20240617094010,194.92985
20240617095010,191.25371
20240617100010,197.83228
20240617101010,198.33444
20240617102010,207.2331
20240617103010,221.79311
20240617104010,223.82035
20240617105010,244.62261
20240617110010,296.66875
20240617111010,269.64871
20240617112010,245.26949
20240617113010,232.17526
20240617114010,232.46692
20240617115010,237.39305
20240617120010,234.36178
20240617121010,236.64885
20240617122010,234.80281
20240617123010,242.04519
20240617124010,230.17066
20240617125010,231.73289
20240617130010,208.09963
20240617131010,204.61711
20240617132010,204.45929
20240617133010,198.69505
20240617134010,197.58118
20240617135010,196.0865
20240617140010,194.03898
20240617141010,194.81317
20240617142010,194.11933
20240617143010,193.8078
20240617144010,194.05129
20240617145010,194.49326
20240617150010,191.5248
20240617151010,188.09912
20240617152010,186.15886
20240617153010,184.68713
20240617154010,183.84097
20240617155010,183.57157
20240617160010,556.34745
20240617161010,697.28306
20240617162010,686.0735
20240617163010,695.47288
20240617164010,843.6927
20240617165010,955.79305
20240630090010,677.50243
20240630091010,205.62423
20240630092010,197.05444
20240630093010,197.93366
20240630094010,186.69403
20240630095010,192.36995
20240630100010,208.75461
20240630101010,210.29355
20240630102010,205.45776
20240630103010,221.25211
20240630104010,220.64058
20240630105010,242.75941
20240630110010,296.66875
20240630111010,269.64871
20240630112010,245.26949
20240630113010,232.17526
20240630114010,232.46692
20240630115010,237.39305
20240630120010,234.36178
20240630121010,236.64885
20240630122010,234.80281
20240630123010,242.04519
20240630124010,230.17066
20240630125010,231.73289
20240630130010,208.09963
20240630131010,204.61711
20240630132010,204.45929
20240630133010,198.69505
20240630134010,197.58118
20240630135010,196.0865
20240630140010,194.03898
20240630141010,194.81317
20240630142010,194.11933
20240630143010,193.8078
20240630144010,194.05129
20240630145010,194.49326
20240630150010,191.5248
20240630151010,188.09912
20240630152010,186.15886
20240630153010,184.68713
20240630154010,183.84097
20240630155010,183.57157
20240630160010,556.34745
20240630161010,697.28306
20240630162010,686.0735
20240630163010,695.47288
20240630164010,843.6927
20240630165010,955.79305
20240714090010,533.45309
20240714091010,411.0747
20240714092010,204.08871
20240714093010,237.57113
20240714094010,223.46102
20240714095010,199.5938
20240714100010,220.84205
20240714101010,202.44992
20240714102010,204.35586
20240714103010,227.22994
20240714104010,220.65933
20240714105010,239.28399
20240714110010,296.66875
20240714111010,269.64871
20240714112010,245.26949
20240714113010,232.17526
20240714114010,232.46692
20240714115010,237.39305
20240714120010,234.36178
20240714121010,236.64885
20240714122010,234.80281
20240714123010,242.04519
20240714124010,230.17066
20240714125010,231.73289
20240714130010,208.09963
20240714131010,204.61711
20240714132010,204.45929
20240714133010,198.69505
20240714134010,197.58118
20240714135010,196.0865
20240714140010,194.03898
20240714141010,194.81317
20240714142010,194.11933
20240714143010,193.8078
20240714144010,194.05129
20240714145010,194.49326
20240714150010,191.5248
20240714151010,188.09912
20240714152010,186.15886
20240714153010,184.68713
20240714154010,183.84097
20240714155010,183.57157
20240714160010,556.34745
20240714161010,697.28306
20240714162010,686.0735
20240714163010,695.47288
20240714164010,843.6927
20240714165010,955.79305
20240718090010,565.97653
20240718091010,233.953
20240718092010,192.00659
20240718093010,234.18723
20240718094010,211.36236
20240718095010,206.30188
20240718100010,193.42899
20240718101010,204.40684
20240718102010,206.74698
20240718103010,233.30478
20240718104010,211.74896
20240718105010,241.98685
20240718110010,296.66875
20240718111010,269.64871
20240718112010,245.26949
20240718113010,232.17526
20240718114010,232.46692
20240718115010,237.39305
20240718120010,234.36178
20240718121010,236.64885
20240718122010,234.80281
20240718123010,242.04519
20240718124010,230.17066
20240718125010,231.73289
20240718130010,208.09963
20240718131010,204.61711
20240718132010,204.45929
20240718133010,198.69505
20240718134010,197.58118
20240718135010,196.0865
20240718140010,194.03898
20240718141010,194.81317
20240718142010,194.11933
20240718143010,193.8078
20240718144010,194.05129
20240718145010,194.49326
20240718150010,191.5248
20240718151010,188.09912
20240718152010,186.15886
20240718153010,184.68713
20240718154010,183.84097
20240718155010,183.57157
20240718160010,556.34745
20240718161010,697.28306
20240718162010,686.0735
20240718163010,695.47288
20240718164010,843.6927
20240718165010,955.79305
20240720090010,569.19374
20240720091010,289.54595
20240720092010,195.64809
20240720093010,230.2508
20240720094010,222.93215
20240720095010,202.95132
20240720100010,196.50204
20240720101010,203.02587
20240720102010,205.97729
20240720103010,233.31131
20240720104010,212.31557
20240720105010,242.01832
20240720110010,296.66875
20240720111010,269.64871
20240720112010,245.26949
20240720113010,232.17526
20240720114010,232.46692
20240720115010,237.39305
20240720120010,234.36178
20240720121010,236.64885
20240720122010,234.80281
20240720123010,242.04519
20240720124010,230.17066
20240720125010,231.73289
20240720130010,208.09963
20240720131010,204.61711
20240720132010,204.45929
20240720133010,198.69505
20240720134010,197.58118
20240720135010,196.0865
20240720140010,194.03898
20240720141010,194.81317
20240720142010,194.11933
20240720143010,193.8078
20240720144010,194.05129
20240720145010,194.49326
20240720150010,191.5248
20240720151010,188.09912
20240720152010,186.15886
20240720153010,184.68713
20240720154010,183.84097
20240720155010,183.57157
20240720160010,556.34745
20240720161010,697.28306
20240720162010,686.0735
20240720163010,695.47288
20240720164010,843.6927
20240720165010,955.79305
20240322090011,212.43778
20240322091011,208.90603
20240322092011,198.4771
20240322093011,200.96919
20240322094011,197.23524
20240322095011,195.76806
20240322100011,191.66553
20240322101011,200.22306
20240322102011,205.9724
20240322103011,220.6024
20240322104011,231.84359
20240322105011,245.46969
20240322110011,296.66875
20240322111011,269.64871
20240322112011,245.26949
20240322113011,232.17526
20240322114011,232.46692
20240322115011,237.39305
20240322120011,234.36178
20240322121011,236.64885
20240322122011,234.80281
20240322123011,242.04519
20240322124011,230.17066
20240322125011,231.73289
20240322130011,208.09963
20240322131011,204.61711
20240322132011,204.45929
20240322133011,198.69505
20240322134011,197.58118
20240322135011,196.0865
20240322140011,194.03898
20240322141011,194.81317
20240322142011,194.11933
20240322143011,193.8078
20240322144011,194.05129
20240322145011,194.49326
20240322150011,191.5248
20240322151011,188.09912
20240322152011,186.15886
20240322153011,184.68713
20240322154011,183.84097
20240322155011,183.57157
20240322160011,556.34745
20240322161011,697.28306
20240322162011,686.0735
20240322163011,695.47288
20240322164011,843.6927
20240322165011,955.79305
20240327090011,198.29419
20240327091011,194.8091
20240327092011,200.56799
20240327093011,195.69153
20240327094011,192.57645
20240327095011,190.44875
20240327100011,190.9717
20240327101011,198.84368
20240327102011,206.39922
20240327103011,215.682
20240327104011,234.06638
20240327105011,253.06844
20240327110011,296.66875
20240327111011,269.64871
20240327112011,245.26949
20240327113011,232.17526
20240327114011,232.46692
20240327115011,237.39305
20240327120011,234.36178
20240327121011,236.64885
20240327122011,234.80281
20240327123011,242.04519
20240327124011,230.17066
20240327125011,231.73289
20240327130011,208.09963
20240327131011,204.61711
20240327132011,204.45929
20240327133011,198.69505
20240327134011,197.58118
20240327135011,196.0865
20240327140011,194.03898
20240327141011,194.81317
20240327142011,194.11933
20240327143011,193.8078
20240327144011,194.05129
20240327145011,194.49326
20240327150011,191.5248
20240327151011,188.09912
20240327152011,186.15886
20240327153011,184.68713
20240327154011,183.84097
20240327155011,183.57157
20240327160011,556.34745
20240327161011,697.28306
20240327162011,686.0735
20240327163011,695.47288
20240327164011,843.6927
20240327165011,955.79305
20240413090011,257.1726
20240413091011,209.72747
20240413092011,225.39402
20240413093011,200.65708
20240413094011,197.35775
20240413095011,193.10293
20240413100011,272.56872
20240413101011,203.7015
20240413102011,206.34625
20240413103011,211.55635
20240413104011,221.29443
20240413105011,242.85512
20240413110011,296.66875
20240413111011,269.64871
20240413112011,245.26949
20240413113011,232.17526
20240413114011,232.46692
20240413115011,237.39305
20240413120011,234.36178
20240413121011,236.64885
20240413122011,234.80281
20240413123011,242.04519
20240413124011,230.17066
20240413125011,231.73289
20240413130011,208.09963
20240413131011,204.61711
20240413132011,204.45929
20240413133011,198.69505
20240413134011,197.58118
20240413135011,196.0865
20240413140011,194.03898
20240413141011,194.81317
20240413142011,194.11933
20240413143011,193.8078
20240413144011,194.05129
20240413145011,194.49326
20240413150011,191.5248
20240413151011,188.09912
20240413152011,186.15886
20240413153011,184.68713
20240413154011,183.84097
20240413155011,183.57157
20240413160011,556.34745
20240413161011,697.28306
20240413162011,686.0735
20240413163011,695.47288
20240413164011,843.6927
20240413165011,955.79305
20240426090011,488.17726
20240426091011,196.68719
20240426092011,230.2201
20240426093011,189.42744
20240426094011,205.74932
20240426095011,197.82905
20240426100011,202.24532
20240426101011,200.63054
20240426102011,220.72735
20240426103011,222.82586
20240426104011,222.91107
20240426105011,239.68196
20240426110011,296.66875
20240426111011,269.64871
20240426112011,245.26949
20240426113011,232.17526
20240426114011,232.46692
20240426115011,237.39305
20240426120011,234.36178
20240426121011,236.64885
20240426122011,234.80281
20240426123011,242.04519
20240426124011,230.17066
20240426125011,231.73289
20240426130011,208.09963
20240426131011,204.61711
20240426132011,204.45929
20240426133011,198.69505
20240426134011,197.58118
20240426135011,196.0865
20240426140011,194.03898
20240426141011,194.81317
20240426142011,194.11933
20240426143011,193.8078
20240426144011,194.05129
20240426145011,194.49326
20240426150011,191.5248
20240426151011,188.09912
20240426152011,186.15886
20240426153011,184.68713
20240426154011,183.84097
20240426155011,183.57157
20240426160011,556.34745
20240426161011,697.28306
20240426162011,686.0735
20240426163011,695.47288
20240426164011,843.6927
20240426165011,955.79305
20240606090011,194.0643
20240606091011,200.38201
20240606092011,199.08465
20240606093011,195.5901
20240606094011,190.87575
20240606095011,191.33878
20240606100011,198.51255
20240606101011,198.17958
20240606102011,207.48386
20240606103011,222.26821
20240606104011,233.13038
20240606105011,252.01566
20240606110011,296.66875
20240606111011,269.64871
20240606112011,245.26949
20240606113011,232.17526
20240606114011,232.46692
20240606115011,237.39305
20240606120011,234.36178
20240606121011,236.64885
20240606122011,234.80281
20240606123011,242.04519
20240606124011,230.17066
20240606125011,231.73289
20240606130011,208.09963
20240606131011,204.61711
20240606132011,204.45929
20240606133011,198.69505
20240606134011,197.58118
20240606135011,196.0865
20240606140011,194.03898
20240606141011,194.81317
20240606142011,194.11933
20240606143011,193.8078
20240606144011,194.05129
20240606145011,194.49326
20240606150011,191.5248
20240606151011,188.09912
20240606152011,186.15886
20240606153011,184.68713
20240606154011,183.84097
20240606155011,183.57157
20240606160011,556.34745
20240606161011,697.28306
20240606162011,686.0735
20240606163011,695.47288
20240606164011,843.6927
20240606165011,955.79305
20240712090011,198.74528
20240712091011,470.98875
20240712092011,296.9282
20240712093011,193.23695
20240712094011,191.54864
20240712095011,189.6306
20240712100011,191.77571
20240712101011,201.39114
20240712102011,219.15534
20240712103011,222.86198
20240712104011,221.20024
20240712105011,235.66574
20240712110011,296.66875
20240712111011,269.64871
20240712112011,245.26949
20240712113011,232.17526
20240712114011,232.46692
20240712115011,237.39305
20240712120011,234.36178
20240712121011,236.64885
20240712122011,234.80281
20240712123011,242.04519
20240712124011,230.17066
20240712125011,231.73289
20240712130011,208.09963
20240712131011,204.61711
20240712132011,204.45929
20240712133011,198.69505
20240712134011,197.58118
20240712135011,196.0865
20240712140011,194.03898
20240712141011,194.81317
20240712142011,194.11933
20240712143011,193.8078
20240712144011,194.05129
20240712145011,194.49326
20240712150011,191.5248
20240712151011,188.09912
20240712152011,186.15886
20240712153011,184.68713
20240712154011,183.84097
20240712155011,183.57157
20240712160011,556.34745
20240712161011,697.28306
20240712162011,686.0735
20240712163011,695.47288
20240712164011,843.6927
20240712165011,955.79305
20240315090012,198.23596
20240315091012,206.09236
20240315092012,207.40899
20240315093012,197.30385
20240315094012,195.58319
20240315095012,191.29402
20240315100012,195.52457
20240315101012,197.83108
20240315102012,206.40242
20240315103012,211.00305
20240315104012,231.88008
20240315105012,253.06844
20240315110012,296.66875
20240315111012,269.64871
20240315112012,245.26949
20240315113012,232.17526
20240315114012,232.46692
20240315115012,237.39305
20240315120012,234.36178
20240315121012,236.64885
20240315122012,234.80281
20240315123012,242.04519
20240315124012,230.17066
20240315125012,231.73289
20240315130012,208.09963
20240315131012,204.61711
20240315132012,204.45929
20240315133012,198.69505
20240315134012,197.58118
20240315135012,196.0865
20240315140012,194.03898
20240315141012,194.81317
20240315142012,194.11933
20240315143012,193.8078
20240315144012,194.05129
20240315145012,194.49326
20240315150012,191.5248
20240315151012,188.09912
20240315152012,186.15886
20240315153012,184.68713
20240315154012,183.84097
20240315155012,183.57157
20240315160012,556.34745
20240315161012,697.28306
20240315162012,686.0735
20240315163012,695.47288
20240315164012,843.6927
20240315165012,955.79305
20240317090012,189.75391
20240317091012,197.73996
20240317092012,204.42238
20240317093012,196.07718
20240317094012,192.61551
20240317095012,191.26837
20240317100012,191.54261
20240317101012,196.82418
20240317102012,207.06574
20240317103012,211.1502
20240317104012,231.65343
20240317105012,254.01649
20240317110012,296.66875
20240317111012,269.64871
20240317112012,245.26949
20240317113012,232.17526
20240317114012,232.46692
20240317115012,237.39305
20240317120012,234.36178
20240317121012,236.64885
20240317122012,234.80281
20240317123012,242.04519
20240317124012,230.17066
20240317125012,231.73289
20240317130012,208.09963
20240317131012,204.61711
20240317132012,204.45929
20240317133012,198.69505
20240317134012,197.58118
20240317135012,196.0865
20240317140012,194.03898
20240317141012,194.81317
20240317142012,194.11933
20240317143012,193.8078
20240317144012,194.05129
20240317145012,194.49326
20240317150012,191.5248
20240317151012,188.09912
20240317152012,186.15886
20240317153012,184.68713
20240317154012,183.84097
20240317155012,183.57157
20240317160012,556.34745
20240317161012,697.28306
20240317162012,686.0735
20240317163012,695.47288
20240317164012,843.6927
20240317165012,955.79305
20240412090012,420.81241
20240412091012,193.37475
20240412092012,194.37295
20240412093012,194.26841
20240412094012,196.71971
20240412095012,188.31743
20240412100012,207.65124
20240412101012,205.06655
20240412102012,205.97098
20240412103012,212.45703
20240412104012,222.92378
20240412105012,235.35564
20240412110012,296.66875
20240412111012,269.64871
20240412112012,245.26949
20240412113012,232.17526
20240412114012,232.46692
20240412115012,237.39305
20240412120012,234.36178
20240412121012,236.64885
20240412122012,234.80281
20240412123012,242.04519
20240412124012,230.17066
20240412125012,231.73289
20240412130012,208.09963
20240412131012,204.61711
20240412132012,204.45929
20240412133012,198.69505
20240412134012,197.58118
20240412135012,196.0865
20240412140012,194.03898
20240412141012,194.81317
20240412142012,194.11933
20240412143012,193.8078
20240412144012,194.05129
20240412145012,194.49326
20240412150012,191.5248
20240412151012,188.09912
20240412152012,186.15886
20240412153012,184.68713
20240412154012,183.84097
20240412155012,183.57157
20240412160012,556.34745
20240412161012,697.28306
20240412162012,686.0735
20240412163012,695.47288
20240412164012,843.6927
20240412165012,955.79305
20240426090012,669.21906
20240426091012,201.7389
20240426092012,250.38576
20240426093012,192.16542
20240426094012,203.87798
20240426095012,203.11114
20240426100012,207.98969
20240426101012,201.57278
20240426102012,221.16954
20240426103012,222.66138
20240426104012,222.87905
20240426105012,239.24615
20240426110012,296.66875
20240426111012,269.64871
20240426112012,245.26949
20240426113012,232.17526
20240426114012,232.46692
20240426115012,237.39305
20240426120012,234.36178
20240426121012,236.64885
20240426122012,234.80281
20240426123012,242.04519
20240426124012,230.17066
20240426125012,231.73289
20240426130012,208.09963
20240426131012,204.61711
20240426132012,204.45929
20240426133012,198.69505
20240426134012,197.58118
20240426135012,196.0865
20240426140012,194.03898
20240426141012,194.81317
20240426142012,194.11933
20240426143012,193.8078
20240426144012,194.05129
20240426145012,194.49326
20240426150012,191.5248
20240426151012,188.09912
20240426152012,186.15886
20240426153012,184.68713
20240426154012,183.84097
20240426155012,183.57157
20240426160012,556.34745
20240426161012,697.28306
20240426162012,686.0735
20240426163012,695.47288
20240426164012,843.6927
20240426165012,955.79305
20240521090012,198.33747
20240521091012,198.0451
20240521092012,198.90552
20240521093012,197.11656
20240521094012,192.67619
20240521095012,196.26041
20240521100012,202.14959
20240521101012,206.0053
20240521102012,207.542
20240521103012,221.45757
20240521104012,238.30051
20240521105012,256.8878
20240521110012,296.66875
20240521111012,269.64871
20240521112012,245.26949
20240521113012,232.17526
20240521114012,232.46692
20240521115012,237.39305
20240521120012,234.36178
20240521121012,236.64885
20240521122012,234.80281
20240521123012,242.04519
20240521124012,230.17066
20240521125012,231.73289
20240521130012,208.09963
20240521131012,204.61711
20240521132012,204.45929
20240521133012,198.69505
20240521134012,197.58118
20240521135012,196.0865
20240521140012,194.03898
20240521141012,194.81317
20240521142012,194.11933
20240521143012,193.8078
20240521144012,194.05129
20240521145012,194.49326
20240521150012,191.5248
20240521151012,188.09912
20240521152012,186.15886
20240521153012,184.68713
20240521154012,183.84097
20240521155012,183.57157
20240521160012,556.34745
20240521161012,697.28306
20240521162012,686.0735
20240521163012,695.47288
20240521164012,843.6927
20240521165012,955.79305
20240619090012,538.77918
20240619091012,533.51779
20240619092012,202.71422
20240619093012,197.22284
20240619094012,191.64506
20240619095012,188.67202
20240619100012,190.79679
20240619101012,200.18843
20240619102012,208.96822
20240619103012,222.139
20240619104012,221.14604
20240619105012,235.6939
20240619110012,296.66875
20240619111012,269.64871
20240619112012,245.26949
20240619113012,232.17526
20240619114012,232.46692
20240619115012,237.39305
20240619120012,234.36178
20240619121012,236.64885
20240619122012,234.80281
20240619123012,242.04519
20240619124012,230.17066
20240619125012,231.73289
20240619130012,208.09963
20240619131012,204.61711
20240619132012,204.45929
20240619133012,198.69505
20240619134012,197.58118
20240619135012,196.0865
20240619140012,194.03898
20240619141012,194.81317
20240619142012,194.11933
20240619143012,193.8078
20240619144012,194.05129
20240619145012,194.49326
20240619150012,191.5248
20240619151012,188.09912
20240619152012,186.15886
20240619153012,184.68713
20240619154012,183.84097
20240619155012,183.57157
20240619160012,556.34745
20240619161012,697.28306
20240619162012,686.0735
20240619163012,695.47288
20240619164012,843.6927
20240619165012,955.79305
20240621090012,485.6123
20240621091012,612.49024
20240621092012,209.68634
20240621093012,189.25286
20240621094012,195.70375
20240621095012,188.3271
20240621100012,189.66822
20240621101012,196.47796
20240621102012,208.23204
20240621103012,222.78886
20240621104012,221.30079
20240621105012,235.69008
20240621110012,296.66875
20240621111012,269.64871
20240621112012,245.26949
20240621113012,232.17526
20240621114012,232.46692
20240621115012,237.39305
20240621120012,234.36178
20240621121012,236.64885
20240621122012,234.80281
20240621123012,242.04519
20240621124012,230.17066
20240621125012,231.73289
20240621130012,208.09963
20240621131012,204.61711
20240621132012,204.45929
20240621133012,198.69505
20240621134012,197.58118
20240621135012,196.0865
20240621140012,194.03898
20240621141012,194.81317
20240621142012,194.11933
20240621143012,193.8078
20240621144012,194.05129
20240621145012,194.49326
20240621150012,191.5248
20240621151012,188.09912
20240621152012,186.15886
20240621153012,184.68713
20240621154012,183.84097
20240621155012,183.57157
20240621160012,556.34745
20240621161012,697.28306
20240621162012,686.0735
20240621163012,695.47288
20240621164012,843.6927
20240621165012,955.79305
20240705090012,193.26829
20240705091012,187.3718
20240705092012,190.90381
20240705093012,189.27786
20240705094012,190.262
20240705095012,187.99121
20240705100012,191.23796
20240705101012,198.75576
20240705102012,205.81787
20240705103012,217.59518
20240705104012,223.16855
20240705105012,235.2773
20240705110012,296.66875
20240705111012,269.64871
20240705112012,245.26949
20240705113012,232.17526
20240705114012,232.46692
20240705115012,237.39305
20240705120012,234.36178
20240705121012,236.64885
20240705122012,234.80281
20240705123012,242.04519
20240705124012,230.17066
20240705125012,231.73289
20240705130012,208.09963
20240705131012,204.61711
20240705132012,204.45929
20240705133012,198.69505
20240705134012,197.58118
20240705135012,196.0865
20240705140012,194.03898
20240705141012,194.81317
20240705142012,194.11933
20240705143012,193.8078
20240705144012,194.05129
20240705145012,194.49326
20240705150012,191.5248
20240705151012,188.09912
20240705152012,186.15886
20240705153012,184.68713
20240705154012,183.84097
20240705155012,183.57157
20240705160012,556.34745
20240705161012,697.28306
20240705162012,686.0735
20240705163012,695.47288
20240705164012,843.6927
20240705165012,955.79305
20240713090012,193.11844
20240713091012,203.34612
20240713092012,193.71542
20240713093012,189.14151
20240713094012,190.18516
20240713095012,191.24178
20240713100012,192.99507
20240713101012,197.00768
20240713102012,211.33914
20240713103012,243.97596
20240713104012,226.8278
20240713105012,243.38996
20240713110012,296.66875
20240713111012,269.64871
20240713112012,245.26949
20240713113012,232.17526
20240713114012,232.46692
20240713115012,237.39305
20240713120012,234.36178
20240713121012,236.64885
20240713122012,234.80281
20240713123012,242.04519
20240713124012,230.17066
20240713125012,231.73289
20240713130012,208.09963
20240713131012,204.61711
20240713132012,204.45929
20240713133012,198.69505
20240713134012,197.58118
20240713135012,196.0865
20240713140012,194.03898
20240713141012,194.81317
20240713142012,194.11933
20240713143012,193.8078
20240713144012,194.05129
20240713145012,194.49326
20240713150012,191.5248
20240713151012,188.09912
20240713152012,186.15886
20240713153012,184.68713
20240713154012,183.84097
20240713155012,183.57157
20240713160012,556.34745
20240713161012,697.28306
20240713162012,686.0735
20240713163012,695.47288
20240713164012,843.6927
20240713165012,955.79305
20240214090013,890.5013
20240214091013,322.42157
20240214092013,247.81203
20240214093013,207.64313
20240214094013,201.54381
20240214095013,195.43676
20240214100013,209.34977
20240214101013,202.71776
20240214102013,205.87557
20240214103013,211.62982
20240214104013,217.33856
20240214105013,234.84636
20240214110013,296.66875
20240214111013,269.64871
20240214112013,245.26949
20240214113013,232.17526
20240214114013,232.46692
20240214115013,237.39305
20240214120013,234.36178
20240214121013,236.64885
20240214122013,234.80281
20240214123013,242.04519
20240214124013,230.17066
20240214125013,231.73289
20240214130013,208.09963
20240214131013,204.61711
20240214132013,204.45929
20240214133013,198.69505
20240214134013,197.58118
20240214135013,196.0865
20240214140013,194.03898
20240214141013,194.81317
20240214142013,194.11933
20240214143013,193.8078
20240214144013,194.05129
20240214145013,194.49326
20240214150013,191.5248
20240214151013,188.09912
20240214152013,186.15886
20240214153013,184.68713
20240214154013,183.84097
20240214155013,183.57157
20240214160013,556.34745
20240214161013,697.28306
20240214162013,686.0735
20240214163013,695.47288
20240214164013,843.6927
20240214165013,955.79305
20240221090013,923.27651
20240221091013,406.17566
20240221092013,293.80596
20240221093013,209.15826
20240221094013,205.7545
20240221095013,211.26909
20240221100013,230.10942
20240221101013,202.34526
20240221102013,205.99472
20240221103013,212.12908
20240221104013,212.22629
20240221105013,234.92864
20240221110013,296.66875
20240221111013,269.64871
20240221112013,245.26949
20240221113013,232.17526
20240221114013,232.46692
20240221115013,237.39305
20240221120013,234.36178
20240221121013,236.64885
20240221122013,234.80281
20240221123013,242.04519
20240221124013,230.17066
20240221125013,231.73289
20240221130013,208.09963
20240221131013,204.61711
20240221132013,204.45929
20240221133013,198.69505
20240221134013,197.58118
20240221135013,196.0865
20240221140013,194.03898
20240221141013,194.81317
20240221142013,194.11933
20240221143013,193.8078
20240221144013,194.05129
20240221145013,194.49326
20240221150013,191.5248
20240221151013,188.09912
20240221152013,186.15886
20240221153013,184.68713
20240221154013,183.84097
20240221155013,183.57157
20240221160013,556.34745
20240221161013,697.28306
20240221162013,686.0735
20240221163013,695.47288
20240221164013,843.6927
20240221165013,955.79305
20240314090013,188.83332
20240314091013,190.74216
20240314092013,206.80772
20240314093013,195.79484
20240314094013,196.22002
20240314095013,195.47109
20240314100013,193.15953
20240314101013,199.5807
20240314102013,205.85681
20240314103013,211.98407
20240314104013,239.68962
20240314105013,254.73117
20240314110013,296.66875
20240314111013,269.64871
20240314112013,245.26949
20240314113013,232.17526
20240314114013,232.46692
20240314115013,237.39305
20240314120013,234.36178
20240314121013,236.64885
20240314122013,234.80281
20240314123013,242.04519
20240314124013,230.17066
20240314125013,231.73289
20240314130013,208.09963
20240314131013,204.61711
20240314132013,204.45929
20240314133013,198.69505
20240314134013,197.58118
20240314135013,196.0865
20240314140013,194.03898
20240314141013,194.81317
20240314142013,194.11933
20240314143013,193.8078
20240314144013,194.05129
20240314145013,194.49326
20240314150013,191.5248
20240314151013,188.09912
20240314152013,186.15886
20240314153013,184.68713
20240314154013,183.84097
20240314155013,183.57157
20240314160013,556.34745
20240314161013,697.28306
20240314162013,686.0735
20240314163013,695.47288
20240314164013,843.6927
20240314165013,955.79305
20240316090013,565.51551
20240316091013,296.97015
20240316092013,435.9935
20240316093013,208.87717
20240316094013,205.54056
20240316095013,214.84562
20240316100013,247.50731
20240316101013,199.65789
20240316102013,203.61087
20240316103013,226.49707
20240316104013,220.3906
20240316105013,234.43572
20240316110013,296.66875
20240316111013,269.64871
20240316112013,245.26949
20240316113013,232.17526
20240316114013,232.46692
20240316115013,237.39305
20240316120013,234.36178
20240316121013,236.64885
20240316122013,234.80281
20240316123013,242.04519
20240316124013,230.17066
20240316125013,231.73289
20240316130013,208.09963
20240316131013,204.61711
20240316132013,204.45929
20240316133013,198.69505
20240316134013,197.58118
20240316135013,196.0865
20240316140013,194.03898
20240316141013,194.81317
20240316142013,194.11933
20240316143013,193.8078
20240316144013,194.05129
20240316145013,194.49326
20240316150013,191.5248
20240316151013,188.09912
20240316152013,186.15886
20240316153013,184.68713
20240316154013,183.84097
20240316155013,183.57157
20240316160013,556.34745
20240316161013,697.28306
20240316162013,686.0735
20240316163013,695.47288
20240316164013,843.6927
20240316165013,955.79305
20240328090013,646.07947
20240328091013,259.96488
20240328092013,263.96768
20240328093013,210.61505
20240328094013,209.94086
20240328095013,204.45182
20240328100013,191.84997
20240328101013,205.33339
20240328102013,203.55354
20240328103013,220.7692
20240328104013,220.5783
20240328105013,239.2288
20240328110013,296.66875
20240328111013,269.64871
20240328112013,245.26949
20240328113013,232.17526
20240328114013,232.46692
20240328115013,237.39305
20240328120013,234.36178
20240328121013,236.64885
20240328122013,234.80281
20240328123013,242.04519
20240328124013,230.17066
20240328125013,231.73289
20240328130013,208.09963
20240328131013,204.61711
20240328132013,204.45929
20240328133013,198.69505
20240328134013,197.58118
20240328135013,196.0865
20240328140013,194.03898
20240328141013,194.81317
20240328142013,194.11933
20240328143013,193.8078
20240328144013,194.05129
20240328145013,194.49326
20240328150013,191.5248
20240328151013,188.09912
20240328152013,186.15886
20240328153013,184.68713
20240328154013,183.84097
20240328155013,183.57157
20240328160013,556.34745
20240328161013,697.28306
20240328162013,686.0735
20240328163013,695.47288
20240328164013,843.6927
20240328165013,955.79305
20240412090013,566.14394
20240412091013,247.18415
20240412092013,235.64008
20240412093013,202.09325
20240412094013,195.39146
20240412095013,197.52292
20240412100013,191.81944
20240412101013,206.75403
20240412102013,203.95457
20240412103013,214.75003
20240412104013,218.99803
20240412105013,242.78439
20240412110013,296.66875
20240412111013,269.64871
20240412112013,245.26949
20240412113013,232.17526
20240412114013,232.46692
20240412115013,237.39305
20240412120013,234.36178
20240412121013,236.64885
20240412122013,234.80281
20240412123013,242.04519
20240412124013,230.17066
20240412125013,231.73289
20240412130013,208.09963
20240412131013,204.61711
20240412132013,204.45929
20240412133013,198.69505
20240412134013,197.58118
20240412135013,196.0865
20240412140013,194.03898
20240412141013,194.81317
20240412142013,194.11933
20240412143013,193.8078
20240412144013,194.05129
20240412145013,194.49326
20240412150013,191.5248
20240412151013,188.09912
20240412152013,186.15886
20240412153013,184.68713
20240412154013,183.84097
20240412155013,183.57157
20240412160013,556.34745
20240412161013,697.28306
20240412162013,686.0735
20240412163013,695.47288
20240412164013,843.6927
20240412165013,955.79305
20240619090013,579.67887
20240619091013,309.89206
20240619092013,232.99296
20240619093013,210.94095
20240619094013,203.77227
20240619095013,194.11242
20240619100013,207.49768
20240619101013,201.34542
20240619102013,203.96008
20240619103013,215.91641
20240619104013,221.03171
20240619105013,235.46672
20240619110013,296.66875
20240619111013,269.64871
20240619112013,245.26949
20240619113013,232.17526
20240619114013,232.46692
20240619115013,237.39305
20240619120013,234.36178
20240619121013,236.64885
20240619122013,234.80281
20240619123013,242.04519
20240619124013,230.17066
20240619125013,231.73289
20240619130013,208.09963
20240619131013,204.61711
20240619132013,204.45929
20240619133013,198.69505
20240619134013,197.58118
20240619135013,196.0865
20240619140013,194.03898
20240619141013,194.81317
20240619142013,194.11933
20240619143013,193.8078
20240619144013,194.05129
20240619145013,194.49326
20240619150013,191.5248
20240619151013,188.09912
20240619152013,186.15886
20240619153013,184.68713
20240619154013,183.84097
20240619155013,183.57157
20240619160013,556.34745
20240619161013,697.28306
20240619162013,686.0735
20240619163013,695.47288
20240619164013,843.6927
20240619165013,955.79305
20240225090014,190.28013
20240225091014,189.37523
20240225092014,199.6366
20240225093014,191.3583
20240225094014,201.6241
20240225095014,205.74115
20240225100014,203.6267
20240225101014,206.41887
20240225102014,212.1922
20240225103014,227.21856
20240225104014,242.55433
20240225105014,274.68229
20240225110014,296.66875
20240225111014,269.64871
20240225112014,245.26949
20240225113014,232.17526
20240225114014,232.46692
20240225115014,237.39305
20240225120014,234.36178
20240225121014,236.64885
20240225122014,234.80281
20240225123014,242.04519
20240225124014,230.17066
20240225125014,231.73289
20240225130014,208.09963
20240225131014,204.61711
20240225132014,204.45929
20240225133014,198.69505
20240225134014,197.58118
20240225135014,196.0865
20240225140014,194.03898
20240225141014,194.81317
20240225142014,194.11933
20240225143014,193.8078
20240225144014,194.05129
20240225145014,194.49326
20240225150014,191.5248
20240225151014,188.09912
20240225152014,186.15886
20240225153014,184.68713
20240225154014,183.84097
20240225155014,183.57157
20240225160014,556.34745
20240225161014,697.28306
20240225162014,686.0735
20240225163014,695.47288
20240225164014,843.6927
20240225165014,955.79305
20240227090014,223.31941
20240227091014,201.06728
20240227092014,197.20083
20240227093014,200.51385
20240227094014,198.8777
20240227095014,201.39415
20240227100014,201.5271
20240227101014,205.46349
20240227102014,211.13263
20240227103014,220.72856
20240227104014,239.91071
20240227105014,257.30839
20240227110014,296.66875
20240227111014,269.64871
20240227112014,245.26949
20240227113014,232.17526
20240227114014,232.46692
20240227115014,237.39305
20240227120014,234.36178
20240227121014,236.64885
20240227122014,234.80281
20240227123014,242.04519
20240227124014,230.17066
20240227125014,231.73289
20240227130014,208.09963
20240227131014,204.61711
20240227132014,204.45929
20240227133014,198.69505
20240227134014,197.58118
20240227135014,196.0865
20240227140014,194.03898
20240227141014,194.81317
20240227142014,194.11933
20240227143014,193.8078
20240227144014,194.05129
20240227145014,194.49326
20240227150014,191.5248
20240227151014,188.09912
20240227152014,186.15886
20240227153014,184.68713
20240227154014,183.84097
20240227155014,183.57157
20240227160014,556.34745
20240227161014,697.28306
20240227162014,686.0735
20240227163014,695.47288
20240227164014,843.6927
20240227165014,955.79305
20240327090014,282.45774
20240327091014,226.65116
20240327092014,202.29972
20240327093014,200.89211
20240327094014,197.48343
20240327095014,194.89326
20240327100014,195.94335
20240327101014,201.22672
20240327102014,206.166
20240327103014,211.47939
20240327104014,232.03095
20240327105014,251.99866
20240327110014,296.66875
20240327111014,269.64871
20240327112014,245.26949
20240327113014,232.17526
20240327114014,232.46692
20240327115014,237.39305
20240327120014,234.36178
20240327121014,236.64885
20240327122014,234.80281
20240327123014,242.04519
20240327124014,230.17066
20240327125014,231.73289
20240327130014,208.09963
20240327131014,204.61711
20240327132014,204.45929
20240327133014,198.69505
20240327134014,197.58118
20240327135014,196.0865
20240327140014,194.03898
20240327141014,194.81317
20240327142014,194.11933
20240327143014,193.8078
20240327144014,194.05129
20240327145014,194.49326
20240327150014,191.5248
20240327151014,188.09912
20240327152014,186.15886
20240327153014,184.68713
20240327154014,183.84097
20240327155014,183.57157
20240327160014,556.34745
20240327161014,697.28306
20240327162014,686.0735
20240327163014,695.47288
20240327164014,843.6927
20240327165014,955.79305
20240417090014,841.72898
20240417091014,205.91627
20240417092014,227.84502
20240417093014,201.5967
20240417094014,219.35077
20240417095014,234.8776
20240417100014,204.98778
20240417101014,203.20356
20240417102014,206.65783
20240417103014,220.62791
20240417104014,214.3196
20240417105014,235.73195
20240417110014,296.66875
20240417111014,269.64871
20240417112014,245.26949
20240417113014,232.17526
20240417114014,232.46692
20240417115014,237.39305
20240417120014,234.36178
20240417121014,236.64885
20240417122014,234.80281
20240417123014,242.04519
20240417124014,230.17066
20240417125014,231.73289
20240417130014,208.09963
20240417131014,204.61711
20240417132014,204.45929
20240417133014,198.69505
20240417134014,197.58118
20240417135014,196.0865
20240417140014,194.03898
20240417141014,194.81317
20240417142014,194.11933
20240417143014,193.8078
20240417144014,194.05129
20240417145014,194.49326
20240417150014,191.5248
20240417151014,188.09912
20240417152014,186.15886
20240417153014,184.68713
20240417154014,183.84097
20240417155014,183.57157
20240417160014,556.34745
20240417161014,697.28306
20240417162014,686.0735
20240417163014,695.47288
20240417164014,843.6927
20240417165014,955.79305
20240517090014,429.712
20240517091014,242.86945
20240517092014,234.57318
20240517093014,208.62988
20240517094014,211.10595
20240517095014,196.68145
20240517100014,203.35378
20240517101014,196.44399
20240517102014,200.6551
20240517103014,204.04809
20240517104014,217.49041
20240517105014,239.92646
20240517110014,296.66875
20240517111014,269.64871
20240517112014,245.26949
20240517113014,232.17526
20240517114014,232.46692
20240517115014,237.39305
20240517120014,234.36178
20240517121014,236.64885
20240517122014,234.80281
20240517123014,242.04519
20240517124014,230.17066
20240517125014,231.73289
20240517130014,208.09963
20240517131014,204.61711
20240517132014,204.45929
20240517133014,198.69505
20240517134014,197.58118
20240517135014,196.0865
20240517140014,194.03898
20240517141014,194.81317
20240517142014,194.11933
20240517143014,193.8078
20240517144014,194.05129
20240517145014,194.49326
20240517150014,191.5248
20240517151014,188.09912
20240517152014,186.15886
20240517153014,184.68713
20240517154014,183.84097
20240517155014,183.57157
20240517160014,556.34745
20240517161014,697.28306
20240517162014,686.0735
20240517163014,695.47288
20240517164014,843.6927
20240517165014,955.79305
20240704090014,737.21783
20240704091014,205.28657
20240704092014,199.52147
20240704093014,198.20937
20240704094014,198.89297
20240704095014,205.93142
20240704100014,240.46427
20240704101014,203.97169
20240704102014,205.9438
20240704103014,211.29985
20240704104014,212.36852
20240704105014,242.69087
20240704110014,296.66875
20240704111014,269.64871
20240704112014,245.26949
20240704113014,232.17526
20240704114014,232.46692
20240704115014,237.39305
20240704120014,234.36178
20240704121014,236.64885
20240704122014,234.80281
20240704123014,242.04519
20240704124014,230.17066
20240704125014,231.73289
20240704130014,208.09963
20240704131014,204.61711
20240704132014,204.45929
20240704133014,198.69505
20240704134014,197.58118
20240704135014,196.0865
20240704140014,194.03898
20240704141014,194.81317
20240704142014,194.11933
20240704143014,193.8078
20240704144014,194.05129
20240704145014,194.49326
20240704150014,191.5248
20240704151014,188.09912
20240704152014,186.15886
20240704153014,184.68713
20240704154014,183.84097
20240704155014,183.57157
20240704160014,556.34745
20240704161014,697.28306
20240704162014,686.0735
20240704163014,695.47288
20240704164014,843.6927
20240704165014,955.79305
20240715090014,659.12791
20240715091014,455.15966
20240715092014,325.55779
20240715093014,208.99366
20240715094014,209.14767
20240715095014,195.61834
20240715100014,221.23543
20240715101014,197.04403
20240715102014,203.64956
20240715103014,211.57823
20240715104014,220.85675
20240715105014,233.83219
20240715110014,296.66875
20240715111014,269.64871
20240715112014,245.26949
20240715113014,232.17526
20240715114014,232.46692
20240715115014,237.39305
20240715120014,234.36178
20240715121014,236.64885
20240715122014,234.80281
20240715123014,242.04519
20240715124014,230.17066
20240715125014,231.73289
20240715130014,208.09963
20240715131014,204.61711
20240715132014,204.45929
20240715133014,198.69505
20240715134014,197.58118
20240715135014,196.0865
20240715140014,194.03898
20240715141014,194.81317
20240715142014,194.11933
20240715143014,193.8078
20240715144014,194.05129
20240715145014,194.49326
20240715150014,191.5248
20240715151014,188.09912
20240715152014,186.15886
20240715153014,184.68713
20240715154014,183.84097
20240715155014,183.57157
20240715160014,556.34745
20240715161014,697.28306
20240715162014,686.0735
20240715163014,695.47288
20240715164014,843.6927
20240715165014,955.79305
20240215090015,434.49059
20240215091015,291.66067
20240215092015,211.2353
20240215093015,207.19131
20240215094015,209.29907
20240215095015,205.74436
20240215100015,198.60709
20240215101015,205.75634
20240215102015,206.74578
20240215103015,210.96692
20240215104015,222.60138
20240215105015,236.06445
20240215110015,296.66875
20240215111015,269.64871
20240215112015,245.26949
20240215113015,232.17526
20240215114015,232.46692
20240215115015,237.39305
20240215120015,234.36178
20240215121015,236.64885
20240215122015,234.80281
20240215123015,242.04519
20240215124015,230.17066
20240215125015,231.73289
20240215130015,208.09963
20240215131015,204.61711
20240215132015,204.45929
20240215133015,198.69505
20240215134015,197.58118
20240215135015,196.0865
20240215140015,194.03898
20240215141015,194.81317
20240215142015,194.11933
20240215143015,193.8078
20240215144015,194.05129
20240215145015,194.49326
20240215150015,191.5248
20240215151015,188.09912
20240215152015,186.15886
20240215153015,184.68713
20240215154015,183.84097
20240215155015,183.57157
20240215160015,556.34745
20240215161015,697.28306
20240215162015,686.0735
20240215163015,695.47288
20240215164015,843.6927
20240215165015,955.79305
20240218090015,212.68526
20240218091015,198.34791
20240218092015,205.89682
20240218093015,196.91116
20240218094015,197.8878
20240218095015,220.57292
20240218100015,203.88463
20240218101015,200.50511
20240218102015,208.01324
20240218103015,208.00802
20240218104015,228.55428
20240218105015,253.67829
20240218110015,296.66875
20240218111015,269.64871
20240218112015,245.26949
20240218113015,232.17526
20240218114015,232.46692
20240218115015,237.39305
20240218120015,234.36178
20240218121015,236.64885
20240218122015,234.80281
20240218123015,242.04519
20240218124015,230.17066
20240218125015,231.73289
20240218130015,208.09963
20240218131015,204.61711
20240218132015,204.45929
20240218133015,198.69505
20240218134015,197.58118
20240218135015,196.0865
20240218140015,194.03898
20240218141015,194.81317
20240218142015,194.11933
20240218143015,193.8078
20240218144015,194.05129
20240218145015,194.49326
20240218150015,191.5248
20240218151015,188.09912
20240218152015,186.15886
20240218153015,184.68713
20240218154015,183.84097
20240218155015,183.57157
20240218160015,556.34745
20240218161015,697.28306
20240218162015,686.0735
20240218163015,695.47288
20240218164015,843.6927
20240218165015,955.79305
20240314090015,190.08882
20240314091015,191.61089
20240314092015,199.78459
20240314093015,192.32609
20240314094015,191.77501
20240314095015,190.86121
20240314100015,191.45878
20240314101015,198.51982
20240314102015,205.80861
20240314103015,211.97295
20240314104015,236.23749
20240314105015,254.02547
20240314110015,296.66875
20240314111015,269.64871
20240314112015,245.26949
20240314113015,232.17526
20240314114015,232.46692
20240314115015,237.39305
20240314120015,234.36178
20240314121015,236.64885
20240314122015,234.80281
20240314123015,242.04519
20240314124015,230.17066
20240314125015,231.73289
20240314130015,208.09963
20240314131015,204.61711
20240314132015,204.45929
20240314133015,198.69505
20240314134015,197.58118
20240314135015,196.0865
20240314140015,194.03898
20240314141015,194.81317
20240314142015,194.11933
20240314143015,193.8078
20240314144015,194.05129
20240314145015,194.49326
20240314150015,191.5248
20240314151015,188.09912
20240314152015,186.15886
20240314153015,184.68713
20240314154015,183.84097
20240314155015,183.57157
20240314160015,556.34745
20240314161015,697.28306
20240314162015,686.0735
20240314163015,695.47288
20240314164015,843.6927
20240314165015,955.79305
20240317090015,301.03555
20240317091015,240.35624
20240317092015,213.08595
20240317093015,201.42075
20240317094015,197.47518
20240317095015,195.61059
20240317100015,200.84647
20240317101015,198.50716
20240317102015,206.45365
20240317103015,211.21401
20240317104015,228.71177
20240317105015,245.07068
20240317110015,296.66875
20240317111015,269.64871
20240317112015,245.26949
20240317113015,232.17526
20240317114015,232.46692
20240317115015,237.39305
20240317120015,234.36178
20240317121015,236.64885
20240317122015,234.80281
20240317123015,242.04519
20240317124015,230.17066
20240317125015,231.73289
20240317130015,208.09963
20240317131015,204.61711
20240317132015,204.45929
20240317133015,198.69505
20240317134015,197.58118
20240317135015,196.0865
20240317140015,194.03898
20240317141015,194.81317
20240317142015,194.11933
20240317143015,193.8078
20240317144015,194.05129
20240317145015,194.49326
20240317150015,191.5248
20240317151015,188.09912
20240317152015,186.15886
20240317153015,184.68713
20240317154015,183.84097
20240317155015,183.57157
20240317160015,556.34745
20240317161015,697.28306
20240317162015,686.0735
20240317163015,695.47288
20240317164015,843.6927
20240317165015,955.79305
20240412090015,766.77919
20240412091015,244.82613
20240412092015,216.6694
20240412093015,212.28703
20240412094015,222.8268
20240412095015,200.73153
20240412100015,190.22293
20240412101015,206.9253
20240412102015,203.98401
20240412103015,208.84054
20240412104015,211.94172
20240412105015,240.94077
20240412110015,296.66875
20240412111015,269.64871
20240412112015,245.26949
20240412113015,232.17526
20240412114015,232.46692
20240412115015,237.39305
20240412120015,234.36178
20240412121015,236.64885
20240412122015,234.80281
20240412123015,242.04519
20240412124015,230.17066
20240412125015,231.73289
20240412130015,208.09963
20240412131015,204.61711
20240412132015,204.45929
20240412133015,198.69505
20240412134015,197.58118
20240412135015,196.0865
20240412140015,194.03898
20240412141015,194.81317
20240412142015,194.11933
20240412143015,193.8078
20240412144015,194.05129
20240412145015,194.49326
20240412150015,191.5248
20240412151015,188.09912
20240412152015,186.15886
20240412153015,184.68713
20240412154015,183.84097
20240412155015,183.57157
20240412160015,556.34745
20240412161015,697.28306
20240412162015,686.0735
20240412163015,695.47288
20240412164015,843.6927
20240412165015,955.79305
20240518090015,596.43991
20240518091015,357.55987
20240518092015,341.29051
20240518093015,214.11547
20240518094015,213.15469
20240518095015,204.96681
20240518100015,221.78842
20240518101015,200.27253
20240518102015,205.71989
20240518103015,206.22142
20240518104015,211.29186
20240518105015,235.83338
20240518110015,296.66875
20240518111015,269.64871
20240518112015,245.26949
20240518113015,232.17526
20240518114015,232.46692
20240518115015,237.39305
20240518120015,234.36178
20240518121015,236.64885
20240518122015,234.80281
20240518123015,242.04519
20240518124015,230.17066
20240518125015,231.73289
20240518130015,208.09963
20240518131015,204.61711
20240518132015,204.45929
20240518133015,198.69505
20240518134015,197.58118
20240518135015,196.0865
20240518140015,194.03898
20240518141015,194.81317
20240518142015,194.11933
20240518143015,193.8078
20240518144015,194.05129
20240518145015,194.49326
20240518150015,191.5248
20240518151015,188.09912
20240518152015,186.15886
20240518153015,184.68713
20240518154015,183.84097
20240518155015,183.57157
20240518160015,556.34745
20240518161015,697.28306
20240518162015,686.0735
20240518163015,695.47288
20240518164015,843.6927
20240518165015,955.79305
20240530090015,499.95099
20240530091015,283.41148
20240530092015,229.18558
20240530093015,203.8661
20240530094015,216.80414
20240530095015,201.74947
20240530100015,209.89407
20240530101015,198.01194
20240530102015,197.37161
20240530103015,202.2914
20240530104015,211.04515
20240530105015,240.73684
20240530110015,296.66875
20240530111015,269.64871
20240530112015,245.26949
20240530113015,232.17526
20240530114015,232.46692
20240530115015,237.39305
20240530120015,234.36178
20240530121015,236.64885
20240530122015,234.80281
20240530123015,242.04519
20240530124015,230.17066
20240530125015,231.73289
20240530130015,208.09963
20240530131015,204.61711
20240530132015,204.45929
20240530133015,198.69505
20240530134015,197.58118
20240530135015,196.0865
20240530140015,194.03898
20240530141015,194.81317
20240530142015,194.11933
20240530143015,193.8078
20240530144015,194.05129
20240530145015,194.49326
20240530150015,191.5248
20240530151015,188.09912
20240530152015,186.15886
20240530153015,184.68713
20240530154015,183.84097
20240530155015,183.57157
20240530160015,556.34745
20240530161015,697.28306
20240530162015,686.0735
20240530163015,695.47288
20240530164015,843.6927
20240530165015,955.79305
20240605090015,598.1393
20240605091015,234.05734
20240605092015,232.08112
20240605093015,203.36093
20240605094015,202.27725
20240605095015,197.35301
20240605100015,212.9166
20240605101015,198.89114
20240605102015,206.59411
20240605103015,220.79769
20240605104015,222.35654
20240605105015,241.49279
20240605110015,296.66875
20240605111015,269.64871
20240605112015,245.26949
20240605113015,232.17526
20240605114015,232.46692
20240605115015,237.39305
20240605120015,234.36178
20240605121015,236.64885
20240605122015,234.80281
20240605123015,242.04519
20240605124015,230.17066
20240605125015,231.73289
20240605130015,208.09963
20240605131015,204.61711
20240605132015,204.45929
20240605133015,198.69505
20240605134015,197.58118
20240605135015,196.0865
20240605140015,194.03898
20240605141015,194.81317
20240605142015,194.11933
20240605143015,193.8078
20240605144015,194.05129
20240605145015,194.49326
20240605150015,191.5248
20240605151015,188.09912
20240605152015,186.15886
20240605153015,184.68713
20240605154015,183.84097
20240605155015,183.57157
20240605160015,556.34745
20240605161015,697.28306
20240605162015,686.0735
20240605163015,695.47288
20240605164015,843.6927
20240605165015,955.79305
20240704090015,805.68248
20240704091015,208.63361
20240704092015,211.56793
20240704093015,201.47219
20240704094015,201.5844
20240704095015,195.23493
20240704100015,197.03493
20240704101015,203.50532
20240704102015,202.07396
20240704103015,208.09531
20240704104015,211.37042
20240704105015,241.96068
20240704110015,296.66875
20240704111015,269.64871
20240704112015,245.26949
20240704113015,232.17526
20240704114015,232.46692
20240704115015,237.39305
20240704120015,234.36178
20240704121015,236.64885
20240704122015,234.80281
20240704123015,242.04519
20240704124015,230.17066
20240704125015,231.73289
20240704130015,208.09963
20240704131015,204.61711
20240704132015,204.45929
20240704133015,198.69505
20240704134015,197.58118
20240704135015,196.0865
20240704140015,194.03898
20240704141015,194.81317
20240704142015,194.11933
20240704143015,193.8078
20240704144015,194.05129
20240704145015,194.49326
20240704150015,191.5248
20240704151015,188.09912
20240704152015,186.15886
20240704153015,184.68713
20240704154015,183.84097
20240704155015,183.57157
20240704160015,556.34745
20240704161015,697.28306
20240704162015,686.0735
20240704163015,695.47288
20240704164015,843.6927
20240704165015,955.79305
20240316090016,710.25045
20240316091016,561.4444
20240316092016,350.42273
20240316093016,210.17012
20240316094016,206.85276
20240316095016,255.59102
20240316100016,219.49756
20240316101016,192.14576
20240316102016,201.75923
20240316103016,220.13674
20240316104016,215.87052
20240316105016,233.59952
20240316110016,296.66875
20240316111016,269.64871
20240316112016,245.26949
20240316113016,232.17526
20240316114016,232.46692
20240316115016,237.39305
20240316120016,234.36178
20240316121016,236.64885
20240316122016,234.80281
20240316123016,242.04519
20240316124016,230.17066
20240316125016,231.73289
20240316130016,208.09963
20240316131016,204.61711
20240316132016,204.45929
20240316133016,198.69505
20240316134016,197.58118
20240316135016,196.0865
20240316140016,194.03898
20240316141016,194.81317
20240316142016,194.11933
20240316143016,193.8078
20240316144016,194.05129
20240316145016,194.49326
20240316150016,191.5248
20240316151016,188.09912
20240316152016,186.15886
20240316153016,184.68713
20240316154016,183.84097
20240316155016,183.57157
20240316160016,556.34745
20240316161016,697.28306
20240316162016,686.0735
20240316163016,695.47288
20240316164016,843.6927
20240316165016,955.79305
20240322090016,394.36009
20240322091016,234.47926
20240322092016,210.88243
20240322093016,198.17302
20240322094016,213.5147
20240322095016,205.86087
20240322100016,197.64528
20240322101016,200.39178
20240322102016,203.34016
20240322103016,208.58987
20240322104016,226.74257
20240322105016,241.18944
20240322110016,296.66875
20240322111016,269.64871
20240322112016,245.26949
20240322113016,232.17526
20240322114016,232.46692
20240322115016,237.39305
20240322120016,234.36178
20240322121016,236.64885
20240322122016,234.80281
20240322123016,242.04519
20240322124016,230.17066
20240322125016,231.73289
20240322130016,208.09963
20240322131016,204.61711
20240322132016,204.45929
20240322133016,198.69505
20240322134016,197.58118
20240322135016,196.0865
20240322140016,194.03898
20240322141016,194.81317
20240322142016,194.11933
20240322143016,193.8078
20240322144016,194.05129
20240322145016,194.49326
20240322150016,191.5248
20240322151016,188.09912
20240322152016,186.15886
20240322153016,184.68713
20240322154016,183.84097
20240322155016,183.57157
20240322160016,556.34745
20240322161016,697.28306
20240322162016,686.0735
20240322163016,695.47288
20240322164016,843.6927
20240322165016,955.79305
20240414090016,796.15597
20240414091016,670.41335
20240414092016,556.27133
20240414093016,234.90157
20240414094016,236.12177
20240414095016,225.20323
20240414100016,208.78653
20240414101016,195.86919
20240414102016,200.04371
20240414103016,205.75831
20240414104016,215.68601
20240414105016,230.81502
20240414110016,296.66875
20240414111016,269.64871
20240414112016,245.26949
20240414113016,232.17526
20240414114016,232.46692
20240414115016,237.39305
20240414120016,234.36178
20240414121016,236.64885
20240414122016,234.80281
20240414123016,242.04519
20240414124016,230.17066
20240414125016,231.73289
20240414130016,208.09963
20240414131016,204.61711
20240414132016,204.45929
20240414133016,198.69505
20240414134016,197.58118
20240414135016,196.0865
20240414140016,194.03898
20240414141016,194.81317
20240414142016,194.11933
20240414143016,193.8078
20240414144016,194.05129
20240414145016,194.49326
20240414150016,191.5248
20240414151016,188.09912
20240414152016,186.15886
20240414153016,184.68713
20240414154016,183.84097
20240414155016,183.57157
20240414160016,556.34745
20240414161016,697.28306
20240414162016,686.0735
20240414163016,695.47288
20240414164016,843.6927
20240414165016,955.79305
20240422090016,815.42775
20240422091016,642.08986
20240422092016,309.76741
20240422093016,212.49855
20240422094016,221.49348
20240422095016,206.80165
20240422100016,208.52231
20240422101016,195.67984
20240422102016,201.97757
20240422103016,207.68032
20240422104016,215.33041
20240422105016,233.26753
20240422110016,296.66875
20240422111016,269.64871
20240422112016,245.26949
20240422113016,232.17526
20240422114016,232.46692
20240422115016,237.39305
20240422120016,234.36178
20240422121016,236.64885
20240422122016,234.80281
20240422123016,242.04519
20240422124016,230.17066
20240422125016,231.73289
20240422130016,208.09963
20240422131016,204.61711
20240422132016,204.45929
20240422133016,198.69505
20240422134016,197.58118
20240422135016,196.0865
20240422140016,194.03898
20240422141016,194.81317
20240422142016,194.11933
20240422143016,193.8078
20240422144016,194.05129
20240422145016,194.49326
20240422150016,191.5248
20240422151016,188.09912
20240422152016,186.15886
20240422153016,184.68713
20240422154016,183.84097
20240422155016,183.57157
20240422160016,556.34745
20240422161016,697.28306
20240422162016,686.0735
20240422163016,695.47288
20240422164016,843.6927
20240422165016,955.79305
20240513090016,188.00605
20240513091016,189.91335
20240513092016,196.19598
20240513093016,191.41252
20240513094016,191.19971
20240513095016,194.84136
20240513100016,197.88993
20240513101016,201.33407
20240513102016,207.04281
20240513103016,221.41801
20240513104016,242.58804
20240513105016,259.04023
20240513110016,296.66875
20240513111016,269.64871
20240513112016,245.26949
20240513113016,232.17526
20240513114016,232.46692
20240513115016,237.39305
20240513120016,234.36178
20240513121016,236.64885
20240513122016,234.80281
20240513123016,242.04519
20240513124016,230.17066
20240513125016,231.73289
20240513130016,208.09963
20240513131016,204.61711
20240513132016,204.45929
20240513133016,198.69505
20240513134016,197.58118
20240513135016,196.0865
20240513140016,194.03898
20240513141016,194.81317
20240513142016,194.11933
20240513143016,193.8078
20240513144016,194.05129
20240513145016,194.49326
20240513150016,191.5248
20240513151016,188.09912
20240513152016,186.15886
20240513153016,184.68713
20240513154016,183.84097
20240513155016,183.57157
20240513160016,556.34745
20240513161016,697.28306
20240513162016,686.0735
20240513163016,695.47288
20240513164016,843.6927
20240513165016,955.79305
20240517090016,846.43396
20240517091016,252.69999
20240517092016,387.163
20240517093016,214.88589
20240517094016,214.03162
20240517095016,196.28241
20240517100016,204.06703
20240517101016,196.56398
20240517102016,203.8395
20240517103016,204.27766
20240517104016,208.62852
20240517105016,240.45975
20240517110016,296.66875
20240517111016,269.64871
20240517112016,245.26949
20240517113016,232.17526
20240517114016,232.46692
20240517115016,237.39305
20240517120016,234.36178
20240517121016,236.64885
20240517122016,234.80281
20240517123016,242.04519
20240517124016,230.17066
20240517125016,231.73289
20240517130016,208.09963
20240517131016,204.61711
20240517132016,204.45929
20240517133016,198.69505
20240517134016,197.58118
20240517135016,196.0865
20240517140016,194.03898
20240517141016,194.81317
20240517142016,194.11933
20240517143016,193.8078
20240517144016,194.05129
20240517145016,194.49326
20240517150016,191.5248
20240517151016,188.09912
20240517152016,186.15886
20240517153016,184.68713
20240517154016,183.84097
20240517155016,183.57157
20240517160016,556.34745
20240517161016,697.28306
20240517162016,686.0735
20240517163016,695.47288
20240517164016,843.6927
20240517165016,955.79305
20240519090016,237.91059
20240519091016,222.49193
20240519092016,208.9237
20240519093016,204.91008
20240519094016,202.06456
20240519095016,198.88593
20240519100016,205.3777
20240519101016,205.87312
20240519102016,206.90755
20240519103016,220.72757
20240519104016,232.06467
20240519105016,252.53629
20240519110016,296.66875
20240519111016,269.64871
20240519112016,245.26949
20240519113016,232.17526
20240519114016,232.46692
20240519115016,237.39305
20240519120016,234.36178
20240519121016,236.64885
20240519122016,234.80281
20240519123016,242.04519
20240519124016,230.17066
20240519125016,231.73289
20240519130016,208.09963
20240519131016,204.61711
20240519132016,204.45929
20240519133016,198.69505
20240519134016,197.58118
20240519135016,196.0865
20240519140016,194.03898
20240519141016,194.81317
20240519142016,194.11933
20240519143016,193.8078
20240519144016,194.05129
20240519145016,194.49326
20240519150016,191.5248
20240519151016,188.09912
20240519152016,186.15886
20240519153016,184.68713
20240519154016,183.84097
20240519155016,183.57157
20240519160016,556.34745
20240519161016,697.28306
20240519162016,686.0735
20240519163016,695.47288
20240519164016,843.6927
20240519165016,955.79305
20240608090016,809.3556
20240608091016,253.57612
20240608092016,244.30973
20240608093016,223.83848
20240608094016,224.79647
20240608095016,200.59913
20240608100016,286.64993
20240608101016,191.84641
20240608102016,203.48758
20240608103016,208.52419
20240608104016,211.21873
20240608105016,235.86063
20240608110016,296.66875
20240608111016,269.64871
20240608112016,245.26949
20240608113016,232.17526
20240608114016,232.46692
20240608115016,237.39305
20240608120016,234.36178
20240608121016,236.64885
20240608122016,234.80281
20240608123016,242.04519
20240608124016,230.17066
20240608125016,231.73289
20240608130016,208.09963
20240608131016,204.61711
20240608132016,204.45929
20240608133016,198.69505
20240608134016,197.58118
20240608135016,196.0865
20240608140016,194.03898
20240608141016,194.81317
20240608142016,194.11933
20240608143016,193.8078
20240608144016,194.05129
20240608145016,194.49326
20240608150016,191.5248
20240608151016,188.09912
20240608152016,186.15886
20240608153016,184.68713
20240608154016,183.84097
20240608155016,183.57157
20240608160016,556.34745
20240608161016,697.28306
20240608162016,686.0735
20240608163016,695.47288
20240608164016,843.6927
20240608165016,955.79305
20240629090016,910.99683
20240629091016,348.24966
20240629092016,327.27466
20240629093016,243.34711
20240629094016,246.03067
20240629095016,196.96338
20240629100016,231.7146
20240629101016,197.90572
20240629102016,201.16706
20240629103016,204.50053
20240629104016,210.82885
20240629105016,235.69199
20240629110016,296.66875
20240629111016,269.64871
20240629112016,245.26949
20240629113016,232.17526
20240629114016,232.46692
20240629115016,237.39305
20240629120016,234.36178
20240629121016,236.64885
20240629122016,234.80281
20240629123016,242.04519
20240629124016,230.17066
20240629125016,231.73289
20240629130016,208.09963
20240629131016,204.61711
20240629132016,204.45929
20240629133016,198.69505
20240629134016,197.58118
20240629135016,196.0865
20240629140016,194.03898
20240629141016,194.81317
20240629142016,194.11933
20240629143016,193.8078
20240629144016,194.05129
20240629145016,194.49326
20240629150016,191.5248
20240629151016,188.09912
20240629152016,186.15886
20240629153016,184.68713
20240629154016,183.84097
20240629155016,183.57157
20240629160016,556.34745
20240629161016,697.28306
20240629162016,686.0735
20240629163016,695.47288
20240629164016,843.6927
20240629165016,955.79305
20240123090017,194.19802
20240123091017,191.12801
20240123092017,193.17879
20240123093017,196.43753
20240123094017,200.67543
20240123095017,196.6956
20240123100017,196.79473
20240123101017,200.93792
20240123102017,207.65807
20240123103017,221.11641
20240123104017,239.70681
20240123105017,255.29362
20240123110017,296.66875
20240123111017,269.64871
20240123112017,245.26949
20240123113017,232.17526
20240123114017,232.46692
20240123115017,237.39305
20240123120017,234.36178
20240123121017,236.64885
20240123122017,234.80281
20240123123017,242.04519
20240123124017,230.17066
20240123125017,231.73289
20240123130017,208.09963
20240123131017,204.61711
20240123132017,204.45929
20240123133017,198.69505
20240123134017,197.58118
20240123135017,196.0865
20240123140017,194.03898
20240123141017,194.81317
20240123142017,194.11933
20240123143017,193.8078
20240123144017,194.05129
20240123145017,194.49326
20240123150017,191.5248
20240123151017,188.09912
20240123152017,186.15886
20240123153017,184.68713
20240123154017,183.84097
20240123155017,183.57157
20240123160017,556.34745
20240123161017,697.28306
20240123162017,686.0735
20240123163017,695.47288
20240123164017,843.6927
20240123165017,955.79305
20240129090017,189.76168
20240129091017,191.61614
20240129092017,191.59339
20240129093017,192.74349
20240129094017,197.46512
20240129095017,200.98351
20240129100017,201.21852
20240129101017,205.88854
20240129102017,210.97483
20240129103017,221.79044
20240129104017,243.04841
20240129105017,265.99088
20240129110017,296.66875
20240129111017,269.64871
20240129112017,245.26949
20240129113017,232.17526
20240129114017,232.46692
20240129115017,237.39305
20240129120017,234.36178
20240129121017,236.64885
20240129122017,234.80281
20240129123017,242.04519
20240129124017,230.17066
20240129125017,231.73289
20240129130017,208.09963
20240129131017,204.61711
20240129132017,204.45929
20240129133017,198.69505
20240129134017,197.58118
20240129135017,196.0865
20240129140017,194.03898
20240129141017,194.81317
20240129142017,194.11933
20240129143017,193.8078
20240129144017,194.05129
20240129145017,194.49326
20240129150017,191.5248
20240129151017,188.09912
20240129152017,186.15886
20240129153017,184.68713
20240129154017,183.84097
20240129155017,183.57157
20240129160017,556.34745
20240129161017,697.28306
20240129162017,686.0735
20240129163017,695.47288
20240129164017,843.6927
20240129165017,955.79305
20240215090017,866.14019
20240215091017,485.20361
20240215092017,321.52945
20240215093017,205.98448
20240215094017,230.58015
20240215095017,206.23111
20240215100017,189.14751
20240215101017,206.60977
20240215102017,201.2939
20240215103017,208.12041
20240215104017,211.79465
20240215105017,235.53298
20240215110017,296.66875
20240215111017,269.64871
20240215112017,245.26949
20240215113017,232.17526
20240215114017,232.46692
20240215115017,237.39305
20240215120017,234.36178
20240215121017,236.64885
20240215122017,234.80281
20240215123017,242.04519
20240215124017,230.17066
20240215125017,231.73289
20240215130017,208.09963
20240215131017,204.61711
20240215132017,204.45929
20240215133017,198.69505
20240215134017,197.58118
20240215135017,196.0865
20240215140017,194.03898
20240215141017,194.81317
20240215142017,194.11933
20240215143017,193.8078
20240215144017,194.05129
20240215145017,194.49326
20240215150017,191.5248
20240215151017,188.09912
20240215152017,186.15886
20240215153017,184.68713
20240215154017,183.84097
20240215155017,183.57157
20240215160017,556.34745
20240215161017,697.28306
20240215162017,686.0735
20240215163017,695.47288
20240215164017,843.6927
20240215165017,955.79305
20240218090017,207.26931
20240218091017,198.08413
20240218092017,202.41161
20240218093017,195.97564
20240218094017,198.99467
20240218095017,217.18584
20240218100017,204.04117
20240218101017,201.31596
20240218102017,209.10566
20240218103017,208.18431
20240218104017,228.71177
20240218105017,254.76192
20240218110017,296.66875
20240218111017,269.64871
20240218112017,245.26949
20240218113017,232.17526
20240218114017,232.46692
20240218115017,237.39305
20240218120017,234.36178
20240218121017,236.64885
20240218122017,234.80281
20240218123017,242.04519
20240218124017,230.17066
20240218125017,231.73289
20240218130017,208.09963
20240218131017,204.61711
20240218132017,204.45929
20240218133017,198.69505
20240218134017,197.58118
20240218135017,196.0865
20240218140017,194.03898
20240218141017,194.81317
20240218142017,194.11933
20240218143017,193.8078
20240218144017,194.05129
20240218145017,194.49326
20240218150017,191.5248
20240218151017,188.09912
20240218152017,186.15886
20240218153017,184.68713
20240218154017,183.84097
20240218155017,183.57157
20240218160017,556.34745
20240218161017,697.28306
20240218162017,686.0735
20240218163017,695.47288
20240218164017,843.6927
20240218165017,955.79305
20240305090017,826.26596
20240305091017,228.67378
20240305092017,372.43978
20240305093017,234.8708
20240305094017,294.20103
20240305095017,195.72489
20240305100017,197.69346
20240305101017,204.66682
20240305102017,202.48701
20240305103017,203.83282
20240305104017,211.49978
20240305105017,242.69424
20240305110017,296.66875
20240305111017,269.64871
20240305112017,245.26949
20240305113017,232.17526
20240305114017,232.46692
20240305115017,237.39305
20240305120017,234.36178
20240305121017,236.64885
20240305122017,234.80281
20240305123017,242.04519
20240305124017,230.17066
20240305125017,231.73289
20240305130017,208.09963
20240305131017,204.61711
20240305132017,204.45929
20240305133017,198.69505
20240305134017,197.58118
20240305135017,196.0865
20240305140017,194.03898
20240305141017,194.81317
20240305142017,194.11933
20240305143017,193.8078
20240305144017,194.05129
20240305145017,194.49326
20240305150017,191.5248
20240305151017,188.09912
20240305152017,186.15886
20240305153017,184.68713
20240305154017,183.84097
20240305155017,183.57157
20240305160017,556.34745
20240305161017,697.28306
20240305162017,686.0735
20240305163017,695.47288
20240305164017,843.6927
20240305165017,955.79305
20240309090017,229.19646
20240309091017,224.61506
20240309092017,203.87668
20240309093017,201.39647
20240309094017,199.26656
20240309095017,197.27516
20240309100017,194.55883
20240309101017,202.12719
20240309102017,205.0852
20240309103017,215.45016
20240309104017,232.2465
20240309105017,245.46969
20240309110017,296.66875
20240309111017,269.64871
20240309112017,245.26949
20240309113017,232.17526
20240309114017,232.46692
20240309115017,237.39305
20240309120017,234.36178
20240309121017,236.64885
20240309122017,234.80281
20240309123017,242.04519
20240309124017,230.17066
20240309125017,231.73289
20240309130017,208.09963
20240309131017,204.61711
20240309132017,204.45929
20240309133017,198.69505
20240309134017,197.58118
20240309135017,196.0865
20240309140017,194.03898
20240309141017,194.81317
20240309142017,194.11933
20240309143017,193.8078
20240309144017,194.05129
20240309145017,194.49326
20240309150017,191.5248
20240309151017,188.09912
20240309152017,186.15886
20240309153017,184.68713
20240309154017,183.84097
20240309155017,183.57157
20240309160017,556.34745
20240309161017,697.28306
20240309162017,686.0735
20240309163017,695.47288
20240309164017,843.6927
20240309165017,955.79305
20240311090017,226.03508
20240311091017,223.21274
20240311092017,200.02166
20240311093017,198.19625
20240311094017,197.30645
20240311095017,195.47223
20240311100017,194.44937
20240311101017,201.63895
20240311102017,205.63969
20240311103017,211.97345
20240311104017,233.45037
20240311105017,251.99866
20240311110017,296.66875
20240311111017,269.64871
20240311112017,245.26949
20240311113017,232.17526
20240311114017,232.46692
20240311115017,237.39305
20240311120017,234.36178
20240311121017,236.64885
20240311122017,234.80281
20240311123017,242.04519
20240311124017,230.17066
20240311125017,231.73289
20240311130017,208.09963
20240311131017,204.61711
20240311132017,204.45929
20240311133017,198.69505
20240311134017,197.58118
20240311135017,196.0865
20240311140017,194.03898
20240311141017,194.81317
20240311142017,194.11933
20240311143017,193.8078
20240311144017,194.05129
20240311145017,194.49326
20240311150017,191.5248
20240311151017,188.09912
20240311152017,186.15886
20240311153017,184.68713
20240311154017,183.84097
20240311155017,183.57157
20240311160017,556.34745
20240311161017,697.28306
20240311162017,686.0735
20240311163017,695.47288
20240311164017,843.6927
20240311165017,955.79305
20240403090017,840.6644
20240403091017,242.55158
20240403092017,204.74831
20240403093017,208.15518
20240403094017,217.63646
20240403095017,198.8334
20240403100017,190.99073
20240403101017,205.38858
20240403102017,204.11359
20240403103017,208.21046
20240403104017,211.66887
20240403105017,242.41321
20240403110017,296.66875
20240403111017,269.64871
20240403112017,245.26949
20240403113017,232.17526
20240403114017,232.46692
20240403115017,237.39305
20240403120017,234.36178
20240403121017,236.64885
20240403122017,234.80281
20240403123017,242.04519
20240403124017,230.17066
20240403125017,231.73289
20240403130017,208.09963
20240403131017,204.61711
20240403132017,204.45929
20240403133017,198.69505
20240403134017,197.58118
20240403135017,196.0865
20240403140017,194.03898
20240403141017,194.81317
20240403142017,194.11933
20240403143017,193.8078
20240403144017,194.05129
20240403145017,194.49326
20240403150017,191.5248
20240403151017,188.09912
20240403152017,186.15886
20240403153017,184.68713
20240403154017,183.84097
20240403155017,183.57157
20240403160017,556.34745
20240403161017,697.28306
20240403162017,686.0735
20240403163017,695.47288
20240403164017,843.6927
20240403165017,955.79305
20240507090017,679.17464
20240507091017,230.01846
20240507092017,220.57619
20240507093017,215.08714
20240507094017,229.61039
20240507095017,196.34264
20240507100017,195.35223
20240507101017,203.78486
20240507102017,200.95963
20240507103017,204.91355
20240507104017,211.53545
20240507105017,239.09993
20240507110017,296.66875
20240507111017,269.64871
20240507112017,245.26949
20240507113017,232.17526
20240507114017,232.46692
20240507115017,237.39305
20240507120017,234.36178
20240507121017,236.64885
20240507122017,234.80281
20240507123017,242.04519
20240507124017,230.17066
20240507125017,231.73289
20240507130017,208.09963
20240507131017,204.61711
20240507132017,204.45929
20240507133017,198.69505
20240507134017,197.58118
20240507135017,196.0865
20240507140017,194.03898
20240507141017,194.81317
20240507142017,194.11933
20240507143017,193.8078
20240507144017,194.05129
20240507145017,194.49326
20240507150017,191.5248
20240507151017,188.09912
20240507152017,186.15886
20240507153017,184.68713
20240507154017,183.84097
20240507155017,183.57157
20240507160017,556.34745
20240507161017,697.28306
20240507162017,686.0735
20240507163017,695.47288
20240507164017,843.6927
20240507165017,955.79305
20240528090017,187.03639
20240528091017,189.885
20240528092017,196.6848
20240528093017,190.17299
20240528094017,191.15923
20240528095017,192.13151
20240528100017,197.06938
20240528101017,201.24713
20240528102017,207.53857
20240528103017,222.23147
20240528104017,243.00634
20240528105017,259.86156
20240528110017,296.66875
20240528111017,269.64871
20240528112017,245.26949
20240528113017,232.17526
20240528114017,232.46692
20240528115017,237.39305
20240528120017,234.36178
20240528121017,236.64885
20240528122017,234.80281
20240528123017,242.04519
20240528124017,230.17066
20240528125017,231.73289
20240528130017,208.09963
20240528131017,204.61711
20240528132017,204.45929
20240528133017,198.69505
20240528134017,197.58118
20240528135017,196.0865
20240528140017,194.03898
20240528141017,194.81317
20240528142017,194.11933
20240528143017,193.8078
20240528144017,194.05129
20240528145017,194.49326
20240528150017,191.5248
20240528151017,188.09912
20240528152017,186.15886
20240528153017,184.68713
20240528154017,183.84097
20240528155017,183.57157
20240528160017,556.34745
20240528161017,697.28306
20240528162017,686.0735
20240528163017,695.47288
20240528164017,843.6927
20240528165017,955.79305
20240614090017,202.90643
20240614091017,207.6928
20240614092017,203.87628
20240614093017,197.11876
20240614094017,191.28398
20240614095017,191.19691
20240614100017,198.21554
20240614101017,197.99494
20240614102017,207.89658
20240614103017,221.46239
20240614104017,232.41859
20240614105017,251.99866
20240614110017,296.66875
20240614111017,269.64871
20240614112017,245.26949
20240614113017,232.17526
20240614114017,232.46692
20240614115017,237.39305
20240614120017,234.36178
20240614121017,236.64885
20240614122017,234.80281
20240614123017,242.04519
20240614124017,230.17066
20240614125017,231.73289
20240614130017,208.09963
20240614131017,204.61711
20240614132017,204.45929
20240614133017,198.69505
20240614134017,197.58118
20240614135017,196.0865
20240614140017,194.03898
20240614141017,194.81317
20240614142017,194.11933
20240614143017,193.8078
20240614144017,194.05129
20240614145017,194.49326
20240614150017,191.5248
20240614151017,188.09912
20240614152017,186.15886
20240614153017,184.68713
20240614154017,183.84097
20240614155017,183.57157
20240614160017,556.34745
20240614161017,697.28306
20240614162017,686.0735
20240614163017,695.47288
20240614164017,843.6927
20240614165017,955.79305
20240619090017,521.26122
20240619091017,286.29992
20240619092017,231.17473
20240619093017,207.6346
20240619094017,205.34401
20240619095017,197.39788
20240619100017,196.09618
20240619101017,201.34618
20240619102017,204.01932
20240619103017,220.61287
20240619104017,220.95608
20240619105017,236.15313
20240619110017,296.66875
20240619111017,269.64871
20240619112017,245.26949
20240619113017,232.17526
20240619114017,232.46692
20240619115017,237.39305
20240619120017,234.36178
20240619121017,236.64885
20240619122017,234.80281
20240619123017,242.04519
20240619124017,230.17066
20240619125017,231.73289
20240619130017,208.09963
20240619131017,204.61711
20240619132017,204.45929
20240619133017,198.69505
20240619134017,197.58118
20240619135017,196.0865
20240619140017,194.03898
20240619141017,194.81317
20240619142017,194.11933
20240619143017,193.8078
20240619144017,194.05129
20240619145017,194.49326
20240619150017,191.5248
20240619151017,188.09912
20240619152017,186.15886
20240619153017,184.68713
20240619154017,183.84097
20240619155017,183.57157
20240619160017,556.34745
20240619161017,697.28306
20240619162017,686.0735
20240619163017,695.47288
20240619164017,843.6927
20240619165017,955.79305
20240627090017,711.84276
20240627091017,241.63117
20240627092017,206.90527
20240627093017,207.72467
20240627094017,201.53318
20240627095017,197.56358
20240627100017,198.28421
20240627101017,196.61564
20240627102017,203.68785
20240627103017,211.76517
20240627104017,220.7214
20240627105017,239.23628
20240627110017,296.66875
20240627111017,269.64871
20240627112017,245.26949
20240627113017,232.17526
20240627114017,232.46692
20240627115017,237.39305
20240627120017,234.36178
20240627121017,236.64885
20240627122017,234.80281
20240627123017,242.04519
20240627124017,230.17066
20240627125017,231.73289
20240627130017,208.09963
20240627131017,204.61711
20240627132017,204.45929
20240627133017,198.69505
20240627134017,197.58118
20240627135017,196.0865
20240627140017,194.03898
20240627141017,194.81317
20240627142017,194.11933
20240627143017,193.8078
20240627144017,194.05129
20240627145017,194.49326
20240627150017,191.5248
20240627151017,188.09912
20240627152017,186.15886
20240627153017,184.68713
20240627154017,183.84097
20240627155017,183.57157
20240627160017,556.34745
20240627161017,697.28306
20240627162017,686.0735
20240627163017,695.47288
20240627164017,843.6927
20240627165017,955.79305
20240629090017,702.34895
20240629091017,226.38998
20240629092017,197.36486
20240629093017,205.63021
20240629094017,198.31194
20240629095017,194.31122
20240629100017,200.03785
20240629101017,196.88046
20240629102017,204.21082
20240629103017,211.44595
20240629104017,220.62375
20240629105017,240.88673
20240629110017,296.66875
20240629111017,269.64871
20240629112017,245.26949
20240629113017,232.17526
20240629114017,232.46692
20240629115017,237.39305
20240629120017,234.36178
20240629121017,236.64885
20240629122017,234.80281
20240629123017,242.04519
20240629124017,230.17066
20240629125017,231.73289
20240629130017,208.09963
20240629131017,204.61711
20240629132017,204.45929
20240629133017,198.69505
20240629134017,197.58118
20240629135017,196.0865
20240629140017,194.03898
20240629141017,194.81317
20240629142017,194.11933
20240629143017,193.8078
20240629144017,194.05129
20240629145017,194.49326
20240629150017,191.5248
20240629151017,188.09912
20240629152017,186.15886
20240629153017,184.68713
20240629154017,183.84097
20240629155017,183.57157
20240629160017,556.34745
20240629161017,697.28306
20240629162017,686.0735
20240629163017,695.47288
20240629164017,843.6927
20240629165017,955.79305
20240704090017,649.4747
20240704091017,204.35097
20240704092017,195.75223
20240704093017,196.17797
20240704094017,201.14701
20240704095017,203.95295
20240704100017,201.46198
20240704101017,201.06013
20240704102017,204.17906
20240704103017,211.58449
20240704104017,212.36755
20240704105017,242.86784
20240704110017,296.66875
20240704111017,269.64871
20240704112017,245.26949
20240704113017,232.17526
20240704114017,232.46692
20240704115017,237.39305
20240704120017,234.36178
20240704121017,236.64885
20240704122017,234.80281
20240704123017,242.04519
20240704124017,230.17066
20240704125017,231.73289
20240704130017,208.09963
20240704131017,204.61711
20240704132017,204.45929
20240704133017,198.69505
20240704134017,197.58118
20240704135017,196.0865
20240704140017,194.03898
20240704141017,194.81317
20240704142017,194.11933
20240704143017,193.8078
20240704144017,194.05129
20240704145017,194.49326
20240704150017,191.5248
20240704151017,188.09912
20240704152017,186.15886
20240704153017,184.68713
20240704154017,183.84097
20240704155017,183.57157
20240704160017,556.34745
20240704161017,697.28306
20240704162017,686.0735
20240704163017,695.47288
20240704164017,843.6927
20240704165017,955.79305
20240706090017,647.60063
20240706091017,205.52874
20240706092017,195.9576
20240706093017,196.01772
20240706094017,199.80493
20240706095017,201.92653
20240706100017,199.12103
20240706101017,200.15214
20240706102017,204.17906
20240706103017,211.50263
20240706104017,212.36142
20240706105017,242.8091
20240706110017,296.66875
20240706111017,269.64871
20240706112017,245.26949
20240706113017,232.17526
20240706114017,232.46692
20240706115017,237.39305
20240706120017,234.36178
20240706121017,236.64885
20240706122017,234.80281
20240706123017,242.04519
20240706124017,230.17066
20240706125017,231.73289
20240706130017,208.09963
20240706131017,204.61711
20240706132017,204.45929
20240706133017,198.69505
20240706134017,197.58118
20240706135017,196.0865
20240706140017,194.03898
20240706141017,194.81317
20240706142017,194.11933
20240706143017,193.8078
20240706144017,194.05129
20240706145017,194.49326
20240706150017,191.5248
20240706151017,188.09912
20240706152017,186.15886
20240706153017,184.68713
20240706154017,183.84097
20240706155017,183.57157
20240706160017,556.34745
20240706161017,697.28306
20240706162017,686.0735
20240706163017,695.47288
20240706164017,843.6927
20240706165017,955.79305
20240328090008,667.97366
20240328091008,600.66932
20240328092008,327.56535
20240328093008,209.53875
20240328094008,200.60677
20240328095008,192.01394
20240328100008,282.74003
20240328101008,206.70296
20240328102008,207.87213
20240328103008,222.46602
20240328104008,221.72818
20240328105008,235.11111
20240328110008,296.66875
20240328111008,269.64871
20240328112008,245.26949
20240328113008,232.17526
20240328114008,232.46692
20240328115008,237.39305
20240328120008,234.36178
20240328121008,236.64885
20240328122008,234.80281
20240328123008,242.04519
20240328124008,230.17066
20240328125008,231.73289
20240328130008,208.09963
20240328131008,204.61711
20240328132008,204.45929
20240328133008,198.69505
20240328134008,197.58118
20240328135008,196.0865
20240328140008,194.03898
20240328141008,194.81317
20240328142008,194.11933
20240328143008,193.8078
20240328144008,194.05129
20240328145008,194.49326
20240328150008,191.5248
20240328151008,188.09912
20240328152008,186.15886
20240328153008,184.68713
20240328154008,183.84097
20240328155008,183.57157
20240328160008,556.34745
20240328161008,697.28306
20240328162008,686.0735
20240328163008,695.47288
20240328164008,843.6927
20240328165008,955.79305
20240508090008,214.92848
20240508091008,207.46791
20240508092008,205.57063
20240508093008,201.69976
20240508094008,197.1749
20240508095008,196.25852
20240508100008,202.31113
20240508101008,205.7706
20240508102008,206.92405
20240508103008,220.76906
20240508104008,234.23084
20240508105008,254.77264
20240508110008,296.66875
20240508111008,269.64871
20240508112008,245.26949
20240508113008,232.17526
20240508114008,232.46692
20240508115008,237.39305
20240508120008,234.36178
20240508121008,236.64885
20240508122008,234.80281
20240508123008,242.04519
20240508124008,230.17066
20240508125008,231.73289
20240508130008,208.09963
20240508131008,204.61711
20240508132008,204.45929
20240508133008,198.69505
20240508134008,197.58118
20240508135008,196.0865
20240508140008,194.03898
20240508141008,194.81317
20240508142008,194.11933
20240508143008,193.8078
20240508144008,194.05129
20240508145008,194.49326
20240508150008,191.5248
20240508151008,188.09912
20240508152008,186.15886
20240508153008,184.68713
20240508154008,183.84097
20240508155008,183.57157
20240508160008,556.34745
20240508161008,697.28306
20240508162008,686.0735
20240508163008,695.47288
20240508164008,843.6927
20240508165008,955.79305
20240521090008,199.34094
20240521091008,198.96537
20240521092008,200.5252
20240521093008,197.58972
20240521094008,194.73403
20240521095008,196.20013
20240521100008,202.34019
20240521101008,205.80285
20240521102008,207.30657
20240521103008,221.10656
20240521104008,238.30051
20240521105008,256.64453
20240521110008,296.66875
20240521111008,269.64871
20240521112008,245.26949
20240521113008,232.17526
20240521114008,232.46692
20240521115008,237.39305
20240521120008,234.36178
20240521121008,236.64885
20240521122008,234.80281
20240521123008,242.04519
20240521124008,230.17066
20240521125008,231.73289
20240521130008,208.09963
20240521131008,204.61711
20240521132008,204.45929
20240521133008,198.69505
20240521134008,197.58118
20240521135008,196.0865
20240521140008,194.03898
20240521141008,194.81317
20240521142008,194.11933
20240521143008,193.8078
20240521144008,194.05129
20240521145008,194.49326
20240521150008,191.5248
20240521151008,188.09912
20240521152008,186.15886
20240521153008,184.68713
20240521154008,183.84097
20240521155008,183.57157
20240521160008,556.34745
20240521161008,697.28306
20240521162008,686.0735
20240521163008,695.47288
20240521164008,843.6927
20240521165008,955.79305
20240618090008,221.40164
20240618091008,223.78474
20240618092008,211.31788
20240618093008,202.21513
20240618094008,196.668
20240618095008,192.08085
20240618100008,205.18507
20240618101008,201.32504
20240618102008,207.25742
20240618103008,222.37945
20240618104008,228.37591
20240618105008,244.66045
20240618110008,296.66875
20240618111008,269.64871
20240618112008,245.26949
20240618113008,232.17526
20240618114008,232.46692
20240618115008,237.39305
20240618120008,234.36178
20240618121008,236.64885
20240618122008,234.80281
20240618123008,242.04519
20240618124008,230.17066
20240618125008,231.73289
20240618130008,208.09963
20240618131008,204.61711
20240618132008,204.45929
20240618133008,198.69505
20240618134008,197.58118
20240618135008,196.0865
20240618140008,194.03898
20240618141008,194.81317
20240618142008,194.11933
20240618143008,193.8078
20240618144008,194.05129
20240618145008,194.49326
20240618150008,191.5248
20240618151008,188.09912
20240618152008,186.15886
20240618153008,184.68713
20240618154008,183.84097
20240618155008,183.57157
20240618160008,556.34745
20240618161008,697.28306
20240618162008,686.0735
20240618163008,695.47288
20240618164008,843.6927
20240618165008,955.79305
20240630090008,193.93867
20240630091008,192.33158
20240630092008,192.52045
20240630093008,189.89731
20240630094008,190.32304
20240630095008,187.15701
20240630100008,191.1351
20240630101008,201.64913
20240630102008,206.4555
20240630103008,221.33233
20240630104008,222.2413
20240630105008,235.37304
20240630110008,296.66875
20240630111008,269.64871
20240630112008,245.26949
20240630113008,232.17526
20240630114008,232.46692
20240630115008,237.39305
20240630120008,234.36178
20240630121008,236.64885
20240630122008,234.80281
20240630123008,242.04519
20240630124008,230.17066
20240630125008,231.73289
20240630130008,208.09963
20240630131008,204.61711
20240630132008,204.45929
20240630133008,198.69505
20240630134008,197.58118
20240630135008,196.0865
20240630140008,194.03898
20240630141008,194.81317
20240630142008,194.11933
20240630143008,193.8078
20240630144008,194.05129
20240630145008,194.49326
20240630150008,191.5248
20240630151008,188.09912
20240630152008,186.15886
20240630153008,184.68713
20240630154008,183.84097
20240630155008,183.57157
20240630160008,556.34745
20240630161008,697.28306
20240630162008,686.0735
20240630163008,695.47288
20240630164008,843.6927
20240630165008,955.79305
20240702090008,194.22693
20240702091008,190.6229
20240702092008,193.09272
20240702093008,189.5846
20240702094008,189.18558
20240702095008,189.28134
20240702100008,190.36651
20240702101008,201.46559
20240702102008,207.38077
20240702103008,221.9538
20240702104008,221.18309
20240702105008,235.563
20240702110008,296.66875
20240702111008,269.64871
20240702112008,245.26949
20240702113008,232.17526
20240702114008,232.46692
20240702115008,237.39305
20240702120008,234.36178
20240702121008,236.64885
20240702122008,234.80281
20240702123008,242.04519
20240702124008,230.17066
20240702125008,231.73289
20240702130008,208.09963
20240702131008,204.61711
20240702132008,204.45929
20240702133008,198.69505
20240702134008,197.58118
20240702135008,196.0865
20240702140008,194.03898
20240702141008,194.81317
20240702142008,194.11933
20240702143008,193.8078
20240702144008,194.05129
20240702145008,194.49326
20240702150008,191.5248
20240702151008,188.09912
20240702152008,186.15886
20240702153008,184.68713
20240702154008,183.84097
20240702155008,183.57157
20240702160008,556.34745
20240702161008,697.28306
20240702162008,686.0735
20240702163008,695.47288
20240702164008,843.6927
20240702165008,955.79305
20240812090008,194.31704
20240812091008,189.32278
20240812092008,193.82117
20240812093008,189.38627
20240812094008,189.73284
20240812095008,187.89583
20240812100008,189.94949
20240812101008,202.10637
20240812102008,207.18668
20240812103008,221.67103
20240812104008,221.28995
20240812105008,235.47261
20240812110008,296.66875
20240812111008,269.64871
20240812112008,245.26949
20240812113008,232.17526
20240812114008,232.46692
20240812115008,237.39305
20240812120008,234.36178
20240812121008,236.64885
20240812122008,234.80281
20240812123008,242.04519
20240812124008,230.17066
20240812125008,231.73289
20240812130008,208.09963
20240812131008,204.61711
20240812132008,204.45929
20240812133008,198.69505
20240812134008,197.58118
20240812135008,196.0865
20240812140008,194.03898
20240812141008,194.81317
20240812142008,194.11933
20240812143008,193.8078
20240812144008,194.05129
20240812145008,194.49326
20240812150008,191.5248
20240812151008,188.09912
20240812152008,186.15886
20240812153008,184.68713
20240812154008,183.84097
20240812155008,183.57157
20240812160008,556.34745
20240812161008,697.28306
20240812162008,686.0735
20240812163008,695.47288
20240812164008,843.6927
20240812165008,955.79305
20240828090008,220.91654
20240828091008,190.19177
20240828092008,194.40501
20240828093008,189.9123
20240828094008,189.78742
20240828095008,187.8655
20240828100008,190.21596
20240828101008,203.45226
20240828102008,207.51392
20240828103008,221.67103
20240828104008,221.37624
20240828105008,235.45808
20240828110008,296.66875
20240828111008,269.64871
20240828112008,245.26949
20240828113008,232.17526
20240828114008,232.46692
20240828115008,237.39305
20240828120008,234.36178
20240828121008,236.64885
20240828122008,234.80281
20240828123008,242.04519
20240828124008,230.17066
20240828125008,231.73289
20240828130008,208.09963
20240828131008,204.61711
20240828132008,204.45929
20240828133008,198.69505
20240828134008,197.58118
20240828135008,196.0865
20240828140008,194.03898
20240828141008,194.81317
20240828142008,194.11933
20240828143008,193.8078
20240828144008,194.05129
20240828145008,194.49326
20240828150008,191.5248
20240828151008,188.09912
20240828152008,186.15886
20240828153008,184.68713
20240828154008,183.84097
20240828155008,183.57157
20240828160008,556.34745
20240828161008,697.28306
20240828162008,686.0735
20240828163008,695.47288
20240828164008,843.6927
20240828165008,955.79305
20240307090010,188.66146
20240307091010,190.49181
20240307092010,204.5377
20240307093010,192.12939
20240307094010,195.60541
20240307095010,195.25706
20240307100010,196.84266
20240307101010,200.23545
20240307102010,205.11825
20240307103010,212.08952
20240307104010,241.20833
20240307105010,256.27252
20240307110010,296.66875
20240307111010,269.64871
20240307112010,245.26949
20240307113010,232.17526
20240307114010,232.46692
20240307115010,237.39305
20240307120010,234.36178
20240307121010,236.64885
20240307122010,234.80281
20240307123010,242.04519
20240307124010,230.17066
20240307125010,231.73289
20240307130010,208.09963
20240307131010,204.61711
20240307132010,204.45929
20240307133010,198.69505
20240307134010,197.58118
20240307135010,196.0865
20240307140010,194.03898
20240307141010,194.81317
20240307142010,194.11933
20240307143010,193.8078
20240307144010,194.05129
20240307145010,194.49326
20240307150010,191.5248
20240307151010,188.09912
20240307152010,186.15886
20240307153010,184.68713
20240307154010,183.84097
20240307155010,183.57157
20240307160010,556.34745
20240307161010,697.28306
20240307162010,686.0735
20240307163010,695.47288
20240307164010,843.6927
20240307165010,955.79305
20240310090010,191.45045
20240310091010,192.39337
20240310092010,206.45313
20240310093010,196.19448
20240310094010,195.45729
20240310095010,191.39842
20240310100010,192.06215
20240310101010,196.80696
20240310102010,205.9314
20240310103010,215.67291
20240310104010,234.18918
20240310105010,254.01649
20240310110010,296.66875
20240310111010,269.64871
20240310112010,245.26949
20240310113010,232.17526
20240310114010,232.46692
20240310115010,237.39305
20240310120010,234.36178
20240310121010,236.64885
20240310122010,234.80281
20240310123010,242.04519
20240310124010,230.17066
20240310125010,231.73289
20240310130010,208.09963
20240310131010,204.61711
20240310132010,204.45929
20240310133010,198.69505
20240310134010,197.58118
20240310135010,196.0865
20240310140010,194.03898
20240310141010,194.81317
20240310142010,194.11933
20240310143010,193.8078
20240310144010,194.05129
20240310145010,194.49326
20240310150010,191.5248
20240310151010,188.09912
20240310152010,186.15886
20240310153010,184.68713
20240310154010,183.84097
20240310155010,183.57157
20240310160010,556.34745
20240310161010,697.28306
20240310162010,686.0735
20240310163010,695.47288
20240310164010,843.6927
20240310165010,955.79305
20240423090010,237.37824
20240423091010,201.31899
20240423092010,203.76845
20240423093010,197.39529
20240423094010,196.75906
20240423095010,196.99808
20240423100010,202.28462
20240423101010,206.08441
20240423102010,208.85219
20240423103010,220.81432
20240423104010,233.84182
20240423105010,254.11689
20240423110010,296.66875
20240423111010,269.64871
20240423112010,245.26949
20240423113010,232.17526
20240423114010,232.46692
20240423115010,237.39305
20240423120010,234.36178
20240423121010,236.64885
20240423122010,234.80281
20240423123010,242.04519
20240423124010,230.17066
20240423125010,231.73289
20240423130010,208.09963
20240423131010,204.61711
20240423132010,204.45929
20240423133010,198.69505
20240423134010,197.58118
20240423135010,196.0865
20240423140010,194.03898
20240423141010,194.81317
20240423142010,194.11933
20240423143010,193.8078
20240423144010,194.05129
20240423145010,194.49326
20240423150010,191.5248
20240423151010,188.09912
20240423152010,186.15886
20240423153010,184.68713
20240423154010,183.84097
20240423155010,183.57157
20240423160010,556.34745
20240423161010,697.28306
20240423162010,686.0735
20240423163010,695.47288
20240423164010,843.6927
20240423165010,955.79305
20240519090010,208.16712
20240519091010,207.85731
20240519092010,202.35122
20240519093010,199.35561
20240519094010,196.15206
20240519095010,196.35288
20240519100010,201.5651
20240519101010,206.58033
20240519102010,207.45458
20240519103010,221.19269
20240519104010,238.17223
20240519105010,255.93384
20240519110010,296.66875
20240519111010,269.64871
20240519112010,245.26949
20240519113010,232.17526
20240519114010,232.46692
20240519115010,237.39305
20240519120010,234.36178
20240519121010,236.64885
20240519122010,234.80281
20240519123010,242.04519
20240519124010,230.17066
20240519125010,231.73289
20240519130010,208.09963
20240519131010,204.61711
20240519132010,204.45929
20240519133010,198.69505
20240519134010,197.58118
20240519135010,196.0865
20240519140010,194.03898
20240519141010,194.81317
20240519142010,194.11933
20240519143010,193.8078
20240519144010,194.05129
20240519145010,194.49326
20240519150010,191.5248
20240519151010,188.09912
20240519152010,186.15886
20240519153010,184.68713
20240519154010,183.84097
20240519155010,183.57157
20240519160010,556.34745
20240519161010,697.28306
20240519162010,686.0735
20240519163010,695.47288
20240519164010,843.6927
20240519165010,955.79305
20240619090010,409.76901
20240619091010,214.85149
20240619092010,209.13861
20240619093010,207.67506
20240619094010,197.20508
20240619095010,193.93175
20240619100010,267.8475
20240619101010,204.02124
20240619102010,205.90752
20240619103010,221.78225
20240619104010,221.14149
20240619105010,239.10369
20240619110010,296.66875
20240619111010,269.64871
20240619112010,245.26949
20240619113010,232.17526
20240619114010,232.46692
20240619115010,237.39305
20240619120010,234.36178
20240619121010,236.64885
20240619122010,234.80281
20240619123010,242.04519
20240619124010,230.17066
20240619125010,231.73289
20240619130010,208.09963
20240619131010,204.61711
20240619132010,204.45929
20240619133010,198.69505
20240619134010,197.58118
20240619135010,196.0865
20240619140010,194.03898
20240619141010,194.81317
20240619142010,194.11933
20240619143010,193.8078
20240619144010,194.05129
20240619145010,194.49326
20240619150010,191.5248
20240619151010,188.09912
20240619152010,186.15886
20240619153010,184.68713
20240619154010,183.84097
20240619155010,183.57157
20240619160010,556.34745
20240619161010,697.28306
20240619162010,686.0735
20240619163010,695.47288
20240619164010,843.6927
20240619165010,955.79305
20240711090010,569.66509
20240711091010,240.65667
20240711092010,191.19551
20240711093010,207.63392
20240711094010,196.44741
20240711095010,192.77105
20240711100010,192.33816
20240711101010,204.36153
20240711102010,206.57892
20240711103010,227.82557
20240711104010,212.24821
20240711105010,242.25504
20240711110010,296.66875
20240711111010,269.64871
20240711112010,245.26949
20240711113010,232.17526
20240711114010,232.46692
20240711115010,237.39305
20240711120010,234.36178
20240711121010,236.64885
20240711122010,234.80281
20240711123010,242.04519
20240711124010,230.17066
20240711125010,231.73289
20240711130010,208.09963
20240711131010,204.61711
20240711132010,204.45929
20240711133010,198.69505
20240711134010,197.58118
20240711135010,196.0865
20240711140010,194.03898
20240711141010,194.81317
20240711142010,194.11933
20240711143010,193.8078
20240711144010,194.05129
20240711145010,194.49326
20240711150010,191.5248
20240711151010,188.09912
20240711152010,186.15886
20240711153010,184.68713
20240711154010,183.84097
20240711155010,183.57157
20240711160010,556.34745
20240711161010,697.28306
20240711162010,686.0735
20240711163010,695.47288
20240711164010,843.6927
20240711165010,955.79305
20240207090017,192.49727
20240207091017,197.52936
20240207092017,192.22281
20240207093017,192.69984
20240207094017,196.98484
20240207095017,201.35419
20240207100017,205.6762
20240207101017,208.03831
20240207102017,210.89407
20240207103017,220.02277
20240207104017,243.90448
20240207105017,275.48477
20240207110017,296.66875
20240207111017,269.64871
20240207112017,245.26949
20240207113017,232.17526
20240207114017,232.46692
20240207115017,237.39305
20240207120017,234.36178
20240207121017,236.64885
20240207122017,234.80281
20240207123017,242.04519
20240207124017,230.17066
20240207125017,231.73289
20240207130017,208.09963
20240207131017,204.61711
20240207132017,204.45929
20240207133017,198.69505
20240207134017,197.58118
20240207135017,196.0865
20240207140017,194.03898
20240207141017,194.81317
20240207142017,194.11933
20240207143017,193.8078
20240207144017,194.05129
20240207145017,194.49326
20240207150017,191.5248
20240207151017,188.09912
20240207152017,186.15886
20240207153017,184.68713
20240207154017,183.84097
20240207155017,183.57157
20240207160017,556.34745
20240207161017,697.28306
20240207162017,686.0735
20240207163017,695.47288
20240207164017,843.6927
20240207165017,955.79305
20240224090017,189.74079
20240224091017,191.8492
20240224092017,192.52701
20240224093017,196.42013
20240224094017,199.27539
20240224095017,199.67999
20240224100017,201.28393
20240224101017,205.39081
20240224102017,211.35242
20240224103017,220.6715
20240224104017,241.98225
20240224105017,265.99088
20240224110017,296.66875
20240224111017,269.64871
20240224112017,245.26949
20240224113017,232.17526
20240224114017,232.46692
20240224115017,237.39305
20240224120017,234.36178
20240224121017,236.64885
20240224122017,234.80281
20240224123017,242.04519
20240224124017,230.17066
20240224125017,231.73289
20240224130017,208.09963
20240224131017,204.61711
20240224132017,204.45929
20240224133017,198.69505
20240224134017,197.58118
20240224135017,196.0865
20240224140017,194.03898
20240224141017,194.81317
20240224142017,194.11933
20240224143017,193.8078
20240224144017,194.05129
20240224145017,194.49326
20240224150017,191.5248
20240224151017,188.09912
20240224152017,186.15886
20240224153017,184.68713
20240224154017,183.84097
20240224155017,183.57157
20240224160017,556.34745
20240224161017,697.28306
20240224162017,686.0735
20240224163017,695.47288
20240224164017,843.6927
20240224165017,955.79305
20240318090017,190.60972
20240318091017,195.65394
20240318092017,198.88261
20240318093017,195.48149
20240318094017,191.9596
20240318095017,191.1353
20240318100017,191.48437
20240318101017,200.23789
20240318102017,206.17267
20240318103017,211.97635
20240318104017,238.29721
20240318105017,254.02547
20240318110017,296.66875
20240318111017,269.64871
20240318112017,245.26949
20240318113017,232.17526
20240318114017,232.46692
20240318115017,237.39305
20240318120017,234.36178
20240318121017,236.64885
20240318122017,234.80281
20240318123017,242.04519
20240318124017,230.17066
20240318125017,231.73289
20240318130017,208.09963
20240318131017,204.61711
20240318132017,204.45929
20240318133017,198.69505
20240318134017,197.58118
20240318135017,196.0865
20240318140017,194.03898
20240318141017,194.81317
20240318142017,194.11933
20240318143017,193.8078
20240318144017,194.05129
20240318145017,194.49326
20240318150017,191.5248
20240318151017,188.09912
20240318152017,186.15886
20240318153017,184.68713
20240318154017,183.84097
20240318155017,183.57157
20240318160017,556.34745
20240318161017,697.28306
20240318162017,686.0735
20240318163017,695.47288
20240318164017,843.6927
20240318165017,955.79305
20240509090017,206.6099
20240509091017,207.50179
20240509092017,205.56775
20240509093017,199.00896
20240509094017,195.98613
20240509095017,195.57403
20240509100017,201.01923
20240509101017,205.59079
20240509102017,206.57915
20240509103017,220.38536
20240509104017,233.07934
20240509105017,253.68727
20240509110017,296.66875
20240509111017,269.64871
20240509112017,245.26949
20240509113017,232.17526
20240509114017,232.46692
20240509115017,237.39305
20240509120017,234.36178
20240509121017,236.64885
20240509122017,234.80281
20240509123017,242.04519
20240509124017,230.17066
20240509125017,231.73289
20240509130017,208.09963
20240509131017,204.61711
20240509132017,204.45929
20240509133017,198.69505
20240509134017,197.58118
20240509135017,196.0865
20240509140017,194.03898
20240509141017,194.81317
20240509142017,194.11933
20240509143017,193.8078
20240509144017,194.05129
20240509145017,194.49326
20240509150017,191.5248
20240509151017,188.09912
20240509152017,186.15886
20240509153017,184.68713
20240509154017,183.84097
20240509155017,183.57157
20240509160017,556.34745
20240509161017,697.28306
20240509162017,686.0735
20240509163017,695.47288
20240509164017,843.6927
20240509165017,955.79305
20240602090017,197.6667
20240602091017,206.79046
20240602092017,201.02798
20240602093017,197.02977
20240602094017,192.11443
20240602095017,191.6552
20240602100017,198.8439
20240602101017,196.76263
20240602102017,207.14367
20240602103017,221.5573
20240602104017,239.78119
20240602105017,252.25227
20240602110017,296.66875
20240602111017,269.64871
20240602112017,245.26949
20240602113017,232.17526
20240602114017,232.46692
20240602115017,237.39305
20240602120017,234.36178
20240602121017,236.64885
20240602122017,234.80281
20240602123017,242.04519
20240602124017,230.17066
20240602125017,231.73289
20240602130017,208.09963
20240602131017,204.61711
20240602132017,204.45929
20240602133017,198.69505
20240602134017,197.58118
20240602135017,196.0865
20240602140017,194.03898
20240602141017,194.81317
20240602142017,194.11933
20240602143017,193.8078
20240602144017,194.05129
20240602145017,194.49326
20240602150017,191.5248
20240602151017,188.09912
20240602152017,186.15886
20240602153017,184.68713
20240602154017,183.84097
20240602155017,183.57157
20240602160017,556.34745
20240602161017,697.28306
20240602162017,686.0735
20240602163017,695.47288
20240602164017,843.6927
20240602165017,955.79305
20240604090017,529.37847
20240604091017,337.80109
20240604092017,384.0238
20240604093017,206.7849
20240604094017,209.13616
20240604095017,210.4697
20240604100017,213.26882
20240604101017,201.47015
20240604102017,205.45053
20240604103017,208.03732
20240604104017,221.03904
20240604105017,241.1797
20240604110017,296.66875
20240604111017,269.64871
20240604112017,245.26949
20240604113017,232.17526
20240604114017,232.46692
20240604115017,237.39305
20240604120017,234.36178
20240604121017,236.64885
20240604122017,234.80281
20240604123017,242.04519
20240604124017,230.17066
20240604125017,231.73289
20240604130017,208.09963
20240604131017,204.61711
20240604132017,204.45929
20240604133017,198.69505
20240604134017,197.58118
20240604135017,196.0865
20240604140017,194.03898
20240604141017,194.81317
20240604142017,194.11933
20240604143017,193.8078
20240604144017,194.05129
20240604145017,194.49326
20240604150017,191.5248
20240604151017,188.09912
20240604152017,186.15886
20240604153017,184.68713
20240604154017,183.84097
20240604155017,183.57157
20240604160017,556.34745
20240604161017,697.28306
20240604162017,686.0735
20240604163017,695.47288
20240604164017,843.6927
20240604165017,955.79305
20240609090017,711.23663
20240609091017,455.98337
20240609092017,244.36015
20240609093017,213.99264
20240609094017,199.17892
20240609095017,199.08799
20240609100017,205.02245
20240609101017,196.18499
20240609102017,203.44767
20240609103017,211.1647
20240609104017,220.7214
20240609105017,235.39382
20240609110017,296.66875
20240609111017,269.64871
20240609112017,245.26949
20240609113017,232.17526
20240609114017,232.46692
20240609115017,237.39305
20240609120017,234.36178
20240609121017,236.64885
20240609122017,234.80281
20240609123017,242.04519
20240609124017,230.17066
20240609125017,231.73289
20240609130017,208.09963
20240609131017,204.61711
20240609132017,204.45929
20240609133017,198.69505
20240609134017,197.58118
20240609135017,196.0865
20240609140017,194.03898
20240609141017,194.81317
20240609142017,194.11933
20240609143017,193.8078
20240609144017,194.05129
20240609145017,194.49326
20240609150017,191.5248
20240609151017,188.09912
20240609152017,186.15886
20240609153017,184.68713
20240609154017,183.84097
20240609155017,183.57157
20240609160017,556.34745
20240609161017,697.28306
20240609162017,686.0735
20240609163017,695.47288
20240609164017,843.6927
20240609165017,955.79305
20240709090017,699.29924
20240709091017,209.22419
20240709092017,198.45601
20240709093017,195.3893
20240709094017,195.68655
20240709095017,192.40282
20240709100017,197.15514
20240709101017,200.52391
20240709102017,204.20574
20240709103017,211.13732
20240709104017,215.98636
20240709105017,242.69087
20240709110017,296.66875
20240709111017,269.64871
20240709112017,245.26949
20240709113017,232.17526
20240709114017,232.46692
20240709115017,237.39305
20240709120017,234.36178
20240709121017,236.64885
20240709122017,234.80281
20240709123017,242.04519
20240709124017,230.17066
20240709125017,231.73289
20240709130017,208.09963
20240709131017,204.61711
20240709132017,204.45929
20240709133017,198.69505
20240709134017,197.58118
20240709135017,196.0865
20240709140017,194.03898
20240709141017,194.81317
20240709142017,194.11933
20240709143017,193.8078
20240709144017,194.05129
20240709145017,194.49326
20240709150017,191.5248
20240709151017,188.09912
20240709152017,186.15886
20240709153017,184.68713
20240709154017,183.84097
20240709155017,183.57157
20240709160017,556.34745
20240709161017,697.28306
20240709162017,686.0735
20240709163017,695.47288
20240709164017,843.6927
20240709165017,955.79305
20240106090001,992.43497
20240106091001,356.79395
20240106092001,242.16866
20240106093001,231.50454
20240106094001,234.57859
20240106095001,198.15226
20240106100001,213.19489
20240106101001,205.24822
20240106102001,206.42151
20240106103001,208.42011
20240106104001,220.47909
20240106105001,234.01539
20240106110001,296.66875
20240106111001,269.64871
20240106112001,245.26949
20240106113001,232.17526
20240106114001,232.46692
20240106115001,237.39305
20240106120001,234.36178
20240106121001,236.64885
20240106122001,234.80281
20240106123001,242.04519
20240106124001,230.17066
20240106125001,231.73289
20240106130001,208.09963
20240106131001,204.61711
20240106132001,204.45929
20240106133001,198.69505
20240106134001,197.58118
20240106135001,196.0865
20240106140001,194.03898
20240106141001,194.81317
20240106142001,194.11933
20240106143001,193.8078
20240106144001,194.05129
20240106145001,194.49326
20240106150001,191.5248
20240106151001,188.09912
20240106152001,186.15886
20240106153001,184.68713
20240106154001,183.84097
20240106155001,183.57157
20240106160001,556.34745
20240106161001,697.28306
20240106162001,686.0735
20240106163001,695.47288
20240106164001,843.6927
20240106165001,955.79305
20240111090001,191.9845
20240111091001,203.43093
20240111092001,192.77547
20240111093001,196.39772
20240111094001,201.61514
20240111095001,203.54163
20240111100001,203.85849
20240111101001,206.12735
20240111102001,210.61594
20240111103001,221.79211
20240111104001,242.52582
20240111105001,265.81078
20240111110001,296.66875
20240111111001,269.64871
20240111112001,245.26949
20240111113001,232.17526
20240111114001,232.46692
20240111115001,237.39305
20240111120001,234.36178
20240111121001,236.64885
20240111122001,234.80281
20240111123001,242.04519
20240111124001,230.17066
20240111125001,231.73289
20240111130001,208.09963
20240111131001,204.61711
20240111132001,204.45929
20240111133001,198.69505
20240111134001,197.58118
20240111135001,196.0865
20240111140001,194.03898
20240111141001,194.81317
20240111142001,194.11933
20240111143001,193.8078
20240111144001,194.05129
20240111145001,194.49326
20240111150001,191.5248
20240111151001,188.09912
20240111152001,186.15886
20240111153001,184.68713
20240111154001,183.84097
20240111155001,183.57157
20240111160001,556.34745
20240111161001,697.28306
20240111162001,686.0735
20240111163001,695.47288
20240111164001,843.6927
20240111165001,955.79305
20240213090001,409.48757
20240213091001,204.1628
20240213092001,230.17196
20240213093001,196.63275
20240213094001,202.1044
20240213095001,195.60282
20240213100001,204.40368
20240213101001,199.97476
20240213102001,203.28067
20240213103001,206.53225
20240213104001,228.52271
20240213105001,243.97268
20240213110001,296.66875
20240213111001,269.64871
20240213112001,245.26949
20240213113001,232.17526
20240213114001,232.46692
20240213115001,237.39305
20240213120001,234.36178
20240213121001,236.64885
20240213122001,234.80281
20240213123001,242.04519
20240213124001,230.17066
20240213125001,231.73289
20240213130001,208.09963
20240213131001,204.61711
20240213132001,204.45929
20240213133001,198.69505
20240213134001,197.58118
20240213135001,196.0865
20240213140001,194.03898
20240213141001,194.81317
20240213142001,194.11933
20240213143001,193.8078
20240213144001,194.05129
20240213145001,194.49326
20240213150001,191.5248
20240213151001,188.09912
20240213152001,186.15886
20240213153001,184.68713
20240213154001,183.84097
20240213155001,183.57157
20240213160001,556.34745
20240213161001,697.28306
20240213162001,686.0735
20240213163001,695.47288
20240213164001,843.6927
20240213165001,955.79305
20240508090001,308.52551
20240508091001,247.58207
20240508092001,223.50396
20240508093001,205.29801
20240508094001,205.28589
20240508095001,203.43241
20240508100001,207.73111
20240508101001,204.07344
20240508102001,206.14864
20240508103001,214.49826
20240508104001,229.11402
20240508105001,245.23645
20240508110001,296.66875
20240508111001,269.64871
20240508112001,245.26949
20240508113001,232.17526
20240508114001,232.46692
20240508115001,237.39305
20240508120001,234.36178
20240508121001,236.64885
20240508122001,234.80281
20240508123001,242.04519
20240508124001,230.17066
20240508125001,231.73289
20240508130001,208.09963
20240508131001,204.61711
20240508132001,204.45929
20240508133001,198.69505
20240508134001,197.58118
20240508135001,196.0865
20240508140001,194.03898
20240508141001,194.81317
20240508142001,194.11933
20240508143001,193.8078
20240508144001,194.05129
20240508145001,194.49326
20240508150001,191.5248
20240508151001,188.09912
20240508152001,186.15886
20240508153001,184.68713
20240508154001,183.84097
20240508155001,183.57157
20240508160001,556.34745
20240508161001,697.28306
20240508162001,686.0735
20240508163001,695.47288
20240508164001,843.6927
20240508165001,955.79305
20240510090001,633.10927
20240510091001,232.83074
20240510092001,226.18361
20240510093001,202.33966
20240510094001,203.99347
20240510095001,200.79287
20240510100001,211.78516
20240510101001,198.56424
20240510102001,203.9402
20240510103001,211.62027
20240510104001,227.01058
20240510105001,243.66191
20240510110001,296.66875
20240510111001,269.64871
20240510112001,245.26949
20240510113001,232.17526
20240510114001,232.46692
20240510115001,237.39305
20240510120001,234.36178
20240510121001,236.64885
20240510122001,234.80281
20240510123001,242.04519
20240510124001,230.17066
20240510125001,231.73289
20240510130001,208.09963
20240510131001,204.61711
20240510132001,204.45929
20240510133001,198.69505
20240510134001,197.58118
20240510135001,196.0865
20240510140001,194.03898
20240510141001,194.81317
20240510142001,194.11933
20240510143001,193.8078
20240510144001,194.05129
20240510145001,194.49326
20240510150001,191.5248
20240510151001,188.09912
20240510152001,186.15886
20240510153001,184.68713
20240510154001,183.84097
20240510155001,183.57157
20240510160001,556.34745
20240510161001,697.28306
20240510162001,686.0735
20240510163001,695.47288
20240510164001,843.6927
20240510165001,955.79305
20240524090001,218.74163
20240524091001,211.8383
20240524092001,202.38955
20240524093001,201.45134
20240524094001,196.94323
20240524095001,196.63597
20240524100001,198.72361
20240524101001,206.2491
20240524102001,207.43945
20240524103001,221.11253
20240524104001,239.68481
20240524105001,255.93384
20240524110001,296.66875
20240524111001,269.64871
20240524112001,245.26949
20240524113001,232.17526
20240524114001,232.46692
20240524115001,237.39305
20240524120001,234.36178
20240524121001,236.64885
20240524122001,234.80281
20240524123001,242.04519
20240524124001,230.17066
20240524125001,231.73289
20240524130001,208.09963
20240524131001,204.61711
20240524132001,204.45929
20240524133001,198.69505
20240524134001,197.58118
20240524135001,196.0865
20240524140001,194.03898
20240524141001,194.81317
20240524142001,194.11933
20240524143001,193.8078
20240524144001,194.05129
20240524145001,194.49326
20240524150001,191.5248
20240524151001,188.09912
20240524152001,186.15886
20240524153001,184.68713
20240524154001,183.84097
20240524155001,183.57157
20240524160001,556.34745
20240524161001,697.28306
20240524162001,686.0735
20240524163001,695.47288
20240524164001,843.6927
20240524165001,955.79305
20240623090001,620.63427
20240623091001,211.31521
20240623092001,197.04808
20240623093001,194.51414
20240623094001,195.03188
20240623095001,199.23437
20240623100001,197.91473
20240623101001,199.88167
20240623102001,204.25006
20240623103001,211.64358
20240623104001,212.74981
20240623105001,243.26295
20240623110001,296.66875
20240623111001,269.64871
20240623112001,245.26949
20240623113001,232.17526
20240623114001,232.46692
20240623115001,237.39305
20240623120001,234.36178
20240623121001,236.64885
20240623122001,234.80281
20240623123001,242.04519
20240623124001,230.17066
20240623125001,231.73289
20240623130001,208.09963
20240623131001,204.61711
20240623132001,204.45929
20240623133001,198.69505
20240623134001,197.58118
20240623135001,196.0865
20240623140001,194.03898
20240623141001,194.81317
20240623142001,194.11933
20240623143001,193.8078
20240623144001,194.05129
20240623145001,194.49326
20240623150001,191.5248
20240623151001,188.09912
20240623152001,186.15886
20240623153001,184.68713
20240623154001,183.84097
20240623155001,183.57157
20240623160001,556.34745
20240623161001,697.28306
20240623162001,686.0735
20240623163001,695.47288
20240623164001,843.6927
20240623165001,955.79305
20240627090001,665.79128
20240627091001,253.28909
20240627092001,211.46163
20240627093001,204.82067
20240627094001,203.80669
20240627095001,197.01655
20240627100001,201.78158
20240627101001,197.23228
20240627102001,203.60975
20240627103001,211.88662
20240627104001,220.7214
20240627105001,238.77239
20240627110001,296.66875
20240627111001,269.64871
20240627112001,245.26949
20240627113001,232.17526
20240627114001,232.46692
20240627115001,237.39305
20240627120001,234.36178
20240627121001,236.64885
20240627122001,234.80281
20240627123001,242.04519
20240627124001,230.17066
20240627125001,231.73289
20240627130001,208.09963
20240627131001,204.61711
20240627132001,204.45929
20240627133001,198.69505
20240627134001,197.58118
20240627135001,196.0865
20240627140001,194.03898
20240627141001,194.81317
20240627142001,194.11933
20240627143001,193.8078
20240627144001,194.05129
20240627145001,194.49326
20240627150001,191.5248
20240627151001,188.09912
20240627152001,186.15886
20240627153001,184.68713
20240627154001,183.84097
20240627155001,183.57157
20240627160001,556.34745
20240627161001,697.28306
20240627162001,686.0735
20240627163001,695.47288
20240627164001,843.6927
20240627165001,955.79305
20240713090001,675.54354
20240713091001,248.82544
20240713092001,294.06862
20240713093001,206.83086
20240713094001,210.49822
20240713095001,206.18883
20240713100001,242.04523
20240713101001,195.48846
20240713102001,206.32389
20240713103001,211.58032
20240713104001,211.37395
20240713105001,239.16029
20240713110001,296.66875
20240713111001,269.64871
20240713112001,245.26949
20240713113001,232.17526
20240713114001,232.46692
20240713115001,237.39305
20240713120001,234.36178
20240713121001,236.64885
20240713122001,234.80281
20240713123001,242.04519
20240713124001,230.17066
20240713125001,231.73289
20240713130001,208.09963
20240713131001,204.61711
20240713132001,204.45929
20240713133001,198.69505
20240713134001,197.58118
20240713135001,196.0865
20240713140001,194.03898
20240713141001,194.81317
20240713142001,194.11933
20240713143001,193.8078
20240713144001,194.05129
20240713145001,194.49326
20240713150001,191.5248
20240713151001,188.09912
20240713152001,186.15886
20240713153001,184.68713
20240713154001,183.84097
20240713155001,183.57157
20240713160001,556.34745
20240713161001,697.28306
20240713162001,686.0735
20240713163001,695.47288
20240713164001,843.6927
20240713165001,955.79305
20240715090001,659.18092
20240715091001,543.12188
20240715092001,319.63196
20240715093001,201.62692
20240715094001,204.48699
20240715095001,202.43009
20240715100001,211.13364
20240715101001,197.59469
20240715102001,203.48797
20240715103001,211.67435
20240715104001,221.00615
20240715105001,233.84253
20240715110001,296.66875
20240715111001,269.64871
20240715112001,245.26949
20240715113001,232.17526
20240715114001,232.46692
20240715115001,237.39305
20240715120001,234.36178
20240715121001,236.64885
20240715122001,234.80281
20240715123001,242.04519
20240715124001,230.17066
20240715125001,231.73289
20240715130001,208.09963
20240715131001,204.61711
20240715132001,204.45929
20240715133001,198.69505
20240715134001,197.58118
20240715135001,196.0865
20240715140001,194.03898
20240715141001,194.81317
20240715142001,194.11933
20240715143001,193.8078
20240715144001,194.05129
20240715145001,194.49326
20240715150001,191.5248
20240715151001,188.09912
20240715152001,186.15886
20240715153001,184.68713
20240715154001,183.84097
20240715155001,183.57157
20240715160001,556.34745
20240715161001,697.28306
20240715162001,686.0735
20240715163001,695.47288
20240715164001,843.6927
20240715165001,955.79305
20240927090004,781.46177
20240927091004,213.70523
20240927092004,210.69388
20240927093004,203.30749
20240927094004,200.18422
20240927095004,197.38717
20240927100004,208.31833
20240927101004,192.25831
20240927102004,200.41112
20240927103004,206.34652
20240927104004,211.64883
20240927105004,240.6997
20240927110004,296.66875
20240927111004,269.64871
20240927112004,245.26949
20240927113004,232.17526
20240927114004,232.46692
20240927115004,237.39305
20240927120004,234.36178
20240927121004,236.64885
20240927122004,234.80281
20240927123004,242.04519
20240927124004,230.17066
20240927125004,231.73289
20240927130004,208.09963
20240927131004,204.61711
20240927132004,204.45929
20240927133004,198.69505
20240927134004,197.58118
20240927135004,196.0865
20240927140004,194.03898
20240927141004,194.81317
20240927142004,194.11933
20240927143004,193.8078
20240927144004,194.05129
20240927145004,194.49326
20240927150004,191.5248
20240927151004,188.09912
20240927152004,186.15886
20240927153004,184.68713
20240927154004,183.84097
20240927155004,183.57157
20240927160004,556.34745
20240927161004,697.28306
20240927162004,686.0735
20240927163004,695.47288
20240927164004,843.6927
20240927165004,955.79305
20241018090004,833.3705
20241018091004,230.18982
20241018092004,259.1308
20241018093004,269.05143
20241018094004,236.1223
20241018095004,203.11678
20241018100004,202.09434
20241018101004,207.53359
20241018102004,203.45822
20241018103004,208.47281
20241018104004,212.56849
20241018105004,239.19837
20241018110004,296.66875
20241018111004,269.64871
20241018112004,245.26949
20241018113004,232.17526
20241018114004,232.46692
20241018115004,237.39305
20241018120004,234.36178
20241018121004,236.64885
20241018122004,234.80281
20241018123004,242.04519
20241018124004,230.17066
20241018125004,231.73289
20241018130004,208.09963
20241018131004,204.61711
20241018132004,204.45929
20241018133004,198.69505
20241018134004,197.58118
20241018135004,196.0865
20241018140004,194.03898
20241018141004,194.81317
20241018142004,194.11933
20241018143004,193.8078
20241018144004,194.05129
20241018145004,194.49326
20241018150004,191.5248
20241018151004,188.09912
20241018152004,186.15886
20241018153004,184.68713
20241018154004,183.84097
20241018155004,183.57157
20241018160004,556.34745
20241018161004,697.28306
20241018162004,686.0735
20241018163004,695.47288
20241018164004,843.6927
20241018165004,955.79305
20240918090007,190.03491
20240918091007,189.75221
20240918092007,198.88405
20240918093007,191.54759
20240918094007,191.98363
20240918095007,192.39739
20240918100007,202.95583
20240918101007,203.62489
20240918102007,208.05283
20240918103007,221.25926
20240918104007,236.75006
20240918105007,265.89067
20240918110007,296.66875
20240918111007,269.64871
20240918112007,245.26949
20240918113007,232.17526
20240918114007,232.46692
20240918115007,237.39305
20240918120007,234.36178
20240918121007,236.64885
20240918122007,234.80281
20240918123007,242.04519
20240918124007,230.17066
20240918125007,231.73289
20240918130007,208.09963
20240918131007,204.61711
20240918132007,204.45929
20240918133007,198.69505
20240918134007,197.58118
20240918135007,196.0865
20240918140007,194.03898
20240918141007,194.81317
20240918142007,194.11933
20240918143007,193.8078
20240918144007,194.05129
20240918145007,194.49326
20240918150007,191.5248
20240918151007,188.09912
20240918152007,186.15886
20240918153007,184.68713
20240918154007,183.84097
20240918155007,183.57157
20240918160007,556.34745
20240918161007,697.28306
20240918162007,686.0735
20240918163007,695.47288
20240918164007,843.6927
20240918165007,955.79305
20240920090007,883.80149
20240920091007,248.99936
20240920092007,245.70243
20240920093007,226.18401
20240920094007,230.44853
20240920095007,233.50075
20240920100007,206.89207
20240920101007,205.58679
20240920102007,201.2445
20240920103007,207.65325
20240920104007,211.30287
20240920105007,235.84849
20240920110007,296.66875
20240920111007,269.64871
20240920112007,245.26949
20240920113007,232.17526
20240920114007,232.46692
20240920115007,237.39305
20240920120007,234.36178
20240920121007,236.64885
20240920122007,234.80281
20240920123007,242.04519
20240920124007,230.17066
20240920125007,231.73289
20240920130007,208.09963
20240920131007,204.61711
20240920132007,204.45929
20240920133007,198.69505
20240920134007,197.58118
20240920135007,196.0865
20240920140007,194.03898
20240920141007,194.81317
20240920142007,194.11933
20240920143007,193.8078
20240920144007,194.05129
20240920145007,194.49326
20240920150007,191.5248
20240920151007,188.09912
20240920152007,186.15886
20240920153007,184.68713
20240920154007,183.84097
20240920155007,183.57157
20240920160007,556.34745
20240920161007,697.28306
20240920162007,686.0735
20240920163007,695.47288
20240920164007,843.6927
20240920165007,955.79305
20241016090007,943.38884
20241016091007,331.67961
20241016092007,318.09857
20241016093007,251.39828
20241016094007,278.88389
20241016095007,198.61004
20241016100007,222.86424
20241016101007,200.00795
20241016102007,200.77331
20241016103007,206.40524
20241016104007,211.21973
20241016105007,233.80395
20241016110007,296.66875
20241016111007,269.64871
20241016112007,245.26949
20241016113007,232.17526
20241016114007,232.46692
20241016115007,237.39305
20241016120007,234.36178
20241016121007,236.64885
20241016122007,234.80281
20241016123007,242.04519
20241016124007,230.17066
20241016125007,231.73289
20241016130007,208.09963
20241016131007,204.61711
20241016132007,204.45929
20241016133007,198.69505
20241016134007,197.58118
20241016135007,196.0865
20241016140007,194.03898
20241016141007,194.81317
20241016142007,194.11933
20241016143007,193.8078
20241016144007,194.05129
20241016145007,194.49326
20241016150007,191.5248
20241016151007,188.09912
20241016152007,186.15886
20241016153007,184.68713
20241016154007,183.84097
20241016155007,183.57157
20241016160007,556.34745
20241016161007,697.28306
20241016162007,686.0735
20241016163007,695.47288
20241016164007,843.6927
20241016165007,955.79305
20240922090008,215.54075
20240922091008,210.61216
20240922092008,198.54322
20240922093008,198.30719
20240922094008,196.74883
20240922095008,196.62498
20240922100008,205.87601
20240922101008,206.57856
20240922102008,207.90209
20240922103008,221.00832
20240922104008,232.59787
20240922105008,253.67829
20240922110008,296.66875
20240922111008,269.64871
20240922112008,245.26949
20240922113008,232.17526
20240922114008,232.46692
20240922115008,237.39305
20240922120008,234.36178
20240922121008,236.64885
20240922122008,234.80281
20240922123008,242.04519
20240922124008,230.17066
20240922125008,231.73289
20240922130008,208.09963
20240922131008,204.61711
20240922132008,204.45929
20240922133008,198.69505
20240922134008,197.58118
20240922135008,196.0865
20240922140008,194.03898
20240922141008,194.81317
20240922142008,194.11933
20240922143008,193.8078
20240922144008,194.05129
20240922145008,194.49326
20240922150008,191.5248
20240922151008,188.09912
20240922152008,186.15886
20240922153008,184.68713
20240922154008,183.84097
20240922155008,183.57157
20240922160008,556.34745
20240922161008,697.28306
20240922162008,686.0735
20240922163008,695.47288
20240922164008,843.6927
20240922165008,955.79305
20240928090008,199.36281
20240928091008,198.31638
20240928092008,197.93318
20240928093008,194.93885
20240928094008,192.94274
20240928095008,196.45667
20240928100008,202.27215
20240928101008,207.48914
20240928102008,208.23456
20240928103008,220.64005
20240928104008,238.2582
20240928105008,265.53477
20240928110008,296.66875
20240928111008,269.64871
20240928112008,245.26949
20240928113008,232.17526
20240928114008,232.46692
20240928115008,237.39305
20240928120008,234.36178
20240928121008,236.64885
20240928122008,234.80281
20240928123008,242.04519
20240928124008,230.17066
20240928125008,231.73289
20240928130008,208.09963
20240928131008,204.61711
20240928132008,204.45929
20240928133008,198.69505
20240928134008,197.58118
20240928135008,196.0865
20240928140008,194.03898
20240928141008,194.81317
20240928142008,194.11933
20240928143008,193.8078
20240928144008,194.05129
20240928145008,194.49326
20240928150008,191.5248
20240928151008,188.09912
20240928152008,186.15886
20240928153008,184.68713
20240928154008,183.84097
20240928155008,183.57157
20240928160008,556.34745
20240928161008,697.28306
20240928162008,686.0735
20240928163008,695.47288
20240928164008,843.6927
20240928165008,955.79305
20241011090008,198.4476
20241011091008,202.25106
20241011092008,197.26337
20241011093008,195.8457
20241011094008,192.10774
20241011095008,196.14422
20241011100008,202.65807
20241011101008,206.99146
20241011102008,208.04125
20241011103008,220.47161
20241011104008,234.82253
20241011105008,259.65859
20241011110008,296.66875
20241011111008,269.64871
20241011112008,245.26949
20241011113008,232.17526
20241011114008,232.46692
20241011115008,237.39305
20241011120008,234.36178
20241011121008,236.64885
20241011122008,234.80281
20241011123008,242.04519
20241011124008,230.17066
20241011125008,231.73289
20241011130008,208.09963
20241011131008,204.61711
20241011132008,204.45929
20241011133008,198.69505
20241011134008,197.58118
20241011135008,196.0865
20241011140008,194.03898
20241011141008,194.81317
20241011142008,194.11933
20241011143008,193.8078
20241011144008,194.05129
20241011145008,194.49326
20241011150008,191.5248
20241011151008,188.09912
20241011152008,186.15886
20241011153008,184.68713
20241011154008,183.84097
20241011155008,183.57157
20241011160008,556.34745
20241011161008,697.28306
20241011162008,686.0735
20241011163008,695.47288
20241011164008,843.6927
20241011165008,955.79305
20241016090008,216.07749
20241016091008,192.09741
20241016092008,204.7942
20241016093008,191.50145
20241016094008,193.09334
20241016095008,195.48265
20241016100008,192.98046
20241016101008,196.88064
20241016102008,206.8525
20241016103008,212.30466
20241016104008,222.91247
20241016105008,239.42257
20241016110008,296.66875
20241016111008,269.64871
20241016112008,245.26949
20241016113008,232.17526
20241016114008,232.46692
20241016115008,237.39305
20241016120008,234.36178
20241016121008,236.64885
20241016122008,234.80281
20241016123008,242.04519
20241016124008,230.17066
20241016125008,231.73289
20241016130008,208.09963
20241016131008,204.61711
20241016132008,204.45929
20241016133008,198.69505
20241016134008,197.58118
20241016135008,196.0865
20241016140008,194.03898
20241016141008,194.81317
20241016142008,194.11933
20241016143008,193.8078
20241016144008,194.05129
20241016145008,194.49326
20241016150008,191.5248
20241016151008,188.09912
20241016152008,186.15886
20241016153008,184.68713
20241016154008,183.84097
20241016155008,183.57157
20241016160008,556.34745
20241016161008,697.28306
20241016162008,686.0735
20241016163008,695.47288
20241016164008,843.6927
20241016165008,955.79305
20241018090008,193.30301
20241018091008,190.59262
20241018092008,194.77808
20241018093008,191.96736
20241018094008,192.44278
20241018095008,192.3344
20241018100008,207.40272
20241018101008,197.98241
20241018102008,204.35927
20241018103008,211.55051
20241018104008,223.97119
20241018105008,236.13781
20241018110008,296.66875
20241018111008,269.64871
20241018112008,245.26949
20241018113008,232.17526
20241018114008,232.46692
20241018115008,237.39305
20241018120008,234.36178
20241018121008,236.64885
20241018122008,234.80281
20241018123008,242.04519
20241018124008,230.17066
20241018125008,231.73289
20241018130008,208.09963
20241018131008,204.61711
20241018132008,204.45929
20241018133008,198.69505
20241018134008,197.58118
20241018135008,196.0865
20241018140008,194.03898
20241018141008,194.81317
20241018142008,194.11933
20241018143008,193.8078
20241018144008,194.05129
20241018145008,194.49326
20241018150008,191.5248
20241018151008,188.09912
20241018152008,186.15886
20241018153008,184.68713
20241018154008,183.84097
20241018155008,183.57157
20241018160008,556.34745
20241018161008,697.28306
20241018162008,686.0735
20241018163008,695.47288
20241018164008,843.6927
20241018165008,955.79305
20241028090008,203.5066
20241028091008,205.45315
20241028092008,193.90365
20241028093008,196.13211
20241028094008,194.82686
20241028095008,196.56236
20241028100008,205.33781
20241028101008,203.74323
20241028102008,207.37767
20241028103008,220.85253
20241028104008,231.3441
20241028105008,253.48804
20241028110008,296.66875
20241028111008,269.64871
20241028112008,245.26949
20241028113008,232.17526
20241028114008,232.46692
20241028115008,237.39305
20241028120008,234.36178
20241028121008,236.64885
20241028122008,234.80281
20241028123008,242.04519
20241028124008,230.17066
20241028125008,231.73289
20241028130008,208.09963
20241028131008,204.61711
20241028132008,204.45929
20241028133008,198.69505
20241028134008,197.58118
20241028135008,196.0865
20241028140008,194.03898
20241028141008,194.81317
20241028142008,194.11933
20241028143008,193.8078
20241028144008,194.05129
20241028145008,194.49326
20241028150008,191.5248
20241028151008,188.09912
20241028152008,186.15886
20241028153008,184.68713
20241028154008,183.84097
20241028155008,183.57157
20241028160008,556.34745
20241028161008,697.28306
20241028162008,686.0735
20241028163008,695.47288
20241028164008,843.6927
20241028165008,955.79305
20240922090009,307.52944
20240922091009,214.66973
20240922092009,202.6462
20240922093009,201.25407
20240922094009,201.69835
20240922095009,197.54913
20240922100009,206.90284
20240922101009,204.0572
20240922102009,206.80434
20240922103009,212.12337
20240922104009,229.5243
20240922105009,244.71602
20240922110009,296.66875
20240922111009,269.64871
20240922112009,245.26949
20240922113009,232.17526
20240922114009,232.46692
20240922115009,237.39305
20240922120009,234.36178
20240922121009,236.64885
20240922122009,234.80281
20240922123009,242.04519
20240922124009,230.17066
20240922125009,231.73289
20240922130009,208.09963
20240922131009,204.61711
20240922132009,204.45929
20240922133009,198.69505
20240922134009,197.58118
20240922135009,196.0865
20240922140009,194.03898
20240922141009,194.81317
20240922142009,194.11933
20240922143009,193.8078
20240922144009,194.05129
20240922145009,194.49326
20240922150009,191.5248
20240922151009,188.09912
20240922152009,186.15886
20240922153009,184.68713
20240922154009,183.84097
20240922155009,183.57157
20240922160009,556.34745
20240922161009,697.28306
20240922162009,686.0735
20240922163009,695.47288
20240922164009,843.6927
20240922165009,955.79305
20240928090009,262.81749
20240928091009,245.66268
20240928092009,224.80697
20240928093009,204.14502
20240928094009,207.21373
20240928095009,210.61806
20240928100009,204.06535
20240928101009,203.87875
20240928102009,204.3353
20240928103009,208.18611
20240928104009,228.96242
20240928105009,252.45991
20240928110009,296.66875
20240928111009,269.64871
20240928112009,245.26949
20240928113009,232.17526
20240928114009,232.46692
20240928115009,237.39305
20240928120009,234.36178
20240928121009,236.64885
20240928122009,234.80281
20240928123009,242.04519
20240928124009,230.17066
20240928125009,231.73289
20240928130009,208.09963
20240928131009,204.61711
20240928132009,204.45929
20240928133009,198.69505
20240928134009,197.58118
20240928135009,196.0865
20240928140009,194.03898
20240928141009,194.81317
20240928142009,194.11933
20240928143009,193.8078
20240928144009,194.05129
20240928145009,194.49326
20240928150009,191.5248
20240928151009,188.09912
20240928152009,186.15886
20240928153009,184.68713
20240928154009,183.84097
20240928155009,183.57157
20240928160009,556.34745
20240928161009,697.28306
20240928162009,686.0735
20240928163009,695.47288
20240928164009,843.6927
20240928165009,955.79305
20240920090010,664.6596
20240920091010,301.64304
20240920092010,226.63316
20240920093010,194.08929
20240920094010,188.48097
20240920095010,203.33767
20240920100010,197.94345
20240920101010,200.49738
20240920102010,206.20598
20240920103010,221.43236
20240920104010,211.79418
20240920105010,241.78002
20240920110010,296.66875
20240920111010,269.64871
20240920112010,245.26949
20240920113010,232.17526
20240920114010,232.46692
20240920115010,237.39305
20240920120010,234.36178
20240920121010,236.64885
20240920122010,234.80281
20240920123010,242.04519
20240920124010,230.17066
20240920125010,231.73289
20240920130010,208.09963
20240920131010,204.61711
20240920132010,204.45929
20240920133010,198.69505
20240920134010,197.58118
20240920135010,196.0865
20240920140010,194.03898
20240920141010,194.81317
20240920142010,194.11933
20240920143010,193.8078
20240920144010,194.05129
20240920145010,194.49326
20240920150010,191.5248
20240920151010,188.09912
20240920152010,186.15886
20240920153010,184.68713
20240920154010,183.84097
20240920155010,183.57157
20240920160010,556.34745
20240920161010,697.28306
20240920162010,686.0735
20240920163010,695.47288
20240920164010,843.6927
20240920165010,955.79305
20240928090010,342.91469
20240928091010,215.17492
20240928092010,210.32529
20240928093010,202.47423
20240928094010,202.26529
20240928095010,238.45518
20240928100010,208.1331
20240928101010,203.14167
20240928102010,210.90628
20240928103010,223.40058
20240928104010,222.86402
20240928105010,250.46345
20240928110010,296.66875
20240928111010,269.64871
20240928112010,245.26949
20240928113010,232.17526
20240928114010,232.46692
20240928115010,237.39305
20240928120010,234.36178
20240928121010,236.64885
20240928122010,234.80281
20240928123010,242.04519
20240928124010,230.17066
20240928125010,231.73289
20240928130010,208.09963
20240928131010,204.61711
20240928132010,204.45929
20240928133010,198.69505
20240928134010,197.58118
20240928135010,196.0865
20240928140010,194.03898
20240928141010,194.81317
20240928142010,194.11933
20240928143010,193.8078
20240928144010,194.05129
20240928145010,194.49326
20240928150010,191.5248
20240928151010,188.09912
20240928152010,186.15886
20240928153010,184.68713
20240928154010,183.84097
20240928155010,183.57157
20240928160010,556.34745
20240928161010,697.28306
20240928162010,686.0735
20240928163010,695.47288
20240928164010,843.6927
20240928165010,955.79305
20240919090012,193.72023
20240919091012,190.08421
20240919092012,192.59652
20240919093012,191.65797
20240919094012,191.7241
20240919095012,191.69827
20240919100012,193.45815
20240919101012,195.96759
20240919102012,205.80018
20240919103012,211.22308
20240919104012,227.06308
20240919105012,241.26975
20240919110012,296.66875
20240919111012,269.64871
20240919112012,245.26949
20240919113012,232.17526
20240919114012,232.46692
20240919115012,237.39305
20240919120012,234.36178
20240919121012,236.64885
20240919122012,234.80281
20240919123012,242.04519
20240919124012,230.17066
20240919125012,231.73289
20240919130012,208.09963
20240919131012,204.61711
20240919132012,204.45929
20240919133012,198.69505
20240919134012,197.58118
20240919135012,196.0865
20240919140012,194.03898
20240919141012,194.81317
20240919142012,194.11933
20240919143012,193.8078
20240919144012,194.05129
20240919145012,194.49326
20240919150012,191.5248
20240919151012,188.09912
20240919152012,186.15886
20240919153012,184.68713
20240919154012,183.84097
20240919155012,183.57157
20240919160012,556.34745
20240919161012,697.28306
20240919162012,686.0735
20240919163012,695.47288
20240919164012,843.6927
20240919165012,955.79305
20240923090012,194.72644
20240923091012,192.92337
20240923092012,197.92879
20240923093012,192.27788
20240923094012,191.91518
20240923095012,196.08795
20240923100012,202.25393
20240923101012,207.09244
20240923102012,209.16493
20240923103012,212.17469
20240923104012,234.49897
20240923105012,265.89067
20240923110012,296.66875
20240923111012,269.64871
20240923112012,245.26949
20240923113012,232.17526
20240923114012,232.46692
20240923115012,237.39305
20240923120012,234.36178
20240923121012,236.64885
20240923122012,234.80281
20240923123012,242.04519
20240923124012,230.17066
20240923125012,231.73289
20240923130012,208.09963
20240923131012,204.61711
20240923132012,204.45929
20240923133012,198.69505
20240923134012,197.58118
20240923135012,196.0865
20240923140012,194.03898
20240923141012,194.81317
20240923142012,194.11933
20240923143012,193.8078
20240923144012,194.05129
20240923145012,194.49326
20240923150012,191.5248
20240923151012,188.09912
20240923152012,186.15886
20240923153012,184.68713
20240923154012,183.84097
20240923155012,183.57157
20240923160012,556.34745
20240923161012,697.28306
20240923162012,686.0735
20240923163012,695.47288
20240923164012,843.6927
20240923165012,955.79305
20241002090012,195.70983
20241002091012,196.40119
20241002092012,199.05072
20241002093012,196.78536
20241002094012,192.60946
20241002095012,196.70352
20241002100012,204.5126
20241002101012,206.35941
20241002102012,207.33246
20241002103012,221.06412
20241002104012,239.33833
20241002105012,258.71175
20241002110012,296.66875
20241002111012,269.64871
20241002112012,245.26949
20241002113012,232.17526
20241002114012,232.46692
20241002115012,237.39305
20241002120012,234.36178
20241002121012,236.64885
20241002122012,234.80281
20241002123012,242.04519
20241002124012,230.17066
20241002125012,231.73289
20241002130012,208.09963
20241002131012,204.61711
20241002132012,204.45929
20241002133012,198.69505
20241002134012,197.58118
20241002135012,196.0865
20241002140012,194.03898
20241002141012,194.81317
20241002142012,194.11933
20241002143012,193.8078
20241002144012,194.05129
20241002145012,194.49326
20241002150012,191.5248
20241002151012,188.09912
20241002152012,186.15886
20241002153012,184.68713
20241002154012,183.84097
20241002155012,183.57157
20241002160012,556.34745
20241002161012,697.28306
20241002162012,686.0735
20241002163012,695.47288
20241002164012,843.6927
20241002165012,955.79305
