序號,答案
20240117090001,221.10879
20240117091001,234.40308
20240117092001,240.1831
20240117093001,326.93502
20240117094001,317.08197
20240117095001,330.42151
20240117100001,459.4006
20240117101001,561.91932
20240117102001,535.5155
20240117103001,541.77444
20240117104001,516.13837
20240117105001,512.45507
20240117110001,441.92966
20240117111001,338.82062
20240117112001,303.30648
20240117113001,315.36838
20240117114001,310.53277
20240117115001,306.42828
20240117120001,288.93107
20240117121001,284.29539
20240117122001,278.13399
20240117123001,281.2635
20240117124001,258.95974
20240117125001,247.12833
20240117130001,245.51111
20240117131001,242.33818
20240117132001,239.26404
20240117133001,230.19293
20240117134001,236.14525
20240117135001,241.73287
20240117140001,227.82167
20240117141001,215.97679
20240117142001,210.54154
20240117143001,214.06279
20240117144001,225.92288
20240117145001,234.17626
20240117150001,230.74564
20240117151001,226.18523
20240117152001,219.73381
20240117153001,208.0019
20240117154001,207.80827
20240117155001,201.56586
20240117160001,347.35057
20240117161001,457.13445
20240117162001,504.24224
20240117163001,475.11488
20240117164001,505.32995
20240117165001,655.26543
20240119090001,238.27747
20240119091001,220.88267
20240119092001,207.43906
20240119093001,231.26471
20240119094001,247.43381
20240119095001,432.71656
20240119100001,681.1502
20240119101001,594.59849
20240119102001,550.69973
20240119103001,528.03308
20240119104001,519.27556
20240119105001,524.50855
20240119110001,441.92966
20240119111001,338.82062
20240119112001,303.30648
20240119113001,315.36838
20240119114001,310.53277
20240119115001,306.42828
20240119120001,288.93107
20240119121001,284.29539
20240119122001,278.13399
20240119123001,281.2635
20240119124001,258.95974
20240119125001,247.12833
20240119130001,245.51111
20240119131001,242.33818
20240119132001,239.26404
20240119133001,230.19293
20240119134001,236.14525
20240119135001,241.73287
20240119140001,227.82167
20240119141001,215.97679
20240119142001,210.54154
20240119143001,214.06279
20240119144001,225.92288
20240119145001,234.17626
20240119150001,230.74564
20240119151001,226.18523
20240119152001,219.73381
20240119153001,208.0019
20240119154001,207.80827
20240119155001,201.56586
20240119160001,347.35057
20240119161001,457.13445
20240119162001,504.24224
20240119163001,475.11488
20240119164001,505.32995
20240119165001,655.26543
20240224090001,213.07145
20240224091001,233.82678
20240224092001,242.28585
20240224093001,289.74327
20240224094001,281.51636
20240224095001,302.27737
20240224100001,393.06514
20240224101001,562.41473
20240224102001,542.61097
20240224103001,560.86552
20240224104001,515.36533
20240224105001,494.33478
20240224110001,441.92966
20240224111001,338.82062
20240224112001,303.30648
20240224113001,315.36838
20240224114001,310.53277
20240224115001,306.42828
20240224120001,288.93107
20240224121001,284.29539
20240224122001,278.13399
20240224123001,281.2635
20240224124001,258.95974
20240224125001,247.12833
20240224130001,245.51111
20240224131001,242.33818
20240224132001,239.26404
20240224133001,230.19293
20240224134001,236.14525
20240224135001,241.73287
20240224140001,227.82167
20240224141001,215.97679
20240224142001,210.54154
20240224143001,214.06279
20240224144001,225.92288
20240224145001,234.17626
20240224150001,230.74564
20240224151001,226.18523
20240224152001,219.73381
20240224153001,208.0019
20240224154001,207.80827
20240224155001,201.56586
20240224160001,347.35057
20240224161001,457.13445
20240224162001,504.24224
20240224163001,475.11488
20240224164001,505.32995
20240224165001,655.26543
20240226090001,201.95207
20240226091001,222.19631
20240226092001,238.1552
20240226093001,289.32854
20240226094001,326.32954
20240226095001,342.73747
20240226100001,390.03194
20240226101001,537.77891
20240226102001,534.17516
20240226103001,555.68527
20240226104001,520.13529
20240226105001,479.69386
20240226110001,441.92966
20240226111001,338.82062
20240226112001,303.30648
20240226113001,315.36838
20240226114001,310.53277
20240226115001,306.42828
20240226120001,288.93107
20240226121001,284.29539
20240226122001,278.13399
20240226123001,281.2635
20240226124001,258.95974
20240226125001,247.12833
20240226130001,245.51111
20240226131001,242.33818
20240226132001,239.26404
20240226133001,230.19293
20240226134001,236.14525
20240226135001,241.73287
20240226140001,227.82167
20240226141001,215.97679
20240226142001,210.54154
20240226143001,214.06279
20240226144001,225.92288
20240226145001,234.17626
20240226150001,230.74564
20240226151001,226.18523
20240226152001,219.73381
20240226153001,208.0019
20240226154001,207.80827
20240226155001,201.56586
20240226160001,347.35057
20240226161001,457.13445
20240226162001,504.24224
20240226163001,475.11488
20240226164001,505.32995
20240226165001,655.26543
20240327090001,252.91433
20240327091001,235.035
20240327092001,240.73537
20240327093001,271.27186
20240327094001,246.92195
20240327095001,302.68923
20240327100001,552.75902
20240327101001,613.68759
20240327102001,534.16526
20240327103001,534.41143
20240327104001,516.79478
20240327105001,514.36263
20240327110001,441.92966
20240327111001,338.82062
20240327112001,303.30648
20240327113001,315.36838
20240327114001,310.53277
20240327115001,306.42828
20240327120001,288.93107
20240327121001,284.29539
20240327122001,278.13399
20240327123001,281.2635
20240327124001,258.95974
20240327125001,247.12833
20240327130001,245.51111
20240327131001,242.33818
20240327132001,239.26404
20240327133001,230.19293
20240327134001,236.14525
20240327135001,241.73287
20240327140001,227.82167
20240327141001,215.97679
20240327142001,210.54154
20240327143001,214.06279
20240327144001,225.92288
20240327145001,234.17626
20240327150001,230.74564
20240327151001,226.18523
20240327152001,219.73381
20240327153001,208.0019
20240327154001,207.80827
20240327155001,201.56586
20240327160001,347.35057
20240327161001,457.13445
20240327162001,504.24224
20240327163001,475.11488
20240327164001,505.32995
20240327165001,655.26543
20240329090001,193.90197
20240329091001,221.17178
20240329092001,241.56245
20240329093001,290.03235
20240329094001,280.20924
20240329095001,293.19421
20240329100001,460.83025
20240329101001,609.33438
20240329102001,535.34183
20240329103001,530.48431
20240329104001,521.25372
20240329105001,516.10579
20240329110001,441.92966
20240329111001,338.82062
20240329112001,303.30648
20240329113001,315.36838
20240329114001,310.53277
20240329115001,306.42828
20240329120001,288.93107
20240329121001,284.29539
20240329122001,278.13399
20240329123001,281.2635
20240329124001,258.95974
20240329125001,247.12833
20240329130001,245.51111
20240329131001,242.33818
20240329132001,239.26404
20240329133001,230.19293
20240329134001,236.14525
20240329135001,241.73287
20240329140001,227.82167
20240329141001,215.97679
20240329142001,210.54154
20240329143001,214.06279
20240329144001,225.92288
20240329145001,234.17626
20240329150001,230.74564
20240329151001,226.18523
20240329152001,219.73381
20240329153001,208.0019
20240329154001,207.80827
20240329155001,201.56586
20240329160001,347.35057
20240329161001,457.13445
20240329162001,504.24224
20240329163001,475.11488
20240329164001,505.32995
20240329165001,655.26543
20240428090001,342.62147
20240428091001,250.45799
20240428092001,241.48832
20240428093001,275.72936
20240428094001,250.69067
20240428095001,324.05022
20240428100001,459.99529
20240428101001,611.5397
20240428102001,536.36869
20240428103001,534.35517
20240428104001,511.29456
20240428105001,514.86955
20240428110001,441.92966
20240428111001,338.82062
20240428112001,303.30648
20240428113001,315.36838
20240428114001,310.53277
20240428115001,306.42828
20240428120001,288.93107
20240428121001,284.29539
20240428122001,278.13399
20240428123001,281.2635
20240428124001,258.95974
20240428125001,247.12833
20240428130001,245.51111
20240428131001,242.33818
20240428132001,239.26404
20240428133001,230.19293
20240428134001,236.14525
20240428135001,241.73287
20240428140001,227.82167
20240428141001,215.97679
20240428142001,210.54154
20240428143001,214.06279
20240428144001,225.92288
20240428145001,234.17626
20240428150001,230.74564
20240428151001,226.18523
20240428152001,219.73381
20240428153001,208.0019
20240428154001,207.80827
20240428155001,201.56586
20240428160001,347.35057
20240428161001,457.13445
20240428162001,504.24224
20240428163001,475.11488
20240428164001,505.32995
20240428165001,655.26543
20240430090001,753.61795
20240430091001,259.13419
20240430092001,378.35969
20240430093001,319.38265
20240430094001,412.43115
20240430095001,455.09887
20240430100001,531.92003
20240430101001,512.6794
20240430102001,459.31548
20240430103001,465.45685
20240430104001,534.24646
20240430105001,538.46807
20240430110001,441.92966
20240430111001,338.82062
20240430112001,303.30648
20240430113001,315.36838
20240430114001,310.53277
20240430115001,306.42828
20240430120001,288.93107
20240430121001,284.29539
20240430122001,278.13399
20240430123001,281.2635
20240430124001,258.95974
20240430125001,247.12833
20240430130001,245.51111
20240430131001,242.33818
20240430132001,239.26404
20240430133001,230.19293
20240430134001,236.14525
20240430135001,241.73287
20240430140001,227.82167
20240430141001,215.97679
20240430142001,210.54154
20240430143001,214.06279
20240430144001,225.92288
20240430145001,234.17626
20240430150001,230.74564
20240430151001,226.18523
20240430152001,219.73381
20240430153001,208.0019
20240430154001,207.80827
20240430155001,201.56586
20240430160001,347.35057
20240430161001,457.13445
20240430162001,504.24224
20240430163001,475.11488
20240430164001,505.32995
20240430165001,655.26543
20240515090001,799.52783
20240515091001,340.59179
20240515092001,388.97928
20240515093001,308.45133
20240515094001,374.98506
20240515095001,328.96094
20240515100001,541.92795
20240515101001,519.2095
20240515102001,438.56901
20240515103001,484.69498
20240515104001,531.07217
20240515105001,535.31487
20240515110001,441.92966
20240515111001,338.82062
20240515112001,303.30648
20240515113001,315.36838
20240515114001,310.53277
20240515115001,306.42828
20240515120001,288.93107
20240515121001,284.29539
20240515122001,278.13399
20240515123001,281.2635
20240515124001,258.95974
20240515125001,247.12833
20240515130001,245.51111
20240515131001,242.33818
20240515132001,239.26404
20240515133001,230.19293
20240515134001,236.14525
20240515135001,241.73287
20240515140001,227.82167
20240515141001,215.97679
20240515142001,210.54154
20240515143001,214.06279
20240515144001,225.92288
20240515145001,234.17626
20240515150001,230.74564
20240515151001,226.18523
20240515152001,219.73381
20240515153001,208.0019
20240515154001,207.80827
20240515155001,201.56586
20240515160001,347.35057
20240515161001,457.13445
20240515162001,504.24224
20240515163001,475.11488
20240515164001,505.32995
20240515165001,655.26543
20240520090001,423.13789
20240520091001,224.39279
20240520092001,244.08223
20240520093001,240.78886
20240520094001,232.24709
20240520095001,383.36955
20240520100001,636.62214
20240520101001,643.97803
20240520102001,545.20145
20240520103001,530.75321
20240520104001,500.4423
20240520105001,517.34353
20240520110001,441.92966
20240520111001,338.82062
20240520112001,303.30648
20240520113001,315.36838
20240520114001,310.53277
20240520115001,306.42828
20240520120001,288.93107
20240520121001,284.29539
20240520122001,278.13399
20240520123001,281.2635
20240520124001,258.95974
20240520125001,247.12833
20240520130001,245.51111
20240520131001,242.33818
20240520132001,239.26404
20240520133001,230.19293
20240520134001,236.14525
20240520135001,241.73287
20240520140001,227.82167
20240520141001,215.97679
20240520142001,210.54154
20240520143001,214.06279
20240520144001,225.92288
20240520145001,234.17626
20240520150001,230.74564
20240520151001,226.18523
20240520152001,219.73381
20240520153001,208.0019
20240520154001,207.80827
20240520155001,201.56586
20240520160001,347.35057
20240520161001,457.13445
20240520162001,504.24224
20240520163001,475.11488
20240520164001,505.32995
20240520165001,655.26543
20240613090001,208.64062
20240613091001,209.55073
20240613092001,223.03656
20240613093001,242.32231
20240613094001,241.57644
20240613095001,272.3375
20240613100001,409.33202
20240613101001,642.98061
20240613102001,533.90203
20240613103001,534.0867
20240613104001,521.34622
20240613105001,520.7451
20240613110001,441.92966
20240613111001,338.82062
20240613112001,303.30648
20240613113001,315.36838
20240613114001,310.53277
20240613115001,306.42828
20240613120001,288.93107
20240613121001,284.29539
20240613122001,278.13399
20240613123001,281.2635
20240613124001,258.95974
20240613125001,247.12833
20240613130001,245.51111
20240613131001,242.33818
20240613132001,239.26404
20240613133001,230.19293
20240613134001,236.14525
20240613135001,241.73287
20240613140001,227.82167
20240613141001,215.97679
20240613142001,210.54154
20240613143001,214.06279
20240613144001,225.92288
20240613145001,234.17626
20240613150001,230.74564
20240613151001,226.18523
20240613152001,219.73381
20240613153001,208.0019
20240613154001,207.80827
20240613155001,201.56586
20240613160001,347.35057
20240613161001,457.13445
20240613162001,504.24224
20240613163001,475.11488
20240613164001,505.32995
20240613165001,655.26543
20240615090001,645.02492
20240615091001,229.97093
20240615092001,342.17174
20240615093001,353.35878
20240615094001,472.23194
20240615095001,431.52762
20240615100001,585.86552
20240615101001,504.49205
20240615102001,396.52412
20240615103001,450.27558
20240615104001,543.31277
20240615105001,570.88638
20240615110001,441.92966
20240615111001,338.82062
20240615112001,303.30648
20240615113001,315.36838
20240615114001,310.53277
20240615115001,306.42828
20240615120001,288.93107
20240615121001,284.29539
20240615122001,278.13399
20240615123001,281.2635
20240615124001,258.95974
20240615125001,247.12833
20240615130001,245.51111
20240615131001,242.33818
20240615132001,239.26404
20240615133001,230.19293
20240615134001,236.14525
20240615135001,241.73287
20240615140001,227.82167
20240615141001,215.97679
20240615142001,210.54154
20240615143001,214.06279
20240615144001,225.92288
20240615145001,234.17626
20240615150001,230.74564
20240615151001,226.18523
20240615152001,219.73381
20240615153001,208.0019
20240615154001,207.80827
20240615155001,201.56586
20240615160001,347.35057
20240615161001,457.13445
20240615162001,504.24224
20240615163001,475.11488
20240615164001,505.32995
20240615165001,655.26543
20240703090001,596.61282
20240703091001,227.38864
20240703092001,280.25684
20240703093001,454.74326
20240703094001,562.04796
20240703095001,557.47167
20240703100001,552.21451
20240703101001,440.2527
20240703102001,440.00032
20240703103001,457.80091
20240703104001,565.15654
20240703105001,594.0941
20240703110001,441.92966
20240703111001,338.82062
20240703112001,303.30648
20240703113001,315.36838
20240703114001,310.53277
20240703115001,306.42828
20240703120001,288.93107
20240703121001,284.29539
20240703122001,278.13399
20240703123001,281.2635
20240703124001,258.95974
20240703125001,247.12833
20240703130001,245.51111
20240703131001,242.33818
20240703132001,239.26404
20240703133001,230.19293
20240703134001,236.14525
20240703135001,241.73287
20240703140001,227.82167
20240703141001,215.97679
20240703142001,210.54154
20240703143001,214.06279
20240703144001,225.92288
20240703145001,234.17626
20240703150001,230.74564
20240703151001,226.18523
20240703152001,219.73381
20240703153001,208.0019
20240703154001,207.80827
20240703155001,201.56586
20240703160001,347.35057
20240703161001,457.13445
20240703162001,504.24224
20240703163001,475.11488
20240703164001,505.32995
20240703165001,655.26543
20240707090001,627.29479
20240707091001,215.24938
20240707092001,327.9222
20240707093001,425.36574
20240707094001,553.11456
20240707095001,510.79727
20240707100001,531.97621
20240707101001,453.82286
20240707102001,395.11818
20240707103001,429.32073
20240707104001,560.89191
20240707105001,604.32034
20240707110001,441.92966
20240707111001,338.82062
20240707112001,303.30648
20240707113001,315.36838
20240707114001,310.53277
20240707115001,306.42828
20240707120001,288.93107
20240707121001,284.29539
20240707122001,278.13399
20240707123001,281.2635
20240707124001,258.95974
20240707125001,247.12833
20240707130001,245.51111
20240707131001,242.33818
20240707132001,239.26404
20240707133001,230.19293
20240707134001,236.14525
20240707135001,241.73287
20240707140001,227.82167
20240707141001,215.97679
20240707142001,210.54154
20240707143001,214.06279
20240707144001,225.92288
20240707145001,234.17626
20240707150001,230.74564
20240707151001,226.18523
20240707152001,219.73381
20240707153001,208.0019
20240707154001,207.80827
20240707155001,201.56586
20240707160001,347.35057
20240707161001,457.13445
20240707162001,504.24224
20240707163001,475.11488
20240707164001,505.32995
20240707165001,655.26543
20240125090002,188.51608
20240125091002,211.02562
20240125092002,230.06102
20240125093002,237.78602
20240125094002,239.22847
20240125095002,302.40911
20240125100002,468.96721
20240125101002,556.73519
20240125102002,528.36537
20240125103002,562.25602
20240125104002,528.29329
20240125105002,500.06963
20240125110002,441.92966
20240125111002,338.82062
20240125112002,303.30648
20240125113002,315.36838
20240125114002,310.53277
20240125115002,306.42828
20240125120002,288.93107
20240125121002,284.29539
20240125122002,278.13399
20240125123002,281.2635
20240125124002,258.95974
20240125125002,247.12833
20240125130002,245.51111
20240125131002,242.33818
20240125132002,239.26404
20240125133002,230.19293
20240125134002,236.14525
20240125135002,241.73287
20240125140002,227.82167
20240125141002,215.97679
20240125142002,210.54154
20240125143002,214.06279
20240125144002,225.92288
20240125145002,234.17626
20240125150002,230.74564
20240125151002,226.18523
20240125152002,219.73381
20240125153002,208.0019
20240125154002,207.80827
20240125155002,201.56586
20240125160002,347.35057
20240125161002,457.13445
20240125162002,504.24224
20240125163002,475.11488
20240125164002,505.32995
20240125165002,655.26543
20240128090002,186.49237
20240128091002,205.21634
20240128092002,227.27274
20240128093002,250.55132
20240128094002,316.94271
20240128095002,317.72115
20240128100002,331.10554
20240128101002,527.04858
20240128102002,529.41707
20240128103002,559.63771
20240128104002,525.75286
20240128105002,479.8382
20240128110002,441.92966
20240128111002,338.82062
20240128112002,303.30648
20240128113002,315.36838
20240128114002,310.53277
20240128115002,306.42828
20240128120002,288.93107
20240128121002,284.29539
20240128122002,278.13399
20240128123002,281.2635
20240128124002,258.95974
20240128125002,247.12833
20240128130002,245.51111
20240128131002,242.33818
20240128132002,239.26404
20240128133002,230.19293
20240128134002,236.14525
20240128135002,241.73287
20240128140002,227.82167
20240128141002,215.97679
20240128142002,210.54154
20240128143002,214.06279
20240128144002,225.92288
20240128145002,234.17626
20240128150002,230.74564
20240128151002,226.18523
20240128152002,219.73381
20240128153002,208.0019
20240128154002,207.80827
20240128155002,201.56586
20240128160002,347.35057
20240128161002,457.13445
20240128162002,504.24224
20240128163002,475.11488
20240128164002,505.32995
20240128165002,655.26543
20240213090002,722.243
20240213091002,332.52983
20240213092002,255.2979
20240213093002,391.90992
20240213094002,457.56814
20240213095002,556.91216
20240213100002,677.11001
20240213101002,559.04429
20240213102002,535.62957
20240213103002,475.25668
20240213104002,525.86223
20240213105002,538.80421
20240213110002,441.92966
20240213111002,338.82062
20240213112002,303.30648
20240213113002,315.36838
20240213114002,310.53277
20240213115002,306.42828
20240213120002,288.93107
20240213121002,284.29539
20240213122002,278.13399
20240213123002,281.2635
20240213124002,258.95974
20240213125002,247.12833
20240213130002,245.51111
20240213131002,242.33818
20240213132002,239.26404
20240213133002,230.19293
20240213134002,236.14525
20240213135002,241.73287
20240213140002,227.82167
20240213141002,215.97679
20240213142002,210.54154
20240213143002,214.06279
20240213144002,225.92288
20240213145002,234.17626
20240213150002,230.74564
20240213151002,226.18523
20240213152002,219.73381
20240213153002,208.0019
20240213154002,207.80827
20240213155002,201.56586
20240213160002,347.35057
20240213161002,457.13445
20240213162002,504.24224
20240213163002,475.11488
20240213164002,505.32995
20240213165002,655.26543
20240226090002,196.39672
20240226091002,227.32954
20240226092002,230.60462
20240226093002,240.53066
20240226094002,272.00296
20240226095002,321.06572
20240226100002,494.5369
20240226101002,562.06192
20240226102002,532.94659
20240226103002,560.86552
20240226104002,527.12595
20240226105002,501.43501
20240226110002,441.92966
20240226111002,338.82062
20240226112002,303.30648
20240226113002,315.36838
20240226114002,310.53277
20240226115002,306.42828
20240226120002,288.93107
20240226121002,284.29539
20240226122002,278.13399
20240226123002,281.2635
20240226124002,258.95974
20240226125002,247.12833
20240226130002,245.51111
20240226131002,242.33818
20240226132002,239.26404
20240226133002,230.19293
20240226134002,236.14525
20240226135002,241.73287
20240226140002,227.82167
20240226141002,215.97679
20240226142002,210.54154
20240226143002,214.06279
20240226144002,225.92288
20240226145002,234.17626
20240226150002,230.74564
20240226151002,226.18523
20240226152002,219.73381
20240226153002,208.0019
20240226154002,207.80827
20240226155002,201.56586
20240226160002,347.35057
20240226161002,457.13445
20240226162002,504.24224
20240226163002,475.11488
20240226164002,505.32995
20240226165002,655.26543
20240319090002,186.48837
20240319091002,210.24348
20240319092002,229.1364
20240319093002,275.51298
20240319094002,328.72679
20240319095002,302.57136
20240319100002,370.79212
20240319101002,562.27839
20240319102002,534.55139
20240319103002,537.71343
20240319104002,526.70531
20240319105002,508.89856
20240319110002,441.92966
20240319111002,338.82062
20240319112002,303.30648
20240319113002,315.36838
20240319114002,310.53277
20240319115002,306.42828
20240319120002,288.93107
20240319121002,284.29539
20240319122002,278.13399
20240319123002,281.2635
20240319124002,258.95974
20240319125002,247.12833
20240319130002,245.51111
20240319131002,242.33818
20240319132002,239.26404
20240319133002,230.19293
20240319134002,236.14525
20240319135002,241.73287
20240319140002,227.82167
20240319141002,215.97679
20240319142002,210.54154
20240319143002,214.06279
20240319144002,225.92288
20240319145002,234.17626
20240319150002,230.74564
20240319151002,226.18523
20240319152002,219.73381
20240319153002,208.0019
20240319154002,207.80827
20240319155002,201.56586
20240319160002,347.35057
20240319161002,457.13445
20240319162002,504.24224
20240319163002,475.11488
20240319164002,505.32995
20240319165002,655.26543
20240427090002,250.88076
20240427091002,249.5457
20240427092002,234.9191
20240427093002,272.88351
20240427094002,275.81442
20240427095002,294.53575
20240427100002,507.51246
20240427101002,635.8187
20240427102002,536.43146
20240427103002,536.1059
20240427104002,514.30869
20240427105002,515.41627
20240427110002,441.92966
20240427111002,338.82062
20240427112002,303.30648
20240427113002,315.36838
20240427114002,310.53277
20240427115002,306.42828
20240427120002,288.93107
20240427121002,284.29539
20240427122002,278.13399
20240427123002,281.2635
20240427124002,258.95974
20240427125002,247.12833
20240427130002,245.51111
20240427131002,242.33818
20240427132002,239.26404
20240427133002,230.19293
20240427134002,236.14525
20240427135002,241.73287
20240427140002,227.82167
20240427141002,215.97679
20240427142002,210.54154
20240427143002,214.06279
20240427144002,225.92288
20240427145002,234.17626
20240427150002,230.74564
20240427151002,226.18523
20240427152002,219.73381
20240427153002,208.0019
20240427154002,207.80827
20240427155002,201.56586
20240427160002,347.35057
20240427161002,457.13445
20240427162002,504.24224
20240427163002,475.11488
20240427164002,505.32995
20240427165002,655.26543
20240508090002,296.02883
20240508091002,232.82292
20240508092002,232.75412
20240508093002,243.30549
20240508094002,263.67761
20240508095002,369.22585
20240508100002,499.93734
20240508101002,636.23819
20240508102002,541.12967
20240508103002,534.73047
20240508104002,512.51229
20240508105002,515.64642
20240508110002,441.92966
20240508111002,338.82062
20240508112002,303.30648
20240508113002,315.36838
20240508114002,310.53277
20240508115002,306.42828
20240508120002,288.93107
20240508121002,284.29539
20240508122002,278.13399
20240508123002,281.2635
20240508124002,258.95974
20240508125002,247.12833
20240508130002,245.51111
20240508131002,242.33818
20240508132002,239.26404
20240508133002,230.19293
20240508134002,236.14525
20240508135002,241.73287
20240508140002,227.82167
20240508141002,215.97679
20240508142002,210.54154
20240508143002,214.06279
20240508144002,225.92288
20240508145002,234.17626
20240508150002,230.74564
20240508151002,226.18523
20240508152002,219.73381
20240508153002,208.0019
20240508154002,207.80827
20240508155002,201.56586
20240508160002,347.35057
20240508161002,457.13445
20240508162002,504.24224
20240508163002,475.11488
20240508164002,505.32995
20240508165002,655.26543
20240705090002,476.62317
20240705091002,200.02134
20240705092002,248.5948
20240705093002,474.33648
20240705094002,558.35845
20240705095002,525.42604
20240705100002,576.67937
20240705101002,432.36292
20240705102002,438.46268
20240705103002,436.1041
20240705104002,569.59185
20240705105002,604.53065
20240705110002,441.92966
20240705111002,338.82062
20240705112002,303.30648
20240705113002,315.36838
20240705114002,310.53277
20240705115002,306.42828
20240705120002,288.93107
20240705121002,284.29539
20240705122002,278.13399
20240705123002,281.2635
20240705124002,258.95974
20240705125002,247.12833
20240705130002,245.51111
20240705131002,242.33818
20240705132002,239.26404
20240705133002,230.19293
20240705134002,236.14525
20240705135002,241.73287
20240705140002,227.82167
20240705141002,215.97679
20240705142002,210.54154
20240705143002,214.06279
20240705144002,225.92288
20240705145002,234.17626
20240705150002,230.74564
20240705151002,226.18523
20240705152002,219.73381
20240705153002,208.0019
20240705154002,207.80827
20240705155002,201.56586
20240705160002,347.35057
20240705161002,457.13445
20240705162002,504.24224
20240705163002,475.11488
20240705164002,505.32995
20240705165002,655.26543
20240707090002,488.43294
20240707091002,200.86183
20240707092002,245.49343
20240707093002,431.1438
20240707094002,525.15324
20240707095002,509.59914
20240707100002,642.52348
20240707101002,458.71281
20240707102002,439.94566
20240707103002,454.77657
20240707104002,569.34739
20240707105002,594.84352
20240707110002,441.92966
20240707111002,338.82062
20240707112002,303.30648
20240707113002,315.36838
20240707114002,310.53277
20240707115002,306.42828
20240707120002,288.93107
20240707121002,284.29539
20240707122002,278.13399
20240707123002,281.2635
20240707124002,258.95974
20240707125002,247.12833
20240707130002,245.51111
20240707131002,242.33818
20240707132002,239.26404
20240707133002,230.19293
20240707134002,236.14525
20240707135002,241.73287
20240707140002,227.82167
20240707141002,215.97679
20240707142002,210.54154
20240707143002,214.06279
20240707144002,225.92288
20240707145002,234.17626
20240707150002,230.74564
20240707151002,226.18523
20240707152002,219.73381
20240707153002,208.0019
20240707154002,207.80827
20240707155002,201.56586
20240707160002,347.35057
20240707161002,457.13445
20240707162002,504.24224
20240707163002,475.11488
20240707164002,505.32995
20240707165002,655.26543
20240317090003,694.14035
20240317091003,208.09601
20240317092003,245.57921
20240317093003,352.3475
20240317094003,375.35919
20240317095003,457.77903
20240317100003,736.42088
20240317101003,661.14965
20240317102003,545.42541
20240317103003,531.9099
20240317104003,466.24649
20240317105003,515.33216
20240317110003,441.92966
20240317111003,338.82062
20240317112003,303.30648
20240317113003,315.36838
20240317114003,310.53277
20240317115003,306.42828
20240317120003,288.93107
20240317121003,284.29539
20240317122003,278.13399
20240317123003,281.2635
20240317124003,258.95974
20240317125003,247.12833
20240317130003,245.51111
20240317131003,242.33818
20240317132003,239.26404
20240317133003,230.19293
20240317134003,236.14525
20240317135003,241.73287
20240317140003,227.82167
20240317141003,215.97679
20240317142003,210.54154
20240317143003,214.06279
20240317144003,225.92288
20240317145003,234.17626
20240317150003,230.74564
20240317151003,226.18523
20240317152003,219.73381
20240317153003,208.0019
20240317154003,207.80827
20240317155003,201.56586
20240317160003,347.35057
20240317161003,457.13445
20240317162003,504.24224
20240317163003,475.11488
20240317164003,505.32995
20240317165003,655.26543
20240414090003,836.36067
20240414091003,304.83967
20240414092003,382.69172
20240414093003,301.20376
20240414094003,371.01559
20240414095003,370.89782
20240414100003,594.24838
20240414101003,513.0479
20240414102003,463.7138
20240414103003,519.12187
20240414104003,528.75497
20240414105003,519.64124
20240414110003,441.92966
20240414111003,338.82062
20240414112003,303.30648
20240414113003,315.36838
20240414114003,310.53277
20240414115003,306.42828
20240414120003,288.93107
20240414121003,284.29539
20240414122003,278.13399
20240414123003,281.2635
20240414124003,258.95974
20240414125003,247.12833
20240414130003,245.51111
20240414131003,242.33818
20240414132003,239.26404
20240414133003,230.19293
20240414134003,236.14525
20240414135003,241.73287
20240414140003,227.82167
20240414141003,215.97679
20240414142003,210.54154
20240414143003,214.06279
20240414144003,225.92288
20240414145003,234.17626
20240414150003,230.74564
20240414151003,226.18523
20240414152003,219.73381
20240414153003,208.0019
20240414154003,207.80827
20240414155003,201.56586
20240414160003,347.35057
20240414161003,457.13445
20240414162003,504.24224
20240414163003,475.11488
20240414164003,505.32995
20240414165003,655.26543
20240524090003,236.33483
20240524091003,234.22851
20240524092003,233.00617
20240524093003,251.73868
20240524094003,278.36395
20240524095003,318.74212
20240524100003,438.41312
20240524101003,614.57829
20240524102003,536.36869
20240524103003,536.17195
20240524104003,516.98748
20240524105003,515.24365
20240524110003,441.92966
20240524111003,338.82062
20240524112003,303.30648
20240524113003,315.36838
20240524114003,310.53277
20240524115003,306.42828
20240524120003,288.93107
20240524121003,284.29539
20240524122003,278.13399
20240524123003,281.2635
20240524124003,258.95974
20240524125003,247.12833
20240524130003,245.51111
20240524131003,242.33818
20240524132003,239.26404
20240524133003,230.19293
20240524134003,236.14525
20240524135003,241.73287
20240524140003,227.82167
20240524141003,215.97679
20240524142003,210.54154
20240524143003,214.06279
20240524144003,225.92288
20240524145003,234.17626
20240524150003,230.74564
20240524151003,226.18523
20240524152003,219.73381
20240524153003,208.0019
20240524154003,207.80827
20240524155003,201.56586
20240524160003,347.35057
20240524161003,457.13445
20240524162003,504.24224
20240524163003,475.11488
20240524164003,505.32995
20240524165003,655.26543
20240526090003,247.4332
20240526091003,250.08939
20240526092003,234.89001
20240526093003,241.69453
20240526094003,239.62681
20240526095003,289.59163
20240526100003,456.88125
20240526101003,624.02038
20240526102003,537.61703
20240526103003,535.99886
20240526104003,516.81672
20240526105003,516.5488
20240526110003,441.92966
20240526111003,338.82062
20240526112003,303.30648
20240526113003,315.36838
20240526114003,310.53277
20240526115003,306.42828
20240526120003,288.93107
20240526121003,284.29539
20240526122003,278.13399
20240526123003,281.2635
20240526124003,258.95974
20240526125003,247.12833
20240526130003,245.51111
20240526131003,242.33818
20240526132003,239.26404
20240526133003,230.19293
20240526134003,236.14525
20240526135003,241.73287
20240526140003,227.82167
20240526141003,215.97679
20240526142003,210.54154
20240526143003,214.06279
20240526144003,225.92288
20240526145003,234.17626
20240526150003,230.74564
20240526151003,226.18523
20240526152003,219.73381
20240526153003,208.0019
20240526154003,207.80827
20240526155003,201.56586
20240526160003,347.35057
20240526161003,457.13445
20240526162003,504.24224
20240526163003,475.11488
20240526164003,505.32995
20240526165003,655.26543
20240603090003,200.68303
20240603091003,205.90972
20240603092003,223.0544
20240603093003,242.64582
20240603094003,289.40109
20240603095003,285.72466
20240603100003,426.03771
20240603101003,608.3589
20240603102003,529.21076
20240603103003,532.775
20240603104003,527.79064
20240603105003,519.2171
20240603110003,441.92966
20240603111003,338.82062
20240603112003,303.30648
20240603113003,315.36838
20240603114003,310.53277
20240603115003,306.42828
20240603120003,288.93107
20240603121003,284.29539
20240603122003,278.13399
20240603123003,281.2635
20240603124003,258.95974
20240603125003,247.12833
20240603130003,245.51111
20240603131003,242.33818
20240603132003,239.26404
20240603133003,230.19293
20240603134003,236.14525
20240603135003,241.73287
20240603140003,227.82167
20240603141003,215.97679
20240603142003,210.54154
20240603143003,214.06279
20240603144003,225.92288
20240603145003,234.17626
20240603150003,230.74564
20240603151003,226.18523
20240603152003,219.73381
20240603153003,208.0019
20240603154003,207.80827
20240603155003,201.56586
20240603160003,347.35057
20240603161003,457.13445
20240603162003,504.24224
20240603163003,475.11488
20240603164003,505.32995
20240603165003,655.26543
20240620090003,811.31536
20240620091003,230.9606
20240620092003,395.50688
20240620093003,308.9223
20240620094003,393.46227
20240620095003,407.06616
20240620100003,560.43178
20240620101003,538.19177
20240620102003,453.69274
20240620103003,455.6866
20240620104003,531.03577
20240620105003,546.07203
20240620110003,441.92966
20240620111003,338.82062
20240620112003,303.30648
20240620113003,315.36838
20240620114003,310.53277
20240620115003,306.42828
20240620120003,288.93107
20240620121003,284.29539
20240620122003,278.13399
20240620123003,281.2635
20240620124003,258.95974
20240620125003,247.12833
20240620130003,245.51111
20240620131003,242.33818
20240620132003,239.26404
20240620133003,230.19293
20240620134003,236.14525
20240620135003,241.73287
20240620140003,227.82167
20240620141003,215.97679
20240620142003,210.54154
20240620143003,214.06279
20240620144003,225.92288
20240620145003,234.17626
20240620150003,230.74564
20240620151003,226.18523
20240620152003,219.73381
20240620153003,208.0019
20240620154003,207.80827
20240620155003,201.56586
20240620160003,347.35057
20240620161003,457.13445
20240620162003,504.24224
20240620163003,475.11488
20240620164003,505.32995
20240620165003,655.26543
20240420090004,918.98738
20240420091004,240.16723
20240420092004,396.83289
20240420093004,378.87655
20240420094004,598.15704
20240420095004,535.81592
20240420100004,530.59876
20240420101004,507.32559
20240420102004,428.85203
20240420103004,429.29317
20240420104004,523.40109
20240420105004,563.98005
20240420110004,441.92966
20240420111004,338.82062
20240420112004,303.30648
20240420113004,315.36838
20240420114004,310.53277
20240420115004,306.42828
20240420120004,288.93107
20240420121004,284.29539
20240420122004,278.13399
20240420123004,281.2635
20240420124004,258.95974
20240420125004,247.12833
20240420130004,245.51111
20240420131004,242.33818
20240420132004,239.26404
20240420133004,230.19293
20240420134004,236.14525
20240420135004,241.73287
20240420140004,227.82167
20240420141004,215.97679
20240420142004,210.54154
20240420143004,214.06279
20240420144004,225.92288
20240420145004,234.17626
20240420150004,230.74564
20240420151004,226.18523
20240420152004,219.73381
20240420153004,208.0019
20240420154004,207.80827
20240420155004,201.56586
20240420160004,347.35057
20240420161004,457.13445
20240420162004,504.24224
20240420163004,475.11488
20240420164004,505.32995
20240420165004,655.26543
20240422090004,881.44675
20240422091004,230.38458
20240422092004,392.56978
20240422093004,289.09745
20240422094004,461.94615
20240422095004,433.89199
20240422100004,562.4873
20240422101004,497.70976
20240422102004,431.01333
20240422103004,464.83906
20240422104004,523.62037
20240422105004,539.54637
20240422110004,441.92966
20240422111004,338.82062
20240422112004,303.30648
20240422113004,315.36838
20240422114004,310.53277
20240422115004,306.42828
20240422120004,288.93107
20240422121004,284.29539
20240422122004,278.13399
20240422123004,281.2635
20240422124004,258.95974
20240422125004,247.12833
20240422130004,245.51111
20240422131004,242.33818
20240422132004,239.26404
20240422133004,230.19293
20240422134004,236.14525
20240422135004,241.73287
20240422140004,227.82167
20240422141004,215.97679
20240422142004,210.54154
20240422143004,214.06279
20240422144004,225.92288
20240422145004,234.17626
20240422150004,230.74564
20240422151004,226.18523
20240422152004,219.73381
20240422153004,208.0019
20240422154004,207.80827
20240422155004,201.56586
20240422160004,347.35057
20240422161004,457.13445
20240422162004,504.24224
20240422163004,475.11488
20240422164004,505.32995
20240422165004,655.26543
20240513090004,191.7259
20240513091004,230.06751
20240513092004,230.21547
20240513093004,276.36282
20240513094004,343.65541
20240513095004,248.8725
20240513100004,381.34944
20240513101004,612.3618
20240513102004,534.99385
20240513103004,548.39354
20240513104004,526.31624
20240513105004,515.27194
20240513110004,441.92966
20240513111004,338.82062
20240513112004,303.30648
20240513113004,315.36838
20240513114004,310.53277
20240513115004,306.42828
20240513120004,288.93107
20240513121004,284.29539
20240513122004,278.13399
20240513123004,281.2635
20240513124004,258.95974
20240513125004,247.12833
20240513130004,245.51111
20240513131004,242.33818
20240513132004,239.26404
20240513133004,230.19293
20240513134004,236.14525
20240513135004,241.73287
20240513140004,227.82167
20240513141004,215.97679
20240513142004,210.54154
20240513143004,214.06279
20240513144004,225.92288
20240513145004,234.17626
20240513150004,230.74564
20240513151004,226.18523
20240513152004,219.73381
20240513153004,208.0019
20240513154004,207.80827
20240513155004,201.56586
20240513160004,347.35057
20240513161004,457.13445
20240513162004,504.24224
20240513163004,475.11488
20240513164004,505.32995
20240513165004,655.26543
20240515090004,915.82732
20240515091004,347.15784
20240515092004,514.61588
20240515093004,294.98439
20240515094004,409.14756
20240515095004,368.7614
20240515100004,668.2876
20240515101004,506.30241
20240515102004,436.61972
20240515103004,480.22577
20240515104004,526.36761
20240515105004,535.05916
20240515110004,441.92966
20240515111004,338.82062
20240515112004,303.30648
20240515113004,315.36838
20240515114004,310.53277
20240515115004,306.42828
20240515120004,288.93107
20240515121004,284.29539
20240515122004,278.13399
20240515123004,281.2635
20240515124004,258.95974
20240515125004,247.12833
20240515130004,245.51111
20240515131004,242.33818
20240515132004,239.26404
20240515133004,230.19293
20240515134004,236.14525
20240515135004,241.73287
20240515140004,227.82167
20240515141004,215.97679
20240515142004,210.54154
20240515143004,214.06279
20240515144004,225.92288
20240515145004,234.17626
20240515150004,230.74564
20240515151004,226.18523
20240515152004,219.73381
20240515153004,208.0019
20240515154004,207.80827
20240515155004,201.56586
20240515160004,347.35057
20240515161004,457.13445
20240515162004,504.24224
20240515163004,475.11488
20240515164004,505.32995
20240515165004,655.26543
20240629090004,777.80473
20240629091004,211.94764
20240629092004,385.34345
20240629093004,375.32899
20240629094004,534.20855
20240629095004,480.15183
20240629100004,556.77825
20240629101004,471.55735
20240629102004,395.66551
20240629103004,429.75625
20240629104004,538.76656
20240629105004,574.86916
20240629110004,441.92966
20240629111004,338.82062
20240629112004,303.30648
20240629113004,315.36838
20240629114004,310.53277
20240629115004,306.42828
20240629120004,288.93107
20240629121004,284.29539
20240629122004,278.13399
20240629123004,281.2635
20240629124004,258.95974
20240629125004,247.12833
20240629130004,245.51111
20240629131004,242.33818
20240629132004,239.26404
20240629133004,230.19293
20240629134004,236.14525
20240629135004,241.73287
20240629140004,227.82167
20240629141004,215.97679
20240629142004,210.54154
20240629143004,214.06279
20240629144004,225.92288
20240629145004,234.17626
20240629150004,230.74564
20240629151004,226.18523
20240629152004,219.73381
20240629153004,208.0019
20240629154004,207.80827
20240629155004,201.56586
20240629160004,347.35057
20240629161004,457.13445
20240629162004,504.24224
20240629163004,475.11488
20240629164004,505.32995
20240629165004,655.26543
20240704090004,713.43938
20240704091004,209.47965
20240704092004,356.92945
20240704093004,465.49144
20240704094004,639.85824
20240704095004,532.66775
20240704100004,555.41441
20240704101004,431.74213
20240704102004,384.72312
20240704103004,385.49767
20240704104004,541.77493
20240704105004,607.98483
20240704110004,441.92966
20240704111004,338.82062
20240704112004,303.30648
20240704113004,315.36838
20240704114004,310.53277
20240704115004,306.42828
20240704120004,288.93107
20240704121004,284.29539
20240704122004,278.13399
20240704123004,281.2635
20240704124004,258.95974
20240704125004,247.12833
20240704130004,245.51111
20240704131004,242.33818
20240704132004,239.26404
20240704133004,230.19293
20240704134004,236.14525
20240704135004,241.73287
20240704140004,227.82167
20240704141004,215.97679
20240704142004,210.54154
20240704143004,214.06279
20240704144004,225.92288
20240704145004,234.17626
20240704150004,230.74564
20240704151004,226.18523
20240704152004,219.73381
20240704153004,208.0019
20240704154004,207.80827
20240704155004,201.56586
20240704160004,347.35057
20240704161004,457.13445
20240704162004,504.24224
20240704163004,475.11488
20240704164004,505.32995
20240704165004,655.26543
20240509090005,236.37399
20240509091005,232.21916
20240509092005,228.98099
20240509093005,233.38438
20240509094005,234.65927
20240509095005,336.91933
20240509100005,614.15978
20240509101005,608.99427
20240509102005,534.33347
20240509103005,535.6672
20240509104005,522.24656
20240509105005,515.56247
20240509110005,441.92966
20240509111005,338.82062
20240509112005,303.30648
20240509113005,315.36838
20240509114005,310.53277
20240509115005,306.42828
20240509120005,288.93107
20240509121005,284.29539
20240509122005,278.13399
20240509123005,281.2635
20240509124005,258.95974
20240509125005,247.12833
20240509130005,245.51111
20240509131005,242.33818
20240509132005,239.26404
20240509133005,230.19293
20240509134005,236.14525
20240509135005,241.73287
20240509140005,227.82167
20240509141005,215.97679
20240509142005,210.54154
20240509143005,214.06279
20240509144005,225.92288
20240509145005,234.17626
20240509150005,230.74564
20240509151005,226.18523
20240509152005,219.73381
20240509153005,208.0019
20240509154005,207.80827
20240509155005,201.56586
20240509160005,347.35057
20240509161005,457.13445
20240509162005,504.24224
20240509163005,475.11488
20240509164005,505.32995
20240509165005,655.26543
20240514090005,285.96568
20240514091005,224.63031
20240514092005,240.57207
20240514093005,232.8073
20240514094005,250.56274
20240514095005,391.37993
20240514100005,678.69661
20240514101005,650.92187
20240514102005,529.13421
20240514103005,535.14718
20240514104005,524.88756
20240514105005,516.95158
20240514110005,441.92966
20240514111005,338.82062
20240514112005,303.30648
20240514113005,315.36838
20240514114005,310.53277
20240514115005,306.42828
20240514120005,288.93107
20240514121005,284.29539
20240514122005,278.13399
20240514123005,281.2635
20240514124005,258.95974
20240514125005,247.12833
20240514130005,245.51111
20240514131005,242.33818
20240514132005,239.26404
20240514133005,230.19293
20240514134005,236.14525
20240514135005,241.73287
20240514140005,227.82167
20240514141005,215.97679
20240514142005,210.54154
20240514143005,214.06279
20240514144005,225.92288
20240514145005,234.17626
20240514150005,230.74564
20240514151005,226.18523
20240514152005,219.73381
20240514153005,208.0019
20240514154005,207.80827
20240514155005,201.56586
20240514160005,347.35057
20240514161005,457.13445
20240514162005,504.24224
20240514163005,475.11488
20240514164005,505.32995
20240514165005,655.26543
20240615090005,419.56386
20240615091005,200.4353
20240615092005,270.60501
20240615093005,347.40548
20240615094005,456.99172
20240615095005,465.08032
20240615100005,738.00015
20240615101005,508.43689
20240615102005,395.92891
20240615103005,464.74294
20240615104005,577.15928
20240615105005,575.50029
20240615110005,441.92966
20240615111005,338.82062
20240615112005,303.30648
20240615113005,315.36838
20240615114005,310.53277
20240615115005,306.42828
20240615120005,288.93107
20240615121005,284.29539
20240615122005,278.13399
20240615123005,281.2635
20240615124005,258.95974
20240615125005,247.12833
20240615130005,245.51111
20240615131005,242.33818
20240615132005,239.26404
20240615133005,230.19293
20240615134005,236.14525
20240615135005,241.73287
20240615140005,227.82167
20240615141005,215.97679
20240615142005,210.54154
20240615143005,214.06279
20240615144005,225.92288
20240615145005,234.17626
20240615150005,230.74564
20240615151005,226.18523
20240615152005,219.73381
20240615153005,208.0019
20240615154005,207.80827
20240615155005,201.56586
20240615160005,347.35057
20240615161005,457.13445
20240615162005,504.24224
20240615163005,475.11488
20240615164005,505.32995
20240615165005,655.26543
20240620090005,403.024
20240620091005,200.89536
20240620092005,261.50083
20240620093005,289.49306
20240620094005,372.63273
20240620095005,392.11774
20240620100005,771.34596
20240620101005,528.12661
20240620102005,430.97921
20240620103005,498.36723
20240620104005,566.93978
20240620105005,558.19388
20240620110005,441.92966
20240620111005,338.82062
20240620112005,303.30648
20240620113005,315.36838
20240620114005,310.53277
20240620115005,306.42828
20240620120005,288.93107
20240620121005,284.29539
20240620122005,278.13399
20240620123005,281.2635
20240620124005,258.95974
20240620125005,247.12833
20240620130005,245.51111
20240620131005,242.33818
20240620132005,239.26404
20240620133005,230.19293
20240620134005,236.14525
20240620135005,241.73287
20240620140005,227.82167
20240620141005,215.97679
20240620142005,210.54154
20240620143005,214.06279
20240620144005,225.92288
20240620145005,234.17626
20240620150005,230.74564
20240620151005,226.18523
20240620152005,219.73381
20240620153005,208.0019
20240620154005,207.80827
20240620155005,201.56586
20240620160005,347.35057
20240620161005,457.13445
20240620162005,504.24224
20240620163005,475.11488
20240620164005,505.32995
20240620165005,655.26543
20240706090005,332.36977
20240706091005,199.86232
20240706092005,238.74613
20240706093005,383.61143
20240706094005,661.63641
20240706095005,619.70436
20240706100005,522.20316
20240706101005,373.51049
20240706102005,393.76676
20240706103005,455.07584
20240706104005,574.50524
20240706105005,603.81208
20240706110005,441.92966
20240706111005,338.82062
20240706112005,303.30648
20240706113005,315.36838
20240706114005,310.53277
20240706115005,306.42828
20240706120005,288.93107
20240706121005,284.29539
20240706122005,278.13399
20240706123005,281.2635
20240706124005,258.95974
20240706125005,247.12833
20240706130005,245.51111
20240706131005,242.33818
20240706132005,239.26404
20240706133005,230.19293
20240706134005,236.14525
20240706135005,241.73287
20240706140005,227.82167
20240706141005,215.97679
20240706142005,210.54154
20240706143005,214.06279
20240706144005,225.92288
20240706145005,234.17626
20240706150005,230.74564
20240706151005,226.18523
20240706152005,219.73381
20240706153005,208.0019
20240706154005,207.80827
20240706155005,201.56586
20240706160005,347.35057
20240706161005,457.13445
20240706162005,504.24224
20240706163005,475.11488
20240706164005,505.32995
20240706165005,655.26543
20240708090005,338.92313
20240708091005,208.75527
20240708092005,247.54044
20240708093005,327.96821
20240708094005,503.96944
20240708095005,511.02983
20240708100005,667.10174
20240708101005,469.98007
20240708102005,415.24584
20240708103005,465.99876
20240708104005,578.13064
20240708105005,572.86393
20240708110005,441.92966
20240708111005,338.82062
20240708112005,303.30648
20240708113005,315.36838
20240708114005,310.53277
20240708115005,306.42828
20240708120005,288.93107
20240708121005,284.29539
20240708122005,278.13399
20240708123005,281.2635
20240708124005,258.95974
20240708125005,247.12833
20240708130005,245.51111
20240708131005,242.33818
20240708132005,239.26404
20240708133005,230.19293
20240708134005,236.14525
20240708135005,241.73287
20240708140005,227.82167
20240708141005,215.97679
20240708142005,210.54154
20240708143005,214.06279
20240708144005,225.92288
20240708145005,234.17626
20240708150005,230.74564
20240708151005,226.18523
20240708152005,219.73381
20240708153005,208.0019
20240708154005,207.80827
20240708155005,201.56586
20240708160005,347.35057
20240708161005,457.13445
20240708162005,504.24224
20240708163005,475.11488
20240708164005,505.32995
20240708165005,655.26543
20240520090006,426.54392
20240520091006,223.63343
20240520092006,289.11419
20240520093006,236.13616
20240520094006,233.77762
20240520095006,456.21695
20240520100006,810.84869
20240520101006,651.36405
20240520102006,529.31972
20240520103006,528.64666
20240520104006,499.98011
20240520105006,519.93151
20240520110006,441.92966
20240520111006,338.82062
20240520112006,303.30648
20240520113006,315.36838
20240520114006,310.53277
20240520115006,306.42828
20240520120006,288.93107
20240520121006,284.29539
20240520122006,278.13399
20240520123006,281.2635
20240520124006,258.95974
20240520125006,247.12833
20240520130006,245.51111
20240520131006,242.33818
20240520132006,239.26404
20240520133006,230.19293
20240520134006,236.14525
20240520135006,241.73287
20240520140006,227.82167
20240520141006,215.97679
20240520142006,210.54154
20240520143006,214.06279
20240520144006,225.92288
20240520145006,234.17626
20240520150006,230.74564
20240520151006,226.18523
20240520152006,219.73381
20240520153006,208.0019
20240520154006,207.80827
20240520155006,201.56586
20240520160006,347.35057
20240520161006,457.13445
20240520162006,504.24224
20240520163006,475.11488
20240520164006,505.32995
20240520165006,655.26543
20240527090006,421.80078
20240527091006,231.4855
20240527092006,307.83251
20240527093006,240.12316
20240527094006,253.82699
20240527095006,393.26342
20240527100006,738.94659
20240527101006,531.51795
20240527102006,458.63983
20240527103006,519.91341
20240527104006,533.09847
20240527105006,532.48236
20240527110006,441.92966
20240527111006,338.82062
20240527112006,303.30648
20240527113006,315.36838
20240527114006,310.53277
20240527115006,306.42828
20240527120006,288.93107
20240527121006,284.29539
20240527122006,278.13399
20240527123006,281.2635
20240527124006,258.95974
20240527125006,247.12833
20240527130006,245.51111
20240527131006,242.33818
20240527132006,239.26404
20240527133006,230.19293
20240527134006,236.14525
20240527135006,241.73287
20240527140006,227.82167
20240527141006,215.97679
20240527142006,210.54154
20240527143006,214.06279
20240527144006,225.92288
20240527145006,234.17626
20240527150006,230.74564
20240527151006,226.18523
20240527152006,219.73381
20240527153006,208.0019
20240527154006,207.80827
20240527155006,201.56586
20240527160006,347.35057
20240527161006,457.13445
20240527162006,504.24224
20240527163006,475.11488
20240527164006,505.32995
20240527165006,655.26543
20240625090006,651.68479
20240625091006,208.36479
20240625092006,308.76325
20240625093006,373.91169
20240625094006,529.08796
20240625095006,498.31076
20240625100006,681.96093
20240625101006,476.86024
20240625102006,391.77251
20240625103006,436.71346
20240625104006,544.64523
20240625105006,594.55154
20240625110006,441.92966
20240625111006,338.82062
20240625112006,303.30648
20240625113006,315.36838
20240625114006,310.53277
20240625115006,306.42828
20240625120006,288.93107
20240625121006,284.29539
20240625122006,278.13399
20240625123006,281.2635
20240625124006,258.95974
20240625125006,247.12833
20240625130006,245.51111
20240625131006,242.33818
20240625132006,239.26404
20240625133006,230.19293
20240625134006,236.14525
20240625135006,241.73287
20240625140006,227.82167
20240625141006,215.97679
20240625142006,210.54154
20240625143006,214.06279
20240625144006,225.92288
20240625145006,234.17626
20240625150006,230.74564
20240625151006,226.18523
20240625152006,219.73381
20240625153006,208.0019
20240625154006,207.80827
20240625155006,201.56586
20240625160006,347.35057
20240625161006,457.13445
20240625162006,504.24224
20240625163006,475.11488
20240625164006,505.32995
20240625165006,655.26543
20240629090006,679.52153
20240629091006,211.84293
20240629092006,329.5903
20240629093006,376.06051
20240629094006,520.39537
20240629095006,469.75333
20240629100006,675.0682
20240629101006,478.91678
20240629102006,385.68451
20240629103006,429.68262
20240629104006,544.85261
20240629105006,596.86734
20240629110006,441.92966
20240629111006,338.82062
20240629112006,303.30648
20240629113006,315.36838
20240629114006,310.53277
20240629115006,306.42828
20240629120006,288.93107
20240629121006,284.29539
20240629122006,278.13399
20240629123006,281.2635
20240629124006,258.95974
20240629125006,247.12833
20240629130006,245.51111
20240629131006,242.33818
20240629132006,239.26404
20240629133006,230.19293
20240629134006,236.14525
20240629135006,241.73287
20240629140006,227.82167
20240629141006,215.97679
20240629142006,210.54154
20240629143006,214.06279
20240629144006,225.92288
20240629145006,234.17626
20240629150006,230.74564
20240629151006,226.18523
20240629152006,219.73381
20240629153006,208.0019
20240629154006,207.80827
20240629155006,201.56586
20240629160006,347.35057
20240629161006,457.13445
20240629162006,504.24224
20240629163006,475.11488
20240629164006,505.32995
20240629165006,655.26543
20240706090006,658.59612
20240706091006,206.18489
20240706092006,288.01762
20240706093006,392.25774
20240706094006,630.44834
20240706095006,555.23782
20240706100006,600.68338
20240706101006,431.42081
20240706102006,384.62348
20240706103006,394.32382
20240706104006,561.17528
20240706105006,608.43666
20240706110006,441.92966
20240706111006,338.82062
20240706112006,303.30648
20240706113006,315.36838
20240706114006,310.53277
20240706115006,306.42828
20240706120006,288.93107
20240706121006,284.29539
20240706122006,278.13399
20240706123006,281.2635
20240706124006,258.95974
20240706125006,247.12833
20240706130006,245.51111
20240706131006,242.33818
20240706132006,239.26404
20240706133006,230.19293
20240706134006,236.14525
20240706135006,241.73287
20240706140006,227.82167
20240706141006,215.97679
20240706142006,210.54154
20240706143006,214.06279
20240706144006,225.92288
20240706145006,234.17626
20240706150006,230.74564
20240706151006,226.18523
20240706152006,219.73381
20240706153006,208.0019
20240706154006,207.80827
20240706155006,201.56586
20240706160006,347.35057
20240706161006,457.13445
20240706162006,504.24224
20240706163006,475.11488
20240706164006,505.32995
20240706165006,655.26543
20240722090006,656.35661
20240722091006,215.92574
20240722092006,290.98868
20240722093006,388.13969
20240722094006,526.0189
20240722095006,523.35625
20240722100006,652.79592
20240722101006,460.29375
20240722102006,384.20165
20240722103006,429.56289
20240722104006,557.11182
20240722105006,605.38562
20240722110006,441.92966
20240722111006,338.82062
20240722112006,303.30648
20240722113006,315.36838
20240722114006,310.53277
20240722115006,306.42828
20240722120006,288.93107
20240722121006,284.29539
20240722122006,278.13399
20240722123006,281.2635
20240722124006,258.95974
20240722125006,247.12833
20240722130006,245.51111
20240722131006,242.33818
20240722132006,239.26404
20240722133006,230.19293
20240722134006,236.14525
20240722135006,241.73287
20240722140006,227.82167
20240722141006,215.97679
20240722142006,210.54154
20240722143006,214.06279
20240722144006,225.92288
20240722145006,234.17626
20240722150006,230.74564
20240722151006,226.18523
20240722152006,219.73381
20240722153006,208.0019
20240722154006,207.80827
20240722155006,201.56586
20240722160006,347.35057
20240722161006,457.13445
20240722162006,504.24224
20240722163006,475.11488
20240722164006,505.32995
20240722165006,655.26543
20240526090007,254.1024
20240526091007,226.95512
20240526092007,253.28256
20240526093007,233.15462
20240526094007,232.95685
20240526095007,372.13559
20240526100007,610.12823
20240526101007,609.58104
20240526102007,529.00465
20240526103007,535.82063
20240526104007,517.28229
20240526105007,515.56247
20240526110007,441.92966
20240526111007,338.82062
20240526112007,303.30648
20240526113007,315.36838
20240526114007,310.53277
20240526115007,306.42828
20240526120007,288.93107
20240526121007,284.29539
20240526122007,278.13399
20240526123007,281.2635
20240526124007,258.95974
20240526125007,247.12833
20240526130007,245.51111
20240526131007,242.33818
20240526132007,239.26404
20240526133007,230.19293
20240526134007,236.14525
20240526135007,241.73287
20240526140007,227.82167
20240526141007,215.97679
20240526142007,210.54154
20240526143007,214.06279
20240526144007,225.92288
20240526145007,234.17626
20240526150007,230.74564
20240526151007,226.18523
20240526152007,219.73381
20240526153007,208.0019
20240526154007,207.80827
20240526155007,201.56586
20240526160007,347.35057
20240526161007,457.13445
20240526162007,504.24224
20240526163007,475.11488
20240526164007,505.32995
20240526165007,655.26543
20240612090007,592.46804
20240612091007,203.87379
20240612092007,257.81189
20240612093007,352.52938
20240612094007,382.43078
20240612095007,468.18274
20240612100007,770.09928
20240612101007,642.17327
20240612102007,511.88156
20240612103007,481.08021
20240612104007,478.48432
20240612105007,538.71808
20240612110007,441.92966
20240612111007,338.82062
20240612112007,303.30648
20240612113007,315.36838
20240612114007,310.53277
20240612115007,306.42828
20240612120007,288.93107
20240612121007,284.29539
20240612122007,278.13399
20240612123007,281.2635
20240612124007,258.95974
20240612125007,247.12833
20240612130007,245.51111
20240612131007,242.33818
20240612132007,239.26404
20240612133007,230.19293
20240612134007,236.14525
20240612135007,241.73287
20240612140007,227.82167
20240612141007,215.97679
20240612142007,210.54154
20240612143007,214.06279
20240612144007,225.92288
20240612145007,234.17626
20240612150007,230.74564
20240612151007,226.18523
20240612152007,219.73381
20240612153007,208.0019
20240612154007,207.80827
20240612155007,201.56586
20240612160007,347.35057
20240612161007,457.13445
20240612162007,504.24224
20240612163007,475.11488
20240612164007,505.32995
20240612165007,655.26543
20240615090007,812.22221
20240615091007,211.27541
20240615092007,435.64355
20240615093007,343.66555
20240615094007,536.77764
20240615095007,458.12674
20240615100007,662.83052
20240615101007,478.04207
20240615102007,380.5338
20240615103007,428.63256
20240615104007,538.34906
20240615105007,571.70673
20240615110007,441.92966
20240615111007,338.82062
20240615112007,303.30648
20240615113007,315.36838
20240615114007,310.53277
20240615115007,306.42828
20240615120007,288.93107
20240615121007,284.29539
20240615122007,278.13399
20240615123007,281.2635
20240615124007,258.95974
20240615125007,247.12833
20240615130007,245.51111
20240615131007,242.33818
20240615132007,239.26404
20240615133007,230.19293
20240615134007,236.14525
20240615135007,241.73287
20240615140007,227.82167
20240615141007,215.97679
20240615142007,210.54154
20240615143007,214.06279
20240615144007,225.92288
20240615145007,234.17626
20240615150007,230.74564
20240615151007,226.18523
20240615152007,219.73381
20240615153007,208.0019
20240615154007,207.80827
20240615155007,201.56586
20240615160007,347.35057
20240615161007,457.13445
20240615162007,504.24224
20240615163007,475.11488
20240615164007,505.32995
20240615165007,655.26543
20240717090007,809.94925
20240717091007,205.14562
20240717092007,344.05394
20240717093007,420.29364
20240717094007,616.84813
20240717095007,512.01479
20240717100007,651.35707
20240717101007,455.38666
20240717102007,383.88624
20240717103007,392.04482
20240717104007,542.8813
20240717105007,605.7187
20240717110007,441.92966
20240717111007,338.82062
20240717112007,303.30648
20240717113007,315.36838
20240717114007,310.53277
20240717115007,306.42828
20240717120007,288.93107
20240717121007,284.29539
20240717122007,278.13399
20240717123007,281.2635
20240717124007,258.95974
20240717125007,247.12833
20240717130007,245.51111
20240717131007,242.33818
20240717132007,239.26404
20240717133007,230.19293
20240717134007,236.14525
20240717135007,241.73287
20240717140007,227.82167
20240717141007,215.97679
20240717142007,210.54154
20240717143007,214.06279
20240717144007,225.92288
20240717145007,234.17626
20240717150007,230.74564
20240717151007,226.18523
20240717152007,219.73381
20240717153007,208.0019
20240717154007,207.80827
20240717155007,201.56586
20240717160007,347.35057
20240717161007,457.13445
20240717162007,504.24224
20240717163007,475.11488
20240717164007,505.32995
20240717165007,655.26543
20240124090008,186.903
20240124091008,205.3165
20240124092008,209.15959
20240124093008,220.14401
20240124094008,226.32281
20240124095008,299.29918
20240124100008,456.99256
20240124101008,538.98709
20240124102008,528.68863
20240124103008,561.8135
20240124104008,530.91599
20240124105008,473.82266
20240124110008,441.92966
20240124111008,338.82062
20240124112008,303.30648
20240124113008,315.36838
20240124114008,310.53277
20240124115008,306.42828
20240124120008,288.93107
20240124121008,284.29539
20240124122008,278.13399
20240124123008,281.2635
20240124124008,258.95974
20240124125008,247.12833
20240124130008,245.51111
20240124131008,242.33818
20240124132008,239.26404
20240124133008,230.19293
20240124134008,236.14525
20240124135008,241.73287
20240124140008,227.82167
20240124141008,215.97679
20240124142008,210.54154
20240124143008,214.06279
20240124144008,225.92288
20240124145008,234.17626
20240124150008,230.74564
20240124151008,226.18523
20240124152008,219.73381
20240124153008,208.0019
20240124154008,207.80827
20240124155008,201.56586
20240124160008,347.35057
20240124161008,457.13445
20240124162008,504.24224
20240124163008,475.11488
20240124164008,505.32995
20240124165008,655.26543
20240128090008,186.65675
20240128091008,200.84124
20240128092008,225.49075
20240128093008,230.38303
20240128094008,239.8097
20240128095008,293.06823
20240128100008,380.93829
20240128101008,533.39967
20240128102008,534.43258
20240128103008,560.76896
20240128104008,526.36127
20240128105008,473.26695
20240128110008,441.92966
20240128111008,338.82062
20240128112008,303.30648
20240128113008,315.36838
20240128114008,310.53277
20240128115008,306.42828
20240128120008,288.93107
20240128121008,284.29539
20240128122008,278.13399
20240128123008,281.2635
20240128124008,258.95974
20240128125008,247.12833
20240128130008,245.51111
20240128131008,242.33818
20240128132008,239.26404
20240128133008,230.19293
20240128134008,236.14525
20240128135008,241.73287
20240128140008,227.82167
20240128141008,215.97679
20240128142008,210.54154
20240128143008,214.06279
20240128144008,225.92288
20240128145008,234.17626
20240128150008,230.74564
20240128151008,226.18523
20240128152008,219.73381
20240128153008,208.0019
20240128154008,207.80827
20240128155008,201.56586
20240128160008,347.35057
20240128161008,457.13445
20240128162008,504.24224
20240128163008,475.11488
20240128164008,505.32995
20240128165008,655.26543
20240204090008,190.81441
20240204091008,220.64394
20240204092008,250.88585
20240204093008,283.77853
20240204094008,300.84877
20240204095008,287.21192
20240204100008,459.10367
20240204101008,571.41012
20240204102008,531.60474
20240204103008,563.77561
20240204104008,529.16948
20240204105008,515.15365
20240204110008,441.92966
20240204111008,338.82062
20240204112008,303.30648
20240204113008,315.36838
20240204114008,310.53277
20240204115008,306.42828
20240204120008,288.93107
20240204121008,284.29539
20240204122008,278.13399
20240204123008,281.2635
20240204124008,258.95974
20240204125008,247.12833
20240204130008,245.51111
20240204131008,242.33818
20240204132008,239.26404
20240204133008,230.19293
20240204134008,236.14525
20240204135008,241.73287
20240204140008,227.82167
20240204141008,215.97679
20240204142008,210.54154
20240204143008,214.06279
20240204144008,225.92288
20240204145008,234.17626
20240204150008,230.74564
20240204151008,226.18523
20240204152008,219.73381
20240204153008,208.0019
20240204154008,207.80827
20240204155008,201.56586
20240204160008,347.35057
20240204161008,457.13445
20240204162008,504.24224
20240204163008,475.11488
20240204164008,505.32995
20240204165008,655.26543
20240218090008,234.36586
20240218091008,327.84525
20240218092008,323.68172
20240218093008,248.74259
20240218094008,286.71637
20240218095008,463.32662
20240218100008,590.88631
20240218101008,584.15003
20240218102008,529.83957
20240218103008,535.98301
20240218104008,533.20919
20240218105008,517.44964
20240218110008,441.92966
20240218111008,338.82062
20240218112008,303.30648
20240218113008,315.36838
20240218114008,310.53277
20240218115008,306.42828
20240218120008,288.93107
20240218121008,284.29539
20240218122008,278.13399
20240218123008,281.2635
20240218124008,258.95974
20240218125008,247.12833
20240218130008,245.51111
20240218131008,242.33818
20240218132008,239.26404
20240218133008,230.19293
20240218134008,236.14525
20240218135008,241.73287
20240218140008,227.82167
20240218141008,215.97679
20240218142008,210.54154
20240218143008,214.06279
20240218144008,225.92288
20240218145008,234.17626
20240218150008,230.74564
20240218151008,226.18523
20240218152008,219.73381
20240218153008,208.0019
20240218154008,207.80827
20240218155008,201.56586
20240218160008,347.35057
20240218161008,457.13445
20240218162008,504.24224
20240218163008,475.11488
20240218164008,505.32995
20240218165008,655.26543
20240305090008,192.77798
20240305091008,202.69728
20240305092008,235.01911
20240305093008,228.76791
20240305094008,456.40588
20240305095008,596.20473
20240305100008,581.43078
20240305101008,526.25393
20240305102008,498.39494
20240305103008,495.49534
20240305104008,531.0767
20240305105008,565.96805
20240305110008,441.92966
20240305111008,338.82062
20240305112008,303.30648
20240305113008,315.36838
20240305114008,310.53277
20240305115008,306.42828
20240305120008,288.93107
20240305121008,284.29539
20240305122008,278.13399
20240305123008,281.2635
20240305124008,258.95974
20240305125008,247.12833
20240305130008,245.51111
20240305131008,242.33818
20240305132008,239.26404
20240305133008,230.19293
20240305134008,236.14525
20240305135008,241.73287
20240305140008,227.82167
20240305141008,215.97679
20240305142008,210.54154
20240305143008,214.06279
20240305144008,225.92288
20240305145008,234.17626
20240305150008,230.74564
20240305151008,226.18523
20240305152008,219.73381
20240305153008,208.0019
20240305154008,207.80827
20240305155008,201.56586
20240305160008,347.35057
20240305161008,457.13445
20240305162008,504.24224
20240305163008,475.11488
20240305164008,505.32995
20240305165008,655.26543
20240325090008,197.94704
20240325091008,298.60659
20240325092008,333.78708
20240325093008,240.81396
20240325094008,272.60437
20240325095008,463.05386
20240325100008,503.85405
20240325101008,594.72472
20240325102008,533.63436
20240325103008,516.98972
20240325104008,530.51055
20240325105008,529.41051
20240325110008,441.92966
20240325111008,338.82062
20240325112008,303.30648
20240325113008,315.36838
20240325114008,310.53277
20240325115008,306.42828
20240325120008,288.93107
20240325121008,284.29539
20240325122008,278.13399
20240325123008,281.2635
20240325124008,258.95974
20240325125008,247.12833
20240325130008,245.51111
20240325131008,242.33818
20240325132008,239.26404
20240325133008,230.19293
20240325134008,236.14525
20240325135008,241.73287
20240325140008,227.82167
20240325141008,215.97679
20240325142008,210.54154
20240325143008,214.06279
20240325144008,225.92288
20240325145008,234.17626
20240325150008,230.74564
20240325151008,226.18523
20240325152008,219.73381
20240325153008,208.0019
20240325154008,207.80827
20240325155008,201.56586
20240325160008,347.35057
20240325161008,457.13445
20240325162008,504.24224
20240325163008,475.11488
20240325164008,505.32995
20240325165008,655.26543
20240518090008,194.23531
20240518091008,207.99131
20240518092008,249.47347
20240518093008,319.54363
20240518094008,328.19676
20240518095008,334.03325
20240518100008,427.09072
20240518101008,586.69194
20240518102008,528.38019
20240518103008,526.9185
20240518104008,527.79927
20240518105008,516.84391
20240518110008,441.92966
20240518111008,338.82062
20240518112008,303.30648
20240518113008,315.36838
20240518114008,310.53277
20240518115008,306.42828
20240518120008,288.93107
20240518121008,284.29539
20240518122008,278.13399
20240518123008,281.2635
20240518124008,258.95974
20240518125008,247.12833
20240518130008,245.51111
20240518131008,242.33818
20240518132008,239.26404
20240518133008,230.19293
20240518134008,236.14525
20240518135008,241.73287
20240518140008,227.82167
20240518141008,215.97679
20240518142008,210.54154
20240518143008,214.06279
20240518144008,225.92288
20240518145008,234.17626
20240518150008,230.74564
20240518151008,226.18523
20240518152008,219.73381
20240518153008,208.0019
20240518154008,207.80827
20240518155008,201.56586
20240518160008,347.35057
20240518161008,457.13445
20240518162008,504.24224
20240518163008,475.11488
20240518164008,505.32995
20240518165008,655.26543
20240526090008,194.37543
20240526091008,212.48438
20240526092008,232.94468
20240526093008,242.34355
20240526094008,273.58266
20240526095008,279.26648
20240526100008,393.86764
20240526101008,606.8212
20240526102008,535.30511
20240526103008,534.52597
20240526104008,526.94643
20240526105008,516.42321
20240526110008,441.92966
20240526111008,338.82062
20240526112008,303.30648
20240526113008,315.36838
20240526114008,310.53277
20240526115008,306.42828
20240526120008,288.93107
20240526121008,284.29539
20240526122008,278.13399
20240526123008,281.2635
20240526124008,258.95974
20240526125008,247.12833
20240526130008,245.51111
20240526131008,242.33818
20240526132008,239.26404
20240526133008,230.19293
20240526134008,236.14525
20240526135008,241.73287
20240526140008,227.82167
20240526141008,215.97679
20240526142008,210.54154
20240526143008,214.06279
20240526144008,225.92288
20240526145008,234.17626
20240526150008,230.74564
20240526151008,226.18523
20240526152008,219.73381
20240526153008,208.0019
20240526154008,207.80827
20240526155008,201.56586
20240526160008,347.35057
20240526161008,457.13445
20240526162008,504.24224
20240526163008,475.11488
20240526164008,505.32995
20240526165008,655.26543
20240529090008,202.42792
20240529091008,216.75763
20240529092008,253.71424
20240529093008,231.90582
20240529094008,229.58125
20240529095008,323.83918
20240529100008,376.83869
20240529101008,597.48303
20240529102008,536.9684
20240529103008,527.0288
20240529104008,530.73927
20240529105008,527.04958
20240529110008,441.92966
20240529111008,338.82062
20240529112008,303.30648
20240529113008,315.36838
20240529114008,310.53277
20240529115008,306.42828
20240529120008,288.93107
20240529121008,284.29539
20240529122008,278.13399
20240529123008,281.2635
20240529124008,258.95974
20240529125008,247.12833
20240529130008,245.51111
20240529131008,242.33818
20240529132008,239.26404
20240529133008,230.19293
20240529134008,236.14525
20240529135008,241.73287
20240529140008,227.82167
20240529141008,215.97679
20240529142008,210.54154
20240529143008,214.06279
20240529144008,225.92288
20240529145008,234.17626
20240529150008,230.74564
20240529151008,226.18523
20240529152008,219.73381
20240529153008,208.0019
20240529154008,207.80827
20240529155008,201.56586
20240529160008,347.35057
20240529161008,457.13445
20240529162008,504.24224
20240529163008,475.11488
20240529164008,505.32995
20240529165008,655.26543
20240607090008,190.10242
20240607091008,200.12675
20240607092008,223.07838
20240607093008,234.50356
20240607094008,242.19585
20240607095008,252.81242
20240607100008,366.39636
20240607101008,611.68252
20240607102008,534.64541
20240607103008,530.62212
20240607104008,527.46302
20240607105008,524.54036
20240607110008,441.92966
20240607111008,338.82062
20240607112008,303.30648
20240607113008,315.36838
20240607114008,310.53277
20240607115008,306.42828
20240607120008,288.93107
20240607121008,284.29539
20240607122008,278.13399
20240607123008,281.2635
20240607124008,258.95974
20240607125008,247.12833
20240607130008,245.51111
20240607131008,242.33818
20240607132008,239.26404
20240607133008,230.19293
20240607134008,236.14525
20240607135008,241.73287
20240607140008,227.82167
20240607141008,215.97679
20240607142008,210.54154
20240607143008,214.06279
20240607144008,225.92288
20240607145008,234.17626
20240607150008,230.74564
20240607151008,226.18523
20240607152008,219.73381
20240607153008,208.0019
20240607154008,207.80827
20240607155008,201.56586
20240607160008,347.35057
20240607161008,457.13445
20240607162008,504.24224
20240607163008,475.11488
20240607164008,505.32995
20240607165008,655.26543
20240613090008,189.90571
20240613091008,196.12967
20240613092008,213.4284
20240613093008,232.92947
20240613094008,239.30368
20240613095008,248.48255
20240613100008,367.2918
20240613101008,615.18604
20240613102008,534.12331
20240613103008,534.84153
20240613104008,527.42657
20240613105008,519.56702
20240613110008,441.92966
20240613111008,338.82062
20240613112008,303.30648
20240613113008,315.36838
20240613114008,310.53277
20240613115008,306.42828
20240613120008,288.93107
20240613121008,284.29539
20240613122008,278.13399
20240613123008,281.2635
20240613124008,258.95974
20240613125008,247.12833
20240613130008,245.51111
20240613131008,242.33818
20240613132008,239.26404
20240613133008,230.19293
20240613134008,236.14525
20240613135008,241.73287
20240613140008,227.82167
20240613141008,215.97679
20240613142008,210.54154
20240613143008,214.06279
20240613144008,225.92288
20240613145008,234.17626
20240613150008,230.74564
20240613151008,226.18523
20240613152008,219.73381
20240613153008,208.0019
20240613154008,207.80827
20240613155008,201.56586
20240613160008,347.35057
20240613161008,457.13445
20240613162008,504.24224
20240613163008,475.11488
20240613164008,505.32995
20240613165008,655.26543
20240628090008,197.69774
20240628091008,192.34035
20240628092008,200.63774
20240628093008,302.56104
20240628094008,428.49876
20240628095008,380.4911
20240628100008,591.18244
20240628101008,475.16891
20240628102008,464.54519
20240628103008,532.87362
20240628104008,560.34848
20240628105008,526.79319
20240628110008,441.92966
20240628111008,338.82062
20240628112008,303.30648
20240628113008,315.36838
20240628114008,310.53277
20240628115008,306.42828
20240628120008,288.93107
20240628121008,284.29539
20240628122008,278.13399
20240628123008,281.2635
20240628124008,258.95974
20240628125008,247.12833
20240628130008,245.51111
20240628131008,242.33818
20240628132008,239.26404
20240628133008,230.19293
20240628134008,236.14525
20240628135008,241.73287
20240628140008,227.82167
20240628141008,215.97679
20240628142008,210.54154
20240628143008,214.06279
20240628144008,225.92288
20240628145008,234.17626
20240628150008,230.74564
20240628151008,226.18523
20240628152008,219.73381
20240628153008,208.0019
20240628154008,207.80827
20240628155008,201.56586
20240628160008,347.35057
20240628161008,457.13445
20240628162008,504.24224
20240628163008,475.11488
20240628164008,505.32995
20240628165008,655.26543
20240705090008,198.19119
20240705091008,195.16538
20240705092008,212.19724
20240705093008,428.72767
20240705094008,651.65084
20240705095008,572.87386
20240705100008,405.46606
20240705101008,459.86965
20240705102008,508.45718
20240705103008,459.79283
20240705104008,567.20292
20240705105008,568.87017
20240705110008,441.92966
20240705111008,338.82062
20240705112008,303.30648
20240705113008,315.36838
20240705114008,310.53277
20240705115008,306.42828
20240705120008,288.93107
20240705121008,284.29539
20240705122008,278.13399
20240705123008,281.2635
20240705124008,258.95974
20240705125008,247.12833
20240705130008,245.51111
20240705131008,242.33818
20240705132008,239.26404
20240705133008,230.19293
20240705134008,236.14525
20240705135008,241.73287
20240705140008,227.82167
20240705141008,215.97679
20240705142008,210.54154
20240705143008,214.06279
20240705144008,225.92288
20240705145008,234.17626
20240705150008,230.74564
20240705151008,226.18523
20240705152008,219.73381
20240705153008,208.0019
20240705154008,207.80827
20240705155008,201.56586
20240705160008,347.35057
20240705161008,457.13445
20240705162008,504.24224
20240705163008,475.11488
20240705164008,505.32995
20240705165008,655.26543
20240709090008,197.93115
20240709091008,194.47327
20240709092008,210.19822
20240709093008,394.47346
20240709094008,623.21193
20240709095008,519.85218
20240709100008,460.0985
20240709101008,464.79982
20240709102008,508.30668
20240709103008,470.34136
20240709104008,569.42277
20240709105008,565.48443
20240709110008,441.92966
20240709111008,338.82062
20240709112008,303.30648
20240709113008,315.36838
20240709114008,310.53277
20240709115008,306.42828
20240709120008,288.93107
20240709121008,284.29539
20240709122008,278.13399
20240709123008,281.2635
20240709124008,258.95974
20240709125008,247.12833
20240709130008,245.51111
20240709131008,242.33818
20240709132008,239.26404
20240709133008,230.19293
20240709134008,236.14525
20240709135008,241.73287
20240709140008,227.82167
20240709141008,215.97679
20240709142008,210.54154
20240709143008,214.06279
20240709144008,225.92288
20240709145008,234.17626
20240709150008,230.74564
20240709151008,226.18523
20240709152008,219.73381
20240709153008,208.0019
20240709154008,207.80827
20240709155008,201.56586
20240709160008,347.35057
20240709161008,457.13445
20240709162008,504.24224
20240709163008,475.11488
20240709164008,505.32995
20240709165008,655.26543
20240715090008,200.52085
20240715091008,192.43349
20240715092008,197.6871
20240715093008,321.02981
20240715094008,463.83351
20240715095008,393.25034
20240715100008,586.95564
20240715101008,468.34553
20240715102008,470.16856
20240715103008,526.82126
20240715104008,560.08715
20240715105008,532.00265
20240715110008,441.92966
20240715111008,338.82062
20240715112008,303.30648
20240715113008,315.36838
20240715114008,310.53277
20240715115008,306.42828
20240715120008,288.93107
20240715121008,284.29539
20240715122008,278.13399
20240715123008,281.2635
20240715124008,258.95974
20240715125008,247.12833
20240715130008,245.51111
20240715131008,242.33818
20240715132008,239.26404
20240715133008,230.19293
20240715134008,236.14525
20240715135008,241.73287
20240715140008,227.82167
20240715141008,215.97679
20240715142008,210.54154
20240715143008,214.06279
20240715144008,225.92288
20240715145008,234.17626
20240715150008,230.74564
20240715151008,226.18523
20240715152008,219.73381
20240715153008,208.0019
20240715154008,207.80827
20240715155008,201.56586
20240715160008,347.35057
20240715161008,457.13445
20240715162008,504.24224
20240715163008,475.11488
20240715164008,505.32995
20240715165008,655.26543
20240719090008,200.72585
20240719091008,194.46653
20240719092008,206.54892
20240719093008,390.28689
20240719094008,599.33235
20240719095008,506.86875
20240719100008,503.684
20240719101008,466.15617
20240719102008,507.23421
20240719103008,496.36576
20240719104008,566.83687
20240719105008,555.99512
20240719110008,441.92966
20240719111008,338.82062
20240719112008,303.30648
20240719113008,315.36838
20240719114008,310.53277
20240719115008,306.42828
20240719120008,288.93107
20240719121008,284.29539
20240719122008,278.13399
20240719123008,281.2635
20240719124008,258.95974
20240719125008,247.12833
20240719130008,245.51111
20240719131008,242.33818
20240719132008,239.26404
20240719133008,230.19293
20240719134008,236.14525
20240719135008,241.73287
20240719140008,227.82167
20240719141008,215.97679
20240719142008,210.54154
20240719143008,214.06279
20240719144008,225.92288
20240719145008,234.17626
20240719150008,230.74564
20240719151008,226.18523
20240719152008,219.73381
20240719153008,208.0019
20240719154008,207.80827
20240719155008,201.56586
20240719160008,347.35057
20240719161008,457.13445
20240719162008,504.24224
20240719163008,475.11488
20240719164008,505.32995
20240719165008,655.26543
20240309090009,193.60663
20240309091009,206.28631
20240309092009,229.73131
20240309093009,222.07888
20240309094009,232.64538
20240309095009,311.74094
20240309100009,624.2335
20240309101009,609.56578
20240309102009,523.26391
20240309103009,537.03521
20240309104009,532.71704
20240309105009,514.15308
20240309110009,441.92966
20240309111009,338.82062
20240309112009,303.30648
20240309113009,315.36838
20240309114009,310.53277
20240309115009,306.42828
20240309120009,288.93107
20240309121009,284.29539
20240309122009,278.13399
20240309123009,281.2635
20240309124009,258.95974
20240309125009,247.12833
20240309130009,245.51111
20240309131009,242.33818
20240309132009,239.26404
20240309133009,230.19293
20240309134009,236.14525
20240309135009,241.73287
20240309140009,227.82167
20240309141009,215.97679
20240309142009,210.54154
20240309143009,214.06279
20240309144009,225.92288
20240309145009,234.17626
20240309150009,230.74564
20240309151009,226.18523
20240309152009,219.73381
20240309153009,208.0019
20240309154009,207.80827
20240309155009,201.56586
20240309160009,347.35057
20240309161009,457.13445
20240309162009,504.24224
20240309163009,475.11488
20240309164009,505.32995
20240309165009,655.26543
20240314090009,186.91423
20240314091009,195.88632
20240314092009,219.77869
20240314093009,222.05783
20240314094009,229.9346
20240314095009,279.13903
20240314100009,467.09049
20240314101009,582.80808
20240314102009,531.2217
20240314103009,536.47277
20240314104009,529.59661
20240314105009,511.25481
20240314110009,441.92966
20240314111009,338.82062
20240314112009,303.30648
20240314113009,315.36838
20240314114009,310.53277
20240314115009,306.42828
20240314120009,288.93107
20240314121009,284.29539
20240314122009,278.13399
20240314123009,281.2635
20240314124009,258.95974
20240314125009,247.12833
20240314130009,245.51111
20240314131009,242.33818
20240314132009,239.26404
20240314133009,230.19293
20240314134009,236.14525
20240314135009,241.73287
20240314140009,227.82167
20240314141009,215.97679
20240314142009,210.54154
20240314143009,214.06279
20240314144009,225.92288
20240314145009,234.17626
20240314150009,230.74564
20240314151009,226.18523
20240314152009,219.73381
20240314153009,208.0019
20240314154009,207.80827
20240314155009,201.56586
20240314160009,347.35057
20240314161009,457.13445
20240314162009,504.24224
20240314163009,475.11488
20240314164009,505.32995
20240314165009,655.26543
20240414090009,442.52438
20240414091009,258.56445
20240414092009,234.99562
20240414093009,251.93619
20240414094009,305.79528
20240414095009,305.54147
20240414100009,617.88916
20240414101009,510.23646
20240414102009,466.27689
20240414103009,540.18319
20240414104009,549.5845
20240414105009,515.56247
20240414110009,441.92966
20240414111009,338.82062
20240414112009,303.30648
20240414113009,315.36838
20240414114009,310.53277
20240414115009,306.42828
20240414120009,288.93107
20240414121009,284.29539
20240414122009,278.13399
20240414123009,281.2635
20240414124009,258.95974
20240414125009,247.12833
20240414130009,245.51111
20240414131009,242.33818
20240414132009,239.26404
20240414133009,230.19293
20240414134009,236.14525
20240414135009,241.73287
20240414140009,227.82167
20240414141009,215.97679
20240414142009,210.54154
20240414143009,214.06279
20240414144009,225.92288
20240414145009,234.17626
20240414150009,230.74564
20240414151009,226.18523
20240414152009,219.73381
20240414153009,208.0019
20240414154009,207.80827
20240414155009,201.56586
20240414160009,347.35057
20240414161009,457.13445
20240414162009,504.24224
20240414163009,475.11488
20240414164009,505.32995
20240414165009,655.26543
20240506090009,242.28752
20240506091009,234.72636
20240506092009,256.21938
20240506093009,366.7714
20240506094009,426.31973
20240506095009,382.86815
20240506100009,509.6465
20240506101009,467.42965
20240506102009,510.10123
20240506103009,512.82235
20240506104009,551.39359
20240506105009,537.00333
20240506110009,441.92966
20240506111009,338.82062
20240506112009,303.30648
20240506113009,315.36838
20240506114009,310.53277
20240506115009,306.42828
20240506120009,288.93107
20240506121009,284.29539
20240506122009,278.13399
20240506123009,281.2635
20240506124009,258.95974
20240506125009,247.12833
20240506130009,245.51111
20240506131009,242.33818
20240506132009,239.26404
20240506133009,230.19293
20240506134009,236.14525
20240506135009,241.73287
20240506140009,227.82167
20240506141009,215.97679
20240506142009,210.54154
20240506143009,214.06279
20240506144009,225.92288
20240506145009,234.17626
20240506150009,230.74564
20240506151009,226.18523
20240506152009,219.73381
20240506153009,208.0019
20240506154009,207.80827
20240506155009,201.56586
20240506160009,347.35057
20240506161009,457.13445
20240506162009,504.24224
20240506163009,475.11488
20240506164009,505.32995
20240506165009,655.26543
20240526090009,196.57276
20240526091009,223.07084
20240526092009,232.41231
20240526093009,234.08768
20240526094009,234.7434
20240526095009,276.73082
20240526100009,429.17741
20240526101009,611.42099
20240526102009,535.08271
20240526103009,535.10005
20240526104009,527.68005
20240526105009,516.71813
20240526110009,441.92966
20240526111009,338.82062
20240526112009,303.30648
20240526113009,315.36838
20240526114009,310.53277
20240526115009,306.42828
20240526120009,288.93107
20240526121009,284.29539
20240526122009,278.13399
20240526123009,281.2635
20240526124009,258.95974
20240526125009,247.12833
20240526130009,245.51111
20240526131009,242.33818
20240526132009,239.26404
20240526133009,230.19293
20240526134009,236.14525
20240526135009,241.73287
20240526140009,227.82167
20240526141009,215.97679
20240526142009,210.54154
20240526143009,214.06279
20240526144009,225.92288
20240526145009,234.17626
20240526150009,230.74564
20240526151009,226.18523
20240526152009,219.73381
20240526153009,208.0019
20240526154009,207.80827
20240526155009,201.56586
20240526160009,347.35057
20240526161009,457.13445
20240526162009,504.24224
20240526163009,475.11488
20240526164009,505.32995
20240526165009,655.26543
20240614090009,192.05346
20240614091009,198.69623
20240614092009,212.82309
20240614093009,229.162
20240614094009,226.63555
20240614095009,252.88112
20240614100009,391.46774
20240614101009,638.22488
20240614102009,533.39237
20240614103009,535.35877
20240614104009,531.09605
20240614105009,529.27222
20240614110009,441.92966
20240614111009,338.82062
20240614112009,303.30648
20240614113009,315.36838
20240614114009,310.53277
20240614115009,306.42828
20240614120009,288.93107
20240614121009,284.29539
20240614122009,278.13399
20240614123009,281.2635
20240614124009,258.95974
20240614125009,247.12833
20240614130009,245.51111
20240614131009,242.33818
20240614132009,239.26404
20240614133009,230.19293
20240614134009,236.14525
20240614135009,241.73287
20240614140009,227.82167
20240614141009,215.97679
20240614142009,210.54154
20240614143009,214.06279
20240614144009,225.92288
20240614145009,234.17626
20240614150009,230.74564
20240614151009,226.18523
20240614152009,219.73381
20240614153009,208.0019
20240614154009,207.80827
20240614155009,201.56586
20240614160009,347.35057
20240614161009,457.13445
20240614162009,504.24224
20240614163009,475.11488
20240614164009,505.32995
20240614165009,655.26543
20240621090009,204.16967
20240621091009,194.30603
20240621092009,221.27437
20240621093009,323.9137
20240621094009,452.63608
20240621095009,382.88526
20240621100009,630.52989
20240621101009,467.5256
20240621102009,464.99178
20240621103009,521.74688
20240621104009,563.923
20240621105009,537.15586
20240621110009,441.92966
20240621111009,338.82062
20240621112009,303.30648
20240621113009,315.36838
20240621114009,310.53277
20240621115009,306.42828
20240621120009,288.93107
20240621121009,284.29539
20240621122009,278.13399
20240621123009,281.2635
20240621124009,258.95974
20240621125009,247.12833
20240621130009,245.51111
20240621131009,242.33818
20240621132009,239.26404
20240621133009,230.19293
20240621134009,236.14525
20240621135009,241.73287
20240621140009,227.82167
20240621141009,215.97679
20240621142009,210.54154
20240621143009,214.06279
20240621144009,225.92288
20240621145009,234.17626
20240621150009,230.74564
20240621151009,226.18523
20240621152009,219.73381
20240621153009,208.0019
20240621154009,207.80827
20240621155009,201.56586
20240621160009,347.35057
20240621161009,457.13445
20240621162009,504.24224
20240621163009,475.11488
20240621164009,505.32995
20240621165009,655.26543
20240628090009,250.0864
20240628091009,194.66632
20240628092009,227.15594
20240628093009,306.01406
20240628094009,350.82932
20240628095009,327.96402
20240628100009,710.67988
20240628101009,504.09726
20240628102009,456.00851
20240628103009,534.85126
20240628104009,564.79374
20240628105009,531.89571
20240628110009,441.92966
20240628111009,338.82062
20240628112009,303.30648
20240628113009,315.36838
20240628114009,310.53277
20240628115009,306.42828
20240628120009,288.93107
20240628121009,284.29539
20240628122009,278.13399
20240628123009,281.2635
20240628124009,258.95974
20240628125009,247.12833
20240628130009,245.51111
20240628131009,242.33818
20240628132009,239.26404
20240628133009,230.19293
20240628134009,236.14525
20240628135009,241.73287
20240628140009,227.82167
20240628141009,215.97679
20240628142009,210.54154
20240628143009,214.06279
20240628144009,225.92288
20240628145009,234.17626
20240628150009,230.74564
20240628151009,226.18523
20240628152009,219.73381
20240628153009,208.0019
20240628154009,207.80827
20240628155009,201.56586
20240628160009,347.35057
20240628161009,457.13445
20240628162009,504.24224
20240628163009,475.11488
20240628164009,505.32995
20240628165009,655.26543
20240717090009,212.8145
20240717091009,195.11177
20240717092009,213.86963
20240717093009,394.71169
20240717094009,561.24706
20240717095009,457.99056
20240717100009,502.4157
20240717101009,457.39945
20240717102009,507.25022
20240717103009,471.03062
20240717104009,591.07322
20240717105009,567.56882
20240717110009,441.92966
20240717111009,338.82062
20240717112009,303.30648
20240717113009,315.36838
20240717114009,310.53277
20240717115009,306.42828
20240717120009,288.93107
20240717121009,284.29539
20240717122009,278.13399
20240717123009,281.2635
20240717124009,258.95974
20240717125009,247.12833
20240717130009,245.51111
20240717131009,242.33818
20240717132009,239.26404
20240717133009,230.19293
20240717134009,236.14525
20240717135009,241.73287
20240717140009,227.82167
20240717141009,215.97679
20240717142009,210.54154
20240717143009,214.06279
20240717144009,225.92288
20240717145009,234.17626
20240717150009,230.74564
20240717151009,226.18523
20240717152009,219.73381
20240717153009,208.0019
20240717154009,207.80827
20240717155009,201.56586
20240717160009,347.35057
20240717161009,457.13445
20240717162009,504.24224
20240717163009,475.11488
20240717164009,505.32995
20240717165009,655.26543
20240316090010,468.22389
20240316091010,234.79159
20240316092010,394.06354
20240316093010,244.00425
20240316094010,295.78204
20240316095010,378.56932
20240316100010,821.41344
20240316101010,519.52274
20240316102010,452.87637
20240316103010,526.69239
20240316104010,543.15645
20240316105010,532.44931
20240316110010,441.92966
20240316111010,338.82062
20240316112010,303.30648
20240316113010,315.36838
20240316114010,310.53277
20240316115010,306.42828
20240316120010,288.93107
20240316121010,284.29539
20240316122010,278.13399
20240316123010,281.2635
20240316124010,258.95974
20240316125010,247.12833
20240316130010,245.51111
20240316131010,242.33818
20240316132010,239.26404
20240316133010,230.19293
20240316134010,236.14525
20240316135010,241.73287
20240316140010,227.82167
20240316141010,215.97679
20240316142010,210.54154
20240316143010,214.06279
20240316144010,225.92288
20240316145010,234.17626
20240316150010,230.74564
20240316151010,226.18523
20240316152010,219.73381
20240316153010,208.0019
20240316154010,207.80827
20240316155010,201.56586
20240316160010,347.35057
20240316161010,457.13445
20240316162010,504.24224
20240316163010,475.11488
20240316164010,505.32995
20240316165010,655.26543
20240324090010,435.41533
20240324091010,256.94852
20240324092010,390.11844
20240324093010,214.71839
20240324094010,256.23679
20240324095010,363.76327
20240324100010,798.36421
20240324101010,525.49047
20240324102010,437.60316
20240324103010,534.16175
20240324104010,543.72541
20240324105010,532.73117
20240324110010,441.92966
20240324111010,338.82062
20240324112010,303.30648
20240324113010,315.36838
20240324114010,310.53277
20240324115010,306.42828
20240324120010,288.93107
20240324121010,284.29539
20240324122010,278.13399
20240324123010,281.2635
20240324124010,258.95974
20240324125010,247.12833
20240324130010,245.51111
20240324131010,242.33818
20240324132010,239.26404
20240324133010,230.19293
20240324134010,236.14525
20240324135010,241.73287
20240324140010,227.82167
20240324141010,215.97679
20240324142010,210.54154
20240324143010,214.06279
20240324144010,225.92288
20240324145010,234.17626
20240324150010,230.74564
20240324151010,226.18523
20240324152010,219.73381
20240324153010,208.0019
20240324154010,207.80827
20240324155010,201.56586
20240324160010,347.35057
20240324161010,457.13445
20240324162010,504.24224
20240324163010,475.11488
20240324164010,505.32995
20240324165010,655.26543
20240412090010,381.53464
20240412091010,228.42399
20240412092010,281.82818
20240412093010,470.51331
20240412094010,531.86082
20240412095010,508.18645
20240412100010,524.49437
20240412101010,459.40496
20240412102010,475.10479
20240412103010,459.75509
20240412104010,568.14205
20240412105010,571.96624
20240412110010,441.92966
20240412111010,338.82062
20240412112010,303.30648
20240412113010,315.36838
20240412114010,310.53277
20240412115010,306.42828
20240412120010,288.93107
20240412121010,284.29539
20240412122010,278.13399
20240412123010,281.2635
20240412124010,258.95974
20240412125010,247.12833
20240412130010,245.51111
20240412131010,242.33818
20240412132010,239.26404
20240412133010,230.19293
20240412134010,236.14525
20240412135010,241.73287
20240412140010,227.82167
20240412141010,215.97679
20240412142010,210.54154
20240412143010,214.06279
20240412144010,225.92288
20240412145010,234.17626
20240412150010,230.74564
20240412151010,226.18523
20240412152010,219.73381
20240412153010,208.0019
20240412154010,207.80827
20240412155010,201.56586
20240412160010,347.35057
20240412161010,457.13445
20240412162010,504.24224
20240412163010,475.11488
20240412164010,505.32995
20240412165010,655.26543
20240419090010,212.63403
20240419091010,229.20194
20240419092010,237.8984
20240419093010,253.95654
20240419094010,242.18402
20240419095010,281.4088
20240419100010,453.89258
20240419101010,608.15436
20240419102010,534.27117
20240419103010,535.10005
20240419104010,522.90736
20240419105010,515.0341
20240419110010,441.92966
20240419111010,338.82062
20240419112010,303.30648
20240419113010,315.36838
20240419114010,310.53277
20240419115010,306.42828
20240419120010,288.93107
20240419121010,284.29539
20240419122010,278.13399
20240419123010,281.2635
20240419124010,258.95974
20240419125010,247.12833
20240419130010,245.51111
20240419131010,242.33818
20240419132010,239.26404
20240419133010,230.19293
20240419134010,236.14525
20240419135010,241.73287
20240419140010,227.82167
20240419141010,215.97679
20240419142010,210.54154
20240419143010,214.06279
20240419144010,225.92288
20240419145010,234.17626
20240419150010,230.74564
20240419151010,226.18523
20240419152010,219.73381
20240419153010,208.0019
20240419154010,207.80827
20240419155010,201.56586
20240419160010,347.35057
20240419161010,457.13445
20240419162010,504.24224
20240419163010,475.11488
20240419164010,505.32995
20240419165010,655.26543
20240515090010,315.27616
20240515091010,373.1928
20240515092010,346.17495
20240515093010,257.09916
20240515094010,297.72328
20240515095010,330.53752
20240515100010,667.69012
20240515101010,481.79141
20240515102010,455.51985
20240515103010,529.64901
20240515104010,566.70387
20240515105010,534.94623
20240515110010,441.92966
20240515111010,338.82062
20240515112010,303.30648
20240515113010,315.36838
20240515114010,310.53277
20240515115010,306.42828
20240515120010,288.93107
20240515121010,284.29539
20240515122010,278.13399
20240515123010,281.2635
20240515124010,258.95974
20240515125010,247.12833
20240515130010,245.51111
20240515131010,242.33818
20240515132010,239.26404
20240515133010,230.19293
20240515134010,236.14525
20240515135010,241.73287
20240515140010,227.82167
20240515141010,215.97679
20240515142010,210.54154
20240515143010,214.06279
20240515144010,225.92288
20240515145010,234.17626
20240515150010,230.74564
20240515151010,226.18523
20240515152010,219.73381
20240515153010,208.0019
20240515154010,207.80827
20240515155010,201.56586
20240515160010,347.35057
20240515161010,457.13445
20240515162010,504.24224
20240515163010,475.11488
20240515164010,505.32995
20240515165010,655.26543
20240526090010,200.85779
20240526091010,229.18545
20240526092010,242.49115
20240526093010,230.24917
20240526094010,230.02476
20240526095010,295.70491
20240526100010,507.11276
20240526101010,610.50811
20240526102010,533.99304
20240526103010,536.73665
20240526104010,528.52005
20240526105010,517.45569
20240526110010,441.92966
20240526111010,338.82062
20240526112010,303.30648
20240526113010,315.36838
20240526114010,310.53277
20240526115010,306.42828
20240526120010,288.93107
20240526121010,284.29539
20240526122010,278.13399
20240526123010,281.2635
20240526124010,258.95974
20240526125010,247.12833
20240526130010,245.51111
20240526131010,242.33818
20240526132010,239.26404
20240526133010,230.19293
20240526134010,236.14525
20240526135010,241.73287
20240526140010,227.82167
20240526141010,215.97679
20240526142010,210.54154
20240526143010,214.06279
20240526144010,225.92288
20240526145010,234.17626
20240526150010,230.74564
20240526151010,226.18523
20240526152010,219.73381
20240526153010,208.0019
20240526154010,207.80827
20240526155010,201.56586
20240526160010,347.35057
20240526161010,457.13445
20240526162010,504.24224
20240526163010,475.11488
20240526164010,505.32995
20240526165010,655.26543
20240617090010,197.14579
20240617091010,200.81251
20240617092010,213.62368
20240617093010,233.9363
20240617094010,230.33308
20240617095010,271.09489
20240617100010,433.39954
20240617101010,640.34874
20240617102010,534.79705
20240617103010,535.35877
20240617104010,528.15755
20240617105010,529.27222
20240617110010,441.92966
20240617111010,338.82062
20240617112010,303.30648
20240617113010,315.36838
20240617114010,310.53277
20240617115010,306.42828
20240617120010,288.93107
20240617121010,284.29539
20240617122010,278.13399
20240617123010,281.2635
20240617124010,258.95974
20240617125010,247.12833
20240617130010,245.51111
20240617131010,242.33818
20240617132010,239.26404
20240617133010,230.19293
20240617134010,236.14525
20240617135010,241.73287
20240617140010,227.82167
20240617141010,215.97679
20240617142010,210.54154
20240617143010,214.06279
20240617144010,225.92288
20240617145010,234.17626
20240617150010,230.74564
20240617151010,226.18523
20240617152010,219.73381
20240617153010,208.0019
20240617154010,207.80827
20240617155010,201.56586
20240617160010,347.35057
20240617161010,457.13445
20240617162010,504.24224
20240617163010,475.11488
20240617164010,505.32995
20240617165010,655.26543
20240630090010,408.95048
20240630091010,200.409
20240630092010,283.97431
20240630093010,428.30075
20240630094010,573.27937
20240630095010,524.40078
20240630100010,552.02189
20240630101010,470.45875
20240630102010,463.39918
20240630103010,456.10178
20240630104010,572.30027
20240630105010,594.58438
20240630110010,441.92966
20240630111010,338.82062
20240630112010,303.30648
20240630113010,315.36838
20240630114010,310.53277
20240630115010,306.42828
20240630120010,288.93107
20240630121010,284.29539
20240630122010,278.13399
20240630123010,281.2635
20240630124010,258.95974
20240630125010,247.12833
20240630130010,245.51111
20240630131010,242.33818
20240630132010,239.26404
20240630133010,230.19293
20240630134010,236.14525
20240630135010,241.73287
20240630140010,227.82167
20240630141010,215.97679
20240630142010,210.54154
20240630143010,214.06279
20240630144010,225.92288
20240630145010,234.17626
20240630150010,230.74564
20240630151010,226.18523
20240630152010,219.73381
20240630153010,208.0019
20240630154010,207.80827
20240630155010,201.56586
20240630160010,347.35057
20240630161010,457.13445
20240630162010,504.24224
20240630163010,475.11488
20240630164010,505.32995
20240630165010,655.26543
20240714090010,341.58589
20240714091010,199.98439
20240714092010,262.70195
20240714093010,316.34527
20240714094010,396.99071
20240714095010,394.72239
20240714100010,778.85485
20240714101010,530.90296
20240714102010,399.71444
20240714103010,499.24494
20240714104010,568.06641
20240714105010,562.49629
20240714110010,441.92966
20240714111010,338.82062
20240714112010,303.30648
20240714113010,315.36838
20240714114010,310.53277
20240714115010,306.42828
20240714120010,288.93107
20240714121010,284.29539
20240714122010,278.13399
20240714123010,281.2635
20240714124010,258.95974
20240714125010,247.12833
20240714130010,245.51111
20240714131010,242.33818
20240714132010,239.26404
20240714133010,230.19293
20240714134010,236.14525
20240714135010,241.73287
20240714140010,227.82167
20240714141010,215.97679
20240714142010,210.54154
20240714143010,214.06279
20240714144010,225.92288
20240714145010,234.17626
20240714150010,230.74564
20240714151010,226.18523
20240714152010,219.73381
20240714153010,208.0019
20240714154010,207.80827
20240714155010,201.56586
20240714160010,347.35057
20240714161010,457.13445
20240714162010,504.24224
20240714163010,475.11488
20240714164010,505.32995
20240714165010,655.26543
20240718090010,327.84085
20240718091010,197.80951
20240718092010,233.0621
20240718093010,351.70795
20240718094010,549.71193
20240718095010,526.62
20240718100010,636.46375
20240718101010,459.6404
20240718102010,392.53077
20240718103010,466.15737
20240718104010,571.17172
20240718105010,572.80666
20240718110010,441.92966
20240718111010,338.82062
20240718112010,303.30648
20240718113010,315.36838
20240718114010,310.53277
20240718115010,306.42828
20240718120010,288.93107
20240718121010,284.29539
20240718122010,278.13399
20240718123010,281.2635
20240718124010,258.95974
20240718125010,247.12833
20240718130010,245.51111
20240718131010,242.33818
20240718132010,239.26404
20240718133010,230.19293
20240718134010,236.14525
20240718135010,241.73287
20240718140010,227.82167
20240718141010,215.97679
20240718142010,210.54154
20240718143010,214.06279
20240718144010,225.92288
20240718145010,234.17626
20240718150010,230.74564
20240718151010,226.18523
20240718152010,219.73381
20240718153010,208.0019
20240718154010,207.80827
20240718155010,201.56586
20240718160010,347.35057
20240718161010,457.13445
20240718162010,504.24224
20240718163010,475.11488
20240718164010,505.32995
20240718165010,655.26543
20240720090010,336.76163
20240720091010,200.0608
20240720092010,255.27309
20240720093010,349.95652
20240720094010,519.16584
20240720095010,489.52909
20240720100010,679.67873
20240720101010,484.68599
20240720102010,390.71824
20240720103010,472.62373
20240720104010,570.34254
20240720105010,568.98229
20240720110010,441.92966
20240720111010,338.82062
20240720112010,303.30648
20240720113010,315.36838
20240720114010,310.53277
20240720115010,306.42828
20240720120010,288.93107
20240720121010,284.29539
20240720122010,278.13399
20240720123010,281.2635
20240720124010,258.95974
20240720125010,247.12833
20240720130010,245.51111
20240720131010,242.33818
20240720132010,239.26404
20240720133010,230.19293
20240720134010,236.14525
20240720135010,241.73287
20240720140010,227.82167
20240720141010,215.97679
20240720142010,210.54154
20240720143010,214.06279
20240720144010,225.92288
20240720145010,234.17626
20240720150010,230.74564
20240720151010,226.18523
20240720152010,219.73381
20240720153010,208.0019
20240720154010,207.80827
20240720155010,201.56586
20240720160010,347.35057
20240720161010,457.13445
20240720162010,504.24224
20240720163010,475.11488
20240720164010,505.32995
20240720165010,655.26543
20240322090011,206.02036
20240322091011,211.63156
20240322092011,280.51272
20240322093011,226.89532
20240322094011,243.04687
20240322095011,323.30553
20240322100011,701.95538
20240322101011,619.49728
20240322102011,523.63065
20240322103011,540.8165
20240322104011,531.91205
20240322105011,515.13677
20240322110011,441.92966
20240322111011,338.82062
20240322112011,303.30648
20240322113011,315.36838
20240322114011,310.53277
20240322115011,306.42828
20240322120011,288.93107
20240322121011,284.29539
20240322122011,278.13399
20240322123011,281.2635
20240322124011,258.95974
20240322125011,247.12833
20240322130011,245.51111
20240322131011,242.33818
20240322132011,239.26404
20240322133011,230.19293
20240322134011,236.14525
20240322135011,241.73287
20240322140011,227.82167
20240322141011,215.97679
20240322142011,210.54154
20240322143011,214.06279
20240322144011,225.92288
20240322145011,234.17626
20240322150011,230.74564
20240322151011,226.18523
20240322152011,219.73381
20240322153011,208.0019
20240322154011,207.80827
20240322155011,201.56586
20240322160011,347.35057
20240322161011,457.13445
20240322162011,504.24224
20240322163011,475.11488
20240322164011,505.32995
20240322165011,655.26543
20240327090011,187.68497
20240327091011,205.91452
20240327092011,226.56525
20240327093011,221.43041
20240327094011,222.49106
20240327095011,284.60601
20240327100011,528.04586
20240327101011,600.8065
20240327102011,533.11474
20240327103011,537.63364
20240327104011,528.70283
20240327105011,513.43783
20240327110011,441.92966
20240327111011,338.82062
20240327112011,303.30648
20240327113011,315.36838
20240327114011,310.53277
20240327115011,306.42828
20240327120011,288.93107
20240327121011,284.29539
20240327122011,278.13399
20240327123011,281.2635
20240327124011,258.95974
20240327125011,247.12833
20240327130011,245.51111
20240327131011,242.33818
20240327132011,239.26404
20240327133011,230.19293
20240327134011,236.14525
20240327135011,241.73287
20240327140011,227.82167
20240327141011,215.97679
20240327142011,210.54154
20240327143011,214.06279
20240327144011,225.92288
20240327145011,234.17626
20240327150011,230.74564
20240327151011,226.18523
20240327152011,219.73381
20240327153011,208.0019
20240327154011,207.80827
20240327155011,201.56586
20240327160011,347.35057
20240327161011,457.13445
20240327162011,504.24224
20240327163011,475.11488
20240327164011,505.32995
20240327165011,655.26543
20240413090011,294.8562
20240413091011,301.06311
20240413092011,283.65686
20240413093011,241.03076
20240413094011,240.10824
20240413095011,462.46312
20240413100011,655.46914
20240413101011,566.44829
20240413102011,520.04103
20240413103011,524.26003
20240413104011,524.6442
20240413105011,525.7052
20240413110011,441.92966
20240413111011,338.82062
20240413112011,303.30648
20240413113011,315.36838
20240413114011,310.53277
20240413115011,306.42828
20240413120011,288.93107
20240413121011,284.29539
20240413122011,278.13399
20240413123011,281.2635
20240413124011,258.95974
20240413125011,247.12833
20240413130011,245.51111
20240413131011,242.33818
20240413132011,239.26404
20240413133011,230.19293
20240413134011,236.14525
20240413135011,241.73287
20240413140011,227.82167
20240413141011,215.97679
20240413142011,210.54154
20240413143011,214.06279
20240413144011,225.92288
20240413145011,234.17626
20240413150011,230.74564
20240413151011,226.18523
20240413152011,219.73381
20240413153011,208.0019
20240413154011,207.80827
20240413155011,201.56586
20240413160011,347.35057
20240413161011,457.13445
20240413162011,504.24224
20240413163011,475.11488
20240413164011,505.32995
20240413165011,655.26543
20240426090011,243.89026
20240426091011,228.01215
20240426092011,215.65669
20240426093011,343.29574
20240426094011,499.10914
20240426095011,321.3853
20240426100011,440.77904
20240426101011,461.80723
20240426102011,510.08277
20240426103011,535.50368
20240426104011,558.81849
20240426105011,517.28088
20240426110011,441.92966
20240426111011,338.82062
20240426112011,303.30648
20240426113011,315.36838
20240426114011,310.53277
20240426115011,306.42828
20240426120011,288.93107
20240426121011,284.29539
20240426122011,278.13399
20240426123011,281.2635
20240426124011,258.95974
20240426125011,247.12833
20240426130011,245.51111
20240426131011,242.33818
20240426132011,239.26404
20240426133011,230.19293
20240426134011,236.14525
20240426135011,241.73287
20240426140011,227.82167
20240426141011,215.97679
20240426142011,210.54154
20240426143011,214.06279
20240426144011,225.92288
20240426145011,234.17626
20240426150011,230.74564
20240426151011,226.18523
20240426152011,219.73381
20240426153011,208.0019
20240426154011,207.80827
20240426155011,201.56586
20240426160011,347.35057
20240426161011,457.13445
20240426162011,504.24224
20240426163011,475.11488
20240426164011,505.32995
20240426165011,655.26543
20240606090011,188.46511
20240606091011,198.10853
20240606092011,218.62595
20240606093011,230.28775
20240606094011,239.3563
20240606095011,240.95261
20240606100011,370.50819
20240606101011,611.45159
20240606102011,534.45666
20240606103011,534.6924
20240606104011,527.79064
20240606105011,519.33295
20240606110011,441.92966
20240606111011,338.82062
20240606112011,303.30648
20240606113011,315.36838
20240606114011,310.53277
20240606115011,306.42828
20240606120011,288.93107
20240606121011,284.29539
20240606122011,278.13399
20240606123011,281.2635
20240606124011,258.95974
20240606125011,247.12833
20240606130011,245.51111
20240606131011,242.33818
20240606132011,239.26404
20240606133011,230.19293
20240606134011,236.14525
20240606135011,241.73287
20240606140011,227.82167
20240606141011,215.97679
20240606142011,210.54154
20240606143011,214.06279
20240606144011,225.92288
20240606145011,234.17626
20240606150011,230.74564
20240606151011,226.18523
20240606152011,219.73381
20240606153011,208.0019
20240606154011,207.80827
20240606155011,201.56586
20240606160011,347.35057
20240606161011,457.13445
20240606162011,504.24224
20240606163011,475.11488
20240606164011,505.32995
20240606165011,655.26543
20240712090011,197.16686
20240712091011,196.71506
20240712092011,202.51632
20240712093011,308.47524
20240712094011,494.9607
20240712095011,435.72873
20240712100011,527.00191
20240712101011,476.17104
20240712102011,498.79806
20240712103011,523.99281
20240712104011,547.09796
20240712105011,529.55526
20240712110011,441.92966
20240712111011,338.82062
20240712112011,303.30648
20240712113011,315.36838
20240712114011,310.53277
20240712115011,306.42828
20240712120011,288.93107
20240712121011,284.29539
20240712122011,278.13399
20240712123011,281.2635
20240712124011,258.95974
20240712125011,247.12833
20240712130011,245.51111
20240712131011,242.33818
20240712132011,239.26404
20240712133011,230.19293
20240712134011,236.14525
20240712135011,241.73287
20240712140011,227.82167
20240712141011,215.97679
20240712142011,210.54154
20240712143011,214.06279
20240712144011,225.92288
20240712145011,234.17626
20240712150011,230.74564
20240712151011,226.18523
20240712152011,219.73381
20240712153011,208.0019
20240712154011,207.80827
20240712155011,201.56586
20240712160011,347.35057
20240712161011,457.13445
20240712162011,504.24224
20240712163011,475.11488
20240712164011,505.32995
20240712165011,655.26543
20240315090012,190.15188
20240315091012,206.85258
20240315092012,241.41708
20240315093012,230.80045
20240315094012,234.35113
20240315095012,301.24846
20240315100012,534.48025
20240315101012,599.78187
20240315102012,531.93568
20240315103012,529.62948
20240315104012,529.26779
20240315105012,515.29798
20240315110012,441.92966
20240315111012,338.82062
20240315112012,303.30648
20240315113012,315.36838
20240315114012,310.53277
20240315115012,306.42828
20240315120012,288.93107
20240315121012,284.29539
20240315122012,278.13399
20240315123012,281.2635
20240315124012,258.95974
20240315125012,247.12833
20240315130012,245.51111
20240315131012,242.33818
20240315132012,239.26404
20240315133012,230.19293
20240315134012,236.14525
20240315135012,241.73287
20240315140012,227.82167
20240315141012,215.97679
20240315142012,210.54154
20240315143012,214.06279
20240315144012,225.92288
20240315145012,234.17626
20240315150012,230.74564
20240315151012,226.18523
20240315152012,219.73381
20240315153012,208.0019
20240315154012,207.80827
20240315155012,201.56586
20240315160012,347.35057
20240315161012,457.13445
20240315162012,504.24224
20240315163012,475.11488
20240315164012,505.32995
20240315165012,655.26543
20240317090012,187.50702
20240317091012,206.86702
20240317092012,249.15867
20240317093012,232.89828
20240317094012,232.43669
20240317095012,289.21365
20240317100012,509.44481
20240317101012,598.61183
20240317102012,534.9454
20240317103012,532.03378
20240317104012,529.05619
20240317105012,515.84063
20240317110012,441.92966
20240317111012,338.82062
20240317112012,303.30648
20240317113012,315.36838
20240317114012,310.53277
20240317115012,306.42828
20240317120012,288.93107
20240317121012,284.29539
20240317122012,278.13399
20240317123012,281.2635
20240317124012,258.95974
20240317125012,247.12833
20240317130012,245.51111
20240317131012,242.33818
20240317132012,239.26404
20240317133012,230.19293
20240317134012,236.14525
20240317135012,241.73287
20240317140012,227.82167
20240317141012,215.97679
20240317142012,210.54154
20240317143012,214.06279
20240317144012,225.92288
20240317145012,234.17626
20240317150012,230.74564
20240317151012,226.18523
20240317152012,219.73381
20240317153012,208.0019
20240317154012,207.80827
20240317155012,201.56586
20240317160012,347.35057
20240317161012,457.13445
20240317162012,504.24224
20240317163012,475.11488
20240317164012,505.32995
20240317165012,655.26543
20240412090012,215.63441
20240412091012,205.61306
20240412092012,241.51864
20240412093012,506.1685
20240412094012,599.51
20240412095012,464.60097
20240412100012,428.74303
20240412101012,466.57885
20240412102012,509.65865
20240412103012,468.53256
20240412104012,565.51144
20240412105012,563.81076
20240412110012,441.92966
20240412111012,338.82062
20240412112012,303.30648
20240412113012,315.36838
20240412114012,310.53277
20240412115012,306.42828
20240412120012,288.93107
20240412121012,284.29539
20240412122012,278.13399
20240412123012,281.2635
20240412124012,258.95974
20240412125012,247.12833
20240412130012,245.51111
20240412131012,242.33818
20240412132012,239.26404
20240412133012,230.19293
20240412134012,236.14525
20240412135012,241.73287
20240412140012,227.82167
20240412141012,215.97679
20240412142012,210.54154
20240412143012,214.06279
20240412144012,225.92288
20240412145012,234.17626
20240412150012,230.74564
20240412151012,226.18523
20240412152012,219.73381
20240412153012,208.0019
20240412154012,207.80827
20240412155012,201.56586
20240412160012,347.35057
20240412161012,457.13445
20240412162012,504.24224
20240412163012,475.11488
20240412164012,505.32995
20240412165012,655.26543
20240426090012,304.71418
20240426091012,238.71459
20240426092012,225.68588
20240426093012,326.63766
20240426094012,460.11629
20240426095012,327.67855
20240426100012,455.82707
20240426101012,465.28909
20240426102012,510.2329
20240426103012,535.50368
20240426104012,548.86464
20240426105012,517.28088
20240426110012,441.92966
20240426111012,338.82062
20240426112012,303.30648
20240426113012,315.36838
20240426114012,310.53277
20240426115012,306.42828
20240426120012,288.93107
20240426121012,284.29539
20240426122012,278.13399
20240426123012,281.2635
20240426124012,258.95974
20240426125012,247.12833
20240426130012,245.51111
20240426131012,242.33818
20240426132012,239.26404
20240426133012,230.19293
20240426134012,236.14525
20240426135012,241.73287
20240426140012,227.82167
20240426141012,215.97679
20240426142012,210.54154
20240426143012,214.06279
20240426144012,225.92288
20240426145012,234.17626
20240426150012,230.74564
20240426151012,226.18523
20240426152012,219.73381
20240426153012,208.0019
20240426154012,207.80827
20240426155012,201.56586
20240426160012,347.35057
20240426161012,457.13445
20240426162012,504.24224
20240426163012,475.11488
20240426164012,505.32995
20240426165012,655.26543
20240521090012,195.11069
20240521091012,213.08021
20240521092012,233.00294
20240521093012,243.87061
20240521094012,272.59192
20240521095012,279.30228
20240521100012,413.04056
20240521101012,610.29559
20240521102012,535.30511
20240521103012,534.52597
20240521104012,526.94643
20240521105012,516.42321
20240521110012,441.92966
20240521111012,338.82062
20240521112012,303.30648
20240521113012,315.36838
20240521114012,310.53277
20240521115012,306.42828
20240521120012,288.93107
20240521121012,284.29539
20240521122012,278.13399
20240521123012,281.2635
20240521124012,258.95974
20240521125012,247.12833
20240521130012,245.51111
20240521131012,242.33818
20240521132012,239.26404
20240521133012,230.19293
20240521134012,236.14525
20240521135012,241.73287
20240521140012,227.82167
20240521141012,215.97679
20240521142012,210.54154
20240521143012,214.06279
20240521144012,225.92288
20240521145012,234.17626
20240521150012,230.74564
20240521151012,226.18523
20240521152012,219.73381
20240521153012,208.0019
20240521154012,207.80827
20240521155012,201.56586
20240521160012,347.35057
20240521161012,457.13445
20240521162012,504.24224
20240521163012,475.11488
20240521164012,505.32995
20240521165012,655.26543
20240619090012,191.65093
20240619091012,192.85703
20240619092012,206.39524
20240619093012,329.17062
20240619094012,561.67175
20240619095012,502.36492
20240619100012,493.09578
20240619101012,464.84872
20240619102012,505.86365
20240619103012,509.77722
20240619104012,560.90312
20240619105012,538.29957
20240619110012,441.92966
20240619111012,338.82062
20240619112012,303.30648
20240619113012,315.36838
20240619114012,310.53277
20240619115012,306.42828
20240619120012,288.93107
20240619121012,284.29539
20240619122012,278.13399
20240619123012,281.2635
20240619124012,258.95974
20240619125012,247.12833
20240619130012,245.51111
20240619131012,242.33818
20240619132012,239.26404
20240619133012,230.19293
20240619134012,236.14525
20240619135012,241.73287
20240619140012,227.82167
20240619141012,215.97679
20240619142012,210.54154
20240619143012,214.06279
20240619144012,225.92288
20240619145012,234.17626
20240619150012,230.74564
20240619151012,226.18523
20240619152012,219.73381
20240619153012,208.0019
20240619154012,207.80827
20240619155012,201.56586
20240619160012,347.35057
20240619161012,457.13445
20240619162012,504.24224
20240619163012,475.11488
20240619164012,505.32995
20240619165012,655.26543
20240621090012,191.16994
20240621091012,191.78224
20240621092012,201.10721
20240621093012,309.10674
20240621094012,533.69422
20240621095012,436.08918
20240621100012,504.538
20240621101012,465.29905
20240621102012,503.46948
20240621103012,518.04001
20240621104012,561.02928
20240621105012,532.786
20240621110012,441.92966
20240621111012,338.82062
20240621112012,303.30648
20240621113012,315.36838
20240621114012,310.53277
20240621115012,306.42828
20240621120012,288.93107
20240621121012,284.29539
20240621122012,278.13399
20240621123012,281.2635
20240621124012,258.95974
20240621125012,247.12833
20240621130012,245.51111
20240621131012,242.33818
20240621132012,239.26404
20240621133012,230.19293
20240621134012,236.14525
20240621135012,241.73287
20240621140012,227.82167
20240621141012,215.97679
20240621142012,210.54154
20240621143012,214.06279
20240621144012,225.92288
20240621145012,234.17626
20240621150012,230.74564
20240621151012,226.18523
20240621152012,219.73381
20240621153012,208.0019
20240621154012,207.80827
20240621155012,201.56586
20240621160012,347.35057
20240621161012,457.13445
20240621162012,504.24224
20240621163012,475.11488
20240621164012,505.32995
20240621165012,655.26543
20240705090012,193.04034
20240705091012,193.50124
20240705092012,215.08795
20240705093012,385.04743
20240705094012,649.07677
20240705095012,598.35136
20240705100012,380.17126
20240705101012,440.6657
20240705102012,506.90966
20240705103012,460.0768
20240705104012,567.20669
20240705105012,567.27015
20240705110012,441.92966
20240705111012,338.82062
20240705112012,303.30648
20240705113012,315.36838
20240705114012,310.53277
20240705115012,306.42828
20240705120012,288.93107
20240705121012,284.29539
20240705122012,278.13399
20240705123012,281.2635
20240705124012,258.95974
20240705125012,247.12833
20240705130012,245.51111
20240705131012,242.33818
20240705132012,239.26404
20240705133012,230.19293
20240705134012,236.14525
20240705135012,241.73287
20240705140012,227.82167
20240705141012,215.97679
20240705142012,210.54154
20240705143012,214.06279
20240705144012,225.92288
20240705145012,234.17626
20240705150012,230.74564
20240705151012,226.18523
20240705152012,219.73381
20240705153012,208.0019
20240705154012,207.80827
20240705155012,201.56586
20240705160012,347.35057
20240705161012,457.13445
20240705162012,504.24224
20240705163012,475.11488
20240705164012,505.32995
20240705165012,655.26543
20240713090012,191.21313
20240713091012,196.02131
20240713092012,213.36585
20240713093012,278.92839
20240713094012,389.474
20240713095012,425.79342
20240713100012,493.4508
20240713101012,584.27435
20240713102012,520.88611
20240713103012,512.82698
20240713104012,529.48553
20240713105012,530.56207
20240713110012,441.92966
20240713111012,338.82062
20240713112012,303.30648
20240713113012,315.36838
20240713114012,310.53277
20240713115012,306.42828
20240713120012,288.93107
20240713121012,284.29539
20240713122012,278.13399
20240713123012,281.2635
20240713124012,258.95974
20240713125012,247.12833
20240713130012,245.51111
20240713131012,242.33818
20240713132012,239.26404
20240713133012,230.19293
20240713134012,236.14525
20240713135012,241.73287
20240713140012,227.82167
20240713141012,215.97679
20240713142012,210.54154
20240713143012,214.06279
20240713144012,225.92288
20240713145012,234.17626
20240713150012,230.74564
20240713151012,226.18523
20240713152012,219.73381
20240713153012,208.0019
20240713154012,207.80827
20240713155012,201.56586
20240713160012,347.35057
20240713161012,457.13445
20240713162012,504.24224
20240713163012,475.11488
20240713164012,505.32995
20240713165012,655.26543
20240214090013,765.98989
20240214091013,468.59586
20240214092013,305.09533
20240214093013,513.09945
20240214094013,538.77474
20240214095013,431.88492
20240214100013,535.29185
20240214101013,528.79634
20240214102013,478.83067
20240214103013,468.62846
20240214104013,566.15126
20240214105013,561.80793
20240214110013,441.92966
20240214111013,338.82062
20240214112013,303.30648
20240214113013,315.36838
20240214114013,310.53277
20240214115013,306.42828
20240214120013,288.93107
20240214121013,284.29539
20240214122013,278.13399
20240214123013,281.2635
20240214124013,258.95974
20240214125013,247.12833
20240214130013,245.51111
20240214131013,242.33818
20240214132013,239.26404
20240214133013,230.19293
20240214134013,236.14525
20240214135013,241.73287
20240214140013,227.82167
20240214141013,215.97679
20240214142013,210.54154
20240214143013,214.06279
20240214144013,225.92288
20240214145013,234.17626
20240214150013,230.74564
20240214151013,226.18523
20240214152013,219.73381
20240214153013,208.0019
20240214154013,207.80827
20240214155013,201.56586
20240214160013,347.35057
20240214161013,457.13445
20240214162013,504.24224
20240214163013,475.11488
20240214164013,505.32995
20240214165013,655.26543
20240221090013,781.5427
20240221091013,497.47854
20240221092013,400.19795
20240221093013,514.00821
20240221094013,541.72097
20240221095013,497.19115
20240221100013,540.32384
20240221101013,499.28423
20240221102013,496.85616
20240221103013,459.15639
20240221104013,567.19043
20240221105013,565.10655
20240221110013,441.92966
20240221111013,338.82062
20240221112013,303.30648
20240221113013,315.36838
20240221114013,310.53277
20240221115013,306.42828
20240221120013,288.93107
20240221121013,284.29539
20240221122013,278.13399
20240221123013,281.2635
20240221124013,258.95974
20240221125013,247.12833
20240221130013,245.51111
20240221131013,242.33818
20240221132013,239.26404
20240221133013,230.19293
20240221134013,236.14525
20240221135013,241.73287
20240221140013,227.82167
20240221141013,215.97679
20240221142013,210.54154
20240221143013,214.06279
20240221144013,225.92288
20240221145013,234.17626
20240221150013,230.74564
20240221151013,226.18523
20240221152013,219.73381
20240221153013,208.0019
20240221154013,207.80827
20240221155013,201.56586
20240221160013,347.35057
20240221161013,457.13445
20240221162013,504.24224
20240221163013,475.11488
20240221164013,505.32995
20240221165013,655.26543
20240314090013,186.67268
20240314091013,198.2373
20240314092013,222.27112
20240314093013,239.85309
20240314094013,277.30471
20240314095013,279.30323
20240314100013,444.68167
20240314101013,566.60153
20240314102013,529.08456
20240314103013,536.16361
20240314104013,527.60043
20240314105013,512.37406
20240314110013,441.92966
20240314111013,338.82062
20240314112013,303.30648
20240314113013,315.36838
20240314114013,310.53277
20240314115013,306.42828
20240314120013,288.93107
20240314121013,284.29539
20240314122013,278.13399
20240314123013,281.2635
20240314124013,258.95974
20240314125013,247.12833
20240314130013,245.51111
20240314131013,242.33818
20240314132013,239.26404
20240314133013,230.19293
20240314134013,236.14525
20240314135013,241.73287
20240314140013,227.82167
20240314141013,215.97679
20240314142013,210.54154
20240314143013,214.06279
20240314144013,225.92288
20240314145013,234.17626
20240314150013,230.74564
20240314151013,226.18523
20240314152013,219.73381
20240314153013,208.0019
20240314154013,207.80827
20240314155013,201.56586
20240314160013,347.35057
20240314161013,457.13445
20240314162013,504.24224
20240314163013,475.11488
20240314164013,505.32995
20240314165013,655.26543
20240316090013,403.92691
20240316091013,236.51584
20240316092013,464.86302
20240316093013,230.84911
20240316094013,345.15726
20240316095013,372.46718
20240316100013,761.05518
20240316101013,517.59306
20240316102013,454.19711
20240316103013,523.22158
20240316104013,552.50464
20240316105013,532.31237
20240316110013,441.92966
20240316111013,338.82062
20240316112013,303.30648
20240316113013,315.36838
20240316114013,310.53277
20240316115013,306.42828
20240316120013,288.93107
20240316121013,284.29539
20240316122013,278.13399
20240316123013,281.2635
20240316124013,258.95974
20240316125013,247.12833
20240316130013,245.51111
20240316131013,242.33818
20240316132013,239.26404
20240316133013,230.19293
20240316134013,236.14525
20240316135013,241.73287
20240316140013,227.82167
20240316141013,215.97679
20240316142013,210.54154
20240316143013,214.06279
20240316144013,225.92288
20240316145013,234.17626
20240316150013,230.74564
20240316151013,226.18523
20240316152013,219.73381
20240316153013,208.0019
20240316154013,207.80827
20240316155013,201.56586
20240316160013,347.35057
20240316161013,457.13445
20240316162013,504.24224
20240316163013,475.11488
20240316164013,505.32995
20240316165013,655.26543
20240328090013,561.66065
20240328091013,238.6839
20240328092013,286.89305
20240328093013,330.58421
20240328094013,396.24707
20240328095013,495.99338
20240328100013,686.42715
20240328101013,475.33994
20240328102013,459.59598
20240328103013,464.90388
20240328104013,568.3801
20240328105013,562.74947
20240328110013,441.92966
20240328111013,338.82062
20240328112013,303.30648
20240328113013,315.36838
20240328114013,310.53277
20240328115013,306.42828
20240328120013,288.93107
20240328121013,284.29539
20240328122013,278.13399
20240328123013,281.2635
20240328124013,258.95974
20240328125013,247.12833
20240328130013,245.51111
20240328131013,242.33818
20240328132013,239.26404
20240328133013,230.19293
20240328134013,236.14525
20240328135013,241.73287
20240328140013,227.82167
20240328141013,215.97679
20240328142013,210.54154
20240328143013,214.06279
20240328144013,225.92288
20240328145013,234.17626
20240328150013,230.74564
20240328151013,226.18523
20240328152013,219.73381
20240328153013,208.0019
20240328154013,207.80827
20240328155013,201.56586
20240328160013,347.35057
20240328161013,457.13445
20240328162013,504.24224
20240328163013,475.11488
20240328164013,505.32995
20240328165013,655.26543
20240412090013,539.22061
20240412091013,241.27618
20240412092013,301.63234
20240412093013,432.22585
20240412094013,516.45816
20240412095013,522.59665
20240412100013,591.60961
20240412101013,438.98951
20240412102013,457.01476
20240412103013,453.28028
20240412104013,571.2789
20240412105013,575.6053
20240412110013,441.92966
20240412111013,338.82062
20240412112013,303.30648
20240412113013,315.36838
20240412114013,310.53277
20240412115013,306.42828
20240412120013,288.93107
20240412121013,284.29539
20240412122013,278.13399
20240412123013,281.2635
20240412124013,258.95974
20240412125013,247.12833
20240412130013,245.51111
20240412131013,242.33818
20240412132013,239.26404
20240412133013,230.19293
20240412134013,236.14525
20240412135013,241.73287
20240412140013,227.82167
20240412141013,215.97679
20240412142013,210.54154
20240412143013,214.06279
20240412144013,225.92288
20240412145013,234.17626
20240412150013,230.74564
20240412151013,226.18523
20240412152013,219.73381
20240412153013,208.0019
20240412154013,207.80827
20240412155013,201.56586
20240412160013,347.35057
20240412161013,457.13445
20240412162013,504.24224
20240412163013,475.11488
20240412164013,505.32995
20240412165013,655.26543
20240619090013,558.01183
20240619091013,218.28789
20240619092013,296.85921
20240619093013,323.11537
20240619094013,413.45168
20240619095013,384.0215
20240619100013,744.01655
20240619101013,516.43051
20240619102013,430.50645
20240619103013,464.73305
20240619104013,563.45837
20240619105013,564.22148
20240619110013,441.92966
20240619111013,338.82062
20240619112013,303.30648
20240619113013,315.36838
20240619114013,310.53277
20240619115013,306.42828
20240619120013,288.93107
20240619121013,284.29539
20240619122013,278.13399
20240619123013,281.2635
20240619124013,258.95974
20240619125013,247.12833
20240619130013,245.51111
20240619131013,242.33818
20240619132013,239.26404
20240619133013,230.19293
20240619134013,236.14525
20240619135013,241.73287
20240619140013,227.82167
20240619141013,215.97679
20240619142013,210.54154
20240619143013,214.06279
20240619144013,225.92288
20240619145013,234.17626
20240619150013,230.74564
20240619151013,226.18523
20240619152013,219.73381
20240619153013,208.0019
20240619154013,207.80827
20240619155013,201.56586
20240619160013,347.35057
20240619161013,457.13445
20240619162013,504.24224
20240619163013,475.11488
20240619164013,505.32995
20240619165013,655.26543
20240225090014,186.71835
20240225091014,210.44109
20240225092014,231.64715
20240225093014,322.06771
20240225094014,326.71896
20240225095014,294.21213
20240225100014,366.61021
20240225101014,530.70735
20240225102014,534.1033
20240225103014,561.33171
20240225104014,526.58028
20240225105014,499.58582
20240225110014,441.92966
20240225111014,338.82062
20240225112014,303.30648
20240225113014,315.36838
20240225114014,310.53277
20240225115014,306.42828
20240225120014,288.93107
20240225121014,284.29539
20240225122014,278.13399
20240225123014,281.2635
20240225124014,258.95974
20240225125014,247.12833
20240225130014,245.51111
20240225131014,242.33818
20240225132014,239.26404
20240225133014,230.19293
20240225134014,236.14525
20240225135014,241.73287
20240225140014,227.82167
20240225141014,215.97679
20240225142014,210.54154
20240225143014,214.06279
20240225144014,225.92288
20240225145014,234.17626
20240225150014,230.74564
20240225151014,226.18523
20240225152014,219.73381
20240225153014,208.0019
20240225154014,207.80827
20240225155014,201.56586
20240225160014,347.35057
20240225161014,457.13445
20240225162014,504.24224
20240225163014,475.11488
20240225164014,505.32995
20240225165014,655.26543
20240227090014,233.4453
20240227091014,236.56936
20240227092014,279.59324
20240227093014,295.7257
20240227094014,263.00611
20240227095014,305.0848
20240227100014,550.2335
20240227101014,591.45444
20240227102014,540.0494
20240227103014,563.98159
20240227104014,519.86518
20240227105014,495.81511
20240227110014,441.92966
20240227111014,338.82062
20240227112014,303.30648
20240227113014,315.36838
20240227114014,310.53277
20240227115014,306.42828
20240227120014,288.93107
20240227121014,284.29539
20240227122014,278.13399
20240227123014,281.2635
20240227124014,258.95974
20240227125014,247.12833
20240227130014,245.51111
20240227131014,242.33818
20240227132014,239.26404
20240227133014,230.19293
20240227134014,236.14525
20240227135014,241.73287
20240227140014,227.82167
20240227141014,215.97679
20240227142014,210.54154
20240227143014,214.06279
20240227144014,225.92288
20240227145014,234.17626
20240227150014,230.74564
20240227151014,226.18523
20240227152014,219.73381
20240227153014,208.0019
20240227154014,207.80827
20240227155014,201.56586
20240227160014,347.35057
20240227161014,457.13445
20240227162014,504.24224
20240227163014,475.11488
20240227164014,505.32995
20240227165014,655.26543
20240327090014,243.80164
20240327091014,240.25238
20240327092014,232.3122
20240327093014,234.57328
20240327094014,241.30219
20240327095014,369.7046
20240327100014,653.0073
20240327101014,619.03555
20240327102014,530.85575
20240327103014,535.05152
20240327104014,522.40243
20240327105014,514.15308
20240327110014,441.92966
20240327111014,338.82062
20240327112014,303.30648
20240327113014,315.36838
20240327114014,310.53277
20240327115014,306.42828
20240327120014,288.93107
20240327121014,284.29539
20240327122014,278.13399
20240327123014,281.2635
20240327124014,258.95974
20240327125014,247.12833
20240327130014,245.51111
20240327131014,242.33818
20240327132014,239.26404
20240327133014,230.19293
20240327134014,236.14525
20240327135014,241.73287
20240327140014,227.82167
20240327141014,215.97679
20240327142014,210.54154
20240327143014,214.06279
20240327144014,225.92288
20240327145014,234.17626
20240327150014,230.74564
20240327151014,226.18523
20240327152014,219.73381
20240327153014,208.0019
20240327154014,207.80827
20240327155014,201.56586
20240327160014,347.35057
20240327161014,457.13445
20240327162014,504.24224
20240327163014,475.11488
20240327164014,505.32995
20240327165014,655.26543
20240417090014,588.54694
20240417091014,227.48659
20240417092014,256.92164
20240417093014,439.47582
20240417094014,516.19076
20240417095014,559.28948
20240417100014,549.57175
20240417101014,455.78352
20240417102014,457.60807
20240417103014,448.90268
20240417104014,541.3526
20240417105014,566.59859
20240417110014,441.92966
20240417111014,338.82062
20240417112014,303.30648
20240417113014,315.36838
20240417114014,310.53277
20240417115014,306.42828
20240417120014,288.93107
20240417121014,284.29539
20240417122014,278.13399
20240417123014,281.2635
20240417124014,258.95974
20240417125014,247.12833
20240417130014,245.51111
20240417131014,242.33818
20240417132014,239.26404
20240417133014,230.19293
20240417134014,236.14525
20240417135014,241.73287
20240417140014,227.82167
20240417141014,215.97679
20240417142014,210.54154
20240417143014,214.06279
20240417144014,225.92288
20240417145014,234.17626
20240417150014,230.74564
20240417151014,226.18523
20240417152014,219.73381
20240417153014,208.0019
20240417154014,207.80827
20240417155014,201.56586
20240417160014,347.35057
20240417161014,457.13445
20240417162014,504.24224
20240417163014,475.11488
20240417164014,505.32995
20240417165014,655.26543
20240517090014,644.97312
20240517091014,244.78029
20240517092014,302.21757
20240517093014,324.36635
20240517094014,332.41024
20240517095014,549.61595
20240517100014,545.01908
20240517101014,532.78831
20240517102014,516.55142
20240517103014,475.05712
20240517104014,513.78537
20240517105014,539.31835
20240517110014,441.92966
20240517111014,338.82062
20240517112014,303.30648
20240517113014,315.36838
20240517114014,310.53277
20240517115014,306.42828
20240517120014,288.93107
20240517121014,284.29539
20240517122014,278.13399
20240517123014,281.2635
20240517124014,258.95974
20240517125014,247.12833
20240517130014,245.51111
20240517131014,242.33818
20240517132014,239.26404
20240517133014,230.19293
20240517134014,236.14525
20240517135014,241.73287
20240517140014,227.82167
20240517141014,215.97679
20240517142014,210.54154
20240517143014,214.06279
20240517144014,225.92288
20240517145014,234.17626
20240517150014,230.74564
20240517151014,226.18523
20240517152014,219.73381
20240517153014,208.0019
20240517154014,207.80827
20240517155014,201.56586
20240517160014,347.35057
20240517161014,457.13445
20240517162014,504.24224
20240517163014,475.11488
20240517164014,505.32995
20240517165014,655.26543
20240704090014,554.04732
20240704091014,204.19216
20240704092014,284.79594
20240704093014,467.59058
20240704094014,558.81987
20240704095014,532.65776
20240704100014,527.44804
20240704101014,434.38207
20240704102014,439.67434
20240704103014,428.80284
20240704104014,560.02428
20240704105014,601.42019
20240704110014,441.92966
20240704111014,338.82062
20240704112014,303.30648
20240704113014,315.36838
20240704114014,310.53277
20240704115014,306.42828
20240704120014,288.93107
20240704121014,284.29539
20240704122014,278.13399
20240704123014,281.2635
20240704124014,258.95974
20240704125014,247.12833
20240704130014,245.51111
20240704131014,242.33818
20240704132014,239.26404
20240704133014,230.19293
20240704134014,236.14525
20240704135014,241.73287
20240704140014,227.82167
20240704141014,215.97679
20240704142014,210.54154
20240704143014,214.06279
20240704144014,225.92288
20240704145014,234.17626
20240704150014,230.74564
20240704151014,226.18523
20240704152014,219.73381
20240704153014,208.0019
20240704154014,207.80827
20240704155014,201.56586
20240704160014,347.35057
20240704161014,457.13445
20240704162014,504.24224
20240704163014,475.11488
20240704164014,505.32995
20240704165014,655.26543
20240715090014,605.23369
20240715091014,216.3693
20240715092014,311.66584
20240715093014,320.04784
20240715094014,383.37588
20240715095014,384.49534
20240715100014,693.27628
20240715101014,518.78721
20240715102014,436.6627
20240715103014,503.92394
20240715104014,541.79738
20240715105014,539.23182
20240715110014,441.92966
20240715111014,338.82062
20240715112014,303.30648
20240715113014,315.36838
20240715114014,310.53277
20240715115014,306.42828
20240715120014,288.93107
20240715121014,284.29539
20240715122014,278.13399
20240715123014,281.2635
20240715124014,258.95974
20240715125014,247.12833
20240715130014,245.51111
20240715131014,242.33818
20240715132014,239.26404
20240715133014,230.19293
20240715134014,236.14525
20240715135014,241.73287
20240715140014,227.82167
20240715141014,215.97679
20240715142014,210.54154
20240715143014,214.06279
20240715144014,225.92288
20240715145014,234.17626
20240715150014,230.74564
20240715151014,226.18523
20240715152014,219.73381
20240715153014,208.0019
20240715154014,207.80827
20240715155014,201.56586
20240715160014,347.35057
20240715161014,457.13445
20240715162014,504.24224
20240715163014,475.11488
20240715164014,505.32995
20240715165014,655.26543
20240215090015,423.05659
20240215091015,468.62734
20240215092015,245.13246
20240215093015,396.61032
20240215094015,392.23918
20240215095015,307.67853
20240215100015,512.06618
20240215101015,528.78644
20240215102015,499.39938
20240215103015,490.77236
20240215104015,566.34669
20240215105015,542.67042
20240215110015,441.92966
20240215111015,338.82062
20240215112015,303.30648
20240215113015,315.36838
20240215114015,310.53277
20240215115015,306.42828
20240215120015,288.93107
20240215121015,284.29539
20240215122015,278.13399
20240215123015,281.2635
20240215124015,258.95974
20240215125015,247.12833
20240215130015,245.51111
20240215131015,242.33818
20240215132015,239.26404
20240215133015,230.19293
20240215134015,236.14525
20240215135015,241.73287
20240215140015,227.82167
20240215141015,215.97679
20240215142015,210.54154
20240215143015,214.06279
20240215144015,225.92288
20240215145015,234.17626
20240215150015,230.74564
20240215151015,226.18523
20240215152015,219.73381
20240215153015,208.0019
20240215154015,207.80827
20240215155015,201.56586
20240215160015,347.35057
20240215161015,457.13445
20240215162015,504.24224
20240215163015,475.11488
20240215164015,505.32995
20240215165015,655.26543
20240218090015,248.24766
20240218091015,249.98364
20240218092015,299.92803
20240218093015,239.37691
20240218094015,229.01504
20240218095015,383.78062
20240218100015,655.19941
20240218101015,603.70896
20240218102015,541.00549
20240218103015,530.00622
20240218104015,527.03807
20240218105015,515.70076
20240218110015,441.92966
20240218111015,338.82062
20240218112015,303.30648
20240218113015,315.36838
20240218114015,310.53277
20240218115015,306.42828
20240218120015,288.93107
20240218121015,284.29539
20240218122015,278.13399
20240218123015,281.2635
20240218124015,258.95974
20240218125015,247.12833
20240218130015,245.51111
20240218131015,242.33818
20240218132015,239.26404
20240218133015,230.19293
20240218134015,236.14525
20240218135015,241.73287
20240218140015,227.82167
20240218141015,215.97679
20240218142015,210.54154
20240218143015,214.06279
20240218144015,225.92288
20240218145015,234.17626
20240218150015,230.74564
20240218151015,226.18523
20240218152015,219.73381
20240218153015,208.0019
20240218154015,207.80827
20240218155015,201.56586
20240218160015,347.35057
20240218161015,457.13445
20240218162015,504.24224
20240218163015,475.11488
20240218164015,505.32995
20240218165015,655.26543
20240314090015,186.79195
20240314091015,201.10277
20240314092015,220.07663
20240314093015,226.65091
20240314094015,231.28188
20240314095015,279.06372
20240314100015,492.78687
20240314101015,584.33253
20240314102015,531.17326
20240314103015,536.26748
20240314104015,527.74069
20240314105015,512.49838
20240314110015,441.92966
20240314111015,338.82062
20240314112015,303.30648
20240314113015,315.36838
20240314114015,310.53277
20240314115015,306.42828
20240314120015,288.93107
20240314121015,284.29539
20240314122015,278.13399
20240314123015,281.2635
20240314124015,258.95974
20240314125015,247.12833
20240314130015,245.51111
20240314131015,242.33818
20240314132015,239.26404
20240314133015,230.19293
20240314134015,236.14525
20240314135015,241.73287
20240314140015,227.82167
20240314141015,215.97679
20240314142015,210.54154
20240314143015,214.06279
20240314144015,225.92288
20240314145015,234.17626
20240314150015,230.74564
20240314151015,226.18523
20240314152015,219.73381
20240314153015,208.0019
20240314154015,207.80827
20240314155015,201.56586
20240314160015,347.35057
20240314161015,457.13445
20240314162015,504.24224
20240314163015,475.11488
20240314164015,505.32995
20240314165015,655.26543
20240317090015,262.2739
20240317091015,227.23865
20240317092015,271.28129
20240317093015,234.00068
20240317094015,239.97721
20240317095015,390.89792
20240317100015,738.37083
20240317101015,623.57499
20240317102015,536.51739
20240317103015,527.59917
20240317104015,519.4267
20240317105015,517.37772
20240317110015,441.92966
20240317111015,338.82062
20240317112015,303.30648
20240317113015,315.36838
20240317114015,310.53277
20240317115015,306.42828
20240317120015,288.93107
20240317121015,284.29539
20240317122015,278.13399
20240317123015,281.2635
20240317124015,258.95974
20240317125015,247.12833
20240317130015,245.51111
20240317131015,242.33818
20240317132015,239.26404
20240317133015,230.19293
20240317134015,236.14525
20240317135015,241.73287
20240317140015,227.82167
20240317141015,215.97679
20240317142015,210.54154
20240317143015,214.06279
20240317144015,225.92288
20240317145015,234.17626
20240317150015,230.74564
20240317151015,226.18523
20240317152015,219.73381
20240317153015,208.0019
20240317154015,207.80827
20240317155015,201.56586
20240317160015,347.35057
20240317161015,457.13445
20240317162015,504.24224
20240317163015,475.11488
20240317164015,505.32995
20240317165015,655.26543
20240412090015,750.89404
20240412091015,228.22907
20240412092015,338.00339
20240412093015,389.93716
20240412094015,556.08509
20240412095015,536.32855
20240412100015,539.33624
20240412101015,465.70308
20240412102015,428.14513
20240412103015,393.84022
20240412104015,541.65392
20240412105015,593.10313
20240412110015,441.92966
20240412111015,338.82062
20240412112015,303.30648
20240412113015,315.36838
20240412114015,310.53277
20240412115015,306.42828
20240412120015,288.93107
20240412121015,284.29539
20240412122015,278.13399
20240412123015,281.2635
20240412124015,258.95974
20240412125015,247.12833
20240412130015,245.51111
20240412131015,242.33818
20240412132015,239.26404
20240412133015,230.19293
20240412134015,236.14525
20240412135015,241.73287
20240412140015,227.82167
20240412141015,215.97679
20240412142015,210.54154
20240412143015,214.06279
20240412144015,225.92288
20240412145015,234.17626
20240412150015,230.74564
20240412151015,226.18523
20240412152015,219.73381
20240412153015,208.0019
20240412154015,207.80827
20240412155015,201.56586
20240412160015,347.35057
20240412161015,457.13445
20240412162015,504.24224
20240412163015,475.11488
20240412164015,505.32995
20240412165015,655.26543
20240518090015,521.84335
20240518091015,244.41215
20240518092015,373.72887
20240518093015,231.25521
20240518094015,252.68025
20240518095015,394.10326
20240518100015,656.41208
20240518101015,650.84748
20240518102015,527.61469
20240518103015,511.17702
20240518104015,472.4751
20240518105015,519.42107
20240518110015,441.92966
20240518111015,338.82062
20240518112015,303.30648
20240518113015,315.36838
20240518114015,310.53277
20240518115015,306.42828
20240518120015,288.93107
20240518121015,284.29539
20240518122015,278.13399
20240518123015,281.2635
20240518124015,258.95974
20240518125015,247.12833
20240518130015,245.51111
20240518131015,242.33818
20240518132015,239.26404
20240518133015,230.19293
20240518134015,236.14525
20240518135015,241.73287
20240518140015,227.82167
20240518141015,215.97679
20240518142015,210.54154
20240518143015,214.06279
20240518144015,225.92288
20240518145015,234.17626
20240518150015,230.74564
20240518151015,226.18523
20240518152015,219.73381
20240518153015,208.0019
20240518154015,207.80827
20240518155015,201.56586
20240518160015,347.35057
20240518161015,457.13445
20240518162015,504.24224
20240518163015,475.11488
20240518164015,505.32995
20240518165015,655.26543
20240530090015,592.19841
20240530091015,226.52115
20240530092015,236.08907
20240530093015,305.46091
20240530094015,244.97886
20240530095015,400.63783
20240530100015,543.99095
20240530101015,622.72882
20240530102015,538.33006
20240530103015,509.87524
20240530104015,464.93342
20240530105015,526.51308
20240530110015,441.92966
20240530111015,338.82062
20240530112015,303.30648
20240530113015,315.36838
20240530114015,310.53277
20240530115015,306.42828
20240530120015,288.93107
20240530121015,284.29539
20240530122015,278.13399
20240530123015,281.2635
20240530124015,258.95974
20240530125015,247.12833
20240530130015,245.51111
20240530131015,242.33818
20240530132015,239.26404
20240530133015,230.19293
20240530134015,236.14525
20240530135015,241.73287
20240530140015,227.82167
20240530141015,215.97679
20240530142015,210.54154
20240530143015,214.06279
20240530144015,225.92288
20240530145015,234.17626
20240530150015,230.74564
20240530151015,226.18523
20240530152015,219.73381
20240530153015,208.0019
20240530154015,207.80827
20240530155015,201.56586
20240530160015,347.35057
20240530161015,457.13445
20240530162015,504.24224
20240530163015,475.11488
20240530164015,505.32995
20240530165015,655.26543
20240605090015,401.34444
20240605091015,203.83099
20240605092015,229.22363
20240605093015,243.15726
20240605094015,241.46381
20240605095015,302.54137
20240605100015,586.2392
20240605101015,644.41172
20240605102015,535.11567
20240605103015,526.75874
20240605104015,511.99244
20240605105015,524.87636
20240605110015,441.92966
20240605111015,338.82062
20240605112015,303.30648
20240605113015,315.36838
20240605114015,310.53277
20240605115015,306.42828
20240605120015,288.93107
20240605121015,284.29539
20240605122015,278.13399
20240605123015,281.2635
20240605124015,258.95974
20240605125015,247.12833
20240605130015,245.51111
20240605131015,242.33818
20240605132015,239.26404
20240605133015,230.19293
20240605134015,236.14525
20240605135015,241.73287
20240605140015,227.82167
20240605141015,215.97679
20240605142015,210.54154
20240605143015,214.06279
20240605144015,225.92288
20240605145015,234.17626
20240605150015,230.74564
20240605151015,226.18523
20240605152015,219.73381
20240605153015,208.0019
20240605154015,207.80827
20240605155015,201.56586
20240605160015,347.35057
20240605161015,457.13445
20240605162015,504.24224
20240605163015,475.11488
20240605164015,505.32995
20240605165015,655.26543
20240704090015,873.49239
20240704091015,227.55611
20240704092015,396.09555
20240704093015,434.10833
20240704094015,601.20529
20240704095015,544.24579
20240704100015,440.23905
20240704101015,420.47995
20240704102015,385.04819
20240704103015,383.42446
20240704104015,536.50284
20240704105015,605.73125
20240704110015,441.92966
20240704111015,338.82062
20240704112015,303.30648
20240704113015,315.36838
20240704114015,310.53277
20240704115015,306.42828
20240704120015,288.93107
20240704121015,284.29539
20240704122015,278.13399
20240704123015,281.2635
20240704124015,258.95974
20240704125015,247.12833
20240704130015,245.51111
20240704131015,242.33818
20240704132015,239.26404
20240704133015,230.19293
20240704134015,236.14525
20240704135015,241.73287
20240704140015,227.82167
20240704141015,215.97679
20240704142015,210.54154
20240704143015,214.06279
20240704144015,225.92288
20240704145015,234.17626
20240704150015,230.74564
20240704151015,226.18523
20240704152015,219.73381
20240704153015,208.0019
20240704154015,207.80827
20240704155015,201.56586
20240704160015,347.35057
20240704161015,457.13445
20240704162015,504.24224
20240704163015,475.11488
20240704164015,505.32995
20240704165015,655.26543
20240316090016,687.21236
20240316091016,226.56734
20240316092016,351.09046
20240316093016,277.89081
20240316094016,384.38144
20240316095016,458.60011
20240316100016,797.84143
20240316101016,510.50347
20240316102016,457.0307
20240316103016,519.34977
20240316104016,537.78418
20240316105016,528.24592
20240316110016,441.92966
20240316111016,338.82062
20240316112016,303.30648
20240316113016,315.36838
20240316114016,310.53277
20240316115016,306.42828
20240316120016,288.93107
20240316121016,284.29539
20240316122016,278.13399
20240316123016,281.2635
20240316124016,258.95974
20240316125016,247.12833
20240316130016,245.51111
20240316131016,242.33818
20240316132016,239.26404
20240316133016,230.19293
20240316134016,236.14525
20240316135016,241.73287
20240316140016,227.82167
20240316141016,215.97679
20240316142016,210.54154
20240316143016,214.06279
20240316144016,225.92288
20240316145016,234.17626
20240316150016,230.74564
20240316151016,226.18523
20240316152016,219.73381
20240316153016,208.0019
20240316154016,207.80827
20240316155016,201.56586
20240316160016,347.35057
20240316161016,457.13445
20240316162016,504.24224
20240316163016,475.11488
20240316164016,505.32995
20240316165016,655.26543
20240322090016,362.79224
20240322091016,220.86901
20240322092016,324.00297
20240322093016,227.38408
20240322094016,248.51628
20240322095016,364.38655
20240322100016,806.11101
20240322101016,620.848
20240322102016,513.62159
20240322103016,531.82872
20240322104016,504.62305
20240322105016,513.42984
20240322110016,441.92966
20240322111016,338.82062
20240322112016,303.30648
20240322113016,315.36838
20240322114016,310.53277
20240322115016,306.42828
20240322120016,288.93107
20240322121016,284.29539
20240322122016,278.13399
20240322123016,281.2635
20240322124016,258.95974
20240322125016,247.12833
20240322130016,245.51111
20240322131016,242.33818
20240322132016,239.26404
20240322133016,230.19293
20240322134016,236.14525
20240322135016,241.73287
20240322140016,227.82167
20240322141016,215.97679
20240322142016,210.54154
20240322143016,214.06279
20240322144016,225.92288
20240322145016,234.17626
20240322150016,230.74564
20240322151016,226.18523
20240322152016,219.73381
20240322153016,208.0019
20240322154016,207.80827
20240322155016,201.56586
20240322160016,347.35057
20240322161016,457.13445
20240322162016,504.24224
20240322163016,475.11488
20240322164016,505.32995
20240322165016,655.26543
20240414090016,890.96588
20240414091016,344.13269
20240414092016,465.35257
20240414093016,315.63283
20240414094016,391.79011
20240414095016,348.59617
20240414100016,595.35596
20240414101016,513.43752
20240414102016,453.8943
20240414103016,508.39819
20240414104016,516.6097
20240414105016,520.4965
20240414110016,441.92966
20240414111016,338.82062
20240414112016,303.30648
20240414113016,315.36838
20240414114016,310.53277
20240414115016,306.42828
20240414120016,288.93107
20240414121016,284.29539
20240414122016,278.13399
20240414123016,281.2635
20240414124016,258.95974
20240414125016,247.12833
20240414130016,245.51111
20240414131016,242.33818
20240414132016,239.26404
20240414133016,230.19293
20240414134016,236.14525
20240414135016,241.73287
20240414140016,227.82167
20240414141016,215.97679
20240414142016,210.54154
20240414143016,214.06279
20240414144016,225.92288
20240414145016,234.17626
20240414150016,230.74564
20240414151016,226.18523
20240414152016,219.73381
20240414153016,208.0019
20240414154016,207.80827
20240414155016,201.56586
20240414160016,347.35057
20240414161016,457.13445
20240414162016,504.24224
20240414163016,475.11488
20240414164016,505.32995
20240414165016,655.26543
20240422090016,882.03807
20240422091016,250.14333
20240422092016,429.47862
20240422093016,301.7742
20240422094016,394.21096
20240422095016,456.77797
20240422100016,577.43418
20240422101016,524.02339
20240422102016,448.67797
20240422103016,465.22138
20240422104016,529.8429
20240422105016,538.73289
20240422110016,441.92966
20240422111016,338.82062
20240422112016,303.30648
20240422113016,315.36838
20240422114016,310.53277
20240422115016,306.42828
20240422120016,288.93107
20240422121016,284.29539
20240422122016,278.13399
20240422123016,281.2635
20240422124016,258.95974
20240422125016,247.12833
20240422130016,245.51111
20240422131016,242.33818
20240422132016,239.26404
20240422133016,230.19293
20240422134016,236.14525
20240422135016,241.73287
20240422140016,227.82167
20240422141016,215.97679
20240422142016,210.54154
20240422143016,214.06279
20240422144016,225.92288
20240422145016,234.17626
20240422150016,230.74564
20240422151016,226.18523
20240422152016,219.73381
20240422153016,208.0019
20240422154016,207.80827
20240422155016,201.56586
20240422160016,347.35057
20240422161016,457.13445
20240422162016,504.24224
20240422163016,475.11488
20240422164016,505.32995
20240422165016,655.26543
20240513090016,186.98081
20240513091016,199.48654
20240513092016,231.29316
20240513093016,239.59802
20240513094016,280.26655
20240513095016,277.2547
20240513100016,393.74569
20240513101016,571.66594
20240513102016,534.02014
20240513103016,537.58427
20240513104016,525.3729
20240513105016,513.04231
20240513110016,441.92966
20240513111016,338.82062
20240513112016,303.30648
20240513113016,315.36838
20240513114016,310.53277
20240513115016,306.42828
20240513120016,288.93107
20240513121016,284.29539
20240513122016,278.13399
20240513123016,281.2635
20240513124016,258.95974
20240513125016,247.12833
20240513130016,245.51111
20240513131016,242.33818
20240513132016,239.26404
20240513133016,230.19293
20240513134016,236.14525
20240513135016,241.73287
20240513140016,227.82167
20240513141016,215.97679
20240513142016,210.54154
20240513143016,214.06279
20240513144016,225.92288
20240513145016,234.17626
20240513150016,230.74564
20240513151016,226.18523
20240513152016,219.73381
20240513153016,208.0019
20240513154016,207.80827
20240513155016,201.56586
20240513160016,347.35057
20240513161016,457.13445
20240513162016,504.24224
20240513163016,475.11488
20240513164016,505.32995
20240513165016,655.26543
20240517090016,859.19318
20240517091016,386.85414
20240517092016,549.61919
20240517093016,322.73534
20240517094016,425.32537
20240517095016,631.36397
20240517100016,551.51797
20240517101016,580.97897
20240517102016,533.69658
20240517103016,455.46481
20240517104016,495.33889
20240517105016,536.21765
20240517110016,441.92966
20240517111016,338.82062
20240517112016,303.30648
20240517113016,315.36838
20240517114016,310.53277
20240517115016,306.42828
20240517120016,288.93107
20240517121016,284.29539
20240517122016,278.13399
20240517123016,281.2635
20240517124016,258.95974
20240517125016,247.12833
20240517130016,245.51111
20240517131016,242.33818
20240517132016,239.26404
20240517133016,230.19293
20240517134016,236.14525
20240517135016,241.73287
20240517140016,227.82167
20240517141016,215.97679
20240517142016,210.54154
20240517143016,214.06279
20240517144016,225.92288
20240517145016,234.17626
20240517150016,230.74564
20240517151016,226.18523
20240517152016,219.73381
20240517153016,208.0019
20240517154016,207.80827
20240517155016,201.56586
20240517160016,347.35057
20240517161016,457.13445
20240517162016,504.24224
20240517163016,475.11488
20240517164016,505.32995
20240517165016,655.26543
20240519090016,228.26501
20240519091016,232.1458
20240519092016,231.5458
20240519093016,240.76767
20240519094016,234.12009
20240519095016,328.17682
20240519100016,508.38602
20240519101016,622.01105
20240519102016,536.88719
20240519103016,534.94045
20240519104016,521.333
20240519105016,516.80316
20240519110016,441.92966
20240519111016,338.82062
20240519112016,303.30648
20240519113016,315.36838
20240519114016,310.53277
20240519115016,306.42828
20240519120016,288.93107
20240519121016,284.29539
20240519122016,278.13399
20240519123016,281.2635
20240519124016,258.95974
20240519125016,247.12833
20240519130016,245.51111
20240519131016,242.33818
20240519132016,239.26404
20240519133016,230.19293
20240519134016,236.14525
20240519135016,241.73287
20240519140016,227.82167
20240519141016,215.97679
20240519142016,210.54154
20240519143016,214.06279
20240519144016,225.92288
20240519145016,234.17626
20240519150016,230.74564
20240519151016,226.18523
20240519152016,219.73381
20240519153016,208.0019
20240519154016,207.80827
20240519155016,201.56586
20240519160016,347.35057
20240519161016,457.13445
20240519162016,504.24224
20240519163016,475.11488
20240519164016,505.32995
20240519165016,655.26543
20240608090016,672.65584
20240608091016,258.80676
20240608092016,345.17302
20240608093016,283.52098
20240608094016,322.4755
20240608095016,382.28552
20240608100016,536.89057
20240608101016,548.0078
20240608102016,493.13261
20240608103016,506.47635
20240608104016,501.63489
20240608105016,532.13254
20240608110016,441.92966
20240608111016,338.82062
20240608112016,303.30648
20240608113016,315.36838
20240608114016,310.53277
20240608115016,306.42828
20240608120016,288.93107
20240608121016,284.29539
20240608122016,278.13399
20240608123016,281.2635
20240608124016,258.95974
20240608125016,247.12833
20240608130016,245.51111
20240608131016,242.33818
20240608132016,239.26404
20240608133016,230.19293
20240608134016,236.14525
20240608135016,241.73287
20240608140016,227.82167
20240608141016,215.97679
20240608142016,210.54154
20240608143016,214.06279
20240608144016,225.92288
20240608145016,234.17626
20240608150016,230.74564
20240608151016,226.18523
20240608152016,219.73381
20240608153016,208.0019
20240608154016,207.80827
20240608155016,201.56586
20240608160016,347.35057
20240608161016,457.13445
20240608162016,504.24224
20240608163016,475.11488
20240608164016,505.32995
20240608165016,655.26543
20240629090016,899.98191
20240629091016,258.2461
20240629092016,524.85571
20240629093016,370.98989
20240629094016,533.62664
20240629095016,506.43266
20240629100016,463.5884
20240629101016,464.991
20240629102016,390.3785
20240629103016,391.14438
20240629104016,525.29595
20240629105016,569.83187
20240629110016,441.92966
20240629111016,338.82062
20240629112016,303.30648
20240629113016,315.36838
20240629114016,310.53277
20240629115016,306.42828
20240629120016,288.93107
20240629121016,284.29539
20240629122016,278.13399
20240629123016,281.2635
20240629124016,258.95974
20240629125016,247.12833
20240629130016,245.51111
20240629131016,242.33818
20240629132016,239.26404
20240629133016,230.19293
20240629134016,236.14525
20240629135016,241.73287
20240629140016,227.82167
20240629141016,215.97679
20240629142016,210.54154
20240629143016,214.06279
20240629144016,225.92288
20240629145016,234.17626
20240629150016,230.74564
20240629151016,226.18523
20240629152016,219.73381
20240629153016,208.0019
20240629154016,207.80827
20240629155016,201.56586
20240629160016,347.35057
20240629161016,457.13445
20240629162016,504.24224
20240629163016,475.11488
20240629164016,505.32995
20240629165016,655.26543
20240123090017,193.11222
20240123091017,209.60169
20240123092017,239.21677
20240123093017,229.64956
20240123094017,231.41789
20240123095017,302.41635
20240123100017,546.5581
20240123101017,578.66317
20240123102017,532.17827
20240123103017,562.99503
20240123104017,532.2504
20240123105017,477.33461
20240123110017,441.92966
20240123111017,338.82062
20240123112017,303.30648
20240123113017,315.36838
20240123114017,310.53277
20240123115017,306.42828
20240123120017,288.93107
20240123121017,284.29539
20240123122017,278.13399
20240123123017,281.2635
20240123124017,258.95974
20240123125017,247.12833
20240123130017,245.51111
20240123131017,242.33818
20240123132017,239.26404
20240123133017,230.19293
20240123134017,236.14525
20240123135017,241.73287
20240123140017,227.82167
20240123141017,215.97679
20240123142017,210.54154
20240123143017,214.06279
20240123144017,225.92288
20240123145017,234.17626
20240123150017,230.74564
20240123151017,226.18523
20240123152017,219.73381
20240123153017,208.0019
20240123154017,207.80827
20240123155017,201.56586
20240123160017,347.35057
20240123161017,457.13445
20240123162017,504.24224
20240123163017,475.11488
20240123164017,505.32995
20240123165017,655.26543
20240129090017,190.05473
20240129091017,219.41139
20240129092017,238.6146
20240129093017,249.06222
20240129094017,240.20954
20240129095017,294.56424
20240129100017,455.9977
20240129101017,555.95921
20240129102017,535.04986
20240129103017,562.12924
20240129104017,523.982
20240129105017,478.32793
20240129110017,441.92966
20240129111017,338.82062
20240129112017,303.30648
20240129113017,315.36838
20240129114017,310.53277
20240129115017,306.42828
20240129120017,288.93107
20240129121017,284.29539
20240129122017,278.13399
20240129123017,281.2635
20240129124017,258.95974
20240129125017,247.12833
20240129130017,245.51111
20240129131017,242.33818
20240129132017,239.26404
20240129133017,230.19293
20240129134017,236.14525
20240129135017,241.73287
20240129140017,227.82167
20240129141017,215.97679
20240129142017,210.54154
20240129143017,214.06279
20240129144017,225.92288
20240129145017,234.17626
20240129150017,230.74564
20240129151017,226.18523
20240129152017,219.73381
20240129153017,208.0019
20240129154017,207.80827
20240129155017,201.56586
20240129160017,347.35057
20240129161017,457.13445
20240129162017,504.24224
20240129163017,475.11488
20240129164017,505.32995
20240129165017,655.26543
20240215090017,792.10133
20240215091017,394.29655
20240215092017,392.55219
20240215093017,434.77988
20240215094017,460.90911
20240215095017,384.74046
20240215100017,522.63619
20240215101017,463.10738
20240215102017,459.73731
20240215103017,443.70845
20240215104017,538.34201
20240215105017,545.01556
20240215110017,441.92966
20240215111017,338.82062
20240215112017,303.30648
20240215113017,315.36838
20240215114017,310.53277
20240215115017,306.42828
20240215120017,288.93107
20240215121017,284.29539
20240215122017,278.13399
20240215123017,281.2635
20240215124017,258.95974
20240215125017,247.12833
20240215130017,245.51111
20240215131017,242.33818
20240215132017,239.26404
20240215133017,230.19293
20240215134017,236.14525
20240215135017,241.73287
20240215140017,227.82167
20240215141017,215.97679
20240215142017,210.54154
20240215143017,214.06279
20240215144017,225.92288
20240215145017,234.17626
20240215150017,230.74564
20240215151017,226.18523
20240215152017,219.73381
20240215153017,208.0019
20240215154017,207.80827
20240215155017,201.56586
20240215160017,347.35057
20240215161017,457.13445
20240215162017,504.24224
20240215163017,475.11488
20240215164017,505.32995
20240215165017,655.26543
20240218090017,223.23349
20240218091017,274.03997
20240218092017,323.02594
20240218093017,233.3579
20240218094017,228.68227
20240218095017,381.52234
20240218100017,618.31482
20240218101017,604.88434
20240218102017,540.87068
20240218103017,528.81129
20240218104017,528.43879
20240218105017,516.94553
20240218110017,441.92966
20240218111017,338.82062
20240218112017,303.30648
20240218113017,315.36838
20240218114017,310.53277
20240218115017,306.42828
20240218120017,288.93107
20240218121017,284.29539
20240218122017,278.13399
20240218123017,281.2635
20240218124017,258.95974
20240218125017,247.12833
20240218130017,245.51111
20240218131017,242.33818
20240218132017,239.26404
20240218133017,230.19293
20240218134017,236.14525
20240218135017,241.73287
20240218140017,227.82167
20240218141017,215.97679
20240218142017,210.54154
20240218143017,214.06279
20240218144017,225.92288
20240218145017,234.17626
20240218150017,230.74564
20240218151017,226.18523
20240218152017,219.73381
20240218153017,208.0019
20240218154017,207.80827
20240218155017,201.56586
20240218160017,347.35057
20240218161017,457.13445
20240218162017,504.24224
20240218163017,475.11488
20240218164017,505.32995
20240218165017,655.26543
20240305090017,731.03779
20240305091017,248.47442
20240305092017,328.84963
20240305093017,360.31906
20240305094017,510.33851
20240305095017,603.90657
20240305100017,464.33636
20240305101017,497.75585
20240305102017,468.31384
20240305103017,431.14099
20240305104017,511.61212
20240305105017,565.73989
20240305110017,441.92966
20240305111017,338.82062
20240305112017,303.30648
20240305113017,315.36838
20240305114017,310.53277
20240305115017,306.42828
20240305120017,288.93107
20240305121017,284.29539
20240305122017,278.13399
20240305123017,281.2635
20240305124017,258.95974
20240305125017,247.12833
20240305130017,245.51111
20240305131017,242.33818
20240305132017,239.26404
20240305133017,230.19293
20240305134017,236.14525
20240305135017,241.73287
20240305140017,227.82167
20240305141017,215.97679
20240305142017,210.54154
20240305143017,214.06279
20240305144017,225.92288
20240305145017,234.17626
20240305150017,230.74564
20240305151017,226.18523
20240305152017,219.73381
20240305153017,208.0019
20240305154017,207.80827
20240305155017,201.56586
20240305160017,347.35057
20240305161017,457.13445
20240305162017,504.24224
20240305163017,475.11488
20240305164017,505.32995
20240305165017,655.26543
20240309090017,206.91876
20240309091017,207.34126
20240309092017,248.86359
20240309093017,226.51856
20240309094017,274.38162
20240309095017,322.71314
20240309100017,678.02597
20240309101017,616.09463
20240309102017,521.28698
20240309103017,536.76673
20240309104017,531.406
20240309105017,514.52429
20240309110017,441.92966
20240309111017,338.82062
20240309112017,303.30648
20240309113017,315.36838
20240309114017,310.53277
20240309115017,306.42828
20240309120017,288.93107
20240309121017,284.29539
20240309122017,278.13399
20240309123017,281.2635
20240309124017,258.95974
20240309125017,247.12833
20240309130017,245.51111
20240309131017,242.33818
20240309132017,239.26404
20240309133017,230.19293
20240309134017,236.14525
20240309135017,241.73287
20240309140017,227.82167
20240309141017,215.97679
20240309142017,210.54154
20240309143017,214.06279
20240309144017,225.92288
20240309145017,234.17626
20240309150017,230.74564
20240309151017,226.18523
20240309152017,219.73381
20240309153017,208.0019
20240309154017,207.80827
20240309155017,201.56586
20240309160017,347.35057
20240309161017,457.13445
20240309162017,504.24224
20240309163017,475.11488
20240309164017,505.32995
20240309165017,655.26543
20240311090017,206.6654
20240311091017,219.91432
20240311092017,248.63351
20240311093017,232.90349
20240311094017,233.86573
20240311095017,322.55228
20240311100017,647.44294
20240311101017,615.71313
20240311102017,528.74262
20240311103017,535.05497
20240311104017,527.21957
20240311105017,514.15308
20240311110017,441.92966
20240311111017,338.82062
20240311112017,303.30648
20240311113017,315.36838
20240311114017,310.53277
20240311115017,306.42828
20240311120017,288.93107
20240311121017,284.29539
20240311122017,278.13399
20240311123017,281.2635
20240311124017,258.95974
20240311125017,247.12833
20240311130017,245.51111
20240311131017,242.33818
20240311132017,239.26404
20240311133017,230.19293
20240311134017,236.14525
20240311135017,241.73287
20240311140017,227.82167
20240311141017,215.97679
20240311142017,210.54154
20240311143017,214.06279
20240311144017,225.92288
20240311145017,234.17626
20240311150017,230.74564
20240311151017,226.18523
20240311152017,219.73381
20240311153017,208.0019
20240311154017,207.80827
20240311155017,201.56586
20240311160017,347.35057
20240311161017,457.13445
20240311162017,504.24224
20240311163017,475.11488
20240311164017,505.32995
20240311165017,655.26543
20240403090017,812.99519
20240403091017,237.79719
20240403092017,322.11035
20240403093017,322.90314
20240403094017,511.6792
20240403095017,530.57522
20240403100017,383.0739
20240403101017,504.15468
20240403102017,429.74927
20240403103017,428.22632
20240403104017,529.58645
20240403105017,567.74535
20240403110017,441.92966
20240403111017,338.82062
20240403112017,303.30648
20240403113017,315.36838
20240403114017,310.53277
20240403115017,306.42828
20240403120017,288.93107
20240403121017,284.29539
20240403122017,278.13399
20240403123017,281.2635
20240403124017,258.95974
20240403125017,247.12833
20240403130017,245.51111
20240403131017,242.33818
20240403132017,239.26404
20240403133017,230.19293
20240403134017,236.14525
20240403135017,241.73287
20240403140017,227.82167
20240403141017,215.97679
20240403142017,210.54154
20240403143017,214.06279
20240403144017,225.92288
20240403145017,234.17626
20240403150017,230.74564
20240403151017,226.18523
20240403152017,219.73381
20240403153017,208.0019
20240403154017,207.80827
20240403155017,201.56586
20240403160017,347.35057
20240403161017,457.13445
20240403162017,504.24224
20240403163017,475.11488
20240403164017,505.32995
20240403165017,655.26543
20240507090017,733.91186
20240507091017,240.35657
20240507092017,282.29773
20240507093017,309.46995
20240507094017,374.87486
20240507095017,526.92078
20240507100017,360.66494
20240507101017,506.93998
20240507102017,470.84347
20240507103017,461.06555
20240507104017,513.17091
20240507105017,543.41257
20240507110017,441.92966
20240507111017,338.82062
20240507112017,303.30648
20240507113017,315.36838
20240507114017,310.53277
20240507115017,306.42828
20240507120017,288.93107
20240507121017,284.29539
20240507122017,278.13399
20240507123017,281.2635
20240507124017,258.95974
20240507125017,247.12833
20240507130017,245.51111
20240507131017,242.33818
20240507132017,239.26404
20240507133017,230.19293
20240507134017,236.14525
20240507135017,241.73287
20240507140017,227.82167
20240507141017,215.97679
20240507142017,210.54154
20240507143017,214.06279
20240507144017,225.92288
20240507145017,234.17626
20240507150017,230.74564
20240507151017,226.18523
20240507152017,219.73381
20240507153017,208.0019
20240507154017,207.80827
20240507155017,201.56586
20240507160017,347.35057
20240507161017,457.13445
20240507162017,504.24224
20240507163017,475.11488
20240507164017,505.32995
20240507165017,655.26543
20240528090017,187.24429
20240528091017,197.56639
20240528092017,229.01912
20240528093017,233.05117
20240528094017,278.68632
20240528095017,271.10991
20240528100017,390.91681
20240528101017,571.81526
20240528102017,536.62076
20240528103017,537.58784
20240528104017,525.70516
20240528105017,511.7728
20240528110017,441.92966
20240528111017,338.82062
20240528112017,303.30648
20240528113017,315.36838
20240528114017,310.53277
20240528115017,306.42828
20240528120017,288.93107
20240528121017,284.29539
20240528122017,278.13399
20240528123017,281.2635
20240528124017,258.95974
20240528125017,247.12833
20240528130017,245.51111
20240528131017,242.33818
20240528132017,239.26404
20240528133017,230.19293
20240528134017,236.14525
20240528135017,241.73287
20240528140017,227.82167
20240528141017,215.97679
20240528142017,210.54154
20240528143017,214.06279
20240528144017,225.92288
20240528145017,234.17626
20240528150017,230.74564
20240528151017,226.18523
20240528152017,219.73381
20240528153017,208.0019
20240528154017,207.80827
20240528155017,201.56586
20240528160017,347.35057
20240528161017,457.13445
20240528162017,504.24224
20240528163017,475.11488
20240528164017,505.32995
20240528165017,655.26543
20240614090017,191.5321
20240614091017,200.59479
20240614092017,223.33842
20240614093017,238.87429
20240614094017,249.09055
20240614095017,270.18259
20240614100017,375.16762
20240614101017,612.43645
20240614102017,534.61997
20240614103017,529.32634
20240614104017,526.86227
20240614105017,524.65058
20240614110017,441.92966
20240614111017,338.82062
20240614112017,303.30648
20240614113017,315.36838
20240614114017,310.53277
20240614115017,306.42828
20240614120017,288.93107
20240614121017,284.29539
20240614122017,278.13399
20240614123017,281.2635
20240614124017,258.95974
20240614125017,247.12833
20240614130017,245.51111
20240614131017,242.33818
20240614132017,239.26404
20240614133017,230.19293
20240614134017,236.14525
20240614135017,241.73287
20240614140017,227.82167
20240614141017,215.97679
20240614142017,210.54154
20240614143017,214.06279
20240614144017,225.92288
20240614145017,234.17626
20240614150017,230.74564
20240614151017,226.18523
20240614152017,219.73381
20240614153017,208.0019
20240614154017,207.80827
20240614155017,201.56586
20240614160017,347.35057
20240614161017,457.13445
20240614162017,504.24224
20240614163017,475.11488
20240614164017,505.32995
20240614165017,655.26543
20240619090017,527.82888
20240619091017,241.30388
20240619092017,258.39515
20240619093017,324.79767
20240619094017,431.83009
20240619095017,435.55846
20240619100017,616.03323
20240619101017,469.96093
20240619102017,435.1747
20240619103017,475.15045
20240619104017,561.59108
20240619105017,546.69257
20240619110017,441.92966
20240619111017,338.82062
20240619112017,303.30648
20240619113017,315.36838
20240619114017,310.53277
20240619115017,306.42828
20240619120017,288.93107
20240619121017,284.29539
20240619122017,278.13399
20240619123017,281.2635
20240619124017,258.95974
20240619125017,247.12833
20240619130017,245.51111
20240619131017,242.33818
20240619132017,239.26404
20240619133017,230.19293
20240619134017,236.14525
20240619135017,241.73287
20240619140017,227.82167
20240619141017,215.97679
20240619142017,210.54154
20240619143017,214.06279
20240619144017,225.92288
20240619145017,234.17626
20240619150017,230.74564
20240619151017,226.18523
20240619152017,219.73381
20240619153017,208.0019
20240619154017,207.80827
20240619155017,201.56586
20240619160017,347.35057
20240619161017,457.13445
20240619162017,504.24224
20240619163017,475.11488
20240619164017,505.32995
20240619165017,655.26543
20240627090017,648.64783
20240627091017,238.35679
20240627092017,334.96406
20240627093017,341.83287
20240627094017,464.32022
20240627095017,431.48083
20240627100017,518.82695
20240627101017,481.47288
20240627102017,395.50261
20240627103017,440.61449
20240627104017,540.34207
20240627105017,570.39251
20240627110017,441.92966
20240627111017,338.82062
20240627112017,303.30648
20240627113017,315.36838
20240627114017,310.53277
20240627115017,306.42828
20240627120017,288.93107
20240627121017,284.29539
20240627122017,278.13399
20240627123017,281.2635
20240627124017,258.95974
20240627125017,247.12833
20240627130017,245.51111
20240627131017,242.33818
20240627132017,239.26404
20240627133017,230.19293
20240627134017,236.14525
20240627135017,241.73287
20240627140017,227.82167
20240627141017,215.97679
20240627142017,210.54154
20240627143017,214.06279
20240627144017,225.92288
20240627145017,234.17626
20240627150017,230.74564
20240627151017,226.18523
20240627152017,219.73381
20240627153017,208.0019
20240627154017,207.80827
20240627155017,201.56586
20240627160017,347.35057
20240627161017,457.13445
20240627162017,504.24224
20240627163017,475.11488
20240627164017,505.32995
20240627165017,655.26543
20240629090017,670.55221
20240629091017,236.89419
20240629092017,336.85534
20240629093017,345.58006
20240629094017,503.68165
20240629095017,463.35102
20240629100017,472.56926
20240629101017,481.66802
20240629102017,393.20098
20240629103017,429.96479
20240629104017,540.43627
20240629105017,594.32148
20240629110017,441.92966
20240629111017,338.82062
20240629112017,303.30648
20240629113017,315.36838
20240629114017,310.53277
20240629115017,306.42828
20240629120017,288.93107
20240629121017,284.29539
20240629122017,278.13399
20240629123017,281.2635
20240629124017,258.95974
20240629125017,247.12833
20240629130017,245.51111
20240629131017,242.33818
20240629132017,239.26404
20240629133017,230.19293
20240629134017,236.14525
20240629135017,241.73287
20240629140017,227.82167
20240629141017,215.97679
20240629142017,210.54154
20240629143017,214.06279
20240629144017,225.92288
20240629145017,234.17626
20240629150017,230.74564
20240629151017,226.18523
20240629152017,219.73381
20240629153017,208.0019
20240629154017,207.80827
20240629155017,201.56586
20240629160017,347.35057
20240629161017,457.13445
20240629162017,504.24224
20240629163017,475.11488
20240629164017,505.32995
20240629165017,655.26543
20240704090017,663.23617
20240704091017,228.3915
20240704092017,331.97385
20240704093017,384.80341
20240704094017,575.0926
20240704095017,533.14855
20240704100017,455.73884
20240704101017,442.03903
20240704102017,375.97723
20240704103017,386.1616
20240704104017,541.77493
20240704105017,608.33155
20240704110017,441.92966
20240704111017,338.82062
20240704112017,303.30648
20240704113017,315.36838
20240704114017,310.53277
20240704115017,306.42828
20240704120017,288.93107
20240704121017,284.29539
20240704122017,278.13399
20240704123017,281.2635
20240704124017,258.95974
20240704125017,247.12833
20240704130017,245.51111
20240704131017,242.33818
20240704132017,239.26404
20240704133017,230.19293
20240704134017,236.14525
20240704135017,241.73287
20240704140017,227.82167
20240704141017,215.97679
20240704142017,210.54154
20240704143017,214.06279
20240704144017,225.92288
20240704145017,234.17626
20240704150017,230.74564
20240704151017,226.18523
20240704152017,219.73381
20240704153017,208.0019
20240704154017,207.80827
20240704155017,201.56586
20240704160017,347.35057
20240704161017,457.13445
20240704162017,504.24224
20240704163017,475.11488
20240704164017,505.32995
20240704165017,655.26543
20240706090017,665.98016
20240706091017,228.58542
20240706092017,339.16113
20240706093017,389.95292
20240706094017,589.98371
20240706095017,533.32884
20240706100017,460.38281
20240706101017,439.08197
20240706102017,373.94426
20240706103017,388.08465
20240706104017,542.55041
20240706105017,608.43666
20240706110017,441.92966
20240706111017,338.82062
20240706112017,303.30648
20240706113017,315.36838
20240706114017,310.53277
20240706115017,306.42828
20240706120017,288.93107
20240706121017,284.29539
20240706122017,278.13399
20240706123017,281.2635
20240706124017,258.95974
20240706125017,247.12833
20240706130017,245.51111
20240706131017,242.33818
20240706132017,239.26404
20240706133017,230.19293
20240706134017,236.14525
20240706135017,241.73287
20240706140017,227.82167
20240706141017,215.97679
20240706142017,210.54154
20240706143017,214.06279
20240706144017,225.92288
20240706145017,234.17626
20240706150017,230.74564
20240706151017,226.18523
20240706152017,219.73381
20240706153017,208.0019
20240706154017,207.80827
20240706155017,201.56586
20240706160017,347.35057
20240706161017,457.13445
20240706162017,504.24224
20240706163017,475.11488
20240706164017,505.32995
20240706165017,655.26543
20240328090008,268.33715
20240328091008,234.02319
20240328092008,263.42088
20240328093008,463.76752
20240328094008,595.42599
20240328095008,428.78568
20240328100008,479.29461
20240328101008,512.57443
20240328102008,508.27313
20240328103008,507.82037
20240328104008,562.73316
20240328105008,541.981
20240328110008,441.92966
20240328111008,338.82062
20240328112008,303.30648
20240328113008,315.36838
20240328114008,310.53277
20240328115008,306.42828
20240328120008,288.93107
20240328121008,284.29539
20240328122008,278.13399
20240328123008,281.2635
20240328124008,258.95974
20240328125008,247.12833
20240328130008,245.51111
20240328131008,242.33818
20240328132008,239.26404
20240328133008,230.19293
20240328134008,236.14525
20240328135008,241.73287
20240328140008,227.82167
20240328141008,215.97679
20240328142008,210.54154
20240328143008,214.06279
20240328144008,225.92288
20240328145008,234.17626
20240328150008,230.74564
20240328151008,226.18523
20240328152008,219.73381
20240328153008,208.0019
20240328154008,207.80827
20240328155008,201.56586
20240328160008,347.35057
20240328161008,457.13445
20240328162008,504.24224
20240328163008,475.11488
20240328164008,505.32995
20240328165008,655.26543
20240508090008,211.11271
20240508091008,228.82106
20240508092008,233.62401
20240508093008,241.33006
20240508094008,234.24011
20240508095008,277.12438
20240508100008,457.69903
20240508101008,611.949
20240508102008,534.42902
20240508103008,535.10005
20240508104008,523.71207
20240508105008,515.89627
20240508110008,441.92966
20240508111008,338.82062
20240508112008,303.30648
20240508113008,315.36838
20240508114008,310.53277
20240508115008,306.42828
20240508120008,288.93107
20240508121008,284.29539
20240508122008,278.13399
20240508123008,281.2635
20240508124008,258.95974
20240508125008,247.12833
20240508130008,245.51111
20240508131008,242.33818
20240508132008,239.26404
20240508133008,230.19293
20240508134008,236.14525
20240508135008,241.73287
20240508140008,227.82167
20240508141008,215.97679
20240508142008,210.54154
20240508143008,214.06279
20240508144008,225.92288
20240508145008,234.17626
20240508150008,230.74564
20240508151008,226.18523
20240508152008,219.73381
20240508153008,208.0019
20240508154008,207.80827
20240508155008,201.56586
20240508160008,347.35057
20240508161008,457.13445
20240508162008,504.24224
20240508163008,475.11488
20240508164008,505.32995
20240508165008,655.26543
20240521090008,197.61152
20240521091008,221.09793
20240521092008,234.02078
20240521093008,250.02519
20240521094008,277.2973
20240521095008,281.0297
20240521100008,411.95477
20240521101008,605.62257
20240521102008,534.02014
20240521103008,534.45558
20240521104008,526.94643
20240521105008,516.42321
20240521110008,441.92966
20240521111008,338.82062
20240521112008,303.30648
20240521113008,315.36838
20240521114008,310.53277
20240521115008,306.42828
20240521120008,288.93107
20240521121008,284.29539
20240521122008,278.13399
20240521123008,281.2635
20240521124008,258.95974
20240521125008,247.12833
20240521130008,245.51111
20240521131008,242.33818
20240521132008,239.26404
20240521133008,230.19293
20240521134008,236.14525
20240521135008,241.73287
20240521140008,227.82167
20240521141008,215.97679
20240521142008,210.54154
20240521143008,214.06279
20240521144008,225.92288
20240521145008,234.17626
20240521150008,230.74564
20240521151008,226.18523
20240521152008,219.73381
20240521153008,208.0019
20240521154008,207.80827
20240521155008,201.56586
20240521160008,347.35057
20240521161008,457.13445
20240521162008,504.24224
20240521163008,475.11488
20240521164008,505.32995
20240521165008,655.26543
20240618090008,205.46993
20240618091008,204.31476
20240618092008,213.25433
20240618093008,232.03375
20240618094008,230.55605
20240618095008,263.40622
20240618100008,460.52794
20240618101008,643.96656
20240618102008,535.34846
20240618103008,535.43948
20240618104008,526.0809
20240618105008,525.63506
20240618110008,441.92966
20240618111008,338.82062
20240618112008,303.30648
20240618113008,315.36838
20240618114008,310.53277
20240618115008,306.42828
20240618120008,288.93107
20240618121008,284.29539
20240618122008,278.13399
20240618123008,281.2635
20240618124008,258.95974
20240618125008,247.12833
20240618130008,245.51111
20240618131008,242.33818
20240618132008,239.26404
20240618133008,230.19293
20240618134008,236.14525
20240618135008,241.73287
20240618140008,227.82167
20240618141008,215.97679
20240618142008,210.54154
20240618143008,214.06279
20240618144008,225.92288
20240618145008,234.17626
20240618150008,230.74564
20240618151008,226.18523
20240618152008,219.73381
20240618153008,208.0019
20240618154008,207.80827
20240618155008,201.56586
20240618160008,347.35057
20240618161008,457.13445
20240618162008,504.24224
20240618163008,475.11488
20240618164008,505.32995
20240618165008,655.26543
20240630090008,194.63578
20240630091008,194.58897
20240630092008,213.35151
20240630093008,379.03735
20240630094008,603.06473
20240630095008,588.0458
20240630100008,425.58363
20240630101008,458.89552
20240630102008,509.29506
20240630103008,468.52548
20240630104008,565.63833
20240630105008,562.57639
20240630110008,441.92966
20240630111008,338.82062
20240630112008,303.30648
20240630113008,315.36838
20240630114008,310.53277
20240630115008,306.42828
20240630120008,288.93107
20240630121008,284.29539
20240630122008,278.13399
20240630123008,281.2635
20240630124008,258.95974
20240630125008,247.12833
20240630130008,245.51111
20240630131008,242.33818
20240630132008,239.26404
20240630133008,230.19293
20240630134008,236.14525
20240630135008,241.73287
20240630140008,227.82167
20240630141008,215.97679
20240630142008,210.54154
20240630143008,214.06279
20240630144008,225.92288
20240630145008,234.17626
20240630150008,230.74564
20240630151008,226.18523
20240630152008,219.73381
20240630153008,208.0019
20240630154008,207.80827
20240630155008,201.56586
20240630160008,347.35057
20240630161008,457.13445
20240630162008,504.24224
20240630163008,475.11488
20240630164008,505.32995
20240630165008,655.26543
20240702090008,192.61614
20240702091008,192.99939
20240702092008,204.20741
20240702093008,328.85005
20240702094008,585.9767
20240702095008,529.42144
20240702100008,460.0335
20240702101008,464.83486
20240702102008,507.17719
20240702103008,506.15406
20240702104008,561.64474
20240702105008,539.88045
20240702110008,441.92966
20240702111008,338.82062
20240702112008,303.30648
20240702113008,315.36838
20240702114008,310.53277
20240702115008,306.42828
20240702120008,288.93107
20240702121008,284.29539
20240702122008,278.13399
20240702123008,281.2635
20240702124008,258.95974
20240702125008,247.12833
20240702130008,245.51111
20240702131008,242.33818
20240702132008,239.26404
20240702133008,230.19293
20240702134008,236.14525
20240702135008,241.73287
20240702140008,227.82167
20240702141008,215.97679
20240702142008,210.54154
20240702143008,214.06279
20240702144008,225.92288
20240702145008,234.17626
20240702150008,230.74564
20240702151008,226.18523
20240702152008,219.73381
20240702153008,208.0019
20240702154008,207.80827
20240702155008,201.56586
20240702160008,347.35057
20240702161008,457.13445
20240702162008,504.24224
20240702163008,475.11488
20240702164008,505.32995
20240702165008,655.26543
20240812090008,193.89175
20240812091008,193.34973
20240812092008,205.7187
20240812093008,362.55593
20240812094008,594.31689
20240812095008,549.2131
20240812100008,453.53251
20240812101008,463.96682
20240812102008,508.48662
20240812103008,491.69488
20240812104008,564.1176
20240812105008,545.32274
20240812110008,441.92966
20240812111008,338.82062
20240812112008,303.30648
20240812113008,315.36838
20240812114008,310.53277
20240812115008,306.42828
20240812120008,288.93107
20240812121008,284.29539
20240812122008,278.13399
20240812123008,281.2635
20240812124008,258.95974
20240812125008,247.12833
20240812130008,245.51111
20240812131008,242.33818
20240812132008,239.26404
20240812133008,230.19293
20240812134008,236.14525
20240812135008,241.73287
20240812140008,227.82167
20240812141008,215.97679
20240812142008,210.54154
20240812143008,214.06279
20240812144008,225.92288
20240812145008,234.17626
20240812150008,230.74564
20240812151008,226.18523
20240812152008,219.73381
20240812153008,208.0019
20240812154008,207.80827
20240812155008,201.56586
20240812160008,347.35057
20240812161008,457.13445
20240812162008,504.24224
20240812163008,475.11488
20240812164008,505.32995
20240812165008,655.26543
20240828090008,192.65865
20240828091008,194.12252
20240828092008,208.56078
20240828093008,349.62567
20240828094008,590.55252
20240828095008,556.82208
20240828100008,447.01214
20240828101008,464.02928
20240828102008,508.55848
20240828103008,491.5765
20240828104008,563.6631
20240828105008,545.02605
20240828110008,441.92966
20240828111008,338.82062
20240828112008,303.30648
20240828113008,315.36838
20240828114008,310.53277
20240828115008,306.42828
20240828120008,288.93107
20240828121008,284.29539
20240828122008,278.13399
20240828123008,281.2635
20240828124008,258.95974
20240828125008,247.12833
20240828130008,245.51111
20240828131008,242.33818
20240828132008,239.26404
20240828133008,230.19293
20240828134008,236.14525
20240828135008,241.73287
20240828140008,227.82167
20240828141008,215.97679
20240828142008,210.54154
20240828143008,214.06279
20240828144008,225.92288
20240828145008,234.17626
20240828150008,230.74564
20240828151008,226.18523
20240828152008,219.73381
20240828153008,208.0019
20240828154008,207.80827
20240828155008,201.56586
20240828160008,347.35057
20240828161008,457.13445
20240828162008,504.24224
20240828163008,475.11488
20240828164008,505.32995
20240828165008,655.26543
20240307090010,186.00327
20240307091010,198.01671
20240307092010,227.90955
20240307093010,248.47525
20240307094010,301.87859
20240307095010,287.40539
20240307100010,381.10605
20240307101010,537.77625
20240307102010,529.23522
20240307103010,535.1891
20240307104010,527.32091
20240307105010,507.43524
20240307110010,441.92966
20240307111010,338.82062
20240307112010,303.30648
20240307113010,315.36838
20240307114010,310.53277
20240307115010,306.42828
20240307120010,288.93107
20240307121010,284.29539
20240307122010,278.13399
20240307123010,281.2635
20240307124010,258.95974
20240307125010,247.12833
20240307130010,245.51111
20240307131010,242.33818
20240307132010,239.26404
20240307133010,230.19293
20240307134010,236.14525
20240307135010,241.73287
20240307140010,227.82167
20240307141010,215.97679
20240307142010,210.54154
20240307143010,214.06279
20240307144010,225.92288
20240307145010,234.17626
20240307150010,230.74564
20240307151010,226.18523
20240307152010,219.73381
20240307153010,208.0019
20240307154010,207.80827
20240307155010,201.56586
20240307160010,347.35057
20240307161010,457.13445
20240307162010,504.24224
20240307163010,475.11488
20240307164010,505.32995
20240307165010,655.26543
20240310090010,186.72352
20240310091010,195.3714
20240310092010,221.09413
20240310093010,228.55861
20240310094010,241.83811
20240310095010,279.63334
20240310100010,455.61355
20240310101010,567.03645
20240310102010,525.57115
20240310103010,537.10993
20240310104010,528.16542
20240310105010,512.93442
20240310110010,441.92966
20240310111010,338.82062
20240310112010,303.30648
20240310113010,315.36838
20240310114010,310.53277
20240310115010,306.42828
20240310120010,288.93107
20240310121010,284.29539
20240310122010,278.13399
20240310123010,281.2635
20240310124010,258.95974
20240310125010,247.12833
20240310130010,245.51111
20240310131010,242.33818
20240310132010,239.26404
20240310133010,230.19293
20240310134010,236.14525
20240310135010,241.73287
20240310140010,227.82167
20240310141010,215.97679
20240310142010,210.54154
20240310143010,214.06279
20240310144010,225.92288
20240310145010,234.17626
20240310150010,230.74564
20240310151010,226.18523
20240310152010,219.73381
20240310153010,208.0019
20240310154010,207.80827
20240310155010,201.56586
20240310160010,347.35057
20240310161010,457.13445
20240310162010,504.24224
20240310163010,475.11488
20240310164010,505.32995
20240310165010,655.26543
20240423090010,227.70891
20240423091010,243.18888
20240423092010,242.2409
20240423093010,296.92896
20240423094010,234.36414
20240423095010,286.34167
20240423100010,454.49506
20240423101010,623.97271
20240423102010,539.86044
20240423103010,532.88628
20240423104010,516.03767
20240423105010,516.94076
20240423110010,441.92966
20240423111010,338.82062
20240423112010,303.30648
20240423113010,315.36838
20240423114010,310.53277
20240423115010,306.42828
20240423120010,288.93107
20240423121010,284.29539
20240423122010,278.13399
20240423123010,281.2635
20240423124010,258.95974
20240423125010,247.12833
20240423130010,245.51111
20240423131010,242.33818
20240423132010,239.26404
20240423133010,230.19293
20240423134010,236.14525
20240423135010,241.73287
20240423140010,227.82167
20240423141010,215.97679
20240423142010,210.54154
20240423143010,214.06279
20240423144010,225.92288
20240423145010,234.17626
20240423150010,230.74564
20240423151010,226.18523
20240423152010,219.73381
20240423153010,208.0019
20240423154010,207.80827
20240423155010,201.56586
20240423160010,347.35057
20240423161010,457.13445
20240423162010,504.24224
20240423163010,475.11488
20240423164010,505.32995
20240423165010,655.26543
20240519090010,207.63553
20240519091010,227.47168
20240519092010,234.0601
20240519093010,251.14797
20240519094010,251.31094
20240519095010,280.67467
20240519100010,427.64343
20240519101010,611.18712
20240519102010,534.51694
20240519103010,535.79553
20240519104010,521.42681
20240519105010,515.57674
20240519110010,441.92966
20240519111010,338.82062
20240519112010,303.30648
20240519113010,315.36838
20240519114010,310.53277
20240519115010,306.42828
20240519120010,288.93107
20240519121010,284.29539
20240519122010,278.13399
20240519123010,281.2635
20240519124010,258.95974
20240519125010,247.12833
20240519130010,245.51111
20240519131010,242.33818
20240519132010,239.26404
20240519133010,230.19293
20240519134010,236.14525
20240519135010,241.73287
20240519140010,227.82167
20240519141010,215.97679
20240519142010,210.54154
20240519143010,214.06279
20240519144010,225.92288
20240519145010,234.17626
20240519150010,230.74564
20240519151010,226.18523
20240519152010,219.73381
20240519153010,208.0019
20240519154010,207.80827
20240519155010,201.56586
20240519160010,347.35057
20240519161010,457.13445
20240519162010,504.24224
20240519163010,475.11488
20240519164010,505.32995
20240519165010,655.26543
20240619090010,352.31457
20240619091010,199.91845
20240619092010,304.55744
20240619093010,320.7563
20240619094010,394.09974
20240619095010,392.57461
20240619100010,688.15795
20240619101010,485.29391
20240619102010,455.37145
20240619103010,495.46968
20240619104010,570.84032
20240619105010,552.35765
20240619110010,441.92966
20240619111010,338.82062
20240619112010,303.30648
20240619113010,315.36838
20240619114010,310.53277
20240619115010,306.42828
20240619120010,288.93107
20240619121010,284.29539
20240619122010,278.13399
20240619123010,281.2635
20240619124010,258.95974
20240619125010,247.12833
20240619130010,245.51111
20240619131010,242.33818
20240619132010,239.26404
20240619133010,230.19293
20240619134010,236.14525
20240619135010,241.73287
20240619140010,227.82167
20240619141010,215.97679
20240619142010,210.54154
20240619143010,214.06279
20240619144010,225.92288
20240619145010,234.17626
20240619150010,230.74564
20240619151010,226.18523
20240619152010,219.73381
20240619153010,208.0019
20240619154010,207.80827
20240619155010,201.56586
20240619160010,347.35057
20240619161010,457.13445
20240619162010,504.24224
20240619163010,475.11488
20240619164010,505.32995
20240619165010,655.26543
20240711090010,322.16668
20240711091010,197.07433
20240711092010,240.04605
20240711093010,396.06015
20240711094010,595.32265
20240711095010,511.80022
20240711100010,637.71501
20240711101010,433.72301
20240711102010,393.65121
20240711103010,463.46779
20240711104010,571.30151
20240711105010,588.95199
20240711110010,441.92966
20240711111010,338.82062
20240711112010,303.30648
20240711113010,315.36838
20240711114010,310.53277
20240711115010,306.42828
20240711120010,288.93107
20240711121010,284.29539
20240711122010,278.13399
20240711123010,281.2635
20240711124010,258.95974
20240711125010,247.12833
20240711130010,245.51111
20240711131010,242.33818
20240711132010,239.26404
20240711133010,230.19293
20240711134010,236.14525
20240711135010,241.73287
20240711140010,227.82167
20240711141010,215.97679
20240711142010,210.54154
20240711143010,214.06279
20240711144010,225.92288
20240711145010,234.17626
20240711150010,230.74564
20240711151010,226.18523
20240711152010,219.73381
20240711153010,208.0019
20240711154010,207.80827
20240711155010,201.56586
20240711160010,347.35057
20240711161010,457.13445
20240711162010,504.24224
20240711163010,475.11488
20240711164010,505.32995
20240711165010,655.26543
20240207090017,201.45844
20240207091017,228.64058
20240207092017,239.83922
20240207093017,320.89261
20240207094017,280.34627
20240207095017,305.00843
20240207100017,446.21083
20240207101017,560.69454
20240207102017,541.33744
20240207103017,542.52282
20240207104017,519.97105
20240207105017,501.29068
20240207110017,441.92966
20240207111017,338.82062
20240207112017,303.30648
20240207113017,315.36838
20240207114017,310.53277
20240207115017,306.42828
20240207120017,288.93107
20240207121017,284.29539
20240207122017,278.13399
20240207123017,281.2635
20240207124017,258.95974
20240207125017,247.12833
20240207130017,245.51111
20240207131017,242.33818
20240207132017,239.26404
20240207133017,230.19293
20240207134017,236.14525
20240207135017,241.73287
20240207140017,227.82167
20240207141017,215.97679
20240207142017,210.54154
20240207143017,214.06279
20240207144017,225.92288
20240207145017,234.17626
20240207150017,230.74564
20240207151017,226.18523
20240207152017,219.73381
20240207153017,208.0019
20240207154017,207.80827
20240207155017,201.56586
20240207160017,347.35057
20240207161017,457.13445
20240207162017,504.24224
20240207163017,475.11488
20240207164017,505.32995
20240207165017,655.26543
20240224090017,192.62425
20240224091017,221.15852
20240224092017,248.05671
20240224093017,238.87873
20240224094017,232.76663
20240224095017,281.29924
20240224100017,469.64386
20240224101017,562.19061
20240224102017,540.58434
20240224103017,562.25245
20240224104017,526.157
20240224105017,480.27516
20240224110017,441.92966
20240224111017,338.82062
20240224112017,303.30648
20240224113017,315.36838
20240224114017,310.53277
20240224115017,306.42828
20240224120017,288.93107
20240224121017,284.29539
20240224122017,278.13399
20240224123017,281.2635
20240224124017,258.95974
20240224125017,247.12833
20240224130017,245.51111
20240224131017,242.33818
20240224132017,239.26404
20240224133017,230.19293
20240224134017,236.14525
20240224135017,241.73287
20240224140017,227.82167
20240224141017,215.97679
20240224142017,210.54154
20240224143017,214.06279
20240224144017,225.92288
20240224145017,234.17626
20240224150017,230.74564
20240224151017,226.18523
20240224152017,219.73381
20240224153017,208.0019
20240224154017,207.80827
20240224155017,201.56586
20240224160017,347.35057
20240224161017,457.13445
20240224162017,504.24224
20240224163017,475.11488
20240224164017,505.32995
20240224165017,655.26543
20240318090017,187.35579
20240318091017,203.33553
20240318092017,230.60852
20240318093017,229.3158
20240318094017,230.95223
20240318095017,279.75976
20240318100017,506.48197
20240318101017,593.55698
20240318102017,533.57308
20240318103017,535.13643
20240318104017,527.75543
20240318105017,513.28605
20240318110017,441.92966
20240318111017,338.82062
20240318112017,303.30648
20240318113017,315.36838
20240318114017,310.53277
20240318115017,306.42828
20240318120017,288.93107
20240318121017,284.29539
20240318122017,278.13399
20240318123017,281.2635
20240318124017,258.95974
20240318125017,247.12833
20240318130017,245.51111
20240318131017,242.33818
20240318132017,239.26404
20240318133017,230.19293
20240318134017,236.14525
20240318135017,241.73287
20240318140017,227.82167
20240318141017,215.97679
20240318142017,210.54154
20240318143017,214.06279
20240318144017,225.92288
20240318145017,234.17626
20240318150017,230.74564
20240318151017,226.18523
20240318152017,219.73381
20240318153017,208.0019
20240318154017,207.80827
20240318155017,201.56586
20240318160017,347.35057
20240318161017,457.13445
20240318162017,504.24224
20240318163017,475.11488
20240318164017,505.32995
20240318165017,655.26543
20240509090017,199.2742
20240509091017,226.1211
20240509092017,232.14963
20240509093017,241.78599
20240509094017,233.90253
20240509095017,279.24755
20240509100017,460.77616
20240509101017,606.46318
20240509102017,534.27117
20240509103017,535.10005
20240509104017,526.84906
20240509105017,515.15969
20240509110017,441.92966
20240509111017,338.82062
20240509112017,303.30648
20240509113017,315.36838
20240509114017,310.53277
20240509115017,306.42828
20240509120017,288.93107
20240509121017,284.29539
20240509122017,278.13399
20240509123017,281.2635
20240509124017,258.95974
20240509125017,247.12833
20240509130017,245.51111
20240509131017,242.33818
20240509132017,239.26404
20240509133017,230.19293
20240509134017,236.14525
20240509135017,241.73287
20240509140017,227.82167
20240509141017,215.97679
20240509142017,210.54154
20240509143017,214.06279
20240509144017,225.92288
20240509145017,234.17626
20240509150017,230.74564
20240509151017,226.18523
20240509152017,219.73381
20240509153017,208.0019
20240509154017,207.80827
20240509155017,201.56586
20240509160017,347.35057
20240509161017,457.13445
20240509162017,504.24224
20240509163017,475.11488
20240509164017,505.32995
20240509165017,655.26543
20240602090017,188.64629
20240602091017,198.43118
20240602092017,222.36472
20240602093017,240.49027
20240602094017,273.10328
20240602095017,277.87726
20240602100017,454.82338
20240602101017,621.00814
20240602102017,535.31301
20240602103017,534.76159
20240602104017,521.05868
20240602105017,516.36718
20240602110017,441.92966
20240602111017,338.82062
20240602112017,303.30648
20240602113017,315.36838
20240602114017,310.53277
20240602115017,306.42828
20240602120017,288.93107
20240602121017,284.29539
20240602122017,278.13399
20240602123017,281.2635
20240602124017,258.95974
20240602125017,247.12833
20240602130017,245.51111
20240602131017,242.33818
20240602132017,239.26404
20240602133017,230.19293
20240602134017,236.14525
20240602135017,241.73287
20240602140017,227.82167
20240602141017,215.97679
20240602142017,210.54154
20240602143017,214.06279
20240602144017,225.92288
20240602145017,234.17626
20240602150017,230.74564
20240602151017,226.18523
20240602152017,219.73381
20240602153017,208.0019
20240602154017,207.80827
20240602155017,201.56586
20240602160017,347.35057
20240602161017,457.13445
20240602162017,504.24224
20240602163017,475.11488
20240602164017,505.32995
20240602165017,655.26543
20240604090017,395.34309
20240604091017,213.3621
20240604092017,245.83178
20240604093017,225.78959
20240604094017,231.19763
20240604095017,255.11106
20240604100017,690.04266
20240604101017,653.82677
20240604102017,467.72758
20240604103017,513.32424
20240604104017,498.84375
20240604105017,532.98461
20240604110017,441.92966
20240604111017,338.82062
20240604112017,303.30648
20240604113017,315.36838
20240604114017,310.53277
20240604115017,306.42828
20240604120017,288.93107
20240604121017,284.29539
20240604122017,278.13399
20240604123017,281.2635
20240604124017,258.95974
20240604125017,247.12833
20240604130017,245.51111
20240604131017,242.33818
20240604132017,239.26404
20240604133017,230.19293
20240604134017,236.14525
20240604135017,241.73287
20240604140017,227.82167
20240604141017,215.97679
20240604142017,210.54154
20240604143017,214.06279
20240604144017,225.92288
20240604145017,234.17626
20240604150017,230.74564
20240604151017,226.18523
20240604152017,219.73381
20240604153017,208.0019
20240604154017,207.80827
20240604155017,201.56586
20240604160017,347.35057
20240604161017,457.13445
20240604162017,504.24224
20240604163017,475.11488
20240604164017,505.32995
20240604165017,655.26543
20240609090017,695.85674
20240609091017,266.15979
20240609092017,342.66571
20240609093017,313.22545
20240609094017,394.02693
20240609095017,392.73281
20240609100017,520.03332
20240609101017,513.30662
20240609102017,396.85208
20240609103017,455.85425
20240609104017,537.69337
20240609105017,565.64284
20240609110017,441.92966
20240609111017,338.82062
20240609112017,303.30648
20240609113017,315.36838
20240609114017,310.53277
20240609115017,306.42828
20240609120017,288.93107
20240609121017,284.29539
20240609122017,278.13399
20240609123017,281.2635
20240609124017,258.95974
20240609125017,247.12833
20240609130017,245.51111
20240609131017,242.33818
20240609132017,239.26404
20240609133017,230.19293
20240609134017,236.14525
20240609135017,241.73287
20240609140017,227.82167
20240609141017,215.97679
20240609142017,210.54154
20240609143017,214.06279
20240609144017,225.92288
20240609145017,234.17626
20240609150017,230.74564
20240609151017,226.18523
20240609152017,219.73381
20240609153017,208.0019
20240609154017,207.80827
20240609155017,201.56586
20240609160017,347.35057
20240609161017,457.13445
20240609162017,504.24224
20240609163017,475.11488
20240609164017,505.32995
20240609165017,655.26543
20240709090017,681.71692
20240709091017,229.90982
20240709092017,337.66996
20240709093017,383.75196
20240709094017,542.93986
20240709095017,506.40229
20240709100017,497.37254
20240709101017,461.35965
20240709102017,385.21443
20240709103017,416.89206
20240709104017,544.39903
20240709105017,604.62924
20240709110017,441.92966
20240709111017,338.82062
20240709112017,303.30648
20240709113017,315.36838
20240709114017,310.53277
20240709115017,306.42828
20240709120017,288.93107
20240709121017,284.29539
20240709122017,278.13399
20240709123017,281.2635
20240709124017,258.95974
20240709125017,247.12833
20240709130017,245.51111
20240709131017,242.33818
20240709132017,239.26404
20240709133017,230.19293
20240709134017,236.14525
20240709135017,241.73287
20240709140017,227.82167
20240709141017,215.97679
20240709142017,210.54154
20240709143017,214.06279
20240709144017,225.92288
20240709145017,234.17626
20240709150017,230.74564
20240709151017,226.18523
20240709152017,219.73381
20240709153017,208.0019
20240709154017,207.80827
20240709155017,201.56586
20240709160017,347.35057
20240709161017,457.13445
20240709162017,504.24224
20240709163017,475.11488
20240709164017,505.32995
20240709165017,655.26543
20240106090001,884.32801
20240106091001,514.7959
20240106092001,400.46635
20240106093001,574.09814
20240106094001,561.93224
20240106095001,539.99099
20240106100001,555.14823
20240106101001,511.3887
20240106102001,467.3197
20240106103001,457.96
20240106104001,541.76093
20240106105001,537.81498
20240106110001,441.92966
20240106111001,338.82062
20240106112001,303.30648
20240106113001,315.36838
20240106114001,310.53277
20240106115001,306.42828
20240106120001,288.93107
20240106121001,284.29539
20240106122001,278.13399
20240106123001,281.2635
20240106124001,258.95974
20240106125001,247.12833
20240106130001,245.51111
20240106131001,242.33818
20240106132001,239.26404
20240106133001,230.19293
20240106134001,236.14525
20240106135001,241.73287
20240106140001,227.82167
20240106141001,215.97679
20240106142001,210.54154
20240106143001,214.06279
20240106144001,225.92288
20240106145001,234.17626
20240106150001,230.74564
20240106151001,226.18523
20240106152001,219.73381
20240106153001,208.0019
20240106154001,207.80827
20240106155001,201.56586
20240106160001,347.35057
20240106161001,457.13445
20240106162001,504.24224
20240106163001,475.11488
20240106164001,505.32995
20240106165001,655.26543
20240111090001,196.50912
20240111091001,220.66175
20240111092001,232.03586
20240111093001,271.00625
20240111094001,272.73776
20240111095001,319.65215
20240111100001,469.42724
20240111101001,559.66645
20240111102001,534.25878
20240111103001,560.86552
20240111104001,523.982
20240111105001,480.07885
20240111110001,441.92966
20240111111001,338.82062
20240111112001,303.30648
20240111113001,315.36838
20240111114001,310.53277
20240111115001,306.42828
20240111120001,288.93107
20240111121001,284.29539
20240111122001,278.13399
20240111123001,281.2635
20240111124001,258.95974
20240111125001,247.12833
20240111130001,245.51111
20240111131001,242.33818
20240111132001,239.26404
20240111133001,230.19293
20240111134001,236.14525
20240111135001,241.73287
20240111140001,227.82167
20240111141001,215.97679
20240111142001,210.54154
20240111143001,214.06279
20240111144001,225.92288
20240111145001,234.17626
20240111150001,230.74564
20240111151001,226.18523
20240111152001,219.73381
20240111153001,208.0019
20240111154001,207.80827
20240111155001,201.56586
20240111160001,347.35057
20240111161001,457.13445
20240111162001,504.24224
20240111163001,475.11488
20240111164001,505.32995
20240111165001,655.26543
20240213090001,612.86335
20240213091001,245.42831
20240213092001,276.93431
20240213093001,384.33977
20240213094001,366.7855
20240213095001,555.89842
20240213100001,623.85046
20240213101001,536.82093
20240213102001,525.77899
20240213103001,461.54992
20240213104001,520.51236
20240213105001,536.20539
20240213110001,441.92966
20240213111001,338.82062
20240213112001,303.30648
20240213113001,315.36838
20240213114001,310.53277
20240213115001,306.42828
20240213120001,288.93107
20240213121001,284.29539
20240213122001,278.13399
20240213123001,281.2635
20240213124001,258.95974
20240213125001,247.12833
20240213130001,245.51111
20240213131001,242.33818
20240213132001,239.26404
20240213133001,230.19293
20240213134001,236.14525
20240213135001,241.73287
20240213140001,227.82167
20240213141001,215.97679
20240213142001,210.54154
20240213143001,214.06279
20240213144001,225.92288
20240213145001,234.17626
20240213150001,230.74564
20240213151001,226.18523
20240213152001,219.73381
20240213153001,208.0019
20240213154001,207.80827
20240213155001,201.56586
20240213160001,347.35057
20240213161001,457.13445
20240213162001,504.24224
20240213163001,475.11488
20240213164001,505.32995
20240213165001,655.26543
20240508090001,294.10169
20240508091001,216.45198
20240508092001,233.16246
20240508093001,239.66162
20240508094001,233.45933
20240508095001,373.31064
20240508100001,576.3209
20240508101001,611.41237
20240508102001,534.56067
20240508103001,535.78571
20240508104001,514.46528
20240508105001,515.56247
20240508110001,441.92966
20240508111001,338.82062
20240508112001,303.30648
20240508113001,315.36838
20240508114001,310.53277
20240508115001,306.42828
20240508120001,288.93107
20240508121001,284.29539
20240508122001,278.13399
20240508123001,281.2635
20240508124001,258.95974
20240508125001,247.12833
20240508130001,245.51111
20240508131001,242.33818
20240508132001,239.26404
20240508133001,230.19293
20240508134001,236.14525
20240508135001,241.73287
20240508140001,227.82167
20240508141001,215.97679
20240508142001,210.54154
20240508143001,214.06279
20240508144001,225.92288
20240508145001,234.17626
20240508150001,230.74564
20240508151001,226.18523
20240508152001,219.73381
20240508153001,208.0019
20240508154001,207.80827
20240508155001,201.56586
20240508160001,347.35057
20240508161001,457.13445
20240508162001,504.24224
20240508163001,475.11488
20240508164001,505.32995
20240508165001,655.26543
20240510090001,527.6037
20240510091001,248.09761
20240510092001,290.52449
20240510093001,272.44014
20240510094001,235.21024
20240510095001,372.85134
20240510100001,581.80127
20240510101001,613.10853
20240510102001,562.63422
20240510103001,533.69284
20240510104001,501.60032
20240510105001,513.57305
20240510110001,441.92966
20240510111001,338.82062
20240510112001,303.30648
20240510113001,315.36838
20240510114001,310.53277
20240510115001,306.42828
20240510120001,288.93107
20240510121001,284.29539
20240510122001,278.13399
20240510123001,281.2635
20240510124001,258.95974
20240510125001,247.12833
20240510130001,245.51111
20240510131001,242.33818
20240510132001,239.26404
20240510133001,230.19293
20240510134001,236.14525
20240510135001,241.73287
20240510140001,227.82167
20240510141001,215.97679
20240510142001,210.54154
20240510143001,214.06279
20240510144001,225.92288
20240510145001,234.17626
20240510150001,230.74564
20240510151001,226.18523
20240510152001,219.73381
20240510153001,208.0019
20240510154001,207.80827
20240510155001,201.56586
20240510160001,347.35057
20240510161001,457.13445
20240510162001,504.24224
20240510163001,475.11488
20240510164001,505.32995
20240510165001,655.26543
20240524090001,233.27841
20240524091001,232.90261
20240524092001,233.39214
20240524093001,254.11733
20240524094001,281.31863
20240524095001,318.31543
20240524100001,438.3279
20240524101001,610.53857
20240524102001,535.80191
20240524103001,535.88696
20240524104001,517.9462
20240524105001,515.24365
20240524110001,441.92966
20240524111001,338.82062
20240524112001,303.30648
20240524113001,315.36838
20240524114001,310.53277
20240524115001,306.42828
20240524120001,288.93107
20240524121001,284.29539
20240524122001,278.13399
20240524123001,281.2635
20240524124001,258.95974
20240524125001,247.12833
20240524130001,245.51111
20240524131001,242.33818
20240524132001,239.26404
20240524133001,230.19293
20240524134001,236.14525
20240524135001,241.73287
20240524140001,227.82167
20240524141001,215.97679
20240524142001,210.54154
20240524143001,214.06279
20240524144001,225.92288
20240524145001,234.17626
20240524150001,230.74564
20240524151001,226.18523
20240524152001,219.73381
20240524153001,208.0019
20240524154001,207.80827
20240524155001,201.56586
20240524160001,347.35057
20240524161001,457.13445
20240524162001,504.24224
20240524163001,475.11488
20240524164001,505.32995
20240524165001,655.26543
20240623090001,606.75907
20240623091001,229.93337
20240623092001,342.17279
20240623093001,427.39163
20240623094001,589.51205
20240623095001,519.79371
20240623100001,507.3138
20240623101001,433.16535
20240623102001,380.56807
20240623103001,393.79212
20240623104001,556.29273
20240623105001,608.45941
20240623110001,441.92966
20240623111001,338.82062
20240623112001,303.30648
20240623113001,315.36838
20240623114001,310.53277
20240623115001,306.42828
20240623120001,288.93107
20240623121001,284.29539
20240623122001,278.13399
20240623123001,281.2635
20240623124001,258.95974
20240623125001,247.12833
20240623130001,245.51111
20240623131001,242.33818
20240623132001,239.26404
20240623133001,230.19293
20240623134001,236.14525
20240623135001,241.73287
20240623140001,227.82167
20240623141001,215.97679
20240623142001,210.54154
20240623143001,214.06279
20240623144001,225.92288
20240623145001,234.17626
20240623150001,230.74564
20240623151001,226.18523
20240623152001,219.73381
20240623153001,208.0019
20240623154001,207.80827
20240623155001,201.56586
20240623160001,347.35057
20240623161001,457.13445
20240623162001,504.24224
20240623163001,475.11488
20240623164001,505.32995
20240623165001,655.26543
20240627090001,628.96229
20240627091001,220.96094
20240627092001,329.44646
20240627093001,350.22479
20240627094001,479.40487
20240627095001,447.12979
20240627100001,592.02152
20240627101001,499.58456
20240627102001,415.13976
20240627103001,456.75257
20240627104001,544.56811
20240627105001,570.36572
20240627110001,441.92966
20240627111001,338.82062
20240627112001,303.30648
20240627113001,315.36838
20240627114001,310.53277
20240627115001,306.42828
20240627120001,288.93107
20240627121001,284.29539
20240627122001,278.13399
20240627123001,281.2635
20240627124001,258.95974
20240627125001,247.12833
20240627130001,245.51111
20240627131001,242.33818
20240627132001,239.26404
20240627133001,230.19293
20240627134001,236.14525
20240627135001,241.73287
20240627140001,227.82167
20240627141001,215.97679
20240627142001,210.54154
20240627143001,214.06279
20240627144001,225.92288
20240627145001,234.17626
20240627150001,230.74564
20240627151001,226.18523
20240627152001,219.73381
20240627153001,208.0019
20240627154001,207.80827
20240627155001,201.56586
20240627160001,347.35057
20240627161001,457.13445
20240627162001,504.24224
20240627163001,475.11488
20240627164001,505.32995
20240627165001,655.26543
20240713090001,576.74042
20240713091001,213.19818
20240713092001,324.23328
20240713093001,255.36816
20240713094001,284.47662
20240713095001,384.59383
20240713100001,565.71064
20240713101001,614.34402
20240713102001,517.79988
20240713103001,507.33695
20240713104001,504.37839
20240713105001,533.14602
20240713110001,441.92966
20240713111001,338.82062
20240713112001,303.30648
20240713113001,315.36838
20240713114001,310.53277
20240713115001,306.42828
20240713120001,288.93107
20240713121001,284.29539
20240713122001,278.13399
20240713123001,281.2635
20240713124001,258.95974
20240713125001,247.12833
20240713130001,245.51111
20240713131001,242.33818
20240713132001,239.26404
20240713133001,230.19293
20240713134001,236.14525
20240713135001,241.73287
20240713140001,227.82167
20240713141001,215.97679
20240713142001,210.54154
20240713143001,214.06279
20240713144001,225.92288
20240713145001,234.17626
20240713150001,230.74564
20240713151001,226.18523
20240713152001,219.73381
20240713153001,208.0019
20240713154001,207.80827
20240713155001,201.56586
20240713160001,347.35057
20240713161001,457.13445
20240713162001,504.24224
20240713163001,475.11488
20240713164001,505.32995
20240713165001,655.26543
20240715090001,622.63761
20240715091001,240.78959
20240715092001,374.18176
20240715093001,316.42983
20240715094001,377.87786
20240715095001,371.18773
20240715100001,645.73233
20240715101001,530.54733
20240715102001,429.63849
20240715103001,475.04372
20240715104001,540.41919
20240715105001,542.70611
20240715110001,441.92966
20240715111001,338.82062
20240715112001,303.30648
20240715113001,315.36838
20240715114001,310.53277
20240715115001,306.42828
20240715120001,288.93107
20240715121001,284.29539
20240715122001,278.13399
20240715123001,281.2635
20240715124001,258.95974
20240715125001,247.12833
20240715130001,245.51111
20240715131001,242.33818
20240715132001,239.26404
20240715133001,230.19293
20240715134001,236.14525
20240715135001,241.73287
20240715140001,227.82167
20240715141001,215.97679
20240715142001,210.54154
20240715143001,214.06279
20240715144001,225.92288
20240715145001,234.17626
20240715150001,230.74564
20240715151001,226.18523
20240715152001,219.73381
20240715153001,208.0019
20240715154001,207.80827
20240715155001,201.56586
20240715160001,347.35057
20240715161001,457.13445
20240715162001,504.24224
20240715163001,475.11488
20240715164001,505.32995
20240715165001,655.26543
20240927090004,668.13747
20240927091004,254.49787
20240927092004,294.32224
20240927093004,286.89386
20240927094004,251.0545
20240927095004,302.4202
20240927100004,327.35685
20240927101004,603.14433
20240927102004,535.59196
20240927103004,499.62375
20240927104004,480.09288
20240927105004,529.09913
20240927110004,441.92966
20240927111004,338.82062
20240927112004,303.30648
20240927113004,315.36838
20240927114004,310.53277
20240927115004,306.42828
20240927120004,288.93107
20240927121004,284.29539
20240927122004,278.13399
20240927123004,281.2635
20240927124004,258.95974
20240927125004,247.12833
20240927130004,245.51111
20240927131004,242.33818
20240927132004,239.26404
20240927133004,230.19293
20240927134004,236.14525
20240927135004,241.73287
20240927140004,227.82167
20240927141004,215.97679
20240927142004,210.54154
20240927143004,214.06279
20240927144004,225.92288
20240927145004,234.17626
20240927150004,230.74564
20240927151004,226.18523
20240927152004,219.73381
20240927153004,208.0019
20240927154004,207.80827
20240927155004,201.56586
20240927160004,347.35057
20240927161004,457.13445
20240927162004,504.24224
20240927163004,475.11488
20240927164004,505.32995
20240927165004,655.26543
20241018090004,739.57604
20241018091004,248.85999
20241018092004,304.00387
20241018093004,352.96802
20241018094004,501.15331
20241018095004,508.16382
20241018100004,389.57081
20241018101004,497.71472
20241018102004,449.24081
20241018103004,428.66452
20241018104004,535.45262
20241018105004,562.83689
20241018110004,441.92966
20241018111004,338.82062
20241018112004,303.30648
20241018113004,315.36838
20241018114004,310.53277
20241018115004,306.42828
20241018120004,288.93107
20241018121004,284.29539
20241018122004,278.13399
20241018123004,281.2635
20241018124004,258.95974
20241018125004,247.12833
20241018130004,245.51111
20241018131004,242.33818
20241018132004,239.26404
20241018133004,230.19293
20241018134004,236.14525
20241018135004,241.73287
20241018140004,227.82167
20241018141004,215.97679
20241018142004,210.54154
20241018143004,214.06279
20241018144004,225.92288
20241018145004,234.17626
20241018150004,230.74564
20241018151004,226.18523
20241018152004,219.73381
20241018153004,208.0019
20241018154004,207.80827
20241018155004,201.56586
20241018160004,347.35057
20241018161004,457.13445
20241018162004,504.24224
20241018163004,475.11488
20241018164004,505.32995
20241018165004,655.26543
20240918090007,188.50669
20240918091007,208.24138
20240918092007,240.65796
20240918093007,262.66763
20240918094007,318.64096
20240918095007,301.35061
20240918100007,370.40219
20240918101007,590.99768
20240918102007,537.52671
20240918103007,535.5542
20240918104007,527.65268
20240918105007,514.8944
20240918110007,441.92966
20240918111007,338.82062
20240918112007,303.30648
20240918113007,315.36838
20240918114007,310.53277
20240918115007,306.42828
20240918120007,288.93107
20240918121007,284.29539
20240918122007,278.13399
20240918123007,281.2635
20240918124007,258.95974
20240918125007,247.12833
20240918130007,245.51111
20240918131007,242.33818
20240918132007,239.26404
20240918133007,230.19293
20240918134007,236.14525
20240918135007,241.73287
20240918140007,227.82167
20240918141007,215.97679
20240918142007,210.54154
20240918143007,214.06279
20240918144007,225.92288
20240918145007,234.17626
20240918150007,230.74564
20240918151007,226.18523
20240918152007,219.73381
20240918153007,208.0019
20240918154007,207.80827
20240918155007,201.56586
20240918160007,347.35057
20240918161007,457.13445
20240918162007,504.24224
20240918163007,475.11488
20240918164007,505.32995
20240918165007,655.26543
20240920090007,887.63017
20240920091007,286.63703
20240920092007,387.17914
20240920093007,338.12362
20240920094007,465.49445
20240920095007,509.22536
20240920100007,329.7599
20240920101007,497.8847
20240920102007,435.6409
20240920103007,392.96116
20240920104007,529.12576
20240920105007,565.05916
20240920110007,441.92966
20240920111007,338.82062
20240920112007,303.30648
20240920113007,315.36838
20240920114007,310.53277
20240920115007,306.42828
20240920120007,288.93107
20240920121007,284.29539
20240920122007,278.13399
20240920123007,281.2635
20240920124007,258.95974
20240920125007,247.12833
20240920130007,245.51111
20240920131007,242.33818
20240920132007,239.26404
20240920133007,230.19293
20240920134007,236.14525
20240920135007,241.73287
20240920140007,227.82167
20240920141007,215.97679
20240920142007,210.54154
20240920143007,214.06279
20240920144007,225.92288
20240920145007,234.17626
20240920150007,230.74564
20240920151007,226.18523
20240920152007,219.73381
20240920153007,208.0019
20240920154007,207.80827
20240920155007,201.56586
20240920160007,347.35057
20240920161007,457.13445
20240920162007,504.24224
20240920163007,475.11488
20240920164007,505.32995
20240920165007,655.26543
20241016090007,928.44686
20241016091007,291.51165
20241016092007,490.45528
20241016093007,332.42591
20241016094007,454.90988
20241016095007,459.78558
20241016100007,349.7323
20241016101007,508.29311
20241016102007,453.43211
20241016103007,433.98205
20241016104007,513.25372
20241016105007,537.16774
20241016110007,441.92966
20241016111007,338.82062
20241016112007,303.30648
20241016113007,315.36838
20241016114007,310.53277
20241016115007,306.42828
20241016120007,288.93107
20241016121007,284.29539
20241016122007,278.13399
20241016123007,281.2635
20241016124007,258.95974
20241016125007,247.12833
20241016130007,245.51111
20241016131007,242.33818
20241016132007,239.26404
20241016133007,230.19293
20241016134007,236.14525
20241016135007,241.73287
20241016140007,227.82167
20241016141007,215.97679
20241016142007,210.54154
20241016143007,214.06279
20241016144007,225.92288
20241016145007,234.17626
20241016150007,230.74564
20241016151007,226.18523
20241016152007,219.73381
20241016153007,208.0019
20241016154007,207.80827
20241016155007,201.56586
20241016160007,347.35057
20241016161007,457.13445
20241016162007,504.24224
20241016163007,475.11488
20241016164007,505.32995
20241016165007,655.26543
20240922090008,221.76075
20240922091008,238.96111
20240922092008,234.0284
20240922093008,240.7588
20240922094008,243.36779
20240922095008,320.24824
20240922100008,438.59382
20240922101008,608.38324
20240922102008,540.41565
20240922103008,535.2242
20240922104008,521.04952
20240922105008,515.94099
20240922110008,441.92966
20240922111008,338.82062
20240922112008,303.30648
20240922113008,315.36838
20240922114008,310.53277
20240922115008,306.42828
20240922120008,288.93107
20240922121008,284.29539
20240922122008,278.13399
20240922123008,281.2635
20240922124008,258.95974
20240922125008,247.12833
20240922130008,245.51111
20240922131008,242.33818
20240922132008,239.26404
20240922133008,230.19293
20240922134008,236.14525
20240922135008,241.73287
20240922140008,227.82167
20240922141008,215.97679
20240922142008,210.54154
20240922143008,214.06279
20240922144008,225.92288
20240922145008,234.17626
20240922150008,230.74564
20240922151008,226.18523
20240922152008,219.73381
20240922153008,208.0019
20240922154008,207.80827
20240922155008,201.56586
20240922160008,347.35057
20240922161008,457.13445
20240922162008,504.24224
20240922163008,475.11488
20240922164008,505.32995
20240922165008,655.26543
20240928090008,202.42432
20240928091008,225.35278
20240928092008,234.85274
20240928093008,249.4118
20240928094008,277.9277
20240928095008,304.08704
20240928100008,426.74118
20240928101008,610.12187
20240928102008,540.73031
20240928103008,533.86958
20240928104008,521.75944
20240928105008,516.10579
20240928110008,441.92966
20240928111008,338.82062
20240928112008,303.30648
20240928113008,315.36838
20240928114008,310.53277
20240928115008,306.42828
20240928120008,288.93107
20240928121008,284.29539
20240928122008,278.13399
20240928123008,281.2635
20240928124008,258.95974
20240928125008,247.12833
20240928130008,245.51111
20240928131008,242.33818
20240928132008,239.26404
20240928133008,230.19293
20240928134008,236.14525
20240928135008,241.73287
20240928140008,227.82167
20240928141008,215.97679
20240928142008,210.54154
20240928143008,214.06279
20240928144008,225.92288
20240928145008,234.17626
20240928150008,230.74564
20240928151008,226.18523
20240928152008,219.73381
20240928153008,208.0019
20240928154008,207.80827
20240928155008,201.56586
20240928160008,347.35057
20240928161008,457.13445
20240928162008,504.24224
20240928163008,475.11488
20240928164008,505.32995
20240928165008,655.26543
20241011090008,202.88361
20241011091008,232.45142
20241011092008,237.97556
20241011093008,279.92511
20241011094008,278.09941
20241011095008,290.13629
20241011100008,425.10771
20241011101008,610.6294
20241011102008,539.23722
20241011103008,534.8498
20241011104008,520.54619
20241011105008,515.25933
20241011110008,441.92966
20241011111008,338.82062
20241011112008,303.30648
20241011113008,315.36838
20241011114008,310.53277
20241011115008,306.42828
20241011120008,288.93107
20241011121008,284.29539
20241011122008,278.13399
20241011123008,281.2635
20241011124008,258.95974
20241011125008,247.12833
20241011130008,245.51111
20241011131008,242.33818
20241011132008,239.26404
20241011133008,230.19293
20241011134008,236.14525
20241011135008,241.73287
20241011140008,227.82167
20241011141008,215.97679
20241011142008,210.54154
20241011143008,214.06279
20241011144008,225.92288
20241011145008,234.17626
20241011150008,230.74564
20241011151008,226.18523
20241011152008,219.73381
20241011153008,208.0019
20241011154008,207.80827
20241011155008,201.56586
20241011160008,347.35057
20241011161008,457.13445
20241011162008,504.24224
20241011163008,475.11488
20241011164008,505.32995
20241011165008,655.26543
20241016090008,198.1846
20241016091008,204.61751
20241016092008,227.94835
20241016093008,427.40266
20241016094008,560.72627
20241016095008,380.13445
20241016100008,376.08613
20241016101008,467.11211
20241016102008,511.99559
20241016103008,509.59474
20241016104008,550.15572
20241016105008,536.73305
20241016110008,441.92966
20241016111008,338.82062
20241016112008,303.30648
20241016113008,315.36838
20241016114008,310.53277
20241016115008,306.42828
20241016120008,288.93107
20241016121008,284.29539
20241016122008,278.13399
20241016123008,281.2635
20241016124008,258.95974
20241016125008,247.12833
20241016130008,245.51111
20241016131008,242.33818
20241016132008,239.26404
20241016133008,230.19293
20241016134008,236.14525
20241016135008,241.73287
20241016140008,227.82167
20241016141008,215.97679
20241016142008,210.54154
20241016143008,214.06279
20241016144008,225.92288
20241016145008,234.17626
20241016150008,230.74564
20241016151008,226.18523
20241016152008,219.73381
20241016153008,208.0019
20241016154008,207.80827
20241016155008,201.56586
20241016160008,347.35057
20241016161008,457.13445
20241016162008,504.24224
20241016163008,475.11488
20241016164008,505.32995
20241016165008,655.26543
20241018090008,197.50206
20241018091008,204.03359
20241018092008,230.73728
20241018093008,458.65194
20241018094008,606.05242
20241018095008,458.57473
20241018100008,345.82998
20241018101008,464.50228
20241018102008,510.08751
20241018103008,480.61028
20241018104008,560.61496
20241018105008,543.41386
20241018110008,441.92966
20241018111008,338.82062
20241018112008,303.30648
20241018113008,315.36838
20241018114008,310.53277
20241018115008,306.42828
20241018120008,288.93107
20241018121008,284.29539
20241018122008,278.13399
20241018123008,281.2635
20241018124008,258.95974
20241018125008,247.12833
20241018130008,245.51111
20241018131008,242.33818
20241018132008,239.26404
20241018133008,230.19293
20241018134008,236.14525
20241018135008,241.73287
20241018140008,227.82167
20241018141008,215.97679
20241018142008,210.54154
20241018143008,214.06279
20241018144008,225.92288
20241018145008,234.17626
20241018150008,230.74564
20241018151008,226.18523
20241018152008,219.73381
20241018153008,208.0019
20241018154008,207.80827
20241018155008,201.56586
20241018160008,347.35057
20241018161008,457.13445
20241018162008,504.24224
20241018163008,475.11488
20241018164008,505.32995
20241018165008,655.26543
20241028090008,233.56338
20241028091008,254.03992
20241028092008,250.21873
20241028093008,318.32323
20241028094008,322.42242
20241028095008,337.38557
20241028100008,434.52758
20241028101008,567.06379
20241028102008,530.28633
20241028103008,529.60453
20241028104008,526.04185
20241028105008,515.62635
20241028110008,441.92966
20241028111008,338.82062
20241028112008,303.30648
20241028113008,315.36838
20241028114008,310.53277
20241028115008,306.42828
20241028120008,288.93107
20241028121008,284.29539
20241028122008,278.13399
20241028123008,281.2635
20241028124008,258.95974
20241028125008,247.12833
20241028130008,245.51111
20241028131008,242.33818
20241028132008,239.26404
20241028133008,230.19293
20241028134008,236.14525
20241028135008,241.73287
20241028140008,227.82167
20241028141008,215.97679
20241028142008,210.54154
20241028143008,214.06279
20241028144008,225.92288
20241028145008,234.17626
20241028150008,230.74564
20241028151008,226.18523
20241028152008,219.73381
20241028153008,208.0019
20241028154008,207.80827
20241028155008,201.56586
20241028160008,347.35057
20241028161008,457.13445
20241028162008,504.24224
20241028163008,475.11488
20241028164008,505.32995
20241028165008,655.26543
20240922090009,304.7104
20240922091009,255.09349
20240922092009,254.04361
20240922093009,234.39879
20240922094009,232.53652
20240922095009,370.69736
20240922100009,539.67589
20240922101009,608.70338
20240922102009,535.22317
20240922103009,534.62453
20240922104009,521.3432
20240922105009,515.56247
20240922110009,441.92966
20240922111009,338.82062
20240922112009,303.30648
20240922113009,315.36838
20240922114009,310.53277
20240922115009,306.42828
20240922120009,288.93107
20240922121009,284.29539
20240922122009,278.13399
20240922123009,281.2635
20240922124009,258.95974
20240922125009,247.12833
20240922130009,245.51111
20240922131009,242.33818
20240922132009,239.26404
20240922133009,230.19293
20240922134009,236.14525
20240922135009,241.73287
20240922140009,227.82167
20240922141009,215.97679
20240922142009,210.54154
20240922143009,214.06279
20240922144009,225.92288
20240922145009,234.17626
20240922150009,230.74564
20240922151009,226.18523
20240922152009,219.73381
20240922153009,208.0019
20240922154009,207.80827
20240922155009,201.56586
20240922160009,347.35057
20240922161009,457.13445
20240922162009,504.24224
20240922163009,475.11488
20240922164009,505.32995
20240922165009,655.26543
20240928090009,218.76244
20240928091009,230.30243
20240928092009,275.27972
20240928093009,242.09834
20240928094009,227.51953
20240928095009,319.43052
20240928100009,586.29466
20240928101009,620.07817
20240928102009,534.40869
20240928103009,531.98417
20240928104009,520.51977
20240928105009,518.16071
20240928110009,441.92966
20240928111009,338.82062
20240928112009,303.30648
20240928113009,315.36838
20240928114009,310.53277
20240928115009,306.42828
20240928120009,288.93107
20240928121009,284.29539
20240928122009,278.13399
20240928123009,281.2635
20240928124009,258.95974
20240928125009,247.12833
20240928130009,245.51111
20240928131009,242.33818
20240928132009,239.26404
20240928133009,230.19293
20240928134009,236.14525
20240928135009,241.73287
20240928140009,227.82167
20240928141009,215.97679
20240928142009,210.54154
20240928143009,214.06279
20240928144009,225.92288
20240928145009,234.17626
20240928150009,230.74564
20240928151009,226.18523
20240928152009,219.73381
20240928153009,208.0019
20240928154009,207.80827
20240928155009,201.56586
20240928160009,347.35057
20240928161009,457.13445
20240928162009,504.24224
20240928163009,475.11488
20240928164009,505.32995
20240928165009,655.26543
20240920090010,520.03948
20240920091010,316.75299
20240920092010,318.89682
20240920093010,391.07267
20240920094010,521.31125
20240920095010,518.76624
20240920100010,557.40467
20240920101010,506.72706
20240920102010,454.80056
20240920103010,455.19825
20240920104010,569.20128
20240920105010,574.49374
20240920110010,441.92966
20240920111010,338.82062
20240920112010,303.30648
20240920113010,315.36838
20240920114010,310.53277
20240920115010,306.42828
20240920120010,288.93107
20240920121010,284.29539
20240920122010,278.13399
20240920123010,281.2635
20240920124010,258.95974
20240920125010,247.12833
20240920130010,245.51111
20240920131010,242.33818
20240920132010,239.26404
20240920133010,230.19293
20240920134010,236.14525
20240920135010,241.73287
20240920140010,227.82167
20240920141010,215.97679
20240920142010,210.54154
20240920143010,214.06279
20240920144010,225.92288
20240920145010,234.17626
20240920150010,230.74564
20240920151010,226.18523
20240920152010,219.73381
20240920153010,208.0019
20240920154010,207.80827
20240920155010,201.56586
20240920160010,347.35057
20240920161010,457.13445
20240920162010,504.24224
20240920163010,475.11488
20240920164010,505.32995
20240920165010,655.26543
20240928090010,348.87772
20240928091010,247.28783
20240928092010,233.8071
20240928093010,242.68564
20240928094010,249.7397
20240928095010,385.21188
20240928100010,560.76103
20240928101010,653.29652
20240928102010,559.95977
20240928103010,535.35519
20240928104010,515.29452
20240928105010,518.72026
20240928110010,441.92966
20240928111010,338.82062
20240928112010,303.30648
20240928113010,315.36838
20240928114010,310.53277
20240928115010,306.42828
20240928120010,288.93107
20240928121010,284.29539
20240928122010,278.13399
20240928123010,281.2635
20240928124010,258.95974
20240928125010,247.12833
20240928130010,245.51111
20240928131010,242.33818
20240928132010,239.26404
20240928133010,230.19293
20240928134010,236.14525
20240928135010,241.73287
20240928140010,227.82167
20240928141010,215.97679
20240928142010,210.54154
20240928143010,214.06279
20240928144010,225.92288
20240928145010,234.17626
20240928150010,230.74564
20240928151010,226.18523
20240928152010,219.73381
20240928153010,208.0019
20240928154010,207.80827
20240928155010,201.56586
20240928160010,347.35057
20240928161010,457.13445
20240928162010,504.24224
20240928163010,475.11488
20240928164010,505.32995
20240928165010,655.26543
20240919090012,195.53833
20240919091012,195.74101
20240919092012,225.82267
20240919093012,393.48878
20240919094012,595.64676
20240919095012,463.75833
20240919100012,358.77061
20240919101012,479.43492
20240919102012,516.53425
20240919103012,496.73794
20240919104012,540.88467
20240919105012,538.17768
20240919110012,441.92966
20240919111012,338.82062
20240919112012,303.30648
20240919113012,315.36838
20240919114012,310.53277
20240919115012,306.42828
20240919120012,288.93107
20240919121012,284.29539
20240919122012,278.13399
20240919123012,281.2635
20240919124012,258.95974
20240919125012,247.12833
20240919130012,245.51111
20240919131012,242.33818
20240919132012,239.26404
20240919133012,230.19293
20240919134012,236.14525
20240919135012,241.73287
20240919140012,227.82167
20240919141012,215.97679
20240919142012,210.54154
20240919143012,214.06279
20240919144012,225.92288
20240919145012,234.17626
20240919150012,230.74564
20240919151012,226.18523
20240919152012,219.73381
20240919153012,208.0019
20240919154012,207.80827
20240919155012,201.56586
20240919160012,347.35057
20240919161012,457.13445
20240919162012,504.24224
20240919163012,475.11488
20240919164012,505.32995
20240919165012,655.26543
20240923090012,198.86064
20240923091012,225.51829
20240923092012,240.03818
20240923093012,249.27986
20240923094012,291.08105
20240923095012,336.84116
20240923100012,393.45342
20240923101012,606.86253
20240923102012,538.58141
20240923103012,530.11873
20240923104012,523.44854
20240923105012,519.54027
20240923110012,441.92966
20240923111012,338.82062
20240923112012,303.30648
20240923113012,315.36838
20240923114012,310.53277
20240923115012,306.42828
20240923120012,288.93107
20240923121012,284.29539
20240923122012,278.13399
20240923123012,281.2635
20240923124012,258.95974
20240923125012,247.12833
20240923130012,245.51111
20240923131012,242.33818
20240923132012,239.26404
20240923133012,230.19293
20240923134012,236.14525
20240923135012,241.73287
20240923140012,227.82167
20240923141012,215.97679
20240923142012,210.54154
20240923143012,214.06279
20240923144012,225.92288
20240923145012,234.17626
20240923150012,230.74564
20240923151012,226.18523
20240923152012,219.73381
20240923153012,208.0019
20240923154012,207.80827
20240923155012,201.56586
20240923160012,347.35057
20240923161012,457.13445
20240923162012,504.24224
20240923163012,475.11488
20240923164012,505.32995
20240923165012,655.26543
20241002090012,197.88565
20241002091012,211.32406
20241002092012,239.43381
20241002093012,271.39196
20241002094012,272.22659
20241002095012,282.97191
20241002100012,390.41802
20241002101012,601.03479
20241002102012,534.6676
20241002103012,534.63487
20241002104012,525.77071
20241002105012,515.0341
20241002110012,441.92966
20241002111012,338.82062
20241002112012,303.30648
20241002113012,315.36838
20241002114012,310.53277
20241002115012,306.42828
20241002120012,288.93107
20241002121012,284.29539
20241002122012,278.13399
20241002123012,281.2635
20241002124012,258.95974
20241002125012,247.12833
20241002130012,245.51111
20241002131012,242.33818
20241002132012,239.26404
20241002133012,230.19293
20241002134012,236.14525
20241002135012,241.73287
20241002140012,227.82167
20241002141012,215.97679
20241002142012,210.54154
20241002143012,214.06279
20241002144012,225.92288
20241002145012,234.17626
20241002150012,230.74564
20241002151012,226.18523
20241002152012,219.73381
20241002153012,208.0019
20241002154012,207.80827
20241002155012,201.56586
20241002160012,347.35057
20241002161012,457.13445
20241002162012,504.24224
20241002163012,475.11488
20241002164012,505.32995
20241002165012,655.26543
