序號,答案
20240117090001,239.35916
20240117091001,267.045
20240117092001,290.30161
20240117093001,328.74115
20240117094001,389.70744
20240117095001,404.96419
20240117100001,445.74326
20240117101001,626.05811
20240117102001,585.41654
20240117103001,575.41582
20240117104001,581.33639
20240117105001,626.135
20240117110001,583.38978
20240117111001,537.23746
20240117112001,537.98238
20240117113001,575.3863
20240117114001,520.49163
20240117115001,436.25488
20240117120001,457.7609
20240117121001,460.84549
20240117122001,550.64605
20240117123001,462.33885
20240117124001,375.53169
20240117125001,367.74132
20240117130001,386.39293
20240117131001,383.83366
20240117132001,396.33081
20240117133001,393.47036
20240117134001,402.09667
20240117135001,401.3951
20240117140001,284.9202
20240117141001,266.69268
20240117142001,263.39119
20240117143001,263.192
20240117144001,255.20032
20240117145001,259.68734
20240117150001,302.94174
20240117151001,317.24364
20240117152001,323.10133
20240117153001,256.38097
20240117154001,237.20243
20240117155001,244.05036
20240117160001,751.02651
20240117161001,890.30108
20240117162001,967.14242
20240117163001,964.30448
20240117164001,932.62259
20240117165001,806.69662
20240119090001,255.05613
20240119091001,241.11911
20240119092001,223.31274
20240119093001,268.59867
20240119094001,294.72171
20240119095001,471.26848
20240119100001,634.13697
20240119101001,628.5243
20240119102001,598.28506
20240119103001,576.25846
20240119104001,576.41847
20240119105001,645.36498
20240119110001,583.38978
20240119111001,537.23746
20240119112001,537.98238
20240119113001,575.3863
20240119114001,520.49163
20240119115001,436.25488
20240119120001,457.7609
20240119121001,460.84549
20240119122001,550.64605
20240119123001,462.33885
20240119124001,375.53169
20240119125001,367.74132
20240119130001,386.39293
20240119131001,383.83366
20240119132001,396.33081
20240119133001,393.47036
20240119134001,402.09667
20240119135001,401.3951
20240119140001,284.9202
20240119141001,266.69268
20240119142001,263.39119
20240119143001,263.192
20240119144001,255.20032
20240119145001,259.68734
20240119150001,302.94174
20240119151001,317.24364
20240119152001,323.10133
20240119153001,256.38097
20240119154001,237.20243
20240119155001,244.05036
20240119160001,751.02651
20240119161001,890.30108
20240119162001,967.14242
20240119163001,964.30448
20240119164001,932.62259
20240119165001,806.69662
20240224090001,228.99478
20240224091001,248.08891
20240224092001,275.55005
20240224093001,282.29965
20240224094001,388.67602
20240224095001,443.11446
20240224100001,480.66441
20240224101001,646.01921
20240224102001,600.00784
20240224103001,578.38937
20240224104001,580.43066
20240224105001,616.94454
20240224110001,583.38978
20240224111001,537.23746
20240224112001,537.98238
20240224113001,575.3863
20240224114001,520.49163
20240224115001,436.25488
20240224120001,457.7609
20240224121001,460.84549
20240224122001,550.64605
20240224123001,462.33885
20240224124001,375.53169
20240224125001,367.74132
20240224130001,386.39293
20240224131001,383.83366
20240224132001,396.33081
20240224133001,393.47036
20240224134001,402.09667
20240224135001,401.3951
20240224140001,284.9202
20240224141001,266.69268
20240224142001,263.39119
20240224143001,263.192
20240224144001,255.20032
20240224145001,259.68734
20240224150001,302.94174
20240224151001,317.24364
20240224152001,323.10133
20240224153001,256.38097
20240224154001,237.20243
20240224155001,244.05036
20240224160001,751.02651
20240224161001,890.30108
20240224162001,967.14242
20240224163001,964.30448
20240224164001,932.62259
20240224165001,806.69662
20240226090001,219.27787
20240226091001,240.58305
20240226092001,281.8928
20240226093001,281.81217
20240226094001,377.40795
20240226095001,349.03742
20240226100001,341.39411
20240226101001,561.81794
20240226102001,578.63093
20240226103001,573.98977
20240226104001,580.27114
20240226105001,623.25206
20240226110001,583.38978
20240226111001,537.23746
20240226112001,537.98238
20240226113001,575.3863
20240226114001,520.49163
20240226115001,436.25488
20240226120001,457.7609
20240226121001,460.84549
20240226122001,550.64605
20240226123001,462.33885
20240226124001,375.53169
20240226125001,367.74132
20240226130001,386.39293
20240226131001,383.83366
20240226132001,396.33081
20240226133001,393.47036
20240226134001,402.09667
20240226135001,401.3951
20240226140001,284.9202
20240226141001,266.69268
20240226142001,263.39119
20240226143001,263.192
20240226144001,255.20032
20240226145001,259.68734
20240226150001,302.94174
20240226151001,317.24364
20240226152001,323.10133
20240226153001,256.38097
20240226154001,237.20243
20240226155001,244.05036
20240226160001,751.02651
20240226161001,890.30108
20240226162001,967.14242
20240226163001,964.30448
20240226164001,932.62259
20240226165001,806.69662
20240327090001,286.56817
20240327091001,277.8525
20240327092001,242.18607
20240327093001,245.07971
20240327094001,283.894
20240327095001,446.55184
20240327100001,528.4754
20240327101001,628.56591
20240327102001,597.01663
20240327103001,578.99609
20240327104001,564.89531
20240327105001,611.38924
20240327110001,583.38978
20240327111001,537.23746
20240327112001,537.98238
20240327113001,575.3863
20240327114001,520.49163
20240327115001,436.25488
20240327120001,457.7609
20240327121001,460.84549
20240327122001,550.64605
20240327123001,462.33885
20240327124001,375.53169
20240327125001,367.74132
20240327130001,386.39293
20240327131001,383.83366
20240327132001,396.33081
20240327133001,393.47036
20240327134001,402.09667
20240327135001,401.3951
20240327140001,284.9202
20240327141001,266.69268
20240327142001,263.39119
20240327143001,263.192
20240327144001,255.20032
20240327145001,259.68734
20240327150001,302.94174
20240327151001,317.24364
20240327152001,323.10133
20240327153001,256.38097
20240327154001,237.20243
20240327155001,244.05036
20240327160001,751.02651
20240327161001,890.30108
20240327162001,967.14242
20240327163001,964.30448
20240327164001,932.62259
20240327165001,806.69662
20240329090001,208.47292
20240329091001,319.2625
20240329092001,243.60739
20240329093001,245.29389
20240329094001,285.51899
20240329095001,475.51704
20240329100001,508.45991
20240329101001,627.91957
20240329102001,571.52299
20240329103001,570.50215
20240329104001,572.75205
20240329105001,617.89487
20240329110001,583.38978
20240329111001,537.23746
20240329112001,537.98238
20240329113001,575.3863
20240329114001,520.49163
20240329115001,436.25488
20240329120001,457.7609
20240329121001,460.84549
20240329122001,550.64605
20240329123001,462.33885
20240329124001,375.53169
20240329125001,367.74132
20240329130001,386.39293
20240329131001,383.83366
20240329132001,396.33081
20240329133001,393.47036
20240329134001,402.09667
20240329135001,401.3951
20240329140001,284.9202
20240329141001,266.69268
20240329142001,263.39119
20240329143001,263.192
20240329144001,255.20032
20240329145001,259.68734
20240329150001,302.94174
20240329151001,317.24364
20240329152001,323.10133
20240329153001,256.38097
20240329154001,237.20243
20240329155001,244.05036
20240329160001,751.02651
20240329161001,890.30108
20240329162001,967.14242
20240329163001,964.30448
20240329164001,932.62259
20240329165001,806.69662
20240428090001,313.66008
20240428091001,244.02853
20240428092001,235.8462
20240428093001,288.03934
20240428094001,359.02481
20240428095001,522.55126
20240428100001,618.13616
20240428101001,698.36485
20240428102001,598.22307
20240428103001,577.81656
20240428104001,563.43282
20240428105001,614.84575
20240428110001,583.38978
20240428111001,537.23746
20240428112001,537.98238
20240428113001,575.3863
20240428114001,520.49163
20240428115001,436.25488
20240428120001,457.7609
20240428121001,460.84549
20240428122001,550.64605
20240428123001,462.33885
20240428124001,375.53169
20240428125001,367.74132
20240428130001,386.39293
20240428131001,383.83366
20240428132001,396.33081
20240428133001,393.47036
20240428134001,402.09667
20240428135001,401.3951
20240428140001,284.9202
20240428141001,266.69268
20240428142001,263.39119
20240428143001,263.192
20240428144001,255.20032
20240428145001,259.68734
20240428150001,302.94174
20240428151001,317.24364
20240428152001,323.10133
20240428153001,256.38097
20240428154001,237.20243
20240428155001,244.05036
20240428160001,751.02651
20240428161001,890.30108
20240428162001,967.14242
20240428163001,964.30448
20240428164001,932.62259
20240428165001,806.69662
20240430090001,710.79817
20240430091001,242.77839
20240430092001,237.72552
20240430093001,441.13796
20240430094001,567.70317
20240430095001,346.99658
20240430100001,652.70025
20240430101001,787.06096
20240430102001,690.68767
20240430103001,548.32815
20240430104001,515.15624
20240430105001,583.79034
20240430110001,583.38978
20240430111001,537.23746
20240430112001,537.98238
20240430113001,575.3863
20240430114001,520.49163
20240430115001,436.25488
20240430120001,457.7609
20240430121001,460.84549
20240430122001,550.64605
20240430123001,462.33885
20240430124001,375.53169
20240430125001,367.74132
20240430130001,386.39293
20240430131001,383.83366
20240430132001,396.33081
20240430133001,393.47036
20240430134001,402.09667
20240430135001,401.3951
20240430140001,284.9202
20240430141001,266.69268
20240430142001,263.39119
20240430143001,263.192
20240430144001,255.20032
20240430145001,259.68734
20240430150001,302.94174
20240430151001,317.24364
20240430152001,323.10133
20240430153001,256.38097
20240430154001,237.20243
20240430155001,244.05036
20240430160001,751.02651
20240430161001,890.30108
20240430162001,967.14242
20240430163001,964.30448
20240430164001,932.62259
20240430165001,806.69662
20240515090001,743.90146
20240515091001,247.60267
20240515092001,247.28287
20240515093001,540.35308
20240515094001,479.77049
20240515095001,436.82076
20240515100001,680.02658
20240515101001,793.61219
20240515102001,709.51067
20240515103001,563.30314
20240515104001,539.87439
20240515105001,570.66774
20240515110001,583.38978
20240515111001,537.23746
20240515112001,537.98238
20240515113001,575.3863
20240515114001,520.49163
20240515115001,436.25488
20240515120001,457.7609
20240515121001,460.84549
20240515122001,550.64605
20240515123001,462.33885
20240515124001,375.53169
20240515125001,367.74132
20240515130001,386.39293
20240515131001,383.83366
20240515132001,396.33081
20240515133001,393.47036
20240515134001,402.09667
20240515135001,401.3951
20240515140001,284.9202
20240515141001,266.69268
20240515142001,263.39119
20240515143001,263.192
20240515144001,255.20032
20240515145001,259.68734
20240515150001,302.94174
20240515151001,317.24364
20240515152001,323.10133
20240515153001,256.38097
20240515154001,237.20243
20240515155001,244.05036
20240515160001,751.02651
20240515161001,890.30108
20240515162001,967.14242
20240515163001,964.30448
20240515164001,932.62259
20240515165001,806.69662
20240520090001,414.14348
20240520091001,247.08359
20240520092001,254.02432
20240520093001,246.00649
20240520094001,309.60814
20240520095001,684.74104
20240520100001,842.52204
20240520101001,713.83914
20240520102001,635.57486
20240520103001,581.61631
20240520104001,551.86008
20240520105001,589.2726
20240520110001,583.38978
20240520111001,537.23746
20240520112001,537.98238
20240520113001,575.3863
20240520114001,520.49163
20240520115001,436.25488
20240520120001,457.7609
20240520121001,460.84549
20240520122001,550.64605
20240520123001,462.33885
20240520124001,375.53169
20240520125001,367.74132
20240520130001,386.39293
20240520131001,383.83366
20240520132001,396.33081
20240520133001,393.47036
20240520134001,402.09667
20240520135001,401.3951
20240520140001,284.9202
20240520141001,266.69268
20240520142001,263.39119
20240520143001,263.192
20240520144001,255.20032
20240520145001,259.68734
20240520150001,302.94174
20240520151001,317.24364
20240520152001,323.10133
20240520153001,256.38097
20240520154001,237.20243
20240520155001,244.05036
20240520160001,751.02651
20240520161001,890.30108
20240520162001,967.14242
20240520163001,964.30448
20240520164001,932.62259
20240520165001,806.69662
20240613090001,226.80059
20240613091001,231.71702
20240613092001,232.69246
20240613093001,239.57938
20240613094001,287.03467
20240613095001,510.87108
20240613100001,533.86012
20240613101001,627.4259
20240613102001,571.74082
20240613103001,565.45188
20240613104001,555.86424
20240613105001,604.92206
20240613110001,583.38978
20240613111001,537.23746
20240613112001,537.98238
20240613113001,575.3863
20240613114001,520.49163
20240613115001,436.25488
20240613120001,457.7609
20240613121001,460.84549
20240613122001,550.64605
20240613123001,462.33885
20240613124001,375.53169
20240613125001,367.74132
20240613130001,386.39293
20240613131001,383.83366
20240613132001,396.33081
20240613133001,393.47036
20240613134001,402.09667
20240613135001,401.3951
20240613140001,284.9202
20240613141001,266.69268
20240613142001,263.39119
20240613143001,263.192
20240613144001,255.20032
20240613145001,259.68734
20240613150001,302.94174
20240613151001,317.24364
20240613152001,323.10133
20240613153001,256.38097
20240613154001,237.20243
20240613155001,244.05036
20240613160001,751.02651
20240613161001,890.30108
20240613162001,967.14242
20240613163001,964.30448
20240613164001,932.62259
20240613165001,806.69662
20240615090001,624.20523
20240615091001,230.38106
20240615092001,224.65008
20240615093001,329.2764
20240615094001,662.73564
20240615095001,467.05835
20240615100001,702.70482
20240615101001,725.78676
20240615102001,682.61759
20240615103001,553.1181
20240615104001,515.27907
20240615105001,576.93515
20240615110001,583.38978
20240615111001,537.23746
20240615112001,537.98238
20240615113001,575.3863
20240615114001,520.49163
20240615115001,436.25488
20240615120001,457.7609
20240615121001,460.84549
20240615122001,550.64605
20240615123001,462.33885
20240615124001,375.53169
20240615125001,367.74132
20240615130001,386.39293
20240615131001,383.83366
20240615132001,396.33081
20240615133001,393.47036
20240615134001,402.09667
20240615135001,401.3951
20240615140001,284.9202
20240615141001,266.69268
20240615142001,263.39119
20240615143001,263.192
20240615144001,255.20032
20240615145001,259.68734
20240615150001,302.94174
20240615151001,317.24364
20240615152001,323.10133
20240615153001,256.38097
20240615154001,237.20243
20240615155001,244.05036
20240615160001,751.02651
20240615161001,890.30108
20240615162001,967.14242
20240615163001,964.30448
20240615164001,932.62259
20240615165001,806.69662
20240703090001,685.63416
20240703091001,375.50204
20240703092001,236.65778
20240703093001,329.98954
20240703094001,601.01758
20240703095001,520.93742
20240703100001,657.18241
20240703101001,685.32717
20240703102001,674.83255
20240703103001,548.79789
20240703104001,507.68728
20240703105001,586.49601
20240703110001,583.38978
20240703111001,537.23746
20240703112001,537.98238
20240703113001,575.3863
20240703114001,520.49163
20240703115001,436.25488
20240703120001,457.7609
20240703121001,460.84549
20240703122001,550.64605
20240703123001,462.33885
20240703124001,375.53169
20240703125001,367.74132
20240703130001,386.39293
20240703131001,383.83366
20240703132001,396.33081
20240703133001,393.47036
20240703134001,402.09667
20240703135001,401.3951
20240703140001,284.9202
20240703141001,266.69268
20240703142001,263.39119
20240703143001,263.192
20240703144001,255.20032
20240703145001,259.68734
20240703150001,302.94174
20240703151001,317.24364
20240703152001,323.10133
20240703153001,256.38097
20240703154001,237.20243
20240703155001,244.05036
20240703160001,751.02651
20240703161001,890.30108
20240703162001,967.14242
20240703163001,964.30448
20240703164001,932.62259
20240703165001,806.69662
20240707090001,694.58399
20240707091001,305.63448
20240707092001,236.24316
20240707093001,377.9972
20240707094001,672.38327
20240707095001,542.13903
20240707100001,682.14683
20240707101001,713.27375
20240707102001,674.71741
20240707103001,549.67511
20240707104001,507.20393
20240707105001,585.5851
20240707110001,583.38978
20240707111001,537.23746
20240707112001,537.98238
20240707113001,575.3863
20240707114001,520.49163
20240707115001,436.25488
20240707120001,457.7609
20240707121001,460.84549
20240707122001,550.64605
20240707123001,462.33885
20240707124001,375.53169
20240707125001,367.74132
20240707130001,386.39293
20240707131001,383.83366
20240707132001,396.33081
20240707133001,393.47036
20240707134001,402.09667
20240707135001,401.3951
20240707140001,284.9202
20240707141001,266.69268
20240707142001,263.39119
20240707143001,263.192
20240707144001,255.20032
20240707145001,259.68734
20240707150001,302.94174
20240707151001,317.24364
20240707152001,323.10133
20240707153001,256.38097
20240707154001,237.20243
20240707155001,244.05036
20240707160001,751.02651
20240707161001,890.30108
20240707162001,967.14242
20240707163001,964.30448
20240707164001,932.62259
20240707165001,806.69662
20240125090002,196.8382
20240125091002,222.32801
20240125092002,251.97287
20240125093002,258.0626
20240125094002,300.43595
20240125095002,296.22363
20240125100002,305.37473
20240125101002,532.87943
20240125102002,595.75459
20240125103002,576.87288
20240125104002,571.6721
20240125105002,612.10548
20240125110002,583.38978
20240125111002,537.23746
20240125112002,537.98238
20240125113002,575.3863
20240125114002,520.49163
20240125115002,436.25488
20240125120002,457.7609
20240125121002,460.84549
20240125122002,550.64605
20240125123002,462.33885
20240125124002,375.53169
20240125125002,367.74132
20240125130002,386.39293
20240125131002,383.83366
20240125132002,396.33081
20240125133002,393.47036
20240125134002,402.09667
20240125135002,401.3951
20240125140002,284.9202
20240125141002,266.69268
20240125142002,263.39119
20240125143002,263.192
20240125144002,255.20032
20240125145002,259.68734
20240125150002,302.94174
20240125151002,317.24364
20240125152002,323.10133
20240125153002,256.38097
20240125154002,237.20243
20240125155002,244.05036
20240125160002,751.02651
20240125161002,890.30108
20240125162002,967.14242
20240125163002,964.30448
20240125164002,932.62259
20240125165002,806.69662
20240128090002,190.33399
20240128091002,226.14986
20240128092002,267.71153
20240128093002,266.02904
20240128094002,337.02625
20240128095002,299.30478
20240128100002,296.27475
20240128101002,531.38316
20240128102002,571.0161
20240128103002,569.71226
20240128104002,575.76464
20240128105002,618.37162
20240128110002,583.38978
20240128111002,537.23746
20240128112002,537.98238
20240128113002,575.3863
20240128114002,520.49163
20240128115002,436.25488
20240128120002,457.7609
20240128121002,460.84549
20240128122002,550.64605
20240128123002,462.33885
20240128124002,375.53169
20240128125002,367.74132
20240128130002,386.39293
20240128131002,383.83366
20240128132002,396.33081
20240128133002,393.47036
20240128134002,402.09667
20240128135002,401.3951
20240128140002,284.9202
20240128141002,266.69268
20240128142002,263.39119
20240128143002,263.192
20240128144002,255.20032
20240128145002,259.68734
20240128150002,302.94174
20240128151002,317.24364
20240128152002,323.10133
20240128153002,256.38097
20240128154002,237.20243
20240128155002,244.05036
20240128160002,751.02651
20240128161002,890.30108
20240128162002,967.14242
20240128163002,964.30448
20240128164002,932.62259
20240128165002,806.69662
20240213090002,822.97551
20240213091002,325.78562
20240213092002,224.09101
20240213093002,242.9513
20240213094002,339.49651
20240213095002,550.24095
20240213100002,636.32126
20240213101002,699.21877
20240213102002,635.34772
20240213103002,536.0219
20240213104002,514.13742
20240213105002,650.45616
20240213110002,583.38978
20240213111002,537.23746
20240213112002,537.98238
20240213113002,575.3863
20240213114002,520.49163
20240213115002,436.25488
20240213120002,457.7609
20240213121002,460.84549
20240213122002,550.64605
20240213123002,462.33885
20240213124002,375.53169
20240213125002,367.74132
20240213130002,386.39293
20240213131002,383.83366
20240213132002,396.33081
20240213133002,393.47036
20240213134002,402.09667
20240213135002,401.3951
20240213140002,284.9202
20240213141002,266.69268
20240213142002,263.39119
20240213143002,263.192
20240213144002,255.20032
20240213145002,259.68734
20240213150002,302.94174
20240213151002,317.24364
20240213152002,323.10133
20240213153002,256.38097
20240213154002,237.20243
20240213155002,244.05036
20240213160002,751.02651
20240213161002,890.30108
20240213162002,967.14242
20240213163002,964.30448
20240213164002,932.62259
20240213165002,806.69662
20240226090002,207.12411
20240226091002,232.75103
20240226092002,271.06233
20240226093002,264.77326
20240226094002,286.81506
20240226095002,323.92473
20240226100002,351.77609
20240226101002,559.36301
20240226102002,597.76938
20240226103002,577.78029
20240226104002,574.6283
20240226105002,612.32891
20240226110002,583.38978
20240226111002,537.23746
20240226112002,537.98238
20240226113002,575.3863
20240226114002,520.49163
20240226115002,436.25488
20240226120002,457.7609
20240226121002,460.84549
20240226122002,550.64605
20240226123002,462.33885
20240226124002,375.53169
20240226125002,367.74132
20240226130002,386.39293
20240226131002,383.83366
20240226132002,396.33081
20240226133002,393.47036
20240226134002,402.09667
20240226135002,401.3951
20240226140002,284.9202
20240226141002,266.69268
20240226142002,263.39119
20240226143002,263.192
20240226144002,255.20032
20240226145002,259.68734
20240226150002,302.94174
20240226151002,317.24364
20240226152002,323.10133
20240226153002,256.38097
20240226154002,237.20243
20240226155002,244.05036
20240226160002,751.02651
20240226161002,890.30108
20240226162002,967.14242
20240226163002,964.30448
20240226164002,932.62259
20240226165002,806.69662
20240319090002,196.36632
20240319091002,320.06459
20240319092002,241.14005
20240319093002,250.25529
20240319094002,398.7207
20240319095002,438.78448
20240319100002,316.2433
20240319101002,532.61133
20240319102002,564.66431
20240319103002,561.81034
20240319104002,563.00613
20240319105002,622.24305
20240319110002,583.38978
20240319111002,537.23746
20240319112002,537.98238
20240319113002,575.3863
20240319114002,520.49163
20240319115002,436.25488
20240319120002,457.7609
20240319121002,460.84549
20240319122002,550.64605
20240319123002,462.33885
20240319124002,375.53169
20240319125002,367.74132
20240319130002,386.39293
20240319131002,383.83366
20240319132002,396.33081
20240319133002,393.47036
20240319134002,402.09667
20240319135002,401.3951
20240319140002,284.9202
20240319141002,266.69268
20240319142002,263.39119
20240319143002,263.192
20240319144002,255.20032
20240319145002,259.68734
20240319150002,302.94174
20240319151002,317.24364
20240319152002,323.10133
20240319153002,256.38097
20240319154002,237.20243
20240319155002,244.05036
20240319160002,751.02651
20240319161002,890.30108
20240319162002,967.14242
20240319163002,964.30448
20240319164002,932.62259
20240319165002,806.69662
20240427090002,252.47819
20240427091002,282.4948
20240427092002,242.99828
20240427093002,253.21327
20240427094002,296.59158
20240427095002,495.22399
20240427100002,632.42458
20240427101002,698.23887
20240427102002,597.73469
20240427103002,574.51885
20240427104002,564.89948
20240427105002,614.76858
20240427110002,583.38978
20240427111002,537.23746
20240427112002,537.98238
20240427113002,575.3863
20240427114002,520.49163
20240427115002,436.25488
20240427120002,457.7609
20240427121002,460.84549
20240427122002,550.64605
20240427123002,462.33885
20240427124002,375.53169
20240427125002,367.74132
20240427130002,386.39293
20240427131002,383.83366
20240427132002,396.33081
20240427133002,393.47036
20240427134002,402.09667
20240427135002,401.3951
20240427140002,284.9202
20240427141002,266.69268
20240427142002,263.39119
20240427143002,263.192
20240427144002,255.20032
20240427145002,259.68734
20240427150002,302.94174
20240427151002,317.24364
20240427152002,323.10133
20240427153002,256.38097
20240427154002,237.20243
20240427155002,244.05036
20240427160002,751.02651
20240427161002,890.30108
20240427162002,967.14242
20240427163002,964.30448
20240427164002,932.62259
20240427165002,806.69662
20240508090002,257.52644
20240508091002,244.35387
20240508092002,241.86177
20240508093002,267.40008
20240508094002,315.10457
20240508095002,537.17946
20240508100002,710.01722
20240508101002,716.64128
20240508102002,602.32825
20240508103002,578.18496
20240508104002,556.35024
20240508105002,603.88444
20240508110002,583.38978
20240508111002,537.23746
20240508112002,537.98238
20240508113002,575.3863
20240508114002,520.49163
20240508115002,436.25488
20240508120002,457.7609
20240508121002,460.84549
20240508122002,550.64605
20240508123002,462.33885
20240508124002,375.53169
20240508125002,367.74132
20240508130002,386.39293
20240508131002,383.83366
20240508132002,396.33081
20240508133002,393.47036
20240508134002,402.09667
20240508135002,401.3951
20240508140002,284.9202
20240508141002,266.69268
20240508142002,263.39119
20240508143002,263.192
20240508144002,255.20032
20240508145002,259.68734
20240508150002,302.94174
20240508151002,317.24364
20240508152002,323.10133
20240508153002,256.38097
20240508154002,237.20243
20240508155002,244.05036
20240508160002,751.02651
20240508161002,890.30108
20240508162002,967.14242
20240508163002,964.30448
20240508164002,932.62259
20240508165002,806.69662
20240705090002,650.63053
20240705091002,344.10482
20240705092002,232.90898
20240705093002,454.61505
20240705094002,390.33244
20240705095002,618.84883
20240705100002,671.39822
20240705101002,651.83578
20240705102002,645.785
20240705103002,550.81393
20240705104002,506.7778
20240705105002,590.29629
20240705110002,583.38978
20240705111002,537.23746
20240705112002,537.98238
20240705113002,575.3863
20240705114002,520.49163
20240705115002,436.25488
20240705120002,457.7609
20240705121002,460.84549
20240705122002,550.64605
20240705123002,462.33885
20240705124002,375.53169
20240705125002,367.74132
20240705130002,386.39293
20240705131002,383.83366
20240705132002,396.33081
20240705133002,393.47036
20240705134002,402.09667
20240705135002,401.3951
20240705140002,284.9202
20240705141002,266.69268
20240705142002,263.39119
20240705143002,263.192
20240705144002,255.20032
20240705145002,259.68734
20240705150002,302.94174
20240705151002,317.24364
20240705152002,323.10133
20240705153002,256.38097
20240705154002,237.20243
20240705155002,244.05036
20240705160002,751.02651
20240705161002,890.30108
20240705162002,967.14242
20240705163002,964.30448
20240705164002,932.62259
20240705165002,806.69662
20240707090002,647.69681
20240707091002,378.76978
20240707092002,237.00778
20240707093002,462.55303
20240707094002,515.34943
20240707095002,520.87783
20240707100002,629.4817
20240707101002,646.63143
20240707102002,651.53268
20240707103002,550.06755
20240707104002,508.9635
20240707105002,586.49601
20240707110002,583.38978
20240707111002,537.23746
20240707112002,537.98238
20240707113002,575.3863
20240707114002,520.49163
20240707115002,436.25488
20240707120002,457.7609
20240707121002,460.84549
20240707122002,550.64605
20240707123002,462.33885
20240707124002,375.53169
20240707125002,367.74132
20240707130002,386.39293
20240707131002,383.83366
20240707132002,396.33081
20240707133002,393.47036
20240707134002,402.09667
20240707135002,401.3951
20240707140002,284.9202
20240707141002,266.69268
20240707142002,263.39119
20240707143002,263.192
20240707144002,255.20032
20240707145002,259.68734
20240707150002,302.94174
20240707151002,317.24364
20240707152002,323.10133
20240707153002,256.38097
20240707154002,237.20243
20240707155002,244.05036
20240707160002,751.02651
20240707161002,890.30108
20240707162002,967.14242
20240707163002,964.30448
20240707164002,932.62259
20240707165002,806.69662
20240317090003,954.65506
20240317091003,224.08608
20240317092003,253.96236
20240317093003,390.31702
20240317094003,868.18761
20240317095003,543.38675
20240317100003,668.27653
20240317101003,671.57438
20240317102003,598.01462
20240317103003,558.97019
20240317104003,550.76103
20240317105003,610.40688
20240317110003,583.38978
20240317111003,537.23746
20240317112003,537.98238
20240317113003,575.3863
20240317114003,520.49163
20240317115003,436.25488
20240317120003,457.7609
20240317121003,460.84549
20240317122003,550.64605
20240317123003,462.33885
20240317124003,375.53169
20240317125003,367.74132
20240317130003,386.39293
20240317131003,383.83366
20240317132003,396.33081
20240317133003,393.47036
20240317134003,402.09667
20240317135003,401.3951
20240317140003,284.9202
20240317141003,266.69268
20240317142003,263.39119
20240317143003,263.192
20240317144003,255.20032
20240317145003,259.68734
20240317150003,302.94174
20240317151003,317.24364
20240317152003,323.10133
20240317153003,256.38097
20240317154003,237.20243
20240317155003,244.05036
20240317160003,751.02651
20240317161003,890.30108
20240317162003,967.14242
20240317163003,964.30448
20240317164003,932.62259
20240317165003,806.69662
20240414090003,840.75628
20240414091003,257.06561
20240414092003,234.79657
20240414093003,428.774
20240414094003,394.13641
20240414095003,434.28744
20240414100003,650.52951
20240414101003,841.24901
20240414102003,707.17179
20240414103003,566.75249
20240414104003,547.79898
20240414105003,574.48232
20240414110003,583.38978
20240414111003,537.23746
20240414112003,537.98238
20240414113003,575.3863
20240414114003,520.49163
20240414115003,436.25488
20240414120003,457.7609
20240414121003,460.84549
20240414122003,550.64605
20240414123003,462.33885
20240414124003,375.53169
20240414125003,367.74132
20240414130003,386.39293
20240414131003,383.83366
20240414132003,396.33081
20240414133003,393.47036
20240414134003,402.09667
20240414135003,401.3951
20240414140003,284.9202
20240414141003,266.69268
20240414142003,263.39119
20240414143003,263.192
20240414144003,255.20032
20240414145003,259.68734
20240414150003,302.94174
20240414151003,317.24364
20240414152003,323.10133
20240414153003,256.38097
20240414154003,237.20243
20240414155003,244.05036
20240414160003,751.02651
20240414161003,890.30108
20240414162003,967.14242
20240414163003,964.30448
20240414164003,932.62259
20240414165003,806.69662
20240524090003,231.27431
20240524091003,234.68873
20240524092003,249.82983
20240524093003,254.09888
20240524094003,301.40722
20240524095003,535.44565
20240524100003,632.29809
20240524101003,716.87606
20240524102003,599.83719
20240524103003,577.63435
20240524104003,563.43282
20240524105003,612.04092
20240524110003,583.38978
20240524111003,537.23746
20240524112003,537.98238
20240524113003,575.3863
20240524114003,520.49163
20240524115003,436.25488
20240524120003,457.7609
20240524121003,460.84549
20240524122003,550.64605
20240524123003,462.33885
20240524124003,375.53169
20240524125003,367.74132
20240524130003,386.39293
20240524131003,383.83366
20240524132003,396.33081
20240524133003,393.47036
20240524134003,402.09667
20240524135003,401.3951
20240524140003,284.9202
20240524141003,266.69268
20240524142003,263.39119
20240524143003,263.192
20240524144003,255.20032
20240524145003,259.68734
20240524150003,302.94174
20240524151003,317.24364
20240524152003,323.10133
20240524153003,256.38097
20240524154003,237.20243
20240524155003,244.05036
20240524160003,751.02651
20240524161003,890.30108
20240524162003,967.14242
20240524163003,964.30448
20240524164003,932.62259
20240524165003,806.69662
20240526090003,235.79978
20240526091003,233.19467
20240526092003,255.65961
20240526093003,252.84422
20240526094003,282.40725
20240526095003,550.33937
20240526100003,691.36141
20240526101003,715.63793
20240526102003,602.17131
20240526103003,579.2283
20240526104003,558.29818
20240526105003,609.50448
20240526110003,583.38978
20240526111003,537.23746
20240526112003,537.98238
20240526113003,575.3863
20240526114003,520.49163
20240526115003,436.25488
20240526120003,457.7609
20240526121003,460.84549
20240526122003,550.64605
20240526123003,462.33885
20240526124003,375.53169
20240526125003,367.74132
20240526130003,386.39293
20240526131003,383.83366
20240526132003,396.33081
20240526133003,393.47036
20240526134003,402.09667
20240526135003,401.3951
20240526140003,284.9202
20240526141003,266.69268
20240526142003,263.39119
20240526143003,263.192
20240526144003,255.20032
20240526145003,259.68734
20240526150003,302.94174
20240526151003,317.24364
20240526152003,323.10133
20240526153003,256.38097
20240526154003,237.20243
20240526155003,244.05036
20240526160003,751.02651
20240526161003,890.30108
20240526162003,967.14242
20240526163003,964.30448
20240526164003,932.62259
20240526165003,806.69662
20240603090003,221.6018
20240603091003,341.29257
20240603092003,271.06328
20240603093003,263.66456
20240603094003,432.52806
20240603095003,642.22709
20240603100003,384.77566
20240603101003,538.51498
20240603102003,564.28764
20240603103003,562.14043
20240603104003,555.54515
20240603105003,614.53609
20240603110003,583.38978
20240603111003,537.23746
20240603112003,537.98238
20240603113003,575.3863
20240603114003,520.49163
20240603115003,436.25488
20240603120003,457.7609
20240603121003,460.84549
20240603122003,550.64605
20240603123003,462.33885
20240603124003,375.53169
20240603125003,367.74132
20240603130003,386.39293
20240603131003,383.83366
20240603132003,396.33081
20240603133003,393.47036
20240603134003,402.09667
20240603135003,401.3951
20240603140003,284.9202
20240603141003,266.69268
20240603142003,263.39119
20240603143003,263.192
20240603144003,255.20032
20240603145003,259.68734
20240603150003,302.94174
20240603151003,317.24364
20240603152003,323.10133
20240603153003,256.38097
20240603154003,237.20243
20240603155003,244.05036
20240603160003,751.02651
20240603161003,890.30108
20240603162003,967.14242
20240603163003,964.30448
20240603164003,932.62259
20240603165003,806.69662
20240620090003,760.30379
20240620091003,238.32026
20240620092003,236.96943
20240620093003,631.98544
20240620094003,739.31395
20240620095003,535.43109
20240620100003,774.74901
20240620101003,828.81474
20240620102003,682.04865
20240620103003,562.212
20240620104003,516.53465
20240620105003,576.96387
20240620110003,583.38978
20240620111003,537.23746
20240620112003,537.98238
20240620113003,575.3863
20240620114003,520.49163
20240620115003,436.25488
20240620120003,457.7609
20240620121003,460.84549
20240620122003,550.64605
20240620123003,462.33885
20240620124003,375.53169
20240620125003,367.74132
20240620130003,386.39293
20240620131003,383.83366
20240620132003,396.33081
20240620133003,393.47036
20240620134003,402.09667
20240620135003,401.3951
20240620140003,284.9202
20240620141003,266.69268
20240620142003,263.39119
20240620143003,263.192
20240620144003,255.20032
20240620145003,259.68734
20240620150003,302.94174
20240620151003,317.24364
20240620152003,323.10133
20240620153003,256.38097
20240620154003,237.20243
20240620155003,244.05036
20240620160003,751.02651
20240620161003,890.30108
20240620162003,967.14242
20240620163003,964.30448
20240620164003,932.62259
20240620165003,806.69662
20240420090004,922.62341
20240420091004,232.17144
20240420092004,246.50962
20240420093004,574.0412
20240420094004,329.62466
20240420095004,763.20701
20240420100004,850.86414
20240420101004,794.83543
20240420102004,680.43607
20240420103004,520.15067
20240420104004,480.16518
20240420105004,615.59296
20240420110004,583.38978
20240420111004,537.23746
20240420112004,537.98238
20240420113004,575.3863
20240420114004,520.49163
20240420115004,436.25488
20240420120004,457.7609
20240420121004,460.84549
20240420122004,550.64605
20240420123004,462.33885
20240420124004,375.53169
20240420125004,367.74132
20240420130004,386.39293
20240420131004,383.83366
20240420132004,396.33081
20240420133004,393.47036
20240420134004,402.09667
20240420135004,401.3951
20240420140004,284.9202
20240420141004,266.69268
20240420142004,263.39119
20240420143004,263.192
20240420144004,255.20032
20240420145004,259.68734
20240420150004,302.94174
20240420151004,317.24364
20240420152004,323.10133
20240420153004,256.38097
20240420154004,237.20243
20240420155004,244.05036
20240420160004,751.02651
20240420161004,890.30108
20240420162004,967.14242
20240420163004,964.30448
20240420164004,932.62259
20240420165004,806.69662
20240422090004,832.41189
20240422091004,235.56914
20240422092004,259.90809
20240422093004,592.97875
20240422094004,337.33164
20240422095004,484.18861
20240422100004,749.63585
20240422101004,756.97519
20240422102004,690.09548
20240422103004,548.31823
20240422104004,514.21995
20240422105004,583.91637
20240422110004,583.38978
20240422111004,537.23746
20240422112004,537.98238
20240422113004,575.3863
20240422114004,520.49163
20240422115004,436.25488
20240422120004,457.7609
20240422121004,460.84549
20240422122004,550.64605
20240422123004,462.33885
20240422124004,375.53169
20240422125004,367.74132
20240422130004,386.39293
20240422131004,383.83366
20240422132004,396.33081
20240422133004,393.47036
20240422134004,402.09667
20240422135004,401.3951
20240422140004,284.9202
20240422141004,266.69268
20240422142004,263.39119
20240422143004,263.192
20240422144004,255.20032
20240422145004,259.68734
20240422150004,302.94174
20240422151004,317.24364
20240422152004,323.10133
20240422153004,256.38097
20240422154004,237.20243
20240422155004,244.05036
20240422160004,751.02651
20240422161004,890.30108
20240422162004,967.14242
20240422163004,964.30448
20240422164004,932.62259
20240422165004,806.69662
20240513090004,200.88781
20240513091004,336.22257
20240513092004,297.89784
20240513093004,245.48849
20240513094004,325.42598
20240513095004,474.51029
20240513100004,471.4821
20240513101004,592.00723
20240513102004,566.18031
20240513103004,549.94321
20240513104004,553.97721
20240513105004,616.07282
20240513110004,583.38978
20240513111004,537.23746
20240513112004,537.98238
20240513113004,575.3863
20240513114004,520.49163
20240513115004,436.25488
20240513120004,457.7609
20240513121004,460.84549
20240513122004,550.64605
20240513123004,462.33885
20240513124004,375.53169
20240513125004,367.74132
20240513130004,386.39293
20240513131004,383.83366
20240513132004,396.33081
20240513133004,393.47036
20240513134004,402.09667
20240513135004,401.3951
20240513140004,284.9202
20240513141004,266.69268
20240513142004,263.39119
20240513143004,263.192
20240513144004,255.20032
20240513145004,259.68734
20240513150004,302.94174
20240513151004,317.24364
20240513152004,323.10133
20240513153004,256.38097
20240513154004,237.20243
20240513155004,244.05036
20240513160004,751.02651
20240513161004,890.30108
20240513162004,967.14242
20240513163004,964.30448
20240513164004,932.62259
20240513165004,806.69662
20240515090004,910.744
20240515091004,256.98408
20240515092004,257.70189
20240515093004,608.8001
20240515094004,466.07175
20240515095004,622.96386
20240515100004,698.29631
20240515101004,753.15073
20240515102004,691.9309
20240515103004,554.91537
20240515104004,522.02246
20240515105004,577.11799
20240515110004,583.38978
20240515111004,537.23746
20240515112004,537.98238
20240515113004,575.3863
20240515114004,520.49163
20240515115004,436.25488
20240515120004,457.7609
20240515121004,460.84549
20240515122004,550.64605
20240515123004,462.33885
20240515124004,375.53169
20240515125004,367.74132
20240515130004,386.39293
20240515131004,383.83366
20240515132004,396.33081
20240515133004,393.47036
20240515134004,402.09667
20240515135004,401.3951
20240515140004,284.9202
20240515141004,266.69268
20240515142004,263.39119
20240515143004,263.192
20240515144004,255.20032
20240515145004,259.68734
20240515150004,302.94174
20240515151004,317.24364
20240515152004,323.10133
20240515153004,256.38097
20240515154004,237.20243
20240515155004,244.05036
20240515160004,751.02651
20240515161004,890.30108
20240515162004,967.14242
20240515163004,964.30448
20240515164004,932.62259
20240515165004,806.69662
20240629090004,720.45008
20240629091004,239.94699
20240629092004,236.0931
20240629093004,506.31906
20240629094004,737.4704
20240629095004,503.57751
20240629100004,701.27685
20240629101004,717.0794
20240629102004,682.14787
20240629103004,550.49704
20240629104004,506.70803
20240629105004,585.57311
20240629110004,583.38978
20240629111004,537.23746
20240629112004,537.98238
20240629113004,575.3863
20240629114004,520.49163
20240629115004,436.25488
20240629120004,457.7609
20240629121004,460.84549
20240629122004,550.64605
20240629123004,462.33885
20240629124004,375.53169
20240629125004,367.74132
20240629130004,386.39293
20240629131004,383.83366
20240629132004,396.33081
20240629133004,393.47036
20240629134004,402.09667
20240629135004,401.3951
20240629140004,284.9202
20240629141004,266.69268
20240629142004,263.39119
20240629143004,263.192
20240629144004,255.20032
20240629145004,259.68734
20240629150004,302.94174
20240629151004,317.24364
20240629152004,323.10133
20240629153004,256.38097
20240629154004,237.20243
20240629155004,244.05036
20240629160004,751.02651
20240629161004,890.30108
20240629162004,967.14242
20240629163004,964.30448
20240629164004,932.62259
20240629165004,806.69662
20240704090004,812.34425
20240704091004,347.31594
20240704092004,293.1888
20240704093004,501.37354
20240704094004,508.23784
20240704095004,742.23526
20240704100004,685.58336
20240704101004,717.74962
20240704102004,676.42767
20240704103004,549.61465
20240704104004,505.93866
20240704105004,590.29629
20240704110004,583.38978
20240704111004,537.23746
20240704112004,537.98238
20240704113004,575.3863
20240704114004,520.49163
20240704115004,436.25488
20240704120004,457.7609
20240704121004,460.84549
20240704122004,550.64605
20240704123004,462.33885
20240704124004,375.53169
20240704125004,367.74132
20240704130004,386.39293
20240704131004,383.83366
20240704132004,396.33081
20240704133004,393.47036
20240704134004,402.09667
20240704135004,401.3951
20240704140004,284.9202
20240704141004,266.69268
20240704142004,263.39119
20240704143004,263.192
20240704144004,255.20032
20240704145004,259.68734
20240704150004,302.94174
20240704151004,317.24364
20240704152004,323.10133
20240704153004,256.38097
20240704154004,237.20243
20240704155004,244.05036
20240704160004,751.02651
20240704161004,890.30108
20240704162004,967.14242
20240704163004,964.30448
20240704164004,932.62259
20240704165004,806.69662
20240509090005,262.30262
20240509091005,243.18998
20240509092005,241.42687
20240509093005,242.96841
20240509094005,256.4025
20240509095005,521.38868
20240509100005,541.53575
20240509101005,633.26172
20240509102005,607.89565
20240509103005,597.40195
20240509104005,557.0723
20240509105005,593.16691
20240509110005,583.38978
20240509111005,537.23746
20240509112005,537.98238
20240509113005,575.3863
20240509114005,520.49163
20240509115005,436.25488
20240509120005,457.7609
20240509121005,460.84549
20240509122005,550.64605
20240509123005,462.33885
20240509124005,375.53169
20240509125005,367.74132
20240509130005,386.39293
20240509131005,383.83366
20240509132005,396.33081
20240509133005,393.47036
20240509134005,402.09667
20240509135005,401.3951
20240509140005,284.9202
20240509141005,266.69268
20240509142005,263.39119
20240509143005,263.192
20240509144005,255.20032
20240509145005,259.68734
20240509150005,302.94174
20240509151005,317.24364
20240509152005,323.10133
20240509153005,256.38097
20240509154005,237.20243
20240509155005,244.05036
20240509160005,751.02651
20240509161005,890.30108
20240509162005,967.14242
20240509163005,964.30448
20240509164005,932.62259
20240509165005,806.69662
20240514090005,326.12998
20240514091005,242.93354
20240514092005,252.23826
20240514093005,246.88099
20240514094005,258.63354
20240514095005,575.74389
20240514100005,573.90559
20240514101005,648.77854
20240514102005,612.46169
20240514103005,575.65602
20240514104005,554.28451
20240514105005,590.93041
20240514110005,583.38978
20240514111005,537.23746
20240514112005,537.98238
20240514113005,575.3863
20240514114005,520.49163
20240514115005,436.25488
20240514120005,457.7609
20240514121005,460.84549
20240514122005,550.64605
20240514123005,462.33885
20240514124005,375.53169
20240514125005,367.74132
20240514130005,386.39293
20240514131005,383.83366
20240514132005,396.33081
20240514133005,393.47036
20240514134005,402.09667
20240514135005,401.3951
20240514140005,284.9202
20240514141005,266.69268
20240514142005,263.39119
20240514143005,263.192
20240514144005,255.20032
20240514145005,259.68734
20240514150005,302.94174
20240514151005,317.24364
20240514152005,323.10133
20240514153005,256.38097
20240514154005,237.20243
20240514155005,244.05036
20240514160005,751.02651
20240514161005,890.30108
20240514162005,967.14242
20240514163005,964.30448
20240514164005,932.62259
20240514165005,806.69662
20240615090005,481.13929
20240615091005,220.6301
20240615092005,218.77738
20240615093005,232.65506
20240615094005,602.79564
20240615095005,657.78115
20240615100005,656.24347
20240615101005,715.14044
20240615102005,679.58228
20240615103005,558.75067
20240615104005,520.28356
20240615105005,573.89207
20240615110005,583.38978
20240615111005,537.23746
20240615112005,537.98238
20240615113005,575.3863
20240615114005,520.49163
20240615115005,436.25488
20240615120005,457.7609
20240615121005,460.84549
20240615122005,550.64605
20240615123005,462.33885
20240615124005,375.53169
20240615125005,367.74132
20240615130005,386.39293
20240615131005,383.83366
20240615132005,396.33081
20240615133005,393.47036
20240615134005,402.09667
20240615135005,401.3951
20240615140005,284.9202
20240615141005,266.69268
20240615142005,263.39119
20240615143005,263.192
20240615144005,255.20032
20240615145005,259.68734
20240615150005,302.94174
20240615151005,317.24364
20240615152005,323.10133
20240615153005,256.38097
20240615154005,237.20243
20240615155005,244.05036
20240615160005,751.02651
20240615161005,890.30108
20240615162005,967.14242
20240615163005,964.30448
20240615164005,932.62259
20240615165005,806.69662
20240620090005,459.13175
20240620091005,233.24368
20240620092005,221.54702
20240620093005,273.01696
20240620094005,659.1597
20240620095005,700.81224
20240620100005,694.91264
20240620101005,730.34005
20240620102005,677.55554
20240620103005,564.55748
20240620104005,524.904
20240620105005,568.05759
20240620110005,583.38978
20240620111005,537.23746
20240620112005,537.98238
20240620113005,575.3863
20240620114005,520.49163
20240620115005,436.25488
20240620120005,457.7609
20240620121005,460.84549
20240620122005,550.64605
20240620123005,462.33885
20240620124005,375.53169
20240620125005,367.74132
20240620130005,386.39293
20240620131005,383.83366
20240620132005,396.33081
20240620133005,393.47036
20240620134005,402.09667
20240620135005,401.3951
20240620140005,284.9202
20240620141005,266.69268
20240620142005,263.39119
20240620143005,263.192
20240620144005,255.20032
20240620145005,259.68734
20240620150005,302.94174
20240620151005,317.24364
20240620152005,323.10133
20240620153005,256.38097
20240620154005,237.20243
20240620155005,244.05036
20240620160005,751.02651
20240620161005,890.30108
20240620162005,967.14242
20240620163005,964.30448
20240620164005,932.62259
20240620165005,806.69662
20240706090005,454.90763
20240706091005,280.88513
20240706092005,379.29281
20240706093005,534.90718
20240706094005,607.46251
20240706095005,769.7008
20240706100005,659.00939
20240706101005,718.34854
20240706102005,641.77878
20240706103005,545.95251
20240706104005,501.3864
20240706105005,591.88025
20240706110005,583.38978
20240706111005,537.23746
20240706112005,537.98238
20240706113005,575.3863
20240706114005,520.49163
20240706115005,436.25488
20240706120005,457.7609
20240706121005,460.84549
20240706122005,550.64605
20240706123005,462.33885
20240706124005,375.53169
20240706125005,367.74132
20240706130005,386.39293
20240706131005,383.83366
20240706132005,396.33081
20240706133005,393.47036
20240706134005,402.09667
20240706135005,401.3951
20240706140005,284.9202
20240706141005,266.69268
20240706142005,263.39119
20240706143005,263.192
20240706144005,255.20032
20240706145005,259.68734
20240706150005,302.94174
20240706151005,317.24364
20240706152005,323.10133
20240706153005,256.38097
20240706154005,237.20243
20240706155005,244.05036
20240706160005,751.02651
20240706161005,890.30108
20240706162005,967.14242
20240706163005,964.30448
20240706164005,932.62259
20240706165005,806.69662
20240708090005,349.87248
20240708091005,210.21846
20240708092005,239.85919
20240708093005,251.42636
20240708094005,609.80801
20240708095005,682.30569
20240708100005,674.66554
20240708101005,708.31015
20240708102005,662.47805
20240708103005,555.79166
20240708104005,516.96946
20240708105005,575.1486
20240708110005,583.38978
20240708111005,537.23746
20240708112005,537.98238
20240708113005,575.3863
20240708114005,520.49163
20240708115005,436.25488
20240708120005,457.7609
20240708121005,460.84549
20240708122005,550.64605
20240708123005,462.33885
20240708124005,375.53169
20240708125005,367.74132
20240708130005,386.39293
20240708131005,383.83366
20240708132005,396.33081
20240708133005,393.47036
20240708134005,402.09667
20240708135005,401.3951
20240708140005,284.9202
20240708141005,266.69268
20240708142005,263.39119
20240708143005,263.192
20240708144005,255.20032
20240708145005,259.68734
20240708150005,302.94174
20240708151005,317.24364
20240708152005,323.10133
20240708153005,256.38097
20240708154005,237.20243
20240708155005,244.05036
20240708160005,751.02651
20240708161005,890.30108
20240708162005,967.14242
20240708163005,964.30448
20240708164005,932.62259
20240708165005,806.69662
20240520090006,586.70403
20240520091006,258.79235
20240520092006,266.23842
20240520093006,243.51189
20240520094006,313.89402
20240520095006,668.68701
20240520100006,794.48709
20240520101006,700.04644
20240520102006,639.87144
20240520103006,580.02908
20240520104006,549.18917
20240520105006,586.27238
20240520110006,583.38978
20240520111006,537.23746
20240520112006,537.98238
20240520113006,575.3863
20240520114006,520.49163
20240520115006,436.25488
20240520120006,457.7609
20240520121006,460.84549
20240520122006,550.64605
20240520123006,462.33885
20240520124006,375.53169
20240520125006,367.74132
20240520130006,386.39293
20240520131006,383.83366
20240520132006,396.33081
20240520133006,393.47036
20240520134006,402.09667
20240520135006,401.3951
20240520140006,284.9202
20240520141006,266.69268
20240520142006,263.39119
20240520143006,263.192
20240520144006,255.20032
20240520145006,259.68734
20240520150006,302.94174
20240520151006,317.24364
20240520152006,323.10133
20240520153006,256.38097
20240520154006,237.20243
20240520155006,244.05036
20240520160006,751.02651
20240520161006,890.30108
20240520162006,967.14242
20240520163006,964.30448
20240520164006,932.62259
20240520165006,806.69662
20240527090006,444.08102
20240527091006,252.17475
20240527092006,237.9047
20240527093006,237.58503
20240527094006,288.73951
20240527095006,440.23752
20240527100006,618.26258
20240527101006,692.41402
20240527102006,686.76393
20240527103006,574.63099
20240527104006,549.09943
20240527105006,582.36751
20240527110006,583.38978
20240527111006,537.23746
20240527112006,537.98238
20240527113006,575.3863
20240527114006,520.49163
20240527115006,436.25488
20240527120006,457.7609
20240527121006,460.84549
20240527122006,550.64605
20240527123006,462.33885
20240527124006,375.53169
20240527125006,367.74132
20240527130006,386.39293
20240527131006,383.83366
20240527132006,396.33081
20240527133006,393.47036
20240527134006,402.09667
20240527135006,401.3951
20240527140006,284.9202
20240527141006,266.69268
20240527142006,263.39119
20240527143006,263.192
20240527144006,255.20032
20240527145006,259.68734
20240527150006,302.94174
20240527151006,317.24364
20240527152006,323.10133
20240527153006,256.38097
20240527154006,237.20243
20240527155006,244.05036
20240527160006,751.02651
20240527161006,890.30108
20240527162006,967.14242
20240527163006,964.30448
20240527164006,932.62259
20240527165006,806.69662
20240625090006,690.54625
20240625091006,244.17145
20240625092006,226.72688
20240625093006,383.98208
20240625094006,698.49318
20240625095006,471.16017
20240625100006,707.8493
20240625101006,716.34156
20240625102006,679.45741
20240625103006,548.60717
20240625104006,506.88617
20240625105006,585.5851
20240625110006,583.38978
20240625111006,537.23746
20240625112006,537.98238
20240625113006,575.3863
20240625114006,520.49163
20240625115006,436.25488
20240625120006,457.7609
20240625121006,460.84549
20240625122006,550.64605
20240625123006,462.33885
20240625124006,375.53169
20240625125006,367.74132
20240625130006,386.39293
20240625131006,383.83366
20240625132006,396.33081
20240625133006,393.47036
20240625134006,402.09667
20240625135006,401.3951
20240625140006,284.9202
20240625141006,266.69268
20240625142006,263.39119
20240625143006,263.192
20240625144006,255.20032
20240625145006,259.68734
20240625150006,302.94174
20240625151006,317.24364
20240625152006,323.10133
20240625153006,256.38097
20240625154006,237.20243
20240625155006,244.05036
20240625160006,751.02651
20240625161006,890.30108
20240625162006,967.14242
20240625163006,964.30448
20240625164006,932.62259
20240625165006,806.69662
20240629090006,677.99372
20240629091006,233.8594
20240629092006,226.53213
20240629093006,298.64886
20240629094006,682.1612
20240629095006,460.13531
20240629100006,690.77355
20240629101006,728.97856
20240629102006,683.17504
20240629103006,550.49704
20240629104006,507.2174
20240629105006,584.6703
20240629110006,583.38978
20240629111006,537.23746
20240629112006,537.98238
20240629113006,575.3863
20240629114006,520.49163
20240629115006,436.25488
20240629120006,457.7609
20240629121006,460.84549
20240629122006,550.64605
20240629123006,462.33885
20240629124006,375.53169
20240629125006,367.74132
20240629130006,386.39293
20240629131006,383.83366
20240629132006,396.33081
20240629133006,393.47036
20240629134006,402.09667
20240629135006,401.3951
20240629140006,284.9202
20240629141006,266.69268
20240629142006,263.39119
20240629143006,263.192
20240629144006,255.20032
20240629145006,259.68734
20240629150006,302.94174
20240629151006,317.24364
20240629152006,323.10133
20240629153006,256.38097
20240629154006,237.20243
20240629155006,244.05036
20240629160006,751.02651
20240629161006,890.30108
20240629162006,967.14242
20240629163006,964.30448
20240629164006,932.62259
20240629165006,806.69662
20240706090006,810.36496
20240706091006,412.77716
20240706092006,268.2877
20240706093006,460.71494
20240706094006,685.31936
20240706095006,740.84283
20240706100006,706.22009
20240706101006,705.16958
20240706102006,673.32286
20240706103006,547.72105
20240706104006,500.63543
20240706105006,590.61232
20240706110006,583.38978
20240706111006,537.23746
20240706112006,537.98238
20240706113006,575.3863
20240706114006,520.49163
20240706115006,436.25488
20240706120006,457.7609
20240706121006,460.84549
20240706122006,550.64605
20240706123006,462.33885
20240706124006,375.53169
20240706125006,367.74132
20240706130006,386.39293
20240706131006,383.83366
20240706132006,396.33081
20240706133006,393.47036
20240706134006,402.09667
20240706135006,401.3951
20240706140006,284.9202
20240706141006,266.69268
20240706142006,263.39119
20240706143006,263.192
20240706144006,255.20032
20240706145006,259.68734
20240706150006,302.94174
20240706151006,317.24364
20240706152006,323.10133
20240706153006,256.38097
20240706154006,237.20243
20240706155006,244.05036
20240706160006,751.02651
20240706161006,890.30108
20240706162006,967.14242
20240706163006,964.30448
20240706164006,932.62259
20240706165006,806.69662
20240722090006,682.28178
20240722091006,277.02573
20240722092006,238.818
20240722093006,347.02215
20240722094006,678.64464
20240722095006,577.28921
20240722100006,688.51626
20240722101006,721.11261
20240722102006,679.41252
20240722103006,547.72105
20240722104006,506.66749
20240722105006,586.52422
20240722110006,583.38978
20240722111006,537.23746
20240722112006,537.98238
20240722113006,575.3863
20240722114006,520.49163
20240722115006,436.25488
20240722120006,457.7609
20240722121006,460.84549
20240722122006,550.64605
20240722123006,462.33885
20240722124006,375.53169
20240722125006,367.74132
20240722130006,386.39293
20240722131006,383.83366
20240722132006,396.33081
20240722133006,393.47036
20240722134006,402.09667
20240722135006,401.3951
20240722140006,284.9202
20240722141006,266.69268
20240722142006,263.39119
20240722143006,263.192
20240722144006,255.20032
20240722145006,259.68734
20240722150006,302.94174
20240722151006,317.24364
20240722152006,323.10133
20240722153006,256.38097
20240722154006,237.20243
20240722155006,244.05036
20240722160006,751.02651
20240722161006,890.30108
20240722162006,967.14242
20240722163006,964.30448
20240722164006,932.62259
20240722165006,806.69662
20240526090007,283.42068
20240526091007,243.17299
20240526092007,243.39918
20240526093007,245.22845
20240526094007,263.8661
20240526095007,571.27902
20240526100007,671.09903
20240526101007,672.74986
20240526102007,627.24166
20240526103007,600.73985
20240526104007,555.22577
20240526105007,589.1522
20240526110007,583.38978
20240526111007,537.23746
20240526112007,537.98238
20240526113007,575.3863
20240526114007,520.49163
20240526115007,436.25488
20240526120007,457.7609
20240526121007,460.84549
20240526122007,550.64605
20240526123007,462.33885
20240526124007,375.53169
20240526125007,367.74132
20240526130007,386.39293
20240526131007,383.83366
20240526132007,396.33081
20240526133007,393.47036
20240526134007,402.09667
20240526135007,401.3951
20240526140007,284.9202
20240526141007,266.69268
20240526142007,263.39119
20240526143007,263.192
20240526144007,255.20032
20240526145007,259.68734
20240526150007,302.94174
20240526151007,317.24364
20240526152007,323.10133
20240526153007,256.38097
20240526154007,237.20243
20240526155007,244.05036
20240526160007,751.02651
20240526161007,890.30108
20240526162007,967.14242
20240526163007,964.30448
20240526164007,932.62259
20240526165007,806.69662
20240612090007,665.11699
20240612091007,252.28032
20240612092007,252.98797
20240612093007,549.05322
20240612094007,845.90143
20240612095007,667.88851
20240612100007,705.75162
20240612101007,640.74943
20240612102007,570.09931
20240612103007,515.03566
20240612104007,514.21247
20240612105007,604.19537
20240612110007,583.38978
20240612111007,537.23746
20240612112007,537.98238
20240612113007,575.3863
20240612114007,520.49163
20240612115007,436.25488
20240612120007,457.7609
20240612121007,460.84549
20240612122007,550.64605
20240612123007,462.33885
20240612124007,375.53169
20240612125007,367.74132
20240612130007,386.39293
20240612131007,383.83366
20240612132007,396.33081
20240612133007,393.47036
20240612134007,402.09667
20240612135007,401.3951
20240612140007,284.9202
20240612141007,266.69268
20240612142007,263.39119
20240612143007,263.192
20240612144007,255.20032
20240612145007,259.68734
20240612150007,302.94174
20240612151007,317.24364
20240612152007,323.10133
20240612153007,256.38097
20240612154007,237.20243
20240612155007,244.05036
20240612160007,751.02651
20240612161007,890.30108
20240612162007,967.14242
20240612163007,964.30448
20240612164007,932.62259
20240612165007,806.69662
20240615090007,721.67075
20240615091007,227.35271
20240615092007,238.68178
20240615093007,497.21334
20240615094007,425.87223
20240615095007,509.72501
20240615100007,744.82012
20240615101007,712.07094
20240615102007,683.43893
20240615103007,553.37559
20240615104007,508.32597
20240615105007,581.52946
20240615110007,583.38978
20240615111007,537.23746
20240615112007,537.98238
20240615113007,575.3863
20240615114007,520.49163
20240615115007,436.25488
20240615120007,457.7609
20240615121007,460.84549
20240615122007,550.64605
20240615123007,462.33885
20240615124007,375.53169
20240615125007,367.74132
20240615130007,386.39293
20240615131007,383.83366
20240615132007,396.33081
20240615133007,393.47036
20240615134007,402.09667
20240615135007,401.3951
20240615140007,284.9202
20240615141007,266.69268
20240615142007,263.39119
20240615143007,263.192
20240615144007,255.20032
20240615145007,259.68734
20240615150007,302.94174
20240615151007,317.24364
20240615152007,323.10133
20240615153007,256.38097
20240615154007,237.20243
20240615155007,244.05036
20240615160007,751.02651
20240615161007,890.30108
20240615162007,967.14242
20240615163007,964.30448
20240615164007,932.62259
20240615165007,806.69662
20240717090007,773.89943
20240717091007,300.9889
20240717092007,267.6483
20240717093007,450.43169
20240717094007,344.6447
20240717095007,613.18152
20240717100007,633.74895
20240717101007,713.11645
20240717102007,682.74558
20240717103007,550.31609
20240717104007,506.65717
20240717105007,586.52422
20240717110007,583.38978
20240717111007,537.23746
20240717112007,537.98238
20240717113007,575.3863
20240717114007,520.49163
20240717115007,436.25488
20240717120007,457.7609
20240717121007,460.84549
20240717122007,550.64605
20240717123007,462.33885
20240717124007,375.53169
20240717125007,367.74132
20240717130007,386.39293
20240717131007,383.83366
20240717132007,396.33081
20240717133007,393.47036
20240717134007,402.09667
20240717135007,401.3951
20240717140007,284.9202
20240717141007,266.69268
20240717142007,263.39119
20240717143007,263.192
20240717144007,255.20032
20240717145007,259.68734
20240717150007,302.94174
20240717151007,317.24364
20240717152007,323.10133
20240717153007,256.38097
20240717154007,237.20243
20240717155007,244.05036
20240717160007,751.02651
20240717161007,890.30108
20240717162007,967.14242
20240717163007,964.30448
20240717164007,932.62259
20240717165007,806.69662
20240124090008,190.63601
20240124091008,209.1055
20240124092008,234.16821
20240124093008,254.26836
20240124094008,311.01553
20240124095008,289.8596
20240124100008,311.54817
20240124101008,517.39795
20240124102008,597.97556
20240124103008,581.52461
20240124104008,574.18651
20240124105008,609.20318
20240124110008,583.38978
20240124111008,537.23746
20240124112008,537.98238
20240124113008,575.3863
20240124114008,520.49163
20240124115008,436.25488
20240124120008,457.7609
20240124121008,460.84549
20240124122008,550.64605
20240124123008,462.33885
20240124124008,375.53169
20240124125008,367.74132
20240124130008,386.39293
20240124131008,383.83366
20240124132008,396.33081
20240124133008,393.47036
20240124134008,402.09667
20240124135008,401.3951
20240124140008,284.9202
20240124141008,266.69268
20240124142008,263.39119
20240124143008,263.192
20240124144008,255.20032
20240124145008,259.68734
20240124150008,302.94174
20240124151008,317.24364
20240124152008,323.10133
20240124153008,256.38097
20240124154008,237.20243
20240124155008,244.05036
20240124160008,751.02651
20240124161008,890.30108
20240124162008,967.14242
20240124163008,964.30448
20240124164008,932.62259
20240124165008,806.69662
20240128090008,189.02375
20240128091008,210.87905
20240128092008,240.4104
20240128093008,250.65799
20240128094008,317.75446
20240128095008,297.30639
20240128100008,329.15046
20240128101008,540.27583
20240128102008,590.02209
20240128103008,577.00763
20240128104008,577.2071
20240128105008,615.08645
20240128110008,583.38978
20240128111008,537.23746
20240128112008,537.98238
20240128113008,575.3863
20240128114008,520.49163
20240128115008,436.25488
20240128120008,457.7609
20240128121008,460.84549
20240128122008,550.64605
20240128123008,462.33885
20240128124008,375.53169
20240128125008,367.74132
20240128130008,386.39293
20240128131008,383.83366
20240128132008,396.33081
20240128133008,393.47036
20240128134008,402.09667
20240128135008,401.3951
20240128140008,284.9202
20240128141008,266.69268
20240128142008,263.39119
20240128143008,263.192
20240128144008,255.20032
20240128145008,259.68734
20240128150008,302.94174
20240128151008,317.24364
20240128152008,323.10133
20240128153008,256.38097
20240128154008,237.20243
20240128155008,244.05036
20240128160008,751.02651
20240128161008,890.30108
20240128162008,967.14242
20240128163008,964.30448
20240128164008,932.62259
20240128165008,806.69662
20240204090008,198.15687
20240204091008,241.4471
20240204092008,279.09466
20240204093008,274.86236
20240204094008,331.33686
20240204095008,438.71206
20240204100008,523.70707
20240204101008,635.89026
20240204102008,590.74063
20240204103008,572.83912
20240204104008,571.32613
20240204105008,609.92493
20240204110008,583.38978
20240204111008,537.23746
20240204112008,537.98238
20240204113008,575.3863
20240204114008,520.49163
20240204115008,436.25488
20240204120008,457.7609
20240204121008,460.84549
20240204122008,550.64605
20240204123008,462.33885
20240204124008,375.53169
20240204125008,367.74132
20240204130008,386.39293
20240204131008,383.83366
20240204132008,396.33081
20240204133008,393.47036
20240204134008,402.09667
20240204135008,401.3951
20240204140008,284.9202
20240204141008,266.69268
20240204142008,263.39119
20240204143008,263.192
20240204144008,255.20032
20240204145008,259.68734
20240204150008,302.94174
20240204151008,317.24364
20240204152008,323.10133
20240204153008,256.38097
20240204154008,237.20243
20240204155008,244.05036
20240204160008,751.02651
20240204161008,890.30108
20240204162008,967.14242
20240204163008,964.30448
20240204164008,932.62259
20240204165008,806.69662
20240218090008,223.16497
20240218091008,232.97206
20240218092008,253.73647
20240218093008,245.06406
20240218094008,256.54564
20240218095008,446.89634
20240218100008,543.39921
20240218101008,623.48254
20240218102008,599.06965
20240218103008,574.60359
20240218104008,578.25249
20240218105008,614.79551
20240218110008,583.38978
20240218111008,537.23746
20240218112008,537.98238
20240218113008,575.3863
20240218114008,520.49163
20240218115008,436.25488
20240218120008,457.7609
20240218121008,460.84549
20240218122008,550.64605
20240218123008,462.33885
20240218124008,375.53169
20240218125008,367.74132
20240218130008,386.39293
20240218131008,383.83366
20240218132008,396.33081
20240218133008,393.47036
20240218134008,402.09667
20240218135008,401.3951
20240218140008,284.9202
20240218141008,266.69268
20240218142008,263.39119
20240218143008,263.192
20240218144008,255.20032
20240218145008,259.68734
20240218150008,302.94174
20240218151008,317.24364
20240218152008,323.10133
20240218153008,256.38097
20240218154008,237.20243
20240218155008,244.05036
20240218160008,751.02651
20240218161008,890.30108
20240218162008,967.14242
20240218163008,964.30448
20240218164008,932.62259
20240218165008,806.69662
20240305090008,194.8046
20240305091008,204.6889
20240305092008,223.368
20240305093008,234.82422
20240305094008,541.2669
20240305095008,701.1987
20240305100008,517.46553
20240305101008,563.57602
20240305102008,573.02526
20240305103008,497.99909
20240305104008,509.03583
20240305105008,652.41667
20240305110008,583.38978
20240305111008,537.23746
20240305112008,537.98238
20240305113008,575.3863
20240305114008,520.49163
20240305115008,436.25488
20240305120008,457.7609
20240305121008,460.84549
20240305122008,550.64605
20240305123008,462.33885
20240305124008,375.53169
20240305125008,367.74132
20240305130008,386.39293
20240305131008,383.83366
20240305132008,396.33081
20240305133008,393.47036
20240305134008,402.09667
20240305135008,401.3951
20240305140008,284.9202
20240305141008,266.69268
20240305142008,263.39119
20240305143008,263.192
20240305144008,255.20032
20240305145008,259.68734
20240305150008,302.94174
20240305151008,317.24364
20240305152008,323.10133
20240305153008,256.38097
20240305154008,237.20243
20240305155008,244.05036
20240305160008,751.02651
20240305161008,890.30108
20240305162008,967.14242
20240305163008,964.30448
20240305164008,932.62259
20240305165008,806.69662
20240325090008,208.16884
20240325091008,275.75383
20240325092008,295.5829
20240325093008,243.05606
20240325094008,239.02271
20240325095008,473.2497
20240325100008,563.3973
20240325101008,638.45672
20240325102008,597.08095
20240325103008,578.7889
20240325104008,559.04229
20240325105008,610.64117
20240325110008,583.38978
20240325111008,537.23746
20240325112008,537.98238
20240325113008,575.3863
20240325114008,520.49163
20240325115008,436.25488
20240325120008,457.7609
20240325121008,460.84549
20240325122008,550.64605
20240325123008,462.33885
20240325124008,375.53169
20240325125008,367.74132
20240325130008,386.39293
20240325131008,383.83366
20240325132008,396.33081
20240325133008,393.47036
20240325134008,402.09667
20240325135008,401.3951
20240325140008,284.9202
20240325141008,266.69268
20240325142008,263.39119
20240325143008,263.192
20240325144008,255.20032
20240325145008,259.68734
20240325150008,302.94174
20240325151008,317.24364
20240325152008,323.10133
20240325153008,256.38097
20240325154008,237.20243
20240325155008,244.05036
20240325160008,751.02651
20240325161008,890.30108
20240325162008,967.14242
20240325163008,964.30448
20240325164008,932.62259
20240325165008,806.69662
20240518090008,194.01473
20240518091008,210.91127
20240518092008,281.81835
20240518093008,241.55433
20240518094008,300.87579
20240518095008,389.70794
20240518100008,519.32033
20240518101008,671.16477
20240518102008,596.70902
20240518103008,578.9827
20240518104008,572.22613
20240518105008,616.48405
20240518110008,583.38978
20240518111008,537.23746
20240518112008,537.98238
20240518113008,575.3863
20240518114008,520.49163
20240518115008,436.25488
20240518120008,457.7609
20240518121008,460.84549
20240518122008,550.64605
20240518123008,462.33885
20240518124008,375.53169
20240518125008,367.74132
20240518130008,386.39293
20240518131008,383.83366
20240518132008,396.33081
20240518133008,393.47036
20240518134008,402.09667
20240518135008,401.3951
20240518140008,284.9202
20240518141008,266.69268
20240518142008,263.39119
20240518143008,263.192
20240518144008,255.20032
20240518145008,259.68734
20240518150008,302.94174
20240518151008,317.24364
20240518152008,323.10133
20240518153008,256.38097
20240518154008,237.20243
20240518155008,244.05036
20240518160008,751.02651
20240518161008,890.30108
20240518162008,967.14242
20240518163008,964.30448
20240518164008,932.62259
20240518165008,806.69662
20240526090008,199.02983
20240526091008,229.60239
20240526092008,242.43557
20240526093008,244.43106
20240526094008,295.9716
20240526095008,483.08809
20240526100008,557.49418
20240526101008,692.0238
20240526102008,591.27521
20240526103008,576.05043
20240526104008,568.61516
20240526105008,614.0545
20240526110008,583.38978
20240526111008,537.23746
20240526112008,537.98238
20240526113008,575.3863
20240526114008,520.49163
20240526115008,436.25488
20240526120008,457.7609
20240526121008,460.84549
20240526122008,550.64605
20240526123008,462.33885
20240526124008,375.53169
20240526125008,367.74132
20240526130008,386.39293
20240526131008,383.83366
20240526132008,396.33081
20240526133008,393.47036
20240526134008,402.09667
20240526135008,401.3951
20240526140008,284.9202
20240526141008,266.69268
20240526142008,263.39119
20240526143008,263.192
20240526144008,255.20032
20240526145008,259.68734
20240526150008,302.94174
20240526151008,317.24364
20240526152008,323.10133
20240526153008,256.38097
20240526154008,237.20243
20240526155008,244.05036
20240526160008,751.02651
20240526161008,890.30108
20240526162008,967.14242
20240526163008,964.30448
20240526164008,932.62259
20240526165008,806.69662
20240529090008,204.13219
20240529091008,214.26739
20240529092008,240.91534
20240529093008,234.53827
20240529094008,239.18405
20240529095008,539.73915
20240529100008,559.91539
20240529101008,637.43742
20240529102008,597.60347
20240529103008,577.99912
20240529104008,557.54091
20240529105008,603.88444
20240529110008,583.38978
20240529111008,537.23746
20240529112008,537.98238
20240529113008,575.3863
20240529114008,520.49163
20240529115008,436.25488
20240529120008,457.7609
20240529121008,460.84549
20240529122008,550.64605
20240529123008,462.33885
20240529124008,375.53169
20240529125008,367.74132
20240529130008,386.39293
20240529131008,383.83366
20240529132008,396.33081
20240529133008,393.47036
20240529134008,402.09667
20240529135008,401.3951
20240529140008,284.9202
20240529141008,266.69268
20240529142008,263.39119
20240529143008,263.192
20240529144008,255.20032
20240529145008,259.68734
20240529150008,302.94174
20240529151008,317.24364
20240529152008,323.10133
20240529153008,256.38097
20240529154008,237.20243
20240529155008,244.05036
20240529160008,751.02651
20240529161008,890.30108
20240529162008,967.14242
20240529163008,964.30448
20240529164008,932.62259
20240529165008,806.69662
20240607090008,200.53911
20240607091008,241.4762
20240607092008,240.07936
20240607093008,235.0626
20240607094008,280.55362
20240607095008,483.06718
20240607100008,476.15411
20240607101008,569.74634
20240607102008,560.28351
20240607103008,554.80515
20240607104008,556.33765
20240607105008,612.29077
20240607110008,583.38978
20240607111008,537.23746
20240607112008,537.98238
20240607113008,575.3863
20240607114008,520.49163
20240607115008,436.25488
20240607120008,457.7609
20240607121008,460.84549
20240607122008,550.64605
20240607123008,462.33885
20240607124008,375.53169
20240607125008,367.74132
20240607130008,386.39293
20240607131008,383.83366
20240607132008,396.33081
20240607133008,393.47036
20240607134008,402.09667
20240607135008,401.3951
20240607140008,284.9202
20240607141008,266.69268
20240607142008,263.39119
20240607143008,263.192
20240607144008,255.20032
20240607145008,259.68734
20240607150008,302.94174
20240607151008,317.24364
20240607152008,323.10133
20240607153008,256.38097
20240607154008,237.20243
20240607155008,244.05036
20240607160008,751.02651
20240607161008,890.30108
20240607162008,967.14242
20240607163008,964.30448
20240607164008,932.62259
20240607165008,806.69662
20240613090008,199.0798
20240613091008,214.86163
20240613092008,230.37369
20240613093008,229.29518
20240613094008,286.52251
20240613095008,495.40738
20240613100008,483.75974
20240613101008,601.42972
20240613102008,568.77685
20240613103008,561.43068
20240613104008,555.8782
20240613105008,611.88863
20240613110008,583.38978
20240613111008,537.23746
20240613112008,537.98238
20240613113008,575.3863
20240613114008,520.49163
20240613115008,436.25488
20240613120008,457.7609
20240613121008,460.84549
20240613122008,550.64605
20240613123008,462.33885
20240613124008,375.53169
20240613125008,367.74132
20240613130008,386.39293
20240613131008,383.83366
20240613132008,396.33081
20240613133008,393.47036
20240613134008,402.09667
20240613135008,401.3951
20240613140008,284.9202
20240613141008,266.69268
20240613142008,263.39119
20240613143008,263.192
20240613144008,255.20032
20240613145008,259.68734
20240613150008,302.94174
20240613151008,317.24364
20240613152008,323.10133
20240613153008,256.38097
20240613154008,237.20243
20240613155008,244.05036
20240613160008,751.02651
20240613161008,890.30108
20240613162008,967.14242
20240613163008,964.30448
20240613164008,932.62259
20240613165008,806.69662
20240628090008,224.60213
20240628091008,229.63067
20240628092008,297.98245
20240628093008,468.29056
20240628094008,545.79516
20240628095008,532.76171
20240628100008,536.40012
20240628101008,707.2432
20240628102008,644.96664
20240628103008,564.88765
20240628104008,564.30249
20240628105008,580.74601
20240628110008,583.38978
20240628111008,537.23746
20240628112008,537.98238
20240628113008,575.3863
20240628114008,520.49163
20240628115008,436.25488
20240628120008,457.7609
20240628121008,460.84549
20240628122008,550.64605
20240628123008,462.33885
20240628124008,375.53169
20240628125008,367.74132
20240628130008,386.39293
20240628131008,383.83366
20240628132008,396.33081
20240628133008,393.47036
20240628134008,402.09667
20240628135008,401.3951
20240628140008,284.9202
20240628141008,266.69268
20240628142008,263.39119
20240628143008,263.192
20240628144008,255.20032
20240628145008,259.68734
20240628150008,302.94174
20240628151008,317.24364
20240628152008,323.10133
20240628153008,256.38097
20240628154008,237.20243
20240628155008,244.05036
20240628160008,751.02651
20240628161008,890.30108
20240628162008,967.14242
20240628163008,964.30448
20240628164008,932.62259
20240628165008,806.69662
20240705090008,212.5672
20240705091008,307.36051
20240705092008,383.89139
20240705093008,561.83472
20240705094008,572.65128
20240705095008,638.3129
20240705100008,622.18231
20240705101008,631.50659
20240705102008,601.30922
20240705103008,547.9744
20240705104008,541.33348
20240705105008,596.15732
20240705110008,583.38978
20240705111008,537.23746
20240705112008,537.98238
20240705113008,575.3863
20240705114008,520.49163
20240705115008,436.25488
20240705120008,457.7609
20240705121008,460.84549
20240705122008,550.64605
20240705123008,462.33885
20240705124008,375.53169
20240705125008,367.74132
20240705130008,386.39293
20240705131008,383.83366
20240705132008,396.33081
20240705133008,393.47036
20240705134008,402.09667
20240705135008,401.3951
20240705140008,284.9202
20240705141008,266.69268
20240705142008,263.39119
20240705143008,263.192
20240705144008,255.20032
20240705145008,259.68734
20240705150008,302.94174
20240705151008,317.24364
20240705152008,323.10133
20240705153008,256.38097
20240705154008,237.20243
20240705155008,244.05036
20240705160008,751.02651
20240705161008,890.30108
20240705162008,967.14242
20240705163008,964.30448
20240705164008,932.62259
20240705165008,806.69662
20240709090008,204.65785
20240709091008,251.05232
20240709092008,327.97985
20240709093008,459.17037
20240709094008,416.53679
20240709095008,639.88297
20240709100008,584.58168
20240709101008,625.34978
20240709102008,601.21167
20240709103008,546.65402
20240709104008,543.72907
20240709105008,591.42772
20240709110008,583.38978
20240709111008,537.23746
20240709112008,537.98238
20240709113008,575.3863
20240709114008,520.49163
20240709115008,436.25488
20240709120008,457.7609
20240709121008,460.84549
20240709122008,550.64605
20240709123008,462.33885
20240709124008,375.53169
20240709125008,367.74132
20240709130008,386.39293
20240709131008,383.83366
20240709132008,396.33081
20240709133008,393.47036
20240709134008,402.09667
20240709135008,401.3951
20240709140008,284.9202
20240709141008,266.69268
20240709142008,263.39119
20240709143008,263.192
20240709144008,255.20032
20240709145008,259.68734
20240709150008,302.94174
20240709151008,317.24364
20240709152008,323.10133
20240709153008,256.38097
20240709154008,237.20243
20240709155008,244.05036
20240709160008,751.02651
20240709161008,890.30108
20240709162008,967.14242
20240709163008,964.30448
20240709164008,932.62259
20240709165008,806.69662
20240715090008,252.3188
20240715091008,244.41789
20240715092008,322.02774
20240715093008,475.44275
20240715094008,544.06703
20240715095008,526.62338
20240715100008,572.67143
20240715101008,711.11233
20240715102008,643.1554
20240715103008,562.52807
20240715104008,562.31976
20240715105008,582.16393
20240715110008,583.38978
20240715111008,537.23746
20240715112008,537.98238
20240715113008,575.3863
20240715114008,520.49163
20240715115008,436.25488
20240715120008,457.7609
20240715121008,460.84549
20240715122008,550.64605
20240715123008,462.33885
20240715124008,375.53169
20240715125008,367.74132
20240715130008,386.39293
20240715131008,383.83366
20240715132008,396.33081
20240715133008,393.47036
20240715134008,402.09667
20240715135008,401.3951
20240715140008,284.9202
20240715141008,266.69268
20240715142008,263.39119
20240715143008,263.192
20240715144008,255.20032
20240715145008,259.68734
20240715150008,302.94174
20240715151008,317.24364
20240715152008,323.10133
20240715153008,256.38097
20240715154008,237.20243
20240715155008,244.05036
20240715160008,751.02651
20240715161008,890.30108
20240715162008,967.14242
20240715163008,964.30448
20240715164008,932.62259
20240715165008,806.69662
20240719090008,225.63001
20240719091008,286.55757
20240719092008,380.24363
20240719093008,397.64363
20240719094008,395.59377
20240719095008,582.14676
20240719100008,614.53982
20240719101008,645.22058
20240719102008,624.58916
20240719103008,547.16834
20240719104008,551.41868
20240719105008,586.38088
20240719110008,583.38978
20240719111008,537.23746
20240719112008,537.98238
20240719113008,575.3863
20240719114008,520.49163
20240719115008,436.25488
20240719120008,457.7609
20240719121008,460.84549
20240719122008,550.64605
20240719123008,462.33885
20240719124008,375.53169
20240719125008,367.74132
20240719130008,386.39293
20240719131008,383.83366
20240719132008,396.33081
20240719133008,393.47036
20240719134008,402.09667
20240719135008,401.3951
20240719140008,284.9202
20240719141008,266.69268
20240719142008,263.39119
20240719143008,263.192
20240719144008,255.20032
20240719145008,259.68734
20240719150008,302.94174
20240719151008,317.24364
20240719152008,323.10133
20240719153008,256.38097
20240719154008,237.20243
20240719155008,244.05036
20240719160008,751.02651
20240719161008,890.30108
20240719162008,967.14242
20240719163008,964.30448
20240719164008,932.62259
20240719165008,806.69662
20240309090009,217.20402
20240309091009,244.74896
20240309092009,222.973
20240309093009,234.44669
20240309094009,397.15998
20240309095009,608.46042
20240309100009,364.34037
20240309101009,495.45291
20240309102009,599.66635
20240309103009,580.99671
20240309104009,555.8642
20240309105009,604.27469
20240309110009,583.38978
20240309111009,537.23746
20240309112009,537.98238
20240309113009,575.3863
20240309114009,520.49163
20240309115009,436.25488
20240309120009,457.7609
20240309121009,460.84549
20240309122009,550.64605
20240309123009,462.33885
20240309124009,375.53169
20240309125009,367.74132
20240309130009,386.39293
20240309131009,383.83366
20240309132009,396.33081
20240309133009,393.47036
20240309134009,402.09667
20240309135009,401.3951
20240309140009,284.9202
20240309141009,266.69268
20240309142009,263.39119
20240309143009,263.192
20240309144009,255.20032
20240309145009,259.68734
20240309150009,302.94174
20240309151009,317.24364
20240309152009,323.10133
20240309153009,256.38097
20240309154009,237.20243
20240309155009,244.05036
20240309160009,751.02651
20240309161009,890.30108
20240309162009,967.14242
20240309163009,964.30448
20240309164009,932.62259
20240309165009,806.69662
20240314090009,192.94998
20240314091009,241.00672
20240314092009,222.95872
20240314093009,232.39667
20240314094009,355.5467
20240314095009,489.29589
20240314100009,320.1012
20240314101009,496.6104
20240314102009,578.0553
20240314103009,578.2581
20240314104009,557.15699
20240314105009,614.65485
20240314110009,583.38978
20240314111009,537.23746
20240314112009,537.98238
20240314113009,575.3863
20240314114009,520.49163
20240314115009,436.25488
20240314120009,457.7609
20240314121009,460.84549
20240314122009,550.64605
20240314123009,462.33885
20240314124009,375.53169
20240314125009,367.74132
20240314130009,386.39293
20240314131009,383.83366
20240314132009,396.33081
20240314133009,393.47036
20240314134009,402.09667
20240314135009,401.3951
20240314140009,284.9202
20240314141009,266.69268
20240314142009,263.39119
20240314143009,263.192
20240314144009,255.20032
20240314145009,259.68734
20240314150009,302.94174
20240314151009,317.24364
20240314152009,323.10133
20240314153009,256.38097
20240314154009,237.20243
20240314155009,244.05036
20240314160009,751.02651
20240314161009,890.30108
20240314162009,967.14242
20240314163009,964.30448
20240314164009,932.62259
20240314165009,806.69662
20240414090009,364.90343
20240414091009,249.8867
20240414092009,243.09769
20240414093009,274.79179
20240414094009,495.75913
20240414095009,472.98972
20240414100009,522.54711
20240414101009,696.23921
20240414102009,677.73614
20240414103009,564.29493
20240414104009,560.20066
20240414105009,578.51716
20240414110009,583.38978
20240414111009,537.23746
20240414112009,537.98238
20240414113009,575.3863
20240414114009,520.49163
20240414115009,436.25488
20240414120009,457.7609
20240414121009,460.84549
20240414122009,550.64605
20240414123009,462.33885
20240414124009,375.53169
20240414125009,367.74132
20240414130009,386.39293
20240414131009,383.83366
20240414132009,396.33081
20240414133009,393.47036
20240414134009,402.09667
20240414135009,401.3951
20240414140009,284.9202
20240414141009,266.69268
20240414142009,263.39119
20240414143009,263.192
20240414144009,255.20032
20240414145009,259.68734
20240414150009,302.94174
20240414151009,317.24364
20240414152009,323.10133
20240414153009,256.38097
20240414154009,237.20243
20240414155009,244.05036
20240414160009,751.02651
20240414161009,890.30108
20240414162009,967.14242
20240414163009,964.30448
20240414164009,932.62259
20240414165009,806.69662
20240506090009,214.12134
20240506091009,216.40175
20240506092009,280.82983
20240506093009,287.22596
20240506094009,352.10299
20240506095009,440.84449
20240506100009,547.63552
20240506101009,676.18291
20240506102009,640.7687
20240506103009,549.77237
20240506104009,556.65725
20240506105009,585.69837
20240506110009,583.38978
20240506111009,537.23746
20240506112009,537.98238
20240506113009,575.3863
20240506114009,520.49163
20240506115009,436.25488
20240506120009,457.7609
20240506121009,460.84549
20240506122009,550.64605
20240506123009,462.33885
20240506124009,375.53169
20240506125009,367.74132
20240506130009,386.39293
20240506131009,383.83366
20240506132009,396.33081
20240506133009,393.47036
20240506134009,402.09667
20240506135009,401.3951
20240506140009,284.9202
20240506141009,266.69268
20240506142009,263.39119
20240506143009,263.192
20240506144009,255.20032
20240506145009,259.68734
20240506150009,302.94174
20240506151009,317.24364
20240506152009,323.10133
20240506153009,256.38097
20240506154009,237.20243
20240506155009,244.05036
20240506160009,751.02651
20240506161009,890.30108
20240506162009,967.14242
20240506163009,964.30448
20240506164009,932.62259
20240506165009,806.69662
20240526090009,201.15015
20240526091009,223.59028
20240526092009,235.86476
20240526093009,237.22343
20240526094009,277.30992
20240526095009,522.51538
20240526100009,581.83253
20240526101009,701.20028
20240526102009,598.84779
20240526103009,578.67086
20240526104009,563.62253
20240526105009,609.92493
20240526110009,583.38978
20240526111009,537.23746
20240526112009,537.98238
20240526113009,575.3863
20240526114009,520.49163
20240526115009,436.25488
20240526120009,457.7609
20240526121009,460.84549
20240526122009,550.64605
20240526123009,462.33885
20240526124009,375.53169
20240526125009,367.74132
20240526130009,386.39293
20240526131009,383.83366
20240526132009,396.33081
20240526133009,393.47036
20240526134009,402.09667
20240526135009,401.3951
20240526140009,284.9202
20240526141009,266.69268
20240526142009,263.39119
20240526143009,263.192
20240526144009,255.20032
20240526145009,259.68734
20240526150009,302.94174
20240526151009,317.24364
20240526152009,323.10133
20240526153009,256.38097
20240526154009,237.20243
20240526155009,244.05036
20240526160009,751.02651
20240526161009,890.30108
20240526162009,967.14242
20240526163009,964.30448
20240526164009,932.62259
20240526165009,806.69662
20240614090009,199.82697
20240614091009,271.98229
20240614092009,231.51676
20240614093009,228.89051
20240614094009,258.6252
20240614095009,681.17088
20240614100009,508.87427
20240614101009,566.82557
20240614102009,571.6677
20240614103009,569.07271
20240614104009,552.91857
20240614105009,592.14257
20240614110009,583.38978
20240614111009,537.23746
20240614112009,537.98238
20240614113009,575.3863
20240614114009,520.49163
20240614115009,436.25488
20240614120009,457.7609
20240614121009,460.84549
20240614122009,550.64605
20240614123009,462.33885
20240614124009,375.53169
20240614125009,367.74132
20240614130009,386.39293
20240614131009,383.83366
20240614132009,396.33081
20240614133009,393.47036
20240614134009,402.09667
20240614135009,401.3951
20240614140009,284.9202
20240614141009,266.69268
20240614142009,263.39119
20240614143009,263.192
20240614144009,255.20032
20240614145009,259.68734
20240614150009,302.94174
20240614151009,317.24364
20240614152009,323.10133
20240614153009,256.38097
20240614154009,237.20243
20240614155009,244.05036
20240614160009,751.02651
20240614161009,890.30108
20240614162009,967.14242
20240614163009,964.30448
20240614164009,932.62259
20240614165009,806.69662
20240621090009,237.44864
20240621091009,232.36843
20240621092009,316.79507
20240621093009,532.40814
20240621094009,494.40847
20240621095009,571.5125
20240621100009,551.47575
20240621101009,672.51836
20240621102009,641.82433
20240621103009,558.11056
20240621104009,556.06667
20240621105009,583.67566
20240621110009,583.38978
20240621111009,537.23746
20240621112009,537.98238
20240621113009,575.3863
20240621114009,520.49163
20240621115009,436.25488
20240621120009,457.7609
20240621121009,460.84549
20240621122009,550.64605
20240621123009,462.33885
20240621124009,375.53169
20240621125009,367.74132
20240621130009,386.39293
20240621131009,383.83366
20240621132009,396.33081
20240621133009,393.47036
20240621134009,402.09667
20240621135009,401.3951
20240621140009,284.9202
20240621141009,266.69268
20240621142009,263.39119
20240621143009,263.192
20240621144009,255.20032
20240621145009,259.68734
20240621150009,302.94174
20240621151009,317.24364
20240621152009,323.10133
20240621153009,256.38097
20240621154009,237.20243
20240621155009,244.05036
20240621160009,751.02651
20240621161009,890.30108
20240621162009,967.14242
20240621163009,964.30448
20240621164009,932.62259
20240621165009,806.69662
20240628090009,373.5352
20240628091009,291.26641
20240628092009,202.20156
20240628093009,524.8696
20240628094009,606.10808
20240628095009,583.01327
20240628100009,508.12411
20240628101009,687.78775
20240628102009,662.93923
20240628103009,569.39921
20240628104009,556.4191
20240628105009,575.03818
20240628110009,583.38978
20240628111009,537.23746
20240628112009,537.98238
20240628113009,575.3863
20240628114009,520.49163
20240628115009,436.25488
20240628120009,457.7609
20240628121009,460.84549
20240628122009,550.64605
20240628123009,462.33885
20240628124009,375.53169
20240628125009,367.74132
20240628130009,386.39293
20240628131009,383.83366
20240628132009,396.33081
20240628133009,393.47036
20240628134009,402.09667
20240628135009,401.3951
20240628140009,284.9202
20240628141009,266.69268
20240628142009,263.39119
20240628143009,263.192
20240628144009,255.20032
20240628145009,259.68734
20240628150009,302.94174
20240628151009,317.24364
20240628152009,323.10133
20240628153009,256.38097
20240628154009,237.20243
20240628155009,244.05036
20240628160009,751.02651
20240628161009,890.30108
20240628162009,967.14242
20240628163009,964.30448
20240628164009,932.62259
20240628165009,806.69662
20240717090009,236.70909
20240717091009,282.27131
20240717092009,328.30646
20240717093009,355.95081
20240717094009,467.52058
20240717095009,638.67103
20240717100009,558.62006
20240717101009,601.5303
20240717102009,634.62012
20240717103009,547.16834
20240717104009,520.56766
20240717105009,587.82953
20240717110009,583.38978
20240717111009,537.23746
20240717112009,537.98238
20240717113009,575.3863
20240717114009,520.49163
20240717115009,436.25488
20240717120009,457.7609
20240717121009,460.84549
20240717122009,550.64605
20240717123009,462.33885
20240717124009,375.53169
20240717125009,367.74132
20240717130009,386.39293
20240717131009,383.83366
20240717132009,396.33081
20240717133009,393.47036
20240717134009,402.09667
20240717135009,401.3951
20240717140009,284.9202
20240717141009,266.69268
20240717142009,263.39119
20240717143009,263.192
20240717144009,255.20032
20240717145009,259.68734
20240717150009,302.94174
20240717151009,317.24364
20240717152009,323.10133
20240717153009,256.38097
20240717154009,237.20243
20240717155009,244.05036
20240717160009,751.02651
20240717161009,890.30108
20240717162009,967.14242
20240717163009,964.30448
20240717164009,932.62259
20240717165009,806.69662
20240316090010,476.38563
20240316091010,302.94172
20240316092010,252.92637
20240316093010,277.4373
20240316094010,520.4321
20240316095010,477.35256
20240316100010,562.64853
20240316101010,681.81172
20240316102010,660.59256
20240316103010,556.79079
20240316104010,538.82155
20240316105010,581.32265
20240316110010,583.38978
20240316111010,537.23746
20240316112010,537.98238
20240316113010,575.3863
20240316114010,520.49163
20240316115010,436.25488
20240316120010,457.7609
20240316121010,460.84549
20240316122010,550.64605
20240316123010,462.33885
20240316124010,375.53169
20240316125010,367.74132
20240316130010,386.39293
20240316131010,383.83366
20240316132010,396.33081
20240316133010,393.47036
20240316134010,402.09667
20240316135010,401.3951
20240316140010,284.9202
20240316141010,266.69268
20240316142010,263.39119
20240316143010,263.192
20240316144010,255.20032
20240316145010,259.68734
20240316150010,302.94174
20240316151010,317.24364
20240316152010,323.10133
20240316153010,256.38097
20240316154010,237.20243
20240316155010,244.05036
20240316160010,751.02651
20240316161010,890.30108
20240316162010,967.14242
20240316163010,964.30448
20240316164010,932.62259
20240316165010,806.69662
20240324090010,397.39957
20240324091010,304.47878
20240324092010,245.31101
20240324093010,332.30826
20240324094010,614.476
20240324095010,612.65081
20240324100010,633.90204
20240324101010,719.73811
20240324102010,678.23608
20240324103010,565.25832
20240324104010,538.10581
20240324105010,571.37556
20240324110010,583.38978
20240324111010,537.23746
20240324112010,537.98238
20240324113010,575.3863
20240324114010,520.49163
20240324115010,436.25488
20240324120010,457.7609
20240324121010,460.84549
20240324122010,550.64605
20240324123010,462.33885
20240324124010,375.53169
20240324125010,367.74132
20240324130010,386.39293
20240324131010,383.83366
20240324132010,396.33081
20240324133010,393.47036
20240324134010,402.09667
20240324135010,401.3951
20240324140010,284.9202
20240324141010,266.69268
20240324142010,263.39119
20240324143010,263.192
20240324144010,255.20032
20240324145010,259.68734
20240324150010,302.94174
20240324151010,317.24364
20240324152010,323.10133
20240324153010,256.38097
20240324154010,237.20243
20240324155010,244.05036
20240324160010,751.02651
20240324161010,890.30108
20240324162010,967.14242
20240324163010,964.30448
20240324164010,932.62259
20240324165010,806.69662
20240412090010,514.738
20240412091010,357.27568
20240412092010,263.16558
20240412093010,238.60754
20240412094010,384.43101
20240412095010,522.35044
20240412100010,554.95907
20240412101010,679.6338
20240412102010,656.64844
20240412103010,544.61591
20240412104010,506.50749
20240412105010,588.06556
20240412110010,583.38978
20240412111010,537.23746
20240412112010,537.98238
20240412113010,575.3863
20240412114010,520.49163
20240412115010,436.25488
20240412120010,457.7609
20240412121010,460.84549
20240412122010,550.64605
20240412123010,462.33885
20240412124010,375.53169
20240412125010,367.74132
20240412130010,386.39293
20240412131010,383.83366
20240412132010,396.33081
20240412133010,393.47036
20240412134010,402.09667
20240412135010,401.3951
20240412140010,284.9202
20240412141010,266.69268
20240412142010,263.39119
20240412143010,263.192
20240412144010,255.20032
20240412145010,259.68734
20240412150010,302.94174
20240412151010,317.24364
20240412152010,323.10133
20240412153010,256.38097
20240412154010,237.20243
20240412155010,244.05036
20240412160010,751.02651
20240412161010,890.30108
20240412162010,967.14242
20240412163010,964.30448
20240412164010,932.62259
20240412165010,806.69662
20240419090010,230.82778
20240419091010,234.32533
20240419092010,240.11626
20240419093010,245.29424
20240419094010,285.79028
20240419095010,466.95882
20240419100010,502.59626
20240419101010,655.60262
20240419102010,596.09972
20240419103010,578.14625
20240419104010,563.62253
20240419105010,613.11308
20240419110010,583.38978
20240419111010,537.23746
20240419112010,537.98238
20240419113010,575.3863
20240419114010,520.49163
20240419115010,436.25488
20240419120010,457.7609
20240419121010,460.84549
20240419122010,550.64605
20240419123010,462.33885
20240419124010,375.53169
20240419125010,367.74132
20240419130010,386.39293
20240419131010,383.83366
20240419132010,396.33081
20240419133010,393.47036
20240419134010,402.09667
20240419135010,401.3951
20240419140010,284.9202
20240419141010,266.69268
20240419142010,263.39119
20240419143010,263.192
20240419144010,255.20032
20240419145010,259.68734
20240419150010,302.94174
20240419151010,317.24364
20240419152010,323.10133
20240419153010,256.38097
20240419154010,237.20243
20240419155010,244.05036
20240419160010,751.02651
20240419161010,890.30108
20240419162010,967.14242
20240419163010,964.30448
20240419164010,932.62259
20240419165010,806.69662
20240515090010,320.36875
20240515091010,263.89496
20240515092010,249.46481
20240515093010,287.09204
20240515094010,629.57776
20240515095010,617.72517
20240515100010,579.53199
20240515101010,715.7063
20240515102010,687.04906
20240515103010,567.00851
20240515104010,551.26784
20240515105010,569.98508
20240515110010,583.38978
20240515111010,537.23746
20240515112010,537.98238
20240515113010,575.3863
20240515114010,520.49163
20240515115010,436.25488
20240515120010,457.7609
20240515121010,460.84549
20240515122010,550.64605
20240515123010,462.33885
20240515124010,375.53169
20240515125010,367.74132
20240515130010,386.39293
20240515131010,383.83366
20240515132010,396.33081
20240515133010,393.47036
20240515134010,402.09667
20240515135010,401.3951
20240515140010,284.9202
20240515141010,266.69268
20240515142010,263.39119
20240515143010,263.192
20240515144010,255.20032
20240515145010,259.68734
20240515150010,302.94174
20240515151010,317.24364
20240515152010,323.10133
20240515153010,256.38097
20240515154010,237.20243
20240515155010,244.05036
20240515160010,751.02651
20240515161010,890.30108
20240515162010,967.14242
20240515163010,964.30448
20240515164010,932.62259
20240515165010,806.69662
20240526090010,213.90125
20240526091010,224.55963
20240526092010,233.11924
20240526093010,236.93895
20240526094010,256.21527
20240526095010,523.93944
20240526100010,565.18855
20240526101010,672.57306
20240526102010,602.11546
20240526103010,585.25423
20240526104010,557.55362
20240526105010,599.23903
20240526110010,583.38978
20240526111010,537.23746
20240526112010,537.98238
20240526113010,575.3863
20240526114010,520.49163
20240526115010,436.25488
20240526120010,457.7609
20240526121010,460.84549
20240526122010,550.64605
20240526123010,462.33885
20240526124010,375.53169
20240526125010,367.74132
20240526130010,386.39293
20240526131010,383.83366
20240526132010,396.33081
20240526133010,393.47036
20240526134010,402.09667
20240526135010,401.3951
20240526140010,284.9202
20240526141010,266.69268
20240526142010,263.39119
20240526143010,263.192
20240526144010,255.20032
20240526145010,259.68734
20240526150010,302.94174
20240526151010,317.24364
20240526152010,323.10133
20240526153010,256.38097
20240526154010,237.20243
20240526155010,244.05036
20240526160010,751.02651
20240526161010,890.30108
20240526162010,967.14242
20240526163010,964.30448
20240526164010,932.62259
20240526165010,806.69662
20240617090010,218.29214
20240617091010,293.49624
20240617092010,232.32494
20240617093010,229.44515
20240617094010,248.55708
20240617095010,659.35578
20240617100010,568.77396
20240617101010,594.42391
20240617102010,572.3754
20240617103010,571.26663
20240617104010,551.70643
20240617105010,590.61439
20240617110010,583.38978
20240617111010,537.23746
20240617112010,537.98238
20240617113010,575.3863
20240617114010,520.49163
20240617115010,436.25488
20240617120010,457.7609
20240617121010,460.84549
20240617122010,550.64605
20240617123010,462.33885
20240617124010,375.53169
20240617125010,367.74132
20240617130010,386.39293
20240617131010,383.83366
20240617132010,396.33081
20240617133010,393.47036
20240617134010,402.09667
20240617135010,401.3951
20240617140010,284.9202
20240617141010,266.69268
20240617142010,263.39119
20240617143010,263.192
20240617144010,255.20032
20240617145010,259.68734
20240617150010,302.94174
20240617151010,317.24364
20240617152010,323.10133
20240617153010,256.38097
20240617154010,237.20243
20240617155010,244.05036
20240617160010,751.02651
20240617161010,890.30108
20240617162010,967.14242
20240617163010,964.30448
20240617164010,932.62259
20240617165010,806.69662
20240630090010,570.87375
20240630091010,398.97316
20240630092010,235.23657
20240630093010,324.00747
20240630094010,637.41016
20240630095010,540.30552
20240630100010,613.50565
20240630101010,669.49163
20240630102010,647.78258
20240630103010,549.66254
20240630104010,517.24049
20240630105010,585.97306
20240630110010,583.38978
20240630111010,537.23746
20240630112010,537.98238
20240630113010,575.3863
20240630114010,520.49163
20240630115010,436.25488
20240630120010,457.7609
20240630121010,460.84549
20240630122010,550.64605
20240630123010,462.33885
20240630124010,375.53169
20240630125010,367.74132
20240630130010,386.39293
20240630131010,383.83366
20240630132010,396.33081
20240630133010,393.47036
20240630134010,402.09667
20240630135010,401.3951
20240630140010,284.9202
20240630141010,266.69268
20240630142010,263.39119
20240630143010,263.192
20240630144010,255.20032
20240630145010,259.68734
20240630150010,302.94174
20240630151010,317.24364
20240630152010,323.10133
20240630153010,256.38097
20240630154010,237.20243
20240630155010,244.05036
20240630160010,751.02651
20240630161010,890.30108
20240630162010,967.14242
20240630163010,964.30448
20240630164010,932.62259
20240630165010,806.69662
20240714090010,725.71819
20240714091010,403.00387
20240714092010,240.84523
20240714093010,282.25138
20240714094010,674.6889
20240714095010,717.47787
20240714100010,702.51715
20240714101010,760.25374
20240714102010,670.31051
20240714103010,562.7865
20240714104010,516.35389
20240714105010,568.75974
20240714110010,583.38978
20240714111010,537.23746
20240714112010,537.98238
20240714113010,575.3863
20240714114010,520.49163
20240714115010,436.25488
20240714120010,457.7609
20240714121010,460.84549
20240714122010,550.64605
20240714123010,462.33885
20240714124010,375.53169
20240714125010,367.74132
20240714130010,386.39293
20240714131010,383.83366
20240714132010,396.33081
20240714133010,393.47036
20240714134010,402.09667
20240714135010,401.3951
20240714140010,284.9202
20240714141010,266.69268
20240714142010,263.39119
20240714143010,263.192
20240714144010,255.20032
20240714145010,259.68734
20240714150010,302.94174
20240714151010,317.24364
20240714152010,323.10133
20240714153010,256.38097
20240714154010,237.20243
20240714155010,244.05036
20240714160010,751.02651
20240714161010,890.30108
20240714162010,967.14242
20240714163010,964.30448
20240714164010,932.62259
20240714165010,806.69662
20240718090010,721.61629
20240718091010,553.08857
20240718092010,263.12818
20240718093010,311.42749
20240718094010,620.6487
20240718095010,631.48006
20240718100010,758.11187
20240718101010,789.27406
20240718102010,637.09829
20240718103010,536.68772
20240718104010,501.58717
20240718105010,587.67622
20240718110010,583.38978
20240718111010,537.23746
20240718112010,537.98238
20240718113010,575.3863
20240718114010,520.49163
20240718115010,436.25488
20240718120010,457.7609
20240718121010,460.84549
20240718122010,550.64605
20240718123010,462.33885
20240718124010,375.53169
20240718125010,367.74132
20240718130010,386.39293
20240718131010,383.83366
20240718132010,396.33081
20240718133010,393.47036
20240718134010,402.09667
20240718135010,401.3951
20240718140010,284.9202
20240718141010,266.69268
20240718142010,263.39119
20240718143010,263.192
20240718144010,255.20032
20240718145010,259.68734
20240718150010,302.94174
20240718151010,317.24364
20240718152010,323.10133
20240718153010,256.38097
20240718154010,237.20243
20240718155010,244.05036
20240718160010,751.02651
20240718161010,890.30108
20240718162010,967.14242
20240718163010,964.30448
20240718164010,932.62259
20240718165010,806.69662
20240720090010,707.01467
20240720091010,479.52089
20240720092010,239.64386
20240720093010,278.90986
20240720094010,631.35469
20240720095010,637.99443
20240720100010,753.39228
20240720101010,786.58993
20240720102010,640.58726
20240720103010,546.37741
20240720104010,507.21149
20240720105010,584.25992
20240720110010,583.38978
20240720111010,537.23746
20240720112010,537.98238
20240720113010,575.3863
20240720114010,520.49163
20240720115010,436.25488
20240720120010,457.7609
20240720121010,460.84549
20240720122010,550.64605
20240720123010,462.33885
20240720124010,375.53169
20240720125010,367.74132
20240720130010,386.39293
20240720131010,383.83366
20240720132010,396.33081
20240720133010,393.47036
20240720134010,402.09667
20240720135010,401.3951
20240720140010,284.9202
20240720141010,266.69268
20240720142010,263.39119
20240720143010,263.192
20240720144010,255.20032
20240720145010,259.68734
20240720150010,302.94174
20240720151010,317.24364
20240720152010,323.10133
20240720153010,256.38097
20240720154010,237.20243
20240720155010,244.05036
20240720160010,751.02651
20240720161010,890.30108
20240720162010,967.14242
20240720163010,964.30448
20240720164010,932.62259
20240720165010,806.69662
20240322090011,234.58968
20240322091011,244.80203
20240322092011,230.11198
20240322093011,233.78912
20240322094011,312.46021
20240322095011,547.06859
20240322100011,437.26745
20240322101011,553.94393
20240322102011,605.43865
20240322103011,595.19191
20240322104011,557.896
20240322105011,590.61789
20240322110011,583.38978
20240322111011,537.23746
20240322112011,537.98238
20240322113011,575.3863
20240322114011,520.49163
20240322115011,436.25488
20240322120011,457.7609
20240322121011,460.84549
20240322122011,550.64605
20240322123011,462.33885
20240322124011,375.53169
20240322125011,367.74132
20240322130011,386.39293
20240322131011,383.83366
20240322132011,396.33081
20240322133011,393.47036
20240322134011,402.09667
20240322135011,401.3951
20240322140011,284.9202
20240322141011,266.69268
20240322142011,263.39119
20240322143011,263.192
20240322144011,255.20032
20240322145011,259.68734
20240322150011,302.94174
20240322151011,317.24364
20240322152011,323.10133
20240322153011,256.38097
20240322154011,237.20243
20240322155011,244.05036
20240322160011,751.02651
20240322161011,890.30108
20240322162011,967.14242
20240322163011,964.30448
20240322164011,932.62259
20240322165011,806.69662
20240327090011,197.3447
20240327091011,242.83201
20240327092011,228.98537
20240327093011,233.89424
20240327094011,334.90504
20240327095011,483.86501
20240327100011,384.32833
20240327101011,552.86898
20240327102011,590.60645
20240327103011,578.99609
20240327104011,557.68424
20240327105011,609.92493
20240327110011,583.38978
20240327111011,537.23746
20240327112011,537.98238
20240327113011,575.3863
20240327114011,520.49163
20240327115011,436.25488
20240327120011,457.7609
20240327121011,460.84549
20240327122011,550.64605
20240327123011,462.33885
20240327124011,375.53169
20240327125011,367.74132
20240327130011,386.39293
20240327131011,383.83366
20240327132011,396.33081
20240327133011,393.47036
20240327134011,402.09667
20240327135011,401.3951
20240327140011,284.9202
20240327141011,266.69268
20240327142011,263.39119
20240327143011,263.192
20240327144011,255.20032
20240327145011,259.68734
20240327150011,302.94174
20240327151011,317.24364
20240327152011,323.10133
20240327153011,256.38097
20240327154011,237.20243
20240327155011,244.05036
20240327160011,751.02651
20240327161011,890.30108
20240327162011,967.14242
20240327163011,964.30448
20240327164011,932.62259
20240327165011,806.69662
20240413090011,260.89643
20240413091011,288.20269
20240413092011,370.76329
20240413093011,247.62303
20240413094011,247.39494
20240413095011,484.26209
20240413100011,654.67789
20240413101011,684.19129
20240413102011,634.44634
20240413103011,581.59676
20240413104011,555.54731
20240413105011,594.25102
20240413110011,583.38978
20240413111011,537.23746
20240413112011,537.98238
20240413113011,575.3863
20240413114011,520.49163
20240413115011,436.25488
20240413120011,457.7609
20240413121011,460.84549
20240413122011,550.64605
20240413123011,462.33885
20240413124011,375.53169
20240413125011,367.74132
20240413130011,386.39293
20240413131011,383.83366
20240413132011,396.33081
20240413133011,393.47036
20240413134011,402.09667
20240413135011,401.3951
20240413140011,284.9202
20240413141011,266.69268
20240413142011,263.39119
20240413143011,263.192
20240413144011,255.20032
20240413145011,259.68734
20240413150011,302.94174
20240413151011,317.24364
20240413152011,323.10133
20240413153011,256.38097
20240413154011,237.20243
20240413155011,244.05036
20240413160011,751.02651
20240413161011,890.30108
20240413162011,967.14242
20240413163011,964.30448
20240413164011,932.62259
20240413165011,806.69662
20240426090011,193.66813
20240426091011,190.91827
20240426092011,284.36412
20240426093011,354.25162
20240426094011,462.05407
20240426095011,464.89199
20240426100011,498.06639
20240426101011,686.51338
20240426102011,637.03112
20240426103011,548.8327
20240426104011,574.01959
20240426105011,586.89766
20240426110011,583.38978
20240426111011,537.23746
20240426112011,537.98238
20240426113011,575.3863
20240426114011,520.49163
20240426115011,436.25488
20240426120011,457.7609
20240426121011,460.84549
20240426122011,550.64605
20240426123011,462.33885
20240426124011,375.53169
20240426125011,367.74132
20240426130011,386.39293
20240426131011,383.83366
20240426132011,396.33081
20240426133011,393.47036
20240426134011,402.09667
20240426135011,401.3951
20240426140011,284.9202
20240426141011,266.69268
20240426142011,263.39119
20240426143011,263.192
20240426144011,255.20032
20240426145011,259.68734
20240426150011,302.94174
20240426151011,317.24364
20240426152011,323.10133
20240426153011,256.38097
20240426154011,237.20243
20240426155011,244.05036
20240426160011,751.02651
20240426161011,890.30108
20240426162011,967.14242
20240426163011,964.30448
20240426164011,932.62259
20240426165011,806.69662
20240606090011,200.3474
20240606091011,254.75445
20240606092011,233.15666
20240606093011,233.69385
20240606094011,301.91396
20240606095011,515.34069
20240606100011,452.06605
20240606101011,578.96998
20240606102011,566.251
20240606103011,561.84511
20240606104011,555.07174
20240606105011,612.3046
20240606110011,583.38978
20240606111011,537.23746
20240606112011,537.98238
20240606113011,575.3863
20240606114011,520.49163
20240606115011,436.25488
20240606120011,457.7609
20240606121011,460.84549
20240606122011,550.64605
20240606123011,462.33885
20240606124011,375.53169
20240606125011,367.74132
20240606130011,386.39293
20240606131011,383.83366
20240606132011,396.33081
20240606133011,393.47036
20240606134011,402.09667
20240606135011,401.3951
20240606140011,284.9202
20240606141011,266.69268
20240606142011,263.39119
20240606143011,263.192
20240606144011,255.20032
20240606145011,259.68734
20240606150011,302.94174
20240606151011,317.24364
20240606152011,323.10133
20240606153011,256.38097
20240606154011,237.20243
20240606155011,244.05036
20240606160011,751.02651
20240606161011,890.30108
20240606162011,967.14242
20240606163011,964.30448
20240606164011,932.62259
20240606165011,806.69662
20240712090011,221.04865
20240712091011,254.21177
20240712092011,332.12771
20240712093011,426.68878
20240712094011,517.44414
20240712095011,475.02029
20240712100011,616.75714
20240712101011,713.78299
20240712102011,632.51013
20240712103011,556.68477
20240712104011,565.02751
20240712105011,585.74293
20240712110011,583.38978
20240712111011,537.23746
20240712112011,537.98238
20240712113011,575.3863
20240712114011,520.49163
20240712115011,436.25488
20240712120011,457.7609
20240712121011,460.84549
20240712122011,550.64605
20240712123011,462.33885
20240712124011,375.53169
20240712125011,367.74132
20240712130011,386.39293
20240712131011,383.83366
20240712132011,396.33081
20240712133011,393.47036
20240712134011,402.09667
20240712135011,401.3951
20240712140011,284.9202
20240712141011,266.69268
20240712142011,263.39119
20240712143011,263.192
20240712144011,255.20032
20240712145011,259.68734
20240712150011,302.94174
20240712151011,317.24364
20240712152011,323.10133
20240712153011,256.38097
20240712154011,237.20243
20240712155011,244.05036
20240712160011,751.02651
20240712161011,890.30108
20240712162011,967.14242
20240712163011,964.30448
20240712164011,932.62259
20240712165011,806.69662
20240315090012,206.69162
20240315091012,253.23522
20240315092012,229.12433
20240315093012,239.94442
20240315094012,389.32658
20240315095012,490.53654
20240315100012,361.58725
20240315101012,490.2769
20240315102012,570.77022
20240315103012,573.64128
20240315104012,559.45993
20240315105012,615.82289
20240315110012,583.38978
20240315111012,537.23746
20240315112012,537.98238
20240315113012,575.3863
20240315114012,520.49163
20240315115012,436.25488
20240315120012,457.7609
20240315121012,460.84549
20240315122012,550.64605
20240315123012,462.33885
20240315124012,375.53169
20240315125012,367.74132
20240315130012,386.39293
20240315131012,383.83366
20240315132012,396.33081
20240315133012,393.47036
20240315134012,402.09667
20240315135012,401.3951
20240315140012,284.9202
20240315141012,266.69268
20240315142012,263.39119
20240315143012,263.192
20240315144012,255.20032
20240315145012,259.68734
20240315150012,302.94174
20240315151012,317.24364
20240315152012,323.10133
20240315153012,256.38097
20240315154012,237.20243
20240315155012,244.05036
20240315160012,751.02651
20240315161012,890.30108
20240315162012,967.14242
20240315163012,964.30448
20240315164012,932.62259
20240315165012,806.69662
20240317090012,194.57198
20240317091012,250.91972
20240317092012,230.14458
20240317093012,236.64865
20240317094012,321.85627
20240317095012,469.90525
20240317100012,374.51366
20240317101012,539.80776
20240317102012,570.96093
20240317103012,570.26363
20240317104012,559.27149
20240317105012,615.82289
20240317110012,583.38978
20240317111012,537.23746
20240317112012,537.98238
20240317113012,575.3863
20240317114012,520.49163
20240317115012,436.25488
20240317120012,457.7609
20240317121012,460.84549
20240317122012,550.64605
20240317123012,462.33885
20240317124012,375.53169
20240317125012,367.74132
20240317130012,386.39293
20240317131012,383.83366
20240317132012,396.33081
20240317133012,393.47036
20240317134012,402.09667
20240317135012,401.3951
20240317140012,284.9202
20240317141012,266.69268
20240317142012,263.39119
20240317143012,263.192
20240317144012,255.20032
20240317145012,259.68734
20240317150012,302.94174
20240317151012,317.24364
20240317152012,323.10133
20240317153012,256.38097
20240317154012,237.20243
20240317155012,244.05036
20240317160012,751.02651
20240317161012,890.30108
20240317162012,967.14242
20240317163012,964.30448
20240317164012,932.62259
20240317165012,806.69662
20240412090012,197.31133
20240412091012,215.11021
20240412092012,306.05725
20240412093012,340.8922
20240412094012,369.60169
20240412095012,517.40923
20240412100012,488.42432
20240412101012,654.9202
20240412102012,627.16146
20240412103012,528.3419
20240412104012,537.9086
20240412105012,609.06808
20240412110012,583.38978
20240412111012,537.23746
20240412112012,537.98238
20240412113012,575.3863
20240412114012,520.49163
20240412115012,436.25488
20240412120012,457.7609
20240412121012,460.84549
20240412122012,550.64605
20240412123012,462.33885
20240412124012,375.53169
20240412125012,367.74132
20240412130012,386.39293
20240412131012,383.83366
20240412132012,396.33081
20240412133012,393.47036
20240412134012,402.09667
20240412135012,401.3951
20240412140012,284.9202
20240412141012,266.69268
20240412142012,263.39119
20240412143012,263.192
20240412144012,255.20032
20240412145012,259.68734
20240412150012,302.94174
20240412151012,317.24364
20240412152012,323.10133
20240412153012,256.38097
20240412154012,237.20243
20240412155012,244.05036
20240412160012,751.02651
20240412161012,890.30108
20240412162012,967.14242
20240412163012,964.30448
20240412164012,932.62259
20240412165012,806.69662
20240426090012,194.58551
20240426091012,193.19228
20240426092012,264.3002
20240426093012,380.66136
20240426094012,457.56472
20240426095012,472.57307
20240426100012,512.14548
20240426101012,697.60979
20240426102012,637.47835
20240426103012,549.12762
20240426104012,572.25315
20240426105012,586.37474
20240426110012,583.38978
20240426111012,537.23746
20240426112012,537.98238
20240426113012,575.3863
20240426114012,520.49163
20240426115012,436.25488
20240426120012,457.7609
20240426121012,460.84549
20240426122012,550.64605
20240426123012,462.33885
20240426124012,375.53169
20240426125012,367.74132
20240426130012,386.39293
20240426131012,383.83366
20240426132012,396.33081
20240426133012,393.47036
20240426134012,402.09667
20240426135012,401.3951
20240426140012,284.9202
20240426141012,266.69268
20240426142012,263.39119
20240426143012,263.192
20240426144012,255.20032
20240426145012,259.68734
20240426150012,302.94174
20240426151012,317.24364
20240426152012,323.10133
20240426153012,256.38097
20240426154012,237.20243
20240426155012,244.05036
20240426160012,751.02651
20240426161012,890.30108
20240426162012,967.14242
20240426163012,964.30448
20240426164012,932.62259
20240426165012,806.69662
20240521090012,201.04885
20240521091012,231.68633
20240521092012,242.29009
20240521093012,244.21046
20240521094012,289.8946
20240521095012,492.8182
20240521100012,568.75422
20240521101012,702.65428
20240521102012,597.37976
20240521103012,576.1585
20240521104012,564.89948
20240521105012,613.38208
20240521110012,583.38978
20240521111012,537.23746
20240521112012,537.98238
20240521113012,575.3863
20240521114012,520.49163
20240521115012,436.25488
20240521120012,457.7609
20240521121012,460.84549
20240521122012,550.64605
20240521123012,462.33885
20240521124012,375.53169
20240521125012,367.74132
20240521130012,386.39293
20240521131012,383.83366
20240521132012,396.33081
20240521133012,393.47036
20240521134012,402.09667
20240521135012,401.3951
20240521140012,284.9202
20240521141012,266.69268
20240521142012,263.39119
20240521143012,263.192
20240521144012,255.20032
20240521145012,259.68734
20240521150012,302.94174
20240521151012,317.24364
20240521152012,323.10133
20240521153012,256.38097
20240521154012,237.20243
20240521155012,244.05036
20240521160012,751.02651
20240521161012,890.30108
20240521162012,967.14242
20240521163012,964.30448
20240521164012,932.62259
20240521165012,806.69662
20240619090012,195.72532
20240619091012,200.32897
20240619092012,277.55103
20240619093012,392.01088
20240619094012,396.19298
20240619095012,522.14899
20240619100012,624.68682
20240619101012,669.6598
20240619102012,601.56992
20240619103012,551.06582
20240619104012,563.41595
20240619105012,585.90077
20240619110012,583.38978
20240619111012,537.23746
20240619112012,537.98238
20240619113012,575.3863
20240619114012,520.49163
20240619115012,436.25488
20240619120012,457.7609
20240619121012,460.84549
20240619122012,550.64605
20240619123012,462.33885
20240619124012,375.53169
20240619125012,367.74132
20240619130012,386.39293
20240619131012,383.83366
20240619132012,396.33081
20240619133012,393.47036
20240619134012,402.09667
20240619135012,401.3951
20240619140012,284.9202
20240619141012,266.69268
20240619142012,263.39119
20240619143012,263.192
20240619144012,255.20032
20240619145012,259.68734
20240619150012,302.94174
20240619151012,317.24364
20240619152012,323.10133
20240619153012,256.38097
20240619154012,237.20243
20240619155012,244.05036
20240619160012,751.02651
20240619161012,890.30108
20240619162012,967.14242
20240619163012,964.30448
20240619164012,932.62259
20240619165012,806.69662
20240621090012,192.59693
20240621091012,193.83239
20240621092012,244.23116
20240621093012,393.77847
20240621094012,459.33034
20240621095012,483.84991
20240621100012,608.11601
20240621101012,671.77911
20240621102012,601.81681
20240621103012,550.81298
20240621104012,569.66903
20240621105012,585.90077
20240621110012,583.38978
20240621111012,537.23746
20240621112012,537.98238
20240621113012,575.3863
20240621114012,520.49163
20240621115012,436.25488
20240621120012,457.7609
20240621121012,460.84549
20240621122012,550.64605
20240621123012,462.33885
20240621124012,375.53169
20240621125012,367.74132
20240621130012,386.39293
20240621131012,383.83366
20240621132012,396.33081
20240621133012,393.47036
20240621134012,402.09667
20240621135012,401.3951
20240621140012,284.9202
20240621141012,266.69268
20240621142012,263.39119
20240621143012,263.192
20240621144012,255.20032
20240621145012,259.68734
20240621150012,302.94174
20240621151012,317.24364
20240621152012,323.10133
20240621153012,256.38097
20240621154012,237.20243
20240621155012,244.05036
20240621160012,751.02651
20240621161012,890.30108
20240621162012,967.14242
20240621163012,964.30448
20240621164012,932.62259
20240621165012,806.69662
20240705090012,195.8077
20240705091012,309.85842
20240705092012,429.71145
20240705093012,508.5164
20240705094012,599.16082
20240705095012,610.64449
20240705100012,645.26399
20240705101012,616.82531
20240705102012,586.94446
20240705103012,548.41347
20240705104012,551.81327
20240705105012,600.88104
20240705110012,583.38978
20240705111012,537.23746
20240705112012,537.98238
20240705113012,575.3863
20240705114012,520.49163
20240705115012,436.25488
20240705120012,457.7609
20240705121012,460.84549
20240705122012,550.64605
20240705123012,462.33885
20240705124012,375.53169
20240705125012,367.74132
20240705130012,386.39293
20240705131012,383.83366
20240705132012,396.33081
20240705133012,393.47036
20240705134012,402.09667
20240705135012,401.3951
20240705140012,284.9202
20240705141012,266.69268
20240705142012,263.39119
20240705143012,263.192
20240705144012,255.20032
20240705145012,259.68734
20240705150012,302.94174
20240705151012,317.24364
20240705152012,323.10133
20240705153012,256.38097
20240705154012,237.20243
20240705155012,244.05036
20240705160012,751.02651
20240705161012,890.30108
20240705162012,967.14242
20240705163012,964.30448
20240705164012,932.62259
20240705165012,806.69662
20240713090012,196.50417
20240713091012,225.52439
20240713092012,236.43805
20240713093012,234.19349
20240713094012,284.37901
20240713095012,478.25791
20240713100012,629.0703
20240713101012,661.05131
20240713102012,575.77228
20240713103012,568.75103
20240713104012,559.1739
20240713105012,604.8476
20240713110012,583.38978
20240713111012,537.23746
20240713112012,537.98238
20240713113012,575.3863
20240713114012,520.49163
20240713115012,436.25488
20240713120012,457.7609
20240713121012,460.84549
20240713122012,550.64605
20240713123012,462.33885
20240713124012,375.53169
20240713125012,367.74132
20240713130012,386.39293
20240713131012,383.83366
20240713132012,396.33081
20240713133012,393.47036
20240713134012,402.09667
20240713135012,401.3951
20240713140012,284.9202
20240713141012,266.69268
20240713142012,263.39119
20240713143012,263.192
20240713144012,255.20032
20240713145012,259.68734
20240713150012,302.94174
20240713151012,317.24364
20240713152012,323.10133
20240713153012,256.38097
20240713154012,237.20243
20240713155012,244.05036
20240713160012,751.02651
20240713161012,890.30108
20240713162012,967.14242
20240713163012,964.30448
20240713164012,932.62259
20240713165012,806.69662
20240214090013,859.77103
20240214091013,675.42055
20240214092013,373.53591
20240214093013,253.39574
20240214094013,307.36282
20240214095013,672.66952
20240214100013,800.26594
20240214101013,783.83629
20240214102013,677.33641
20240214103013,488.5923
20240214104013,478.54945
20240214105013,610.96916
20240214110013,583.38978
20240214111013,537.23746
20240214112013,537.98238
20240214113013,575.3863
20240214114013,520.49163
20240214115013,436.25488
20240214120013,457.7609
20240214121013,460.84549
20240214122013,550.64605
20240214123013,462.33885
20240214124013,375.53169
20240214125013,367.74132
20240214130013,386.39293
20240214131013,383.83366
20240214132013,396.33081
20240214133013,393.47036
20240214134013,402.09667
20240214135013,401.3951
20240214140013,284.9202
20240214141013,266.69268
20240214142013,263.39119
20240214143013,263.192
20240214144013,255.20032
20240214145013,259.68734
20240214150013,302.94174
20240214151013,317.24364
20240214152013,323.10133
20240214153013,256.38097
20240214154013,237.20243
20240214155013,244.05036
20240214160013,751.02651
20240214161013,890.30108
20240214162013,967.14242
20240214163013,964.30448
20240214164013,932.62259
20240214165013,806.69662
20240221090013,875.92054
20240221091013,636.79743
20240221092013,304.51646
20240221093013,327.73645
20240221094013,326.3503
20240221095013,692.10269
20240221100013,758.41059
20240221101013,763.56005
20240221102013,663.67219
20240221103013,492.34511
20240221104013,478.03233
20240221105013,609.44851
20240221110013,583.38978
20240221111013,537.23746
20240221112013,537.98238
20240221113013,575.3863
20240221114013,520.49163
20240221115013,436.25488
20240221120013,457.7609
20240221121013,460.84549
20240221122013,550.64605
20240221123013,462.33885
20240221124013,375.53169
20240221125013,367.74132
20240221130013,386.39293
20240221131013,383.83366
20240221132013,396.33081
20240221133013,393.47036
20240221134013,402.09667
20240221135013,401.3951
20240221140013,284.9202
20240221141013,266.69268
20240221142013,263.39119
20240221143013,263.192
20240221144013,255.20032
20240221145013,259.68734
20240221150013,302.94174
20240221151013,317.24364
20240221152013,323.10133
20240221153013,256.38097
20240221154013,237.20243
20240221155013,244.05036
20240221160013,751.02651
20240221161013,890.30108
20240221162013,967.14242
20240221163013,964.30448
20240221164013,932.62259
20240221165013,806.69662
20240314090013,197.83274
20240314091013,274.52698
20240314092013,231.79471
20240314093013,235.40385
20240314094013,396.60266
20240314095013,472.95693
20240314100013,304.64194
20240314101013,485.58974
20240314102013,571.17845
20240314103013,571.25229
20240314104013,556.83998
20240314105013,616.29251
20240314110013,583.38978
20240314111013,537.23746
20240314112013,537.98238
20240314113013,575.3863
20240314114013,520.49163
20240314115013,436.25488
20240314120013,457.7609
20240314121013,460.84549
20240314122013,550.64605
20240314123013,462.33885
20240314124013,375.53169
20240314125013,367.74132
20240314130013,386.39293
20240314131013,383.83366
20240314132013,396.33081
20240314133013,393.47036
20240314134013,402.09667
20240314135013,401.3951
20240314140013,284.9202
20240314141013,266.69268
20240314142013,263.39119
20240314143013,263.192
20240314144013,255.20032
20240314145013,259.68734
20240314150013,302.94174
20240314151013,317.24364
20240314152013,323.10133
20240314153013,256.38097
20240314154013,237.20243
20240314155013,244.05036
20240314160013,751.02651
20240314161013,890.30108
20240314162013,967.14242
20240314163013,964.30448
20240314164013,932.62259
20240314165013,806.69662
20240316090013,413.04991
20240316091013,297.02896
20240316092013,239.77847
20240316093013,236.38912
20240316094013,491.8749
20240316095013,388.44819
20240316100013,532.87713
20240316101013,654.82123
20240316102013,679.91794
20240316103013,563.10596
20240316104013,548.18016
20240316105013,579.74004
20240316110013,583.38978
20240316111013,537.23746
20240316112013,537.98238
20240316113013,575.3863
20240316114013,520.49163
20240316115013,436.25488
20240316120013,457.7609
20240316121013,460.84549
20240316122013,550.64605
20240316123013,462.33885
20240316124013,375.53169
20240316125013,367.74132
20240316130013,386.39293
20240316131013,383.83366
20240316132013,396.33081
20240316133013,393.47036
20240316134013,402.09667
20240316135013,401.3951
20240316140013,284.9202
20240316141013,266.69268
20240316142013,263.39119
20240316143013,263.192
20240316144013,255.20032
20240316145013,259.68734
20240316150013,302.94174
20240316151013,317.24364
20240316152013,323.10133
20240316153013,256.38097
20240316154013,237.20243
20240316155013,244.05036
20240316160013,751.02651
20240316161013,890.30108
20240316162013,967.14242
20240316163013,964.30448
20240316164013,932.62259
20240316165013,806.69662
20240328090013,542.42972
20240328091013,289.2095
20240328092013,243.51545
20240328093013,230.20972
20240328094013,509.08952
20240328095013,329.25451
20240328100013,506.11623
20240328101013,680.61472
20240328102013,682.53354
20240328103013,543.97948
20240328104013,507.03427
20240328105013,585.2149
20240328110013,583.38978
20240328111013,537.23746
20240328112013,537.98238
20240328113013,575.3863
20240328114013,520.49163
20240328115013,436.25488
20240328120013,457.7609
20240328121013,460.84549
20240328122013,550.64605
20240328123013,462.33885
20240328124013,375.53169
20240328125013,367.74132
20240328130013,386.39293
20240328131013,383.83366
20240328132013,396.33081
20240328133013,393.47036
20240328134013,402.09667
20240328135013,401.3951
20240328140013,284.9202
20240328141013,266.69268
20240328142013,263.39119
20240328143013,263.192
20240328144013,255.20032
20240328145013,259.68734
20240328150013,302.94174
20240328151013,317.24364
20240328152013,323.10133
20240328153013,256.38097
20240328154013,237.20243
20240328155013,244.05036
20240328160013,751.02651
20240328161013,890.30108
20240328162013,967.14242
20240328163013,964.30448
20240328164013,932.62259
20240328165013,806.69662
20240412090013,671.10792
20240412091013,399.72458
20240412092013,281.02361
20240412093013,242.70333
20240412094013,475.65329
20240412095013,472.38135
20240412100013,552.35183
20240412101013,688.05304
20240412102013,674.87632
20240412103013,544.95236
20240412104013,504.74852
20240412105013,586.02607
20240412110013,583.38978
20240412111013,537.23746
20240412112013,537.98238
20240412113013,575.3863
20240412114013,520.49163
20240412115013,436.25488
20240412120013,457.7609
20240412121013,460.84549
20240412122013,550.64605
20240412123013,462.33885
20240412124013,375.53169
20240412125013,367.74132
20240412130013,386.39293
20240412131013,383.83366
20240412132013,396.33081
20240412133013,393.47036
20240412134013,402.09667
20240412135013,401.3951
20240412140013,284.9202
20240412141013,266.69268
20240412142013,263.39119
20240412143013,263.192
20240412144013,255.20032
20240412145013,259.68734
20240412150013,302.94174
20240412151013,317.24364
20240412152013,323.10133
20240412153013,256.38097
20240412154013,237.20243
20240412155013,244.05036
20240412160013,751.02651
20240412161013,890.30108
20240412162013,967.14242
20240412163013,964.30448
20240412164013,932.62259
20240412165013,806.69662
20240619090013,501.76354
20240619091013,256.53028
20240619092013,247.77363
20240619093013,434.3579
20240619094013,676.1001
20240619095013,548.67604
20240619100013,615.17346
20240619101013,683.28425
20240619102013,679.73355
20240619103013,558.87297
20240619104013,520.83001
20240619105013,575.11545
20240619110013,583.38978
20240619111013,537.23746
20240619112013,537.98238
20240619113013,575.3863
20240619114013,520.49163
20240619115013,436.25488
20240619120013,457.7609
20240619121013,460.84549
20240619122013,550.64605
20240619123013,462.33885
20240619124013,375.53169
20240619125013,367.74132
20240619130013,386.39293
20240619131013,383.83366
20240619132013,396.33081
20240619133013,393.47036
20240619134013,402.09667
20240619135013,401.3951
20240619140013,284.9202
20240619141013,266.69268
20240619142013,263.39119
20240619143013,263.192
20240619144013,255.20032
20240619145013,259.68734
20240619150013,302.94174
20240619151013,317.24364
20240619152013,323.10133
20240619153013,256.38097
20240619154013,237.20243
20240619155013,244.05036
20240619160013,751.02651
20240619161013,890.30108
20240619162013,967.14242
20240619163013,964.30448
20240619164013,932.62259
20240619165013,806.69662
20240225090014,190.69581
20240225091014,233.86212
20240225092014,277.47537
20240225093014,274.57092
20240225094014,343.1222
20240225095014,334.85539
20240225100014,347.52884
20240225101014,565.60935
20240225102014,571.06702
20240225103014,568.89872
20240225104014,574.67018
20240225105014,618.03742
20240225110014,583.38978
20240225111014,537.23746
20240225112014,537.98238
20240225113014,575.3863
20240225114014,520.49163
20240225115014,436.25488
20240225120014,457.7609
20240225121014,460.84549
20240225122014,550.64605
20240225123014,462.33885
20240225124014,375.53169
20240225125014,367.74132
20240225130014,386.39293
20240225131014,383.83366
20240225132014,396.33081
20240225133014,393.47036
20240225134014,402.09667
20240225135014,401.3951
20240225140014,284.9202
20240225141014,266.69268
20240225142014,263.39119
20240225143014,263.192
20240225144014,255.20032
20240225145014,259.68734
20240225150014,302.94174
20240225151014,317.24364
20240225152014,323.10133
20240225153014,256.38097
20240225154014,237.20243
20240225155014,244.05036
20240225160014,751.02651
20240225161014,890.30108
20240225162014,967.14242
20240225163014,964.30448
20240225164014,932.62259
20240225165014,806.69662
20240227090014,279.21302
20240227091014,242.08528
20240227092014,262.16299
20240227093014,286.10765
20240227094014,286.47421
20240227095014,375.11366
20240227100014,456.30461
20240227101014,589.68921
20240227102014,601.53177
20240227103014,580.02586
20240227104014,574.49955
20240227105014,609.20318
20240227110014,583.38978
20240227111014,537.23746
20240227112014,537.98238
20240227113014,575.3863
20240227114014,520.49163
20240227115014,436.25488
20240227120014,457.7609
20240227121014,460.84549
20240227122014,550.64605
20240227123014,462.33885
20240227124014,375.53169
20240227125014,367.74132
20240227130014,386.39293
20240227131014,383.83366
20240227132014,396.33081
20240227133014,393.47036
20240227134014,402.09667
20240227135014,401.3951
20240227140014,284.9202
20240227141014,266.69268
20240227142014,263.39119
20240227143014,263.192
20240227144014,255.20032
20240227145014,259.68734
20240227150014,302.94174
20240227151014,317.24364
20240227152014,323.10133
20240227153014,256.38097
20240227154014,237.20243
20240227155014,244.05036
20240227160014,751.02651
20240227161014,890.30108
20240227162014,967.14242
20240227163014,964.30448
20240227164014,932.62259
20240227165014,806.69662
20240327090014,263.25442
20240327091014,253.17036
20240327092014,242.54932
20240327093014,237.37921
20240327094014,296.08453
20240327095014,509.32198
20240327100014,499.41651
20240327101014,598.19555
20240327102014,603.95185
20240327103014,583.22238
20240327104014,558.76502
20240327105014,609.50448
20240327110014,583.38978
20240327111014,537.23746
20240327112014,537.98238
20240327113014,575.3863
20240327114014,520.49163
20240327115014,436.25488
20240327120014,457.7609
20240327121014,460.84549
20240327122014,550.64605
20240327123014,462.33885
20240327124014,375.53169
20240327125014,367.74132
20240327130014,386.39293
20240327131014,383.83366
20240327132014,396.33081
20240327133014,393.47036
20240327134014,402.09667
20240327135014,401.3951
20240327140014,284.9202
20240327141014,266.69268
20240327142014,263.39119
20240327143014,263.192
20240327144014,255.20032
20240327145014,259.68734
20240327150014,302.94174
20240327151014,317.24364
20240327152014,323.10133
20240327153014,256.38097
20240327154014,237.20243
20240327155014,244.05036
20240327160014,751.02651
20240327161014,890.30108
20240327162014,967.14242
20240327163014,964.30448
20240327164014,932.62259
20240327165014,806.69662
20240417090014,771.61644
20240417091014,382.87079
20240417092014,269.77417
20240417093014,477.09691
20240417094014,606.7625
20240417095014,620.3918
20240417100014,774.01345
20240417101014,758.41898
20240417102014,676.45782
20240417103014,512.9818
20240417104014,494.5588
20240417105014,610.62864
20240417110014,583.38978
20240417111014,537.23746
20240417112014,537.98238
20240417113014,575.3863
20240417114014,520.49163
20240417115014,436.25488
20240417120014,457.7609
20240417121014,460.84549
20240417122014,550.64605
20240417123014,462.33885
20240417124014,375.53169
20240417125014,367.74132
20240417130014,386.39293
20240417131014,383.83366
20240417132014,396.33081
20240417133014,393.47036
20240417134014,402.09667
20240417135014,401.3951
20240417140014,284.9202
20240417141014,266.69268
20240417142014,263.39119
20240417143014,263.192
20240417144014,255.20032
20240417145014,259.68734
20240417150014,302.94174
20240417151014,317.24364
20240417152014,323.10133
20240417153014,256.38097
20240417154014,237.20243
20240417155014,244.05036
20240417160014,751.02651
20240417161014,890.30108
20240417162014,967.14242
20240417163014,964.30448
20240417164014,932.62259
20240417165014,806.69662
20240517090014,542.59231
20240517091014,295.94649
20240517092014,221.08055
20240517093014,239.91223
20240517094014,355.17971
20240517095014,400.49468
20240517100014,632.53266
20240517101014,642.23937
20240517102014,625.39028
20240517103014,550.67461
20240517104014,536.15656
20240517105014,614.71776
20240517110014,583.38978
20240517111014,537.23746
20240517112014,537.98238
20240517113014,575.3863
20240517114014,520.49163
20240517115014,436.25488
20240517120014,457.7609
20240517121014,460.84549
20240517122014,550.64605
20240517123014,462.33885
20240517124014,375.53169
20240517125014,367.74132
20240517130014,386.39293
20240517131014,383.83366
20240517132014,396.33081
20240517133014,393.47036
20240517134014,402.09667
20240517135014,401.3951
20240517140014,284.9202
20240517141014,266.69268
20240517142014,263.39119
20240517143014,263.192
20240517144014,255.20032
20240517145014,259.68734
20240517150014,302.94174
20240517151014,317.24364
20240517152014,323.10133
20240517153014,256.38097
20240517154014,237.20243
20240517155014,244.05036
20240517160014,751.02651
20240517161014,890.30108
20240517162014,967.14242
20240517163014,964.30448
20240517164014,932.62259
20240517165014,806.69662
20240704090014,709.61756
20240704091014,326.19761
20240704092014,243.0265
20240704093014,555.90277
20240704094014,553.58931
20240704095014,657.61763
20240704100014,701.71235
20240704101014,651.21277
20240704102014,647.45434
20240704103014,549.79611
20240704104014,506.52754
20240704105014,590.68902
20240704110014,583.38978
20240704111014,537.23746
20240704112014,537.98238
20240704113014,575.3863
20240704114014,520.49163
20240704115014,436.25488
20240704120014,457.7609
20240704121014,460.84549
20240704122014,550.64605
20240704123014,462.33885
20240704124014,375.53169
20240704125014,367.74132
20240704130014,386.39293
20240704131014,383.83366
20240704132014,396.33081
20240704133014,393.47036
20240704134014,402.09667
20240704135014,401.3951
20240704140014,284.9202
20240704141014,266.69268
20240704142014,263.39119
20240704143014,263.192
20240704144014,255.20032
20240704145014,259.68734
20240704150014,302.94174
20240704151014,317.24364
20240704152014,323.10133
20240704153014,256.38097
20240704154014,237.20243
20240704155014,244.05036
20240704160014,751.02651
20240704161014,890.30108
20240704162014,967.14242
20240704163014,964.30448
20240704164014,932.62259
20240704165014,806.69662
20240715090014,709.08479
20240715091014,281.69355
20240715092014,233.41467
20240715093014,593.56605
20240715094014,683.96418
20240715095014,536.80198
20240715100014,636.71231
20240715101014,729.2604
20240715102014,684.22719
20240715103014,567.08539
20240715104014,541.98011
20240715105014,575.19052
20240715110014,583.38978
20240715111014,537.23746
20240715112014,537.98238
20240715113014,575.3863
20240715114014,520.49163
20240715115014,436.25488
20240715120014,457.7609
20240715121014,460.84549
20240715122014,550.64605
20240715123014,462.33885
20240715124014,375.53169
20240715125014,367.74132
20240715130014,386.39293
20240715131014,383.83366
20240715132014,396.33081
20240715133014,393.47036
20240715134014,402.09667
20240715135014,401.3951
20240715140014,284.9202
20240715141014,266.69268
20240715142014,263.39119
20240715143014,263.192
20240715144014,255.20032
20240715145014,259.68734
20240715150014,302.94174
20240715151014,317.24364
20240715152014,323.10133
20240715153014,256.38097
20240715154014,237.20243
20240715155014,244.05036
20240715160014,751.02651
20240715161014,890.30108
20240715162014,967.14242
20240715163014,964.30448
20240715164014,932.62259
20240715165014,806.69662
20240215090015,542.85435
20240215091015,645.13799
20240215092015,325.93827
20240215093015,221.32099
20240215094015,233.93994
20240215095015,504.98105
20240215100015,556.08672
20240215101015,694.61705
20240215102015,649.10768
20240215103015,490.88191
20240215104015,512.37504
20240215105015,609.62553
20240215110015,583.38978
20240215111015,537.23746
20240215112015,537.98238
20240215113015,575.3863
20240215114015,520.49163
20240215115015,436.25488
20240215120015,457.7609
20240215121015,460.84549
20240215122015,550.64605
20240215123015,462.33885
20240215124015,375.53169
20240215125015,367.74132
20240215130015,386.39293
20240215131015,383.83366
20240215132015,396.33081
20240215133015,393.47036
20240215134015,402.09667
20240215135015,401.3951
20240215140015,284.9202
20240215141015,266.69268
20240215142015,263.39119
20240215143015,263.192
20240215144015,255.20032
20240215145015,259.68734
20240215150015,302.94174
20240215151015,317.24364
20240215152015,323.10133
20240215153015,256.38097
20240215154015,237.20243
20240215155015,244.05036
20240215160015,751.02651
20240215161015,890.30108
20240215162015,967.14242
20240215163015,964.30448
20240215164015,932.62259
20240215165015,806.69662
20240218090015,265.4799
20240218091015,252.87939
20240218092015,249.67401
20240218093015,256.20543
20240218094015,256.00982
20240218095015,468.65731
20240218100015,602.06978
20240218101015,642.0522
20240218102015,624.87711
20240218103015,577.84765
20240218104015,572.46536
20240218105015,613.91446
20240218110015,583.38978
20240218111015,537.23746
20240218112015,537.98238
20240218113015,575.3863
20240218114015,520.49163
20240218115015,436.25488
20240218120015,457.7609
20240218121015,460.84549
20240218122015,550.64605
20240218123015,462.33885
20240218124015,375.53169
20240218125015,367.74132
20240218130015,386.39293
20240218131015,383.83366
20240218132015,396.33081
20240218133015,393.47036
20240218134015,402.09667
20240218135015,401.3951
20240218140015,284.9202
20240218141015,266.69268
20240218142015,263.39119
20240218143015,263.192
20240218144015,255.20032
20240218145015,259.68734
20240218150015,302.94174
20240218151015,317.24364
20240218152015,323.10133
20240218153015,256.38097
20240218154015,237.20243
20240218155015,244.05036
20240218160015,751.02651
20240218161015,890.30108
20240218162015,967.14242
20240218163015,964.30448
20240218164015,932.62259
20240218165015,806.69662
20240314090015,198.26246
20240314091015,244.17441
20240314092015,222.33773
20240314093015,234.17028
20240314094015,361.38429
20240314095015,473.23163
20240314100015,326.84165
20240314101015,501.94342
20240314102015,576.07528
20240314103015,578.88996
20240314104015,558.54904
20240314105015,614.65485
20240314110015,583.38978
20240314111015,537.23746
20240314112015,537.98238
20240314113015,575.3863
20240314114015,520.49163
20240314115015,436.25488
20240314120015,457.7609
20240314121015,460.84549
20240314122015,550.64605
20240314123015,462.33885
20240314124015,375.53169
20240314125015,367.74132
20240314130015,386.39293
20240314131015,383.83366
20240314132015,396.33081
20240314133015,393.47036
20240314134015,402.09667
20240314135015,401.3951
20240314140015,284.9202
20240314141015,266.69268
20240314142015,263.39119
20240314143015,263.192
20240314144015,255.20032
20240314145015,259.68734
20240314150015,302.94174
20240314151015,317.24364
20240314152015,323.10133
20240314153015,256.38097
20240314154015,237.20243
20240314155015,244.05036
20240314160015,751.02651
20240314161015,890.30108
20240314162015,967.14242
20240314163015,964.30448
20240314164015,932.62259
20240314165015,806.69662
20240317090015,339.93784
20240317091015,295.93157
20240317092015,241.78607
20240317093015,235.27975
20240317094015,304.22245
20240317095015,544.53936
20240317100015,576.27305
20240317101015,593.22649
20240317102015,597.02469
20240317103015,579.20811
20240317104015,557.2507
20240317105015,605.51088
20240317110015,583.38978
20240317111015,537.23746
20240317112015,537.98238
20240317113015,575.3863
20240317114015,520.49163
20240317115015,436.25488
20240317120015,457.7609
20240317121015,460.84549
20240317122015,550.64605
20240317123015,462.33885
20240317124015,375.53169
20240317125015,367.74132
20240317130015,386.39293
20240317131015,383.83366
20240317132015,396.33081
20240317133015,393.47036
20240317134015,402.09667
20240317135015,401.3951
20240317140015,284.9202
20240317141015,266.69268
20240317142015,263.39119
20240317143015,263.192
20240317144015,255.20032
20240317145015,259.68734
20240317150015,302.94174
20240317151015,317.24364
20240317152015,323.10133
20240317153015,256.38097
20240317154015,237.20243
20240317155015,244.05036
20240317160015,751.02651
20240317161015,890.30108
20240317162015,967.14242
20240317163015,964.30448
20240317164015,932.62259
20240317165015,806.69662
20240412090015,787.5069
20240412091015,341.20723
20240412092015,277.60218
20240412093015,378.04348
20240412094015,607.83692
20240412095015,557.96853
20240412100015,679.85492
20240412101015,755.64177
20240412102015,688.42839
20240412103015,547.49638
20240412104015,502.93027
20240412105015,591.73661
20240412110015,583.38978
20240412111015,537.23746
20240412112015,537.98238
20240412113015,575.3863
20240412114015,520.49163
20240412115015,436.25488
20240412120015,457.7609
20240412121015,460.84549
20240412122015,550.64605
20240412123015,462.33885
20240412124015,375.53169
20240412125015,367.74132
20240412130015,386.39293
20240412131015,383.83366
20240412132015,396.33081
20240412133015,393.47036
20240412134015,402.09667
20240412135015,401.3951
20240412140015,284.9202
20240412141015,266.69268
20240412142015,263.39119
20240412143015,263.192
20240412144015,255.20032
20240412145015,259.68734
20240412150015,302.94174
20240412151015,317.24364
20240412152015,323.10133
20240412153015,256.38097
20240412154015,237.20243
20240412155015,244.05036
20240412160015,751.02651
20240412161015,890.30108
20240412162015,967.14242
20240412163015,964.30448
20240412164015,932.62259
20240412165015,806.69662
20240518090015,646.35072
20240518091015,245.28216
20240518092015,279.82661
20240518093015,252.35439
20240518094015,395.74773
20240518095015,520.46079
20240518100015,799.38924
20240518101015,719.37767
20240518102015,646.94796
20240518103015,575.71788
20240518104015,549.84876
20240518105015,587.57468
20240518110015,583.38978
20240518111015,537.23746
20240518112015,537.98238
20240518113015,575.3863
20240518114015,520.49163
20240518115015,436.25488
20240518120015,457.7609
20240518121015,460.84549
20240518122015,550.64605
20240518123015,462.33885
20240518124015,375.53169
20240518125015,367.74132
20240518130015,386.39293
20240518131015,383.83366
20240518132015,396.33081
20240518133015,393.47036
20240518134015,402.09667
20240518135015,401.3951
20240518140015,284.9202
20240518141015,266.69268
20240518142015,263.39119
20240518143015,263.192
20240518144015,255.20032
20240518145015,259.68734
20240518150015,302.94174
20240518151015,317.24364
20240518152015,323.10133
20240518153015,256.38097
20240518154015,237.20243
20240518155015,244.05036
20240518160015,751.02651
20240518161015,890.30108
20240518162015,967.14242
20240518163015,964.30448
20240518164015,932.62259
20240518165015,806.69662
20240530090015,651.69554
20240530091015,236.77962
20240530092015,256.2755
20240530093015,439.40381
20240530094015,778.51571
20240530095015,543.32707
20240530100015,789.57773
20240530101015,714.02885
20240530102015,599.41174
20240530103015,550.43857
20240530104015,539.73084
20240530105015,610.3423
20240530110015,583.38978
20240530111015,537.23746
20240530112015,537.98238
20240530113015,575.3863
20240530114015,520.49163
20240530115015,436.25488
20240530120015,457.7609
20240530121015,460.84549
20240530122015,550.64605
20240530123015,462.33885
20240530124015,375.53169
20240530125015,367.74132
20240530130015,386.39293
20240530131015,383.83366
20240530132015,396.33081
20240530133015,393.47036
20240530134015,402.09667
20240530135015,401.3951
20240530140015,284.9202
20240530141015,266.69268
20240530142015,263.39119
20240530143015,263.192
20240530144015,255.20032
20240530145015,259.68734
20240530150015,302.94174
20240530151015,317.24364
20240530152015,323.10133
20240530153015,256.38097
20240530154015,237.20243
20240530155015,244.05036
20240530160015,751.02651
20240530161015,890.30108
20240530162015,967.14242
20240530163015,964.30448
20240530164015,932.62259
20240530165015,806.69662
20240605090015,408.10241
20240605091015,256.97718
20240605092015,238.76071
20240605093015,243.20713
20240605094015,367.51525
20240605095015,674.97395
20240605100015,706.54238
20240605101015,628.45116
20240605102015,584.26972
20240605103015,569.93286
20240605104015,541.98261
20240605105015,587.58187
20240605110015,583.38978
20240605111015,537.23746
20240605112015,537.98238
20240605113015,575.3863
20240605114015,520.49163
20240605115015,436.25488
20240605120015,457.7609
20240605121015,460.84549
20240605122015,550.64605
20240605123015,462.33885
20240605124015,375.53169
20240605125015,367.74132
20240605130015,386.39293
20240605131015,383.83366
20240605132015,396.33081
20240605133015,393.47036
20240605134015,402.09667
20240605135015,401.3951
20240605140015,284.9202
20240605141015,266.69268
20240605142015,263.39119
20240605143015,263.192
20240605144015,255.20032
20240605145015,259.68734
20240605150015,302.94174
20240605151015,317.24364
20240605152015,323.10133
20240605153015,256.38097
20240605154015,237.20243
20240605155015,244.05036
20240605160015,751.02651
20240605161015,890.30108
20240605162015,967.14242
20240605163015,964.30448
20240605164015,932.62259
20240605165015,806.69662
20240704090015,872.51555
20240704091015,350.72104
20240704092015,308.67251
20240704093015,551.68395
20240704094015,798.95296
20240704095015,746.80051
20240704100015,740.04078
20240704101015,757.31723
20240704102015,672.28771
20240704103015,551.60563
20240704104015,506.41722
20240704105015,592.56348
20240704110015,583.38978
20240704111015,537.23746
20240704112015,537.98238
20240704113015,575.3863
20240704114015,520.49163
20240704115015,436.25488
20240704120015,457.7609
20240704121015,460.84549
20240704122015,550.64605
20240704123015,462.33885
20240704124015,375.53169
20240704125015,367.74132
20240704130015,386.39293
20240704131015,383.83366
20240704132015,396.33081
20240704133015,393.47036
20240704134015,402.09667
20240704135015,401.3951
20240704140015,284.9202
20240704141015,266.69268
20240704142015,263.39119
20240704143015,263.192
20240704144015,255.20032
20240704145015,259.68734
20240704150015,302.94174
20240704151015,317.24364
20240704152015,323.10133
20240704153015,256.38097
20240704154015,237.20243
20240704155015,244.05036
20240704160015,751.02651
20240704161015,890.30108
20240704162015,967.14242
20240704163015,964.30448
20240704164015,932.62259
20240704165015,806.69662
20240316090016,598.26118
20240316091016,308.79881
20240316092016,247.14678
20240316093016,427.07526
20240316094016,506.02509
20240316095016,457.59904
20240316100016,547.34301
20240316101016,653.53216
20240316102016,686.82953
20240316103016,558.17798
20240316104016,538.14081
20240316105016,584.73775
20240316110016,583.38978
20240316111016,537.23746
20240316112016,537.98238
20240316113016,575.3863
20240316114016,520.49163
20240316115016,436.25488
20240316120016,457.7609
20240316121016,460.84549
20240316122016,550.64605
20240316123016,462.33885
20240316124016,375.53169
20240316125016,367.74132
20240316130016,386.39293
20240316131016,383.83366
20240316132016,396.33081
20240316133016,393.47036
20240316134016,402.09667
20240316135016,401.3951
20240316140016,284.9202
20240316141016,266.69268
20240316142016,263.39119
20240316143016,263.192
20240316144016,255.20032
20240316145016,259.68734
20240316150016,302.94174
20240316151016,317.24364
20240316152016,323.10133
20240316153016,256.38097
20240316154016,237.20243
20240316155016,244.05036
20240316160016,751.02651
20240316161016,890.30108
20240316162016,967.14242
20240316163016,964.30448
20240316164016,932.62259
20240316165016,806.69662
20240322090016,576.38584
20240322091016,305.19955
20240322092016,249.03892
20240322093016,243.30661
20240322094016,372.65345
20240322095016,490.74121
20240322100016,526.59116
20240322101016,591.50558
20240322102016,639.33687
20240322103016,595.62076
20240322104016,552.28306
20240322105016,588.57147
20240322110016,583.38978
20240322111016,537.23746
20240322112016,537.98238
20240322113016,575.3863
20240322114016,520.49163
20240322115016,436.25488
20240322120016,457.7609
20240322121016,460.84549
20240322122016,550.64605
20240322123016,462.33885
20240322124016,375.53169
20240322125016,367.74132
20240322130016,386.39293
20240322131016,383.83366
20240322132016,396.33081
20240322133016,393.47036
20240322134016,402.09667
20240322135016,401.3951
20240322140016,284.9202
20240322141016,266.69268
20240322142016,263.39119
20240322143016,263.192
20240322144016,255.20032
20240322145016,259.68734
20240322150016,302.94174
20240322151016,317.24364
20240322152016,323.10133
20240322153016,256.38097
20240322154016,237.20243
20240322155016,244.05036
20240322160016,751.02651
20240322161016,890.30108
20240322162016,967.14242
20240322163016,964.30448
20240322164016,932.62259
20240322165016,806.69662
20240414090016,841.14191
20240414091016,246.02468
20240414092016,249.37126
20240414093016,277.781
20240414094016,445.67924
20240414095016,399.4529
20240414100016,686.63475
20240414101016,834.95214
20240414102016,709.86801
20240414103016,565.15761
20240414104016,547.06166
20240414105016,573.25733
20240414110016,583.38978
20240414111016,537.23746
20240414112016,537.98238
20240414113016,575.3863
20240414114016,520.49163
20240414115016,436.25488
20240414120016,457.7609
20240414121016,460.84549
20240414122016,550.64605
20240414123016,462.33885
20240414124016,375.53169
20240414125016,367.74132
20240414130016,386.39293
20240414131016,383.83366
20240414132016,396.33081
20240414133016,393.47036
20240414134016,402.09667
20240414135016,401.3951
20240414140016,284.9202
20240414141016,266.69268
20240414142016,263.39119
20240414143016,263.192
20240414144016,255.20032
20240414145016,259.68734
20240414150016,302.94174
20240414151016,317.24364
20240414152016,323.10133
20240414153016,256.38097
20240414154016,237.20243
20240414155016,244.05036
20240414160016,751.02651
20240414161016,890.30108
20240414162016,967.14242
20240414163016,964.30448
20240414164016,932.62259
20240414165016,806.69662
20240422090016,864.21553
20240422091016,244.9076
20240422092016,249.74169
20240422093016,437.85255
20240422094016,439.6677
20240422095016,374.99579
20240422100016,694.88117
20240422101016,845.9392
20240422102016,706.51239
20240422103016,548.96303
20240422104016,514.47981
20240422105016,580.89387
20240422110016,583.38978
20240422111016,537.23746
20240422112016,537.98238
20240422113016,575.3863
20240422114016,520.49163
20240422115016,436.25488
20240422120016,457.7609
20240422121016,460.84549
20240422122016,550.64605
20240422123016,462.33885
20240422124016,375.53169
20240422125016,367.74132
20240422130016,386.39293
20240422131016,383.83366
20240422132016,396.33081
20240422133016,393.47036
20240422134016,402.09667
20240422135016,401.3951
20240422140016,284.9202
20240422141016,266.69268
20240422142016,263.39119
20240422143016,263.192
20240422144016,255.20032
20240422145016,259.68734
20240422150016,302.94174
20240422151016,317.24364
20240422152016,323.10133
20240422153016,256.38097
20240422154016,237.20243
20240422155016,244.05036
20240422160016,751.02651
20240422161016,890.30108
20240422162016,967.14242
20240422163016,964.30448
20240422164016,932.62259
20240422165016,806.69662
20240513090016,190.77729
20240513091016,241.3476
20240513092016,232.69435
20240513093016,236.14668
20240513094016,330.53725
20240513095016,396.08671
20240513100016,458.41221
20240513101016,592.27203
20240513102016,572.06245
20240513103016,570.4757
20240513104016,569.1837
20240513105016,616.63146
20240513110016,583.38978
20240513111016,537.23746
20240513112016,537.98238
20240513113016,575.3863
20240513114016,520.49163
20240513115016,436.25488
20240513120016,457.7609
20240513121016,460.84549
20240513122016,550.64605
20240513123016,462.33885
20240513124016,375.53169
20240513125016,367.74132
20240513130016,386.39293
20240513131016,383.83366
20240513132016,396.33081
20240513133016,393.47036
20240513134016,402.09667
20240513135016,401.3951
20240513140016,284.9202
20240513141016,266.69268
20240513142016,263.39119
20240513143016,263.192
20240513144016,255.20032
20240513145016,259.68734
20240513150016,302.94174
20240513151016,317.24364
20240513152016,323.10133
20240513153016,256.38097
20240513154016,237.20243
20240513155016,244.05036
20240513160016,751.02651
20240513161016,890.30108
20240513162016,967.14242
20240513163016,964.30448
20240513164016,932.62259
20240513165016,806.69662
20240517090016,825.69166
20240517091016,520.12628
20240517092016,383.09978
20240517093016,254.9503
20240517094016,780.76707
20240517095016,399.65081
20240517100016,562.30221
20240517101016,736.35096
20240517102016,630.11158
20240517103016,545.4662
20240517104016,518.85258
20240517105016,621.87792
20240517110016,583.38978
20240517111016,537.23746
20240517112016,537.98238
20240517113016,575.3863
20240517114016,520.49163
20240517115016,436.25488
20240517120016,457.7609
20240517121016,460.84549
20240517122016,550.64605
20240517123016,462.33885
20240517124016,375.53169
20240517125016,367.74132
20240517130016,386.39293
20240517131016,383.83366
20240517132016,396.33081
20240517133016,393.47036
20240517134016,402.09667
20240517135016,401.3951
20240517140016,284.9202
20240517141016,266.69268
20240517142016,263.39119
20240517143016,263.192
20240517144016,255.20032
20240517145016,259.68734
20240517150016,302.94174
20240517151016,317.24364
20240517152016,323.10133
20240517153016,256.38097
20240517154016,237.20243
20240517155016,244.05036
20240517160016,751.02651
20240517161016,890.30108
20240517162016,967.14242
20240517163016,964.30448
20240517164016,932.62259
20240517165016,806.69662
20240519090016,237.50465
20240519091016,232.09845
20240519092016,251.70133
20240519093016,245.52537
20240519094016,256.35246
20240519095016,540.77811
20240519100016,680.37478
20240519101016,708.69226
20240519102016,607.51944
20240519103016,585.25423
20240519104016,557.47414
20240519105016,598.72764
20240519110016,583.38978
20240519111016,537.23746
20240519112016,537.98238
20240519113016,575.3863
20240519114016,520.49163
20240519115016,436.25488
20240519120016,457.7609
20240519121016,460.84549
20240519122016,550.64605
20240519123016,462.33885
20240519124016,375.53169
20240519125016,367.74132
20240519130016,386.39293
20240519131016,383.83366
20240519132016,396.33081
20240519133016,393.47036
20240519134016,402.09667
20240519135016,401.3951
20240519140016,284.9202
20240519141016,266.69268
20240519142016,263.39119
20240519143016,263.192
20240519144016,255.20032
20240519145016,259.68734
20240519150016,302.94174
20240519151016,317.24364
20240519152016,323.10133
20240519153016,256.38097
20240519154016,237.20243
20240519155016,244.05036
20240519160016,751.02651
20240519161016,890.30108
20240519162016,967.14242
20240519163016,964.30448
20240519164016,932.62259
20240519165016,806.69662
20240608090016,741.27881
20240608091016,240.70805
20240608092016,285.85214
20240608093016,526.92484
20240608094016,542.14334
20240608095016,513.59246
20240608100016,840.95524
20240608101016,704.25133
20240608102016,637.02023
20240608103016,567.85482
20240608104016,540.0884
20240608105016,587.4375
20240608110016,583.38978
20240608111016,537.23746
20240608112016,537.98238
20240608113016,575.3863
20240608114016,520.49163
20240608115016,436.25488
20240608120016,457.7609
20240608121016,460.84549
20240608122016,550.64605
20240608123016,462.33885
20240608124016,375.53169
20240608125016,367.74132
20240608130016,386.39293
20240608131016,383.83366
20240608132016,396.33081
20240608133016,393.47036
20240608134016,402.09667
20240608135016,401.3951
20240608140016,284.9202
20240608141016,266.69268
20240608142016,263.39119
20240608143016,263.192
20240608144016,255.20032
20240608145016,259.68734
20240608150016,302.94174
20240608151016,317.24364
20240608152016,323.10133
20240608153016,256.38097
20240608154016,237.20243
20240608155016,244.05036
20240608160016,751.02651
20240608161016,890.30108
20240608162016,967.14242
20240608163016,964.30448
20240608164016,932.62259
20240608165016,806.69662
20240629090016,899.43883
20240629091016,253.02653
20240629092016,316.56847
20240629093016,670.42354
20240629094016,829.90148
20240629095016,614.76129
20240629100016,781.01851
20240629101016,753.46063
20240629102016,670.38126
20240629103016,550.0686
20240629104016,506.85125
20240629105016,593.02333
20240629110016,583.38978
20240629111016,537.23746
20240629112016,537.98238
20240629113016,575.3863
20240629114016,520.49163
20240629115016,436.25488
20240629120016,457.7609
20240629121016,460.84549
20240629122016,550.64605
20240629123016,462.33885
20240629124016,375.53169
20240629125016,367.74132
20240629130016,386.39293
20240629131016,383.83366
20240629132016,396.33081
20240629133016,393.47036
20240629134016,402.09667
20240629135016,401.3951
20240629140016,284.9202
20240629141016,266.69268
20240629142016,263.39119
20240629143016,263.192
20240629144016,255.20032
20240629145016,259.68734
20240629150016,302.94174
20240629151016,317.24364
20240629152016,323.10133
20240629153016,256.38097
20240629154016,237.20243
20240629155016,244.05036
20240629160016,751.02651
20240629161016,890.30108
20240629162016,967.14242
20240629163016,964.30448
20240629164016,932.62259
20240629165016,806.69662
20240123090017,207.70046
20240123091017,216.27071
20240123092017,239.37215
20240123093017,253.20041
20240123094017,285.34975
20240123095017,297.80793
20240123100017,326.41327
20240123101017,530.80517
20240123102017,600.33557
20240123103017,591.95521
20240123104017,573.7306
20240123105017,601.47
20240123110017,583.38978
20240123111017,537.23746
20240123112017,537.98238
20240123113017,575.3863
20240123114017,520.49163
20240123115017,436.25488
20240123120017,457.7609
20240123121017,460.84549
20240123122017,550.64605
20240123123017,462.33885
20240123124017,375.53169
20240123125017,367.74132
20240123130017,386.39293
20240123131017,383.83366
20240123132017,396.33081
20240123133017,393.47036
20240123134017,402.09667
20240123135017,401.3951
20240123140017,284.9202
20240123141017,266.69268
20240123142017,263.39119
20240123143017,263.192
20240123144017,255.20032
20240123145017,259.68734
20240123150017,302.94174
20240123151017,317.24364
20240123152017,323.10133
20240123153017,256.38097
20240123154017,237.20243
20240123155017,244.05036
20240123160017,751.02651
20240123161017,890.30108
20240123162017,967.14242
20240123163017,964.30448
20240123164017,932.62259
20240123165017,806.69662
20240129090017,200.84803
20240129091017,228.02523
20240129092017,245.76787
20240129093017,256.62048
20240129094017,296.35866
20240129095017,314.59963
20240129100017,364.78133
20240129101017,561.29323
20240129102017,597.66215
20240129103017,580.06246
20240129104017,578.07238
20240129105017,613.4547
20240129110017,583.38978
20240129111017,537.23746
20240129112017,537.98238
20240129113017,575.3863
20240129114017,520.49163
20240129115017,436.25488
20240129120017,457.7609
20240129121017,460.84549
20240129122017,550.64605
20240129123017,462.33885
20240129124017,375.53169
20240129125017,367.74132
20240129130017,386.39293
20240129131017,383.83366
20240129132017,396.33081
20240129133017,393.47036
20240129134017,402.09667
20240129135017,401.3951
20240129140017,284.9202
20240129141017,266.69268
20240129142017,263.39119
20240129143017,263.192
20240129144017,255.20032
20240129145017,259.68734
20240129150017,302.94174
20240129151017,317.24364
20240129152017,323.10133
20240129153017,256.38097
20240129154017,237.20243
20240129155017,244.05036
20240129160017,751.02651
20240129161017,890.30108
20240129162017,967.14242
20240129163017,964.30448
20240129164017,932.62259
20240129165017,806.69662
20240215090017,845.51166
20240215091017,539.0184
20240215092017,332.05298
20240215093017,323.50028
20240215094017,293.04771
20240215095017,519.60475
20240215100017,683.17217
20240215101017,716.59839
20240215102017,688.74217
20240215103017,512.52961
20240215104017,505.92726
20240215105017,592.14023
20240215110017,583.38978
20240215111017,537.23746
20240215112017,537.98238
20240215113017,575.3863
20240215114017,520.49163
20240215115017,436.25488
20240215120017,457.7609
20240215121017,460.84549
20240215122017,550.64605
20240215123017,462.33885
20240215124017,375.53169
20240215125017,367.74132
20240215130017,386.39293
20240215131017,383.83366
20240215132017,396.33081
20240215133017,393.47036
20240215134017,402.09667
20240215135017,401.3951
20240215140017,284.9202
20240215141017,266.69268
20240215142017,263.39119
20240215143017,263.192
20240215144017,255.20032
20240215145017,259.68734
20240215150017,302.94174
20240215151017,317.24364
20240215152017,323.10133
20240215153017,256.38097
20240215154017,237.20243
20240215155017,244.05036
20240215160017,751.02651
20240215161017,890.30108
20240215162017,967.14242
20240215163017,964.30448
20240215164017,932.62259
20240215165017,806.69662
20240218090017,252.75441
20240218091017,239.75647
20240218092017,242.45258
20240218093017,252.71138
20240218094017,257.62667
20240218095017,489.3517
20240218100017,629.24263
20240218101017,652.38001
20240218102017,613.28696
20240218103017,577.7464
20240218104017,573.11317
20240218105017,613.65196
20240218110017,583.38978
20240218111017,537.23746
20240218112017,537.98238
20240218113017,575.3863
20240218114017,520.49163
20240218115017,436.25488
20240218120017,457.7609
20240218121017,460.84549
20240218122017,550.64605
20240218123017,462.33885
20240218124017,375.53169
20240218125017,367.74132
20240218130017,386.39293
20240218131017,383.83366
20240218132017,396.33081
20240218133017,393.47036
20240218134017,402.09667
20240218135017,401.3951
20240218140017,284.9202
20240218141017,266.69268
20240218142017,263.39119
20240218143017,263.192
20240218144017,255.20032
20240218145017,259.68734
20240218150017,302.94174
20240218151017,317.24364
20240218152017,323.10133
20240218153017,256.38097
20240218154017,237.20243
20240218155017,244.05036
20240218160017,751.02651
20240218161017,890.30108
20240218162017,967.14242
20240218163017,964.30448
20240218164017,932.62259
20240218165017,806.69662
20240305090017,709.1139
20240305091017,447.36935
20240305092017,279.44288
20240305093017,413.82717
20240305094017,766.45853
20240305095017,687.57259
20240305100017,624.53847
20240305101017,714.00497
20240305102017,643.35981
20240305103017,538.60097
20240305104017,507.04378
20240305105017,620.31604
20240305110017,583.38978
20240305111017,537.23746
20240305112017,537.98238
20240305113017,575.3863
20240305114017,520.49163
20240305115017,436.25488
20240305120017,457.7609
20240305121017,460.84549
20240305122017,550.64605
20240305123017,462.33885
20240305124017,375.53169
20240305125017,367.74132
20240305130017,386.39293
20240305131017,383.83366
20240305132017,396.33081
20240305133017,393.47036
20240305134017,402.09667
20240305135017,401.3951
20240305140017,284.9202
20240305141017,266.69268
20240305142017,263.39119
20240305143017,263.192
20240305144017,255.20032
20240305145017,259.68734
20240305150017,302.94174
20240305151017,317.24364
20240305152017,323.10133
20240305153017,256.38097
20240305154017,237.20243
20240305155017,244.05036
20240305160017,751.02651
20240305161017,890.30108
20240305162017,967.14242
20240305163017,964.30448
20240305164017,932.62259
20240305165017,806.69662
20240309090017,239.66571
20240309091017,286.06636
20240309092017,229.31233
20240309093017,234.95111
20240309094017,397.68689
20240309095017,594.67376
20240309100017,385.21182
20240309101017,517.99427
20240309102017,600.76423
20240309103017,586.49541
20240309104017,556.91572
20240309105017,598.11277
20240309110017,583.38978
20240309111017,537.23746
20240309112017,537.98238
20240309113017,575.3863
20240309114017,520.49163
20240309115017,436.25488
20240309120017,457.7609
20240309121017,460.84549
20240309122017,550.64605
20240309123017,462.33885
20240309124017,375.53169
20240309125017,367.74132
20240309130017,386.39293
20240309131017,383.83366
20240309132017,396.33081
20240309133017,393.47036
20240309134017,402.09667
20240309135017,401.3951
20240309140017,284.9202
20240309141017,266.69268
20240309142017,263.39119
20240309143017,263.192
20240309144017,255.20032
20240309145017,259.68734
20240309150017,302.94174
20240309151017,317.24364
20240309152017,323.10133
20240309153017,256.38097
20240309154017,237.20243
20240309155017,244.05036
20240309160017,751.02651
20240309161017,890.30108
20240309162017,967.14242
20240309163017,964.30448
20240309164017,932.62259
20240309165017,806.69662
20240311090017,240.94495
20240311091017,283.84416
20240311092017,233.58897
20240311093017,236.42733
20240311094017,317.18913
20240311095017,519.64849
20240311100017,429.5405
20240311101017,555.89437
20240311102017,600.81288
20240311103017,586.47896
20240311104017,559.24997
20240311105017,603.88444
20240311110017,583.38978
20240311111017,537.23746
20240311112017,537.98238
20240311113017,575.3863
20240311114017,520.49163
20240311115017,436.25488
20240311120017,457.7609
20240311121017,460.84549
20240311122017,550.64605
20240311123017,462.33885
20240311124017,375.53169
20240311125017,367.74132
20240311130017,386.39293
20240311131017,383.83366
20240311132017,396.33081
20240311133017,393.47036
20240311134017,402.09667
20240311135017,401.3951
20240311140017,284.9202
20240311141017,266.69268
20240311142017,263.39119
20240311143017,263.192
20240311144017,255.20032
20240311145017,259.68734
20240311150017,302.94174
20240311151017,317.24364
20240311152017,323.10133
20240311153017,256.38097
20240311154017,237.20243
20240311155017,244.05036
20240311160017,751.02651
20240311161017,890.30108
20240311162017,967.14242
20240311163017,964.30448
20240311164017,932.62259
20240311165017,806.69662
20240403090017,779.24915
20240403091017,259.50456
20240403092017,244.20758
20240403093017,357.76247
20240403094017,617.98805
20240403095017,441.26979
20240403100017,680.16758
20240403101017,761.30704
20240403102017,690.47381
20240403103017,546.56595
20240403104017,507.11074
20240403105017,592.1499
20240403110017,583.38978
20240403111017,537.23746
20240403112017,537.98238
20240403113017,575.3863
20240403114017,520.49163
20240403115017,436.25488
20240403120017,457.7609
20240403121017,460.84549
20240403122017,550.64605
20240403123017,462.33885
20240403124017,375.53169
20240403125017,367.74132
20240403130017,386.39293
20240403131017,383.83366
20240403132017,396.33081
20240403133017,393.47036
20240403134017,402.09667
20240403135017,401.3951
20240403140017,284.9202
20240403141017,266.69268
20240403142017,263.39119
20240403143017,263.192
20240403144017,255.20032
20240403145017,259.68734
20240403150017,302.94174
20240403151017,317.24364
20240403152017,323.10133
20240403153017,256.38097
20240403154017,237.20243
20240403155017,244.05036
20240403160017,751.02651
20240403161017,890.30108
20240403162017,967.14242
20240403163017,964.30448
20240403164017,932.62259
20240403165017,806.69662
20240507090017,715.56316
20240507091017,328.3196
20240507092017,235.50857
20240507093017,244.84742
20240507094017,462.71026
20240507095017,374.19928
20240507100017,648.61546
20240507101017,701.74476
20240507102017,642.88469
20240507103017,545.50274
20240507104017,515.07135
20240507105017,612.44145
20240507110017,583.38978
20240507111017,537.23746
20240507112017,537.98238
20240507113017,575.3863
20240507114017,520.49163
20240507115017,436.25488
20240507120017,457.7609
20240507121017,460.84549
20240507122017,550.64605
20240507123017,462.33885
20240507124017,375.53169
20240507125017,367.74132
20240507130017,386.39293
20240507131017,383.83366
20240507132017,396.33081
20240507133017,393.47036
20240507134017,402.09667
20240507135017,401.3951
20240507140017,284.9202
20240507141017,266.69268
20240507142017,263.39119
20240507143017,263.192
20240507144017,255.20032
20240507145017,259.68734
20240507150017,302.94174
20240507151017,317.24364
20240507152017,323.10133
20240507153017,256.38097
20240507154017,237.20243
20240507155017,244.05036
20240507160017,751.02651
20240507161017,890.30108
20240507162017,967.14242
20240507163017,964.30448
20240507164017,932.62259
20240507165017,806.69662
20240528090017,189.53591
20240528091017,228.01317
20240528092017,232.95227
20240528093017,236.0366
20240528094017,330.27126
20240528095017,397.00479
20240528100017,464.96085
20240528101017,599.78969
20240528102017,572.11168
20240528103017,570.87658
20240528104017,569.1837
20240528105017,616.63146
20240528110017,583.38978
20240528111017,537.23746
20240528112017,537.98238
20240528113017,575.3863
20240528114017,520.49163
20240528115017,436.25488
20240528120017,457.7609
20240528121017,460.84549
20240528122017,550.64605
20240528123017,462.33885
20240528124017,375.53169
20240528125017,367.74132
20240528130017,386.39293
20240528131017,383.83366
20240528132017,396.33081
20240528133017,393.47036
20240528134017,402.09667
20240528135017,401.3951
20240528140017,284.9202
20240528141017,266.69268
20240528142017,263.39119
20240528143017,263.192
20240528144017,255.20032
20240528145017,259.68734
20240528150017,302.94174
20240528151017,317.24364
20240528152017,323.10133
20240528153017,256.38097
20240528154017,237.20243
20240528155017,244.05036
20240528160017,751.02651
20240528161017,890.30108
20240528162017,967.14242
20240528163017,964.30448
20240528164017,932.62259
20240528165017,806.69662
20240614090017,209.33786
20240614091017,262.80211
20240614092017,241.89352
20240614093017,242.63983
20240614094017,296.5466
20240614095017,495.02394
20240614100017,456.9874
20240614101017,563.61871
20240614102017,559.59569
20240614103017,554.04215
20240614104017,556.33765
20240614105017,613.29766
20240614110017,583.38978
20240614111017,537.23746
20240614112017,537.98238
20240614113017,575.3863
20240614114017,520.49163
20240614115017,436.25488
20240614120017,457.7609
20240614121017,460.84549
20240614122017,550.64605
20240614123017,462.33885
20240614124017,375.53169
20240614125017,367.74132
20240614130017,386.39293
20240614131017,383.83366
20240614132017,396.33081
20240614133017,393.47036
20240614134017,402.09667
20240614135017,401.3951
20240614140017,284.9202
20240614141017,266.69268
20240614142017,263.39119
20240614143017,263.192
20240614144017,255.20032
20240614145017,259.68734
20240614150017,302.94174
20240614151017,317.24364
20240614152017,323.10133
20240614153017,256.38097
20240614154017,237.20243
20240614155017,244.05036
20240614160017,751.02651
20240614161017,890.30108
20240614162017,967.14242
20240614163017,964.30448
20240614164017,932.62259
20240614165017,806.69662
20240619090017,442.93151
20240619091017,244.38122
20240619092017,226.06436
20240619093017,308.23086
20240619094017,541.06514
20240619095017,537.47199
20240619100017,675.81315
20240619101017,704.36599
20240619102017,675.06622
20240619103017,558.38216
20240619104017,537.07788
20240619105017,575.57475
20240619110017,583.38978
20240619111017,537.23746
20240619112017,537.98238
20240619113017,575.3863
20240619114017,520.49163
20240619115017,436.25488
20240619120017,457.7609
20240619121017,460.84549
20240619122017,550.64605
20240619123017,462.33885
20240619124017,375.53169
20240619125017,367.74132
20240619130017,386.39293
20240619131017,383.83366
20240619132017,396.33081
20240619133017,393.47036
20240619134017,402.09667
20240619135017,401.3951
20240619140017,284.9202
20240619141017,266.69268
20240619142017,263.39119
20240619143017,263.192
20240619144017,255.20032
20240619145017,259.68734
20240619150017,302.94174
20240619151017,317.24364
20240619152017,323.10133
20240619153017,256.38097
20240619154017,237.20243
20240619155017,244.05036
20240619160017,751.02651
20240619161017,890.30108
20240619162017,967.14242
20240619163017,964.30448
20240619164017,932.62259
20240619165017,806.69662
20240627090017,597.77271
20240627091017,235.30032
20240627092017,225.91129
20240627093017,324.35275
20240627094017,654.96317
20240627095017,435.74889
20240627100017,709.50949
20240627101017,761.89878
20240627102017,682.69968
20240627103017,553.1181
20240627104017,515.27259
20240627105017,576.15586
20240627110017,583.38978
20240627111017,537.23746
20240627112017,537.98238
20240627113017,575.3863
20240627114017,520.49163
20240627115017,436.25488
20240627120017,457.7609
20240627121017,460.84549
20240627122017,550.64605
20240627123017,462.33885
20240627124017,375.53169
20240627125017,367.74132
20240627130017,386.39293
20240627131017,383.83366
20240627132017,396.33081
20240627133017,393.47036
20240627134017,402.09667
20240627135017,401.3951
20240627140017,284.9202
20240627141017,266.69268
20240627142017,263.39119
20240627143017,263.192
20240627144017,255.20032
20240627145017,259.68734
20240627150017,302.94174
20240627151017,317.24364
20240627152017,323.10133
20240627153017,256.38097
20240627154017,237.20243
20240627155017,244.05036
20240627160017,751.02651
20240627161017,890.30108
20240627162017,967.14242
20240627163017,964.30448
20240627164017,932.62259
20240627165017,806.69662
20240629090017,646.23096
20240629091017,233.38201
20240629092017,225.18991
20240629093017,328.50931
20240629094017,659.18563
20240629095017,453.11089
20240629100017,695.38108
20240629101017,762.70437
20240629102017,682.64426
20240629103017,550.59959
20240629104017,513.74184
20240629105017,581.50253
20240629110017,583.38978
20240629111017,537.23746
20240629112017,537.98238
20240629113017,575.3863
20240629114017,520.49163
20240629115017,436.25488
20240629120017,457.7609
20240629121017,460.84549
20240629122017,550.64605
20240629123017,462.33885
20240629124017,375.53169
20240629125017,367.74132
20240629130017,386.39293
20240629131017,383.83366
20240629132017,396.33081
20240629133017,393.47036
20240629134017,402.09667
20240629135017,401.3951
20240629140017,284.9202
20240629141017,266.69268
20240629142017,263.39119
20240629143017,263.192
20240629144017,255.20032
20240629145017,259.68734
20240629150017,302.94174
20240629151017,317.24364
20240629152017,323.10133
20240629153017,256.38097
20240629154017,237.20243
20240629155017,244.05036
20240629160017,751.02651
20240629161017,890.30108
20240629162017,967.14242
20240629163017,964.30448
20240629164017,932.62259
20240629165017,806.69662
20240704090017,739.23634
20240704091017,338.96007
20240704092017,284.00609
20240704093017,462.26917
20240704094017,762.95703
20240704095017,683.40825
20240704100017,690.97074
20240704101017,758.93535
20240704102017,673.07139
20240704103017,549.86747
20240704104017,506.63373
20240704105017,585.22192
20240704110017,583.38978
20240704111017,537.23746
20240704112017,537.98238
20240704113017,575.3863
20240704114017,520.49163
20240704115017,436.25488
20240704120017,457.7609
20240704121017,460.84549
20240704122017,550.64605
20240704123017,462.33885
20240704124017,375.53169
20240704125017,367.74132
20240704130017,386.39293
20240704131017,383.83366
20240704132017,396.33081
20240704133017,393.47036
20240704134017,402.09667
20240704135017,401.3951
20240704140017,284.9202
20240704141017,266.69268
20240704142017,263.39119
20240704143017,263.192
20240704144017,255.20032
20240704145017,259.68734
20240704150017,302.94174
20240704151017,317.24364
20240704152017,323.10133
20240704153017,256.38097
20240704154017,237.20243
20240704155017,244.05036
20240704160017,751.02651
20240704161017,890.30108
20240704162017,967.14242
20240704163017,964.30448
20240704164017,932.62259
20240704165017,806.69662
20240706090017,741.89342
20240706091017,356.10362
20240706092017,284.28565
20240706093017,464.54999
20240706094017,759.80685
20240706095017,688.01903
20240706100017,690.07519
20240706101017,760.37457
20240706102017,673.50159
20240706103017,549.86747
20240706104017,506.49933
20240706105017,585.22192
20240706110017,583.38978
20240706111017,537.23746
20240706112017,537.98238
20240706113017,575.3863
20240706114017,520.49163
20240706115017,436.25488
20240706120017,457.7609
20240706121017,460.84549
20240706122017,550.64605
20240706123017,462.33885
20240706124017,375.53169
20240706125017,367.74132
20240706130017,386.39293
20240706131017,383.83366
20240706132017,396.33081
20240706133017,393.47036
20240706134017,402.09667
20240706135017,401.3951
20240706140017,284.9202
20240706141017,266.69268
20240706142017,263.39119
20240706143017,263.192
20240706144017,255.20032
20240706145017,259.68734
20240706150017,302.94174
20240706151017,317.24364
20240706152017,323.10133
20240706153017,256.38097
20240706154017,237.20243
20240706155017,244.05036
20240706160017,751.02651
20240706161017,890.30108
20240706162017,967.14242
20240706163017,964.30448
20240706164017,932.62259
20240706165017,806.69662
20240328090008,205.74225
20240328091008,372.57579
20240328092008,542.10347
20240328093008,418.14012
20240328094008,497.83049
20240328095008,488.34854
20240328100008,481.25774
20240328101008,631.9996
20240328102008,626.34033
20240328103008,503.37933
20240328104008,516.87275
20240328105008,604.14788
20240328110008,583.38978
20240328111008,537.23746
20240328112008,537.98238
20240328113008,575.3863
20240328114008,520.49163
20240328115008,436.25488
20240328120008,457.7609
20240328121008,460.84549
20240328122008,550.64605
20240328123008,462.33885
20240328124008,375.53169
20240328125008,367.74132
20240328130008,386.39293
20240328131008,383.83366
20240328132008,396.33081
20240328133008,393.47036
20240328134008,402.09667
20240328135008,401.3951
20240328140008,284.9202
20240328141008,266.69268
20240328142008,263.39119
20240328143008,263.192
20240328144008,255.20032
20240328145008,259.68734
20240328150008,302.94174
20240328151008,317.24364
20240328152008,323.10133
20240328153008,256.38097
20240328154008,237.20243
20240328155008,244.05036
20240328160008,751.02651
20240328161008,890.30108
20240328162008,967.14242
20240328163008,964.30448
20240328164008,932.62259
20240328165008,806.69662
20240508090008,226.51707
20240508091008,232.83584
20240508092008,235.20976
20240508093008,244.46645
20240508094008,268.3327
20240508095008,479.90001
20240508100008,564.89057
20240508101008,686.21704
20240508102008,599.155
20240508103008,578.53799
20240508104008,563.11484
20240508105008,609.92493
20240508110008,583.38978
20240508111008,537.23746
20240508112008,537.98238
20240508113008,575.3863
20240508114008,520.49163
20240508115008,436.25488
20240508120008,457.7609
20240508121008,460.84549
20240508122008,550.64605
20240508123008,462.33885
20240508124008,375.53169
20240508125008,367.74132
20240508130008,386.39293
20240508131008,383.83366
20240508132008,396.33081
20240508133008,393.47036
20240508134008,402.09667
20240508135008,401.3951
20240508140008,284.9202
20240508141008,266.69268
20240508142008,263.39119
20240508143008,263.192
20240508144008,255.20032
20240508145008,259.68734
20240508150008,302.94174
20240508151008,317.24364
20240508152008,323.10133
20240508153008,256.38097
20240508154008,237.20243
20240508155008,244.05036
20240508160008,751.02651
20240508161008,890.30108
20240508162008,967.14242
20240508163008,964.30448
20240508164008,932.62259
20240508165008,806.69662
20240521090008,204.04884
20240521091008,233.35977
20240521092008,241.75977
20240521093008,245.68849
20240521094008,300.73958
20240521095008,478.80969
20240521100008,543.99398
20240521101008,685.22821
20240521102008,590.88175
20240521103008,576.14011
20240521104008,567.17961
20240521105008,614.0545
20240521110008,583.38978
20240521111008,537.23746
20240521112008,537.98238
20240521113008,575.3863
20240521114008,520.49163
20240521115008,436.25488
20240521120008,457.7609
20240521121008,460.84549
20240521122008,550.64605
20240521123008,462.33885
20240521124008,375.53169
20240521125008,367.74132
20240521130008,386.39293
20240521131008,383.83366
20240521132008,396.33081
20240521133008,393.47036
20240521134008,402.09667
20240521135008,401.3951
20240521140008,284.9202
20240521141008,266.69268
20240521142008,263.39119
20240521143008,263.192
20240521144008,255.20032
20240521145008,259.68734
20240521150008,302.94174
20240521151008,317.24364
20240521152008,323.10133
20240521153008,256.38097
20240521154008,237.20243
20240521155008,244.05036
20240521160008,751.02651
20240521161008,890.30108
20240521162008,967.14242
20240521163008,964.30448
20240521164008,932.62259
20240521165008,806.69662
20240618090008,235.13812
20240618091008,237.70992
20240618092008,232.67044
20240618093008,231.53544
20240618094008,247.07781
20240618095008,624.16228
20240618100008,637.28662
20240618101008,635.06096
20240618102008,579.53625
20240618103008,576.29604
20240618104008,552.01162
20240618105008,587.45978
20240618110008,583.38978
20240618111008,537.23746
20240618112008,537.98238
20240618113008,575.3863
20240618114008,520.49163
20240618115008,436.25488
20240618120008,457.7609
20240618121008,460.84549
20240618122008,550.64605
20240618123008,462.33885
20240618124008,375.53169
20240618125008,367.74132
20240618130008,386.39293
20240618131008,383.83366
20240618132008,396.33081
20240618133008,393.47036
20240618134008,402.09667
20240618135008,401.3951
20240618140008,284.9202
20240618141008,266.69268
20240618142008,263.39119
20240618143008,263.192
20240618144008,255.20032
20240618145008,259.68734
20240618150008,302.94174
20240618151008,317.24364
20240618152008,323.10133
20240618153008,256.38097
20240618154008,237.20243
20240618155008,244.05036
20240618160008,751.02651
20240618161008,890.30108
20240618162008,967.14242
20240618163008,964.30448
20240618164008,932.62259
20240618165008,806.69662
20240630090008,196.19115
20240630091008,233.609
20240630092008,328.14262
20240630093008,470.03223
20240630094008,486.83644
20240630095008,606.56248
20240630100008,634.32981
20240630101008,630.71881
20240630102008,597.15638
20240630103008,546.63727
20240630104008,555.12368
20240630105008,590.25123
20240630110008,583.38978
20240630111008,537.23746
20240630112008,537.98238
20240630113008,575.3863
20240630114008,520.49163
20240630115008,436.25488
20240630120008,457.7609
20240630121008,460.84549
20240630122008,550.64605
20240630123008,462.33885
20240630124008,375.53169
20240630125008,367.74132
20240630130008,386.39293
20240630131008,383.83366
20240630132008,396.33081
20240630133008,393.47036
20240630134008,402.09667
20240630135008,401.3951
20240630140008,284.9202
20240630141008,266.69268
20240630142008,263.39119
20240630143008,263.192
20240630144008,255.20032
20240630145008,259.68734
20240630150008,302.94174
20240630151008,317.24364
20240630152008,323.10133
20240630153008,256.38097
20240630154008,237.20243
20240630155008,244.05036
20240630160008,751.02651
20240630161008,890.30108
20240630162008,967.14242
20240630163008,964.30448
20240630164008,932.62259
20240630165008,806.69662
20240702090008,195.40027
20240702091008,233.97058
20240702092008,426.08616
20240702093008,394.32011
20240702094008,464.79995
20240702095008,533.89875
20240702100008,630.00496
20240702101008,656.43127
20240702102008,599.52549
20240702103008,547.33508
20240702104008,559.63962
20240702105008,586.31696
20240702110008,583.38978
20240702111008,537.23746
20240702112008,537.98238
20240702113008,575.3863
20240702114008,520.49163
20240702115008,436.25488
20240702120008,457.7609
20240702121008,460.84549
20240702122008,550.64605
20240702123008,462.33885
20240702124008,375.53169
20240702125008,367.74132
20240702130008,386.39293
20240702131008,383.83366
20240702132008,396.33081
20240702133008,393.47036
20240702134008,402.09667
20240702135008,401.3951
20240702140008,284.9202
20240702141008,266.69268
20240702142008,263.39119
20240702143008,263.192
20240702144008,255.20032
20240702145008,259.68734
20240702150008,302.94174
20240702151008,317.24364
20240702152008,323.10133
20240702153008,256.38097
20240702154008,237.20243
20240702155008,244.05036
20240702160008,751.02651
20240702161008,890.30108
20240702162008,967.14242
20240702163008,964.30448
20240702164008,932.62259
20240702165008,806.69662
20240812090008,196.17414
20240812091008,241.12581
20240812092008,423.90876
20240812093008,460.37626
20240812094008,432.41701
20240812095008,558.44064
20240812100008,626.66233
20240812101008,637.32086
20240812102008,598.86411
20240812103008,546.86095
20240812104008,556.75457
20240812105008,587.77428
20240812110008,583.38978
20240812111008,537.23746
20240812112008,537.98238
20240812113008,575.3863
20240812114008,520.49163
20240812115008,436.25488
20240812120008,457.7609
20240812121008,460.84549
20240812122008,550.64605
20240812123008,462.33885
20240812124008,375.53169
20240812125008,367.74132
20240812130008,386.39293
20240812131008,383.83366
20240812132008,396.33081
20240812133008,393.47036
20240812134008,402.09667
20240812135008,401.3951
20240812140008,284.9202
20240812141008,266.69268
20240812142008,263.39119
20240812143008,263.192
20240812144008,255.20032
20240812145008,259.68734
20240812150008,302.94174
20240812151008,317.24364
20240812152008,323.10133
20240812153008,256.38097
20240812154008,237.20243
20240812155008,244.05036
20240812160008,751.02651
20240812161008,890.30108
20240812162008,967.14242
20240812163008,964.30448
20240812164008,932.62259
20240812165008,806.69662
20240828090008,194.7396
20240828091008,232.99792
20240828092008,389.02793
20240828093008,433.49627
20240828094008,435.116
20240828095008,547.79074
20240828100008,629.12346
20240828101008,635.82779
20240828102008,597.6852
20240828103008,547.78758
20240828104008,557.46808
20240828105008,589.6569
20240828110008,583.38978
20240828111008,537.23746
20240828112008,537.98238
20240828113008,575.3863
20240828114008,520.49163
20240828115008,436.25488
20240828120008,457.7609
20240828121008,460.84549
20240828122008,550.64605
20240828123008,462.33885
20240828124008,375.53169
20240828125008,367.74132
20240828130008,386.39293
20240828131008,383.83366
20240828132008,396.33081
20240828133008,393.47036
20240828134008,402.09667
20240828135008,401.3951
20240828140008,284.9202
20240828141008,266.69268
20240828142008,263.39119
20240828143008,263.192
20240828144008,255.20032
20240828145008,259.68734
20240828150008,302.94174
20240828151008,317.24364
20240828152008,323.10133
20240828153008,256.38097
20240828154008,237.20243
20240828155008,244.05036
20240828160008,751.02651
20240828161008,890.30108
20240828162008,967.14242
20240828163008,964.30448
20240828164008,932.62259
20240828165008,806.69662
20240307090010,195.79848
20240307091010,280.71523
20240307092010,231.37127
20240307093010,240.27302
20240307094010,432.68133
20240307095010,437.95014
20240307100010,298.05723
20240307101010,490.5785
20240307102010,567.86632
20240307103010,566.43535
20240307104010,562.42052
20240307105010,622.24305
20240307110010,583.38978
20240307111010,537.23746
20240307112010,537.98238
20240307113010,575.3863
20240307114010,520.49163
20240307115010,436.25488
20240307120010,457.7609
20240307121010,460.84549
20240307122010,550.64605
20240307123010,462.33885
20240307124010,375.53169
20240307125010,367.74132
20240307130010,386.39293
20240307131010,383.83366
20240307132010,396.33081
20240307133010,393.47036
20240307134010,402.09667
20240307135010,401.3951
20240307140010,284.9202
20240307141010,266.69268
20240307142010,263.39119
20240307143010,263.192
20240307144010,255.20032
20240307145010,259.68734
20240307150010,302.94174
20240307151010,317.24364
20240307152010,323.10133
20240307153010,256.38097
20240307154010,237.20243
20240307155010,244.05036
20240307160010,751.02651
20240307161010,890.30108
20240307162010,967.14242
20240307163010,964.30448
20240307164010,932.62259
20240307165010,806.69662
20240310090010,195.87258
20240310091010,242.02626
20240310092010,227.28093
20240310093010,236.29392
20240310094010,436.44353
20240310095010,546.6239
20240310100010,303.16821
20240310101010,480.21317
20240310102010,572.16435
20240310103010,569.24136
20240310104010,555.08961
20240310105010,616.65393
20240310110010,583.38978
20240310111010,537.23746
20240310112010,537.98238
20240310113010,575.3863
20240310114010,520.49163
20240310115010,436.25488
20240310120010,457.7609
20240310121010,460.84549
20240310122010,550.64605
20240310123010,462.33885
20240310124010,375.53169
20240310125010,367.74132
20240310130010,386.39293
20240310131010,383.83366
20240310132010,396.33081
20240310133010,393.47036
20240310134010,402.09667
20240310135010,401.3951
20240310140010,284.9202
20240310141010,266.69268
20240310142010,263.39119
20240310143010,263.192
20240310144010,255.20032
20240310145010,259.68734
20240310150010,302.94174
20240310151010,317.24364
20240310152010,323.10133
20240310153010,256.38097
20240310154010,237.20243
20240310155010,244.05036
20240310160010,751.02651
20240310161010,890.30108
20240310162010,967.14242
20240310163010,964.30448
20240310164010,932.62259
20240310165010,806.69662
20240423090010,216.96144
20240423091010,235.64297
20240423092010,239.87668
20240423093010,244.99805
20240423094010,276.83886
20240423095010,487.25364
20240423100010,636.08359
20240423101010,705.04066
20240423102010,598.04617
20240423103010,579.37615
20240423104010,562.33944
20240423105010,609.92493
20240423110010,583.38978
20240423111010,537.23746
20240423112010,537.98238
20240423113010,575.3863
20240423114010,520.49163
20240423115010,436.25488
20240423120010,457.7609
20240423121010,460.84549
20240423122010,550.64605
20240423123010,462.33885
20240423124010,375.53169
20240423125010,367.74132
20240423130010,386.39293
20240423131010,383.83366
20240423132010,396.33081
20240423133010,393.47036
20240423134010,402.09667
20240423135010,401.3951
20240423140010,284.9202
20240423141010,266.69268
20240423142010,263.39119
20240423143010,263.192
20240423144010,255.20032
20240423145010,259.68734
20240423150010,302.94174
20240423151010,317.24364
20240423152010,323.10133
20240423153010,256.38097
20240423154010,237.20243
20240423155010,244.05036
20240423160010,751.02651
20240423161010,890.30108
20240423162010,967.14242
20240423163010,964.30448
20240423164010,932.62259
20240423165010,806.69662
20240519090010,213.6234
20240519091010,234.87045
20240519092010,241.16641
20240519093010,252.06675
20240519094010,293.73057
20240519095010,480.7525
20240519100010,561.95596
20240519101010,699.58753
20240519102010,597.18005
20240519103010,577.25177
20240519104010,564.32889
20240519105010,613.11308
20240519110010,583.38978
20240519111010,537.23746
20240519112010,537.98238
20240519113010,575.3863
20240519114010,520.49163
20240519115010,436.25488
20240519120010,457.7609
20240519121010,460.84549
20240519122010,550.64605
20240519123010,462.33885
20240519124010,375.53169
20240519125010,367.74132
20240519130010,386.39293
20240519131010,383.83366
20240519132010,396.33081
20240519133010,393.47036
20240519134010,402.09667
20240519135010,401.3951
20240519140010,284.9202
20240519141010,266.69268
20240519142010,263.39119
20240519143010,263.192
20240519144010,255.20032
20240519145010,259.68734
20240519150010,302.94174
20240519151010,317.24364
20240519152010,323.10133
20240519153010,256.38097
20240519154010,237.20243
20240519155010,244.05036
20240519160010,751.02651
20240519161010,890.30108
20240519162010,967.14242
20240519163010,964.30448
20240519164010,932.62259
20240519165010,806.69662
20240619090010,456.11743
20240619091010,263.57463
20240619092010,255.46146
20240619093010,299.46685
20240619094010,544.66306
20240619095010,622.09991
20240619100010,584.06075
20240619101010,681.2576
20240619102010,659.84784
20240619103010,559.65171
20240619104010,541.4145
20240619105010,575.93769
20240619110010,583.38978
20240619111010,537.23746
20240619112010,537.98238
20240619113010,575.3863
20240619114010,520.49163
20240619115010,436.25488
20240619120010,457.7609
20240619121010,460.84549
20240619122010,550.64605
20240619123010,462.33885
20240619124010,375.53169
20240619125010,367.74132
20240619130010,386.39293
20240619131010,383.83366
20240619132010,396.33081
20240619133010,393.47036
20240619134010,402.09667
20240619135010,401.3951
20240619140010,284.9202
20240619141010,266.69268
20240619142010,263.39119
20240619143010,263.192
20240619144010,255.20032
20240619145010,259.68734
20240619150010,302.94174
20240619151010,317.24364
20240619152010,323.10133
20240619153010,256.38097
20240619154010,237.20243
20240619155010,244.05036
20240619160010,751.02651
20240619161010,890.30108
20240619162010,967.14242
20240619163010,964.30448
20240619164010,932.62259
20240619165010,806.69662
20240711090010,639.12795
20240711091010,583.24649
20240711092010,396.16301
20240711093010,302.93575
20240711094010,625.40336
20240711095010,674.8728
20240711100010,719.0181
20240711101010,768.39989
20240711102010,641.56749
20240711103010,536.68661
20240711104010,500.68832
20240711105010,596.33462
20240711110010,583.38978
20240711111010,537.23746
20240711112010,537.98238
20240711113010,575.3863
20240711114010,520.49163
20240711115010,436.25488
20240711120010,457.7609
20240711121010,460.84549
20240711122010,550.64605
20240711123010,462.33885
20240711124010,375.53169
20240711125010,367.74132
20240711130010,386.39293
20240711131010,383.83366
20240711132010,396.33081
20240711133010,393.47036
20240711134010,402.09667
20240711135010,401.3951
20240711140010,284.9202
20240711141010,266.69268
20240711142010,263.39119
20240711143010,263.192
20240711144010,255.20032
20240711145010,259.68734
20240711150010,302.94174
20240711151010,317.24364
20240711152010,323.10133
20240711153010,256.38097
20240711154010,237.20243
20240711155010,244.05036
20240711160010,751.02651
20240711161010,890.30108
20240711162010,967.14242
20240711163010,964.30448
20240711164010,932.62259
20240711165010,806.69662
20240207090017,210.90628
20240207091017,252.05832
20240207092017,262.21407
20240207093017,283.00209
20240207094017,361.61298
20240207095017,405.97755
20240207100017,462.80659
20240207101017,627.79856
20240207102017,590.3943
20240207103017,577.36662
20240207104017,581.46535
20240207105017,622.75711
20240207110017,583.38978
20240207111017,537.23746
20240207112017,537.98238
20240207113017,575.3863
20240207114017,520.49163
20240207115017,436.25488
20240207120017,457.7609
20240207121017,460.84549
20240207122017,550.64605
20240207123017,462.33885
20240207124017,375.53169
20240207125017,367.74132
20240207130017,386.39293
20240207131017,383.83366
20240207132017,396.33081
20240207133017,393.47036
20240207134017,402.09667
20240207135017,401.3951
20240207140017,284.9202
20240207141017,266.69268
20240207142017,263.39119
20240207143017,263.192
20240207144017,255.20032
20240207145017,259.68734
20240207150017,302.94174
20240207151017,317.24364
20240207152017,323.10133
20240207153017,256.38097
20240207154017,237.20243
20240207155017,244.05036
20240207160017,751.02651
20240207161017,890.30108
20240207162017,967.14242
20240207163017,964.30448
20240207164017,932.62259
20240207165017,806.69662
20240224090017,201.17095
20240224091017,228.35524
20240224092017,246.80129
20240224093017,254.64149
20240224094017,299.78001
20240224095017,365.34662
20240224100017,459.50055
20240224101017,595.26227
20240224102017,600.58706
20240224103017,587.27924
20240224104017,579.05528
20240224105017,610.99793
20240224110017,583.38978
20240224111017,537.23746
20240224112017,537.98238
20240224113017,575.3863
20240224114017,520.49163
20240224115017,436.25488
20240224120017,457.7609
20240224121017,460.84549
20240224122017,550.64605
20240224123017,462.33885
20240224124017,375.53169
20240224125017,367.74132
20240224130017,386.39293
20240224131017,383.83366
20240224132017,396.33081
20240224133017,393.47036
20240224134017,402.09667
20240224135017,401.3951
20240224140017,284.9202
20240224141017,266.69268
20240224142017,263.39119
20240224143017,263.192
20240224144017,255.20032
20240224145017,259.68734
20240224150017,302.94174
20240224151017,317.24364
20240224152017,323.10133
20240224153017,256.38097
20240224154017,237.20243
20240224155017,244.05036
20240224160017,751.02651
20240224161017,890.30108
20240224162017,967.14242
20240224163017,964.30448
20240224164017,932.62259
20240224165017,806.69662
20240318090017,202.11602
20240318091017,242.39567
20240318092017,229.18996
20240318093017,233.68223
20240318094017,320.80929
20240318095017,442.9383
20240318100017,377.81716
20240318101017,546.01853
20240318102017,585.19882
20240318103017,578.68598
20240318104017,562.16688
20240318105017,612.77304
20240318110017,583.38978
20240318111017,537.23746
20240318112017,537.98238
20240318113017,575.3863
20240318114017,520.49163
20240318115017,436.25488
20240318120017,457.7609
20240318121017,460.84549
20240318122017,550.64605
20240318123017,462.33885
20240318124017,375.53169
20240318125017,367.74132
20240318130017,386.39293
20240318131017,383.83366
20240318132017,396.33081
20240318133017,393.47036
20240318134017,402.09667
20240318135017,401.3951
20240318140017,284.9202
20240318141017,266.69268
20240318142017,263.39119
20240318143017,263.192
20240318144017,255.20032
20240318145017,259.68734
20240318150017,302.94174
20240318151017,317.24364
20240318152017,323.10133
20240318153017,256.38097
20240318154017,237.20243
20240318155017,244.05036
20240318160017,751.02651
20240318161017,890.30108
20240318162017,967.14242
20240318163017,964.30448
20240318164017,932.62259
20240318165017,806.69662
20240509090017,214.11748
20240509091017,238.50248
20240509092017,230.55237
20240509093017,242.23095
20240509094017,268.29034
20240509095017,448.69199
20240509100017,499.71842
20240509101017,640.47152
20240509102017,596.45891
20240509103017,578.53799
20240509104017,563.11484
20240509105017,610.65583
20240509110017,583.38978
20240509111017,537.23746
20240509112017,537.98238
20240509113017,575.3863
20240509114017,520.49163
20240509115017,436.25488
20240509120017,457.7609
20240509121017,460.84549
20240509122017,550.64605
20240509123017,462.33885
20240509124017,375.53169
20240509125017,367.74132
20240509130017,386.39293
20240509131017,383.83366
20240509132017,396.33081
20240509133017,393.47036
20240509134017,402.09667
20240509135017,401.3951
20240509140017,284.9202
20240509141017,266.69268
20240509142017,263.39119
20240509143017,263.192
20240509144017,255.20032
20240509145017,259.68734
20240509150017,302.94174
20240509151017,317.24364
20240509152017,323.10133
20240509153017,256.38097
20240509154017,237.20243
20240509155017,244.05036
20240509160017,751.02651
20240509161017,890.30108
20240509162017,967.14242
20240509163017,964.30448
20240509164017,932.62259
20240509165017,806.69662
20240602090017,204.97902
20240602091017,304.99905
20240602092017,241.33228
20240602093017,235.69811
20240602094017,301.43461
20240602095017,523.51544
20240602100017,486.56192
20240602101017,580.27266
20240602102017,565.96677
20240602103017,560.96876
20240602104017,556.9616
20240602105017,612.41833
20240602110017,583.38978
20240602111017,537.23746
20240602112017,537.98238
20240602113017,575.3863
20240602114017,520.49163
20240602115017,436.25488
20240602120017,457.7609
20240602121017,460.84549
20240602122017,550.64605
20240602123017,462.33885
20240602124017,375.53169
20240602125017,367.74132
20240602130017,386.39293
20240602131017,383.83366
20240602132017,396.33081
20240602133017,393.47036
20240602134017,402.09667
20240602135017,401.3951
20240602140017,284.9202
20240602141017,266.69268
20240602142017,263.39119
20240602143017,263.192
20240602144017,255.20032
20240602145017,259.68734
20240602150017,302.94174
20240602151017,317.24364
20240602152017,323.10133
20240602153017,256.38097
20240602154017,237.20243
20240602155017,244.05036
20240602160017,751.02651
20240602161017,890.30108
20240602162017,967.14242
20240602163017,964.30448
20240602164017,932.62259
20240602165017,806.69662
20240604090017,473.79704
20240604091017,323.08628
20240604092017,430.47202
20240604093017,346.90471
20240604094017,742.38295
20240604095017,760.28362
20240604100017,719.26586
20240604101017,656.66454
20240604102017,599.59969
20240604103017,575.02566
20240604104017,518.73112
20240604105017,576.28853
20240604110017,583.38978
20240604111017,537.23746
20240604112017,537.98238
20240604113017,575.3863
20240604114017,520.49163
20240604115017,436.25488
20240604120017,457.7609
20240604121017,460.84549
20240604122017,550.64605
20240604123017,462.33885
20240604124017,375.53169
20240604125017,367.74132
20240604130017,386.39293
20240604131017,383.83366
20240604132017,396.33081
20240604133017,393.47036
20240604134017,402.09667
20240604135017,401.3951
20240604140017,284.9202
20240604141017,266.69268
20240604142017,263.39119
20240604143017,263.192
20240604144017,255.20032
20240604145017,259.68734
20240604150017,302.94174
20240604151017,317.24364
20240604152017,323.10133
20240604153017,256.38097
20240604154017,237.20243
20240604155017,244.05036
20240604160017,751.02651
20240604161017,890.30108
20240604162017,967.14242
20240604163017,964.30448
20240604164017,932.62259
20240604165017,806.69662
20240609090017,660.00682
20240609091017,228.13167
20240609092017,216.52853
20240609093017,374.90679
20240609094017,664.03796
20240609095017,509.23969
20240609100017,774.01939
20240609101017,792.67944
20240609102017,685.91208
20240609103017,557.21938
20240609104017,515.47009
20240609105017,575.40588
20240609110017,583.38978
20240609111017,537.23746
20240609112017,537.98238
20240609113017,575.3863
20240609114017,520.49163
20240609115017,436.25488
20240609120017,457.7609
20240609121017,460.84549
20240609122017,550.64605
20240609123017,462.33885
20240609124017,375.53169
20240609125017,367.74132
20240609130017,386.39293
20240609131017,383.83366
20240609132017,396.33081
20240609133017,393.47036
20240609134017,402.09667
20240609135017,401.3951
20240609140017,284.9202
20240609141017,266.69268
20240609142017,263.39119
20240609143017,263.192
20240609144017,255.20032
20240609145017,259.68734
20240609150017,302.94174
20240609151017,317.24364
20240609152017,323.10133
20240609153017,256.38097
20240609154017,237.20243
20240609155017,244.05036
20240609160017,751.02651
20240609161017,890.30108
20240609162017,967.14242
20240609163017,964.30448
20240609164017,932.62259
20240609165017,806.69662
20240709090017,723.72523
20240709091017,266.52757
20240709092017,234.55509
20240709093017,359.09397
20240709094017,679.43135
20240709095017,567.53211
20240709100017,686.26023
20240709101017,722.27445
20240709102017,680.07898
20240709103017,550.75517
20240709104017,507.20393
20240709105017,585.28268
20240709110017,583.38978
20240709111017,537.23746
20240709112017,537.98238
20240709113017,575.3863
20240709114017,520.49163
20240709115017,436.25488
20240709120017,457.7609
20240709121017,460.84549
20240709122017,550.64605
20240709123017,462.33885
20240709124017,375.53169
20240709125017,367.74132
20240709130017,386.39293
20240709131017,383.83366
20240709132017,396.33081
20240709133017,393.47036
20240709134017,402.09667
20240709135017,401.3951
20240709140017,284.9202
20240709141017,266.69268
20240709142017,263.39119
20240709143017,263.192
20240709144017,255.20032
20240709145017,259.68734
20240709150017,302.94174
20240709151017,317.24364
20240709152017,323.10133
20240709153017,256.38097
20240709154017,237.20243
20240709155017,244.05036
20240709160017,751.02651
20240709161017,890.30108
20240709162017,967.14242
20240709163017,964.30448
20240709164017,932.62259
20240709165017,806.69662
20240106090001,736.0673
20240106091001,471.99537
20240106092001,239.77183
20240106093001,530.96236
20240106094001,522.45149
20240106095001,572.74194
20240106100001,748.53193
20240106101001,783.38306
20240106102001,681.76879
20240106103001,499.26241
20240106104001,503.66919
20240106105001,614.01771
20240106110001,583.38978
20240106111001,537.23746
20240106112001,537.98238
20240106113001,575.3863
20240106114001,520.49163
20240106115001,436.25488
20240106120001,457.7609
20240106121001,460.84549
20240106122001,550.64605
20240106123001,462.33885
20240106124001,375.53169
20240106125001,367.74132
20240106130001,386.39293
20240106131001,383.83366
20240106132001,396.33081
20240106133001,393.47036
20240106134001,402.09667
20240106135001,401.3951
20240106140001,284.9202
20240106141001,266.69268
20240106142001,263.39119
20240106143001,263.192
20240106144001,255.20032
20240106145001,259.68734
20240106150001,302.94174
20240106151001,317.24364
20240106152001,323.10133
20240106153001,256.38097
20240106154001,237.20243
20240106155001,244.05036
20240106160001,751.02651
20240106161001,890.30108
20240106162001,967.14242
20240106163001,964.30448
20240106164001,932.62259
20240106165001,806.69662
20240111090001,211.38298
20240111091001,231.60512
20240111092001,251.07447
20240111093001,275.77956
20240111094001,300.52083
20240111095001,330.72239
20240111100001,361.21713
20240111101001,559.51508
20240111102001,597.66215
20240111103001,579.50413
20240111104001,578.07238
20240111105001,613.79277
20240111110001,583.38978
20240111111001,537.23746
20240111112001,537.98238
20240111113001,575.3863
20240111114001,520.49163
20240111115001,436.25488
20240111120001,457.7609
20240111121001,460.84549
20240111122001,550.64605
20240111123001,462.33885
20240111124001,375.53169
20240111125001,367.74132
20240111130001,386.39293
20240111131001,383.83366
20240111132001,396.33081
20240111133001,393.47036
20240111134001,402.09667
20240111135001,401.3951
20240111140001,284.9202
20240111141001,266.69268
20240111142001,263.39119
20240111143001,263.192
20240111144001,255.20032
20240111145001,259.68734
20240111150001,302.94174
20240111151001,317.24364
20240111152001,323.10133
20240111153001,256.38097
20240111154001,237.20243
20240111155001,244.05036
20240111160001,751.02651
20240111161001,890.30108
20240111162001,967.14242
20240111163001,964.30448
20240111164001,932.62259
20240111165001,806.69662
20240213090001,646.27107
20240213091001,252.55677
20240213092001,223.28685
20240213093001,251.50886
20240213094001,431.01192
20240213095001,564.788
20240213100001,671.9919
20240213101001,700.80456
20240213102001,640.95735
20240213103001,548.86093
20240213104001,540.58298
20240213105001,649.17288
20240213110001,583.38978
20240213111001,537.23746
20240213112001,537.98238
20240213113001,575.3863
20240213114001,520.49163
20240213115001,436.25488
20240213120001,457.7609
20240213121001,460.84549
20240213122001,550.64605
20240213123001,462.33885
20240213124001,375.53169
20240213125001,367.74132
20240213130001,386.39293
20240213131001,383.83366
20240213132001,396.33081
20240213133001,393.47036
20240213134001,402.09667
20240213135001,401.3951
20240213140001,284.9202
20240213141001,266.69268
20240213142001,263.39119
20240213143001,263.192
20240213144001,255.20032
20240213145001,259.68734
20240213150001,302.94174
20240213151001,317.24364
20240213152001,323.10133
20240213153001,256.38097
20240213154001,237.20243
20240213155001,244.05036
20240213160001,751.02651
20240213161001,890.30108
20240213162001,967.14242
20240213163001,964.30448
20240213164001,932.62259
20240213165001,806.69662
20240508090001,282.94499
20240508091001,242.3074
20240508092001,242.43593
20240508093001,246.52937
20240508094001,284.25033
20240508095001,573.48382
20240508100001,713.62553
20240508101001,702.75364
20240508102001,627.98101
20240508103001,590.82928
20240508104001,555.02337
20240508105001,591.91157
20240508110001,583.38978
20240508111001,537.23746
20240508112001,537.98238
20240508113001,575.3863
20240508114001,520.49163
20240508115001,436.25488
20240508120001,457.7609
20240508121001,460.84549
20240508122001,550.64605
20240508123001,462.33885
20240508124001,375.53169
20240508125001,367.74132
20240508130001,386.39293
20240508131001,383.83366
20240508132001,396.33081
20240508133001,393.47036
20240508134001,402.09667
20240508135001,401.3951
20240508140001,284.9202
20240508141001,266.69268
20240508142001,263.39119
20240508143001,263.192
20240508144001,255.20032
20240508145001,259.68734
20240508150001,302.94174
20240508151001,317.24364
20240508152001,323.10133
20240508153001,256.38097
20240508154001,237.20243
20240508155001,244.05036
20240508160001,751.02651
20240508161001,890.30108
20240508162001,967.14242
20240508163001,964.30448
20240508164001,932.62259
20240508165001,806.69662
20240510090001,496.71548
20240510091001,240.66024
20240510092001,273.94827
20240510093001,255.95007
20240510094001,296.43989
20240510095001,479.1855
20240510100001,699.35237
20240510101001,682.91274
20240510102001,605.93342
20240510103001,602.3742
20240510104001,555.75995
20240510105001,593.16691
20240510110001,583.38978
20240510111001,537.23746
20240510112001,537.98238
20240510113001,575.3863
20240510114001,520.49163
20240510115001,436.25488
20240510120001,457.7609
20240510121001,460.84549
20240510122001,550.64605
20240510123001,462.33885
20240510124001,375.53169
20240510125001,367.74132
20240510130001,386.39293
20240510131001,383.83366
20240510132001,396.33081
20240510133001,393.47036
20240510134001,402.09667
20240510135001,401.3951
20240510140001,284.9202
20240510141001,266.69268
20240510142001,263.39119
20240510143001,263.192
20240510144001,255.20032
20240510145001,259.68734
20240510150001,302.94174
20240510151001,317.24364
20240510152001,323.10133
20240510153001,256.38097
20240510154001,237.20243
20240510155001,244.05036
20240510160001,751.02651
20240510161001,890.30108
20240510162001,967.14242
20240510163001,964.30448
20240510164001,932.62259
20240510165001,806.69662
20240524090001,226.80913
20240524091001,234.76726
20240524092001,249.62154
20240524093001,253.99498
20240524094001,310.06552
20240524095001,525.08715
20240524100001,596.91614
20240524101001,711.75639
20240524102001,599.50124
20240524103001,577.42471
20240524104001,563.54305
20240524105001,612.45963
20240524110001,583.38978
20240524111001,537.23746
20240524112001,537.98238
20240524113001,575.3863
20240524114001,520.49163
20240524115001,436.25488
20240524120001,457.7609
20240524121001,460.84549
20240524122001,550.64605
20240524123001,462.33885
20240524124001,375.53169
20240524125001,367.74132
20240524130001,386.39293
20240524131001,383.83366
20240524132001,396.33081
20240524133001,393.47036
20240524134001,402.09667
20240524135001,401.3951
20240524140001,284.9202
20240524141001,266.69268
20240524142001,263.39119
20240524143001,263.192
20240524144001,255.20032
20240524145001,259.68734
20240524150001,302.94174
20240524151001,317.24364
20240524152001,323.10133
20240524153001,256.38097
20240524154001,237.20243
20240524155001,244.05036
20240524160001,751.02651
20240524161001,890.30108
20240524162001,967.14242
20240524163001,964.30448
20240524164001,932.62259
20240524165001,806.69662
20240623090001,726.78984
20240623091001,369.14606
20240623092001,279.36449
20240623093001,429.39488
20240623094001,729.0352
20240623095001,687.76679
20240623100001,685.40719
20240623101001,718.33314
20240623102001,662.2739
20240623103001,550.45706
20240623104001,507.93014
20240623105001,585.22192
20240623110001,583.38978
20240623111001,537.23746
20240623112001,537.98238
20240623113001,575.3863
20240623114001,520.49163
20240623115001,436.25488
20240623120001,457.7609
20240623121001,460.84549
20240623122001,550.64605
20240623123001,462.33885
20240623124001,375.53169
20240623125001,367.74132
20240623130001,386.39293
20240623131001,383.83366
20240623132001,396.33081
20240623133001,393.47036
20240623134001,402.09667
20240623135001,401.3951
20240623140001,284.9202
20240623141001,266.69268
20240623142001,263.39119
20240623143001,263.192
20240623144001,255.20032
20240623145001,259.68734
20240623150001,302.94174
20240623151001,317.24364
20240623152001,323.10133
20240623153001,256.38097
20240623154001,237.20243
20240623155001,244.05036
20240623160001,751.02651
20240623161001,890.30108
20240623162001,967.14242
20240623163001,964.30448
20240623164001,932.62259
20240623165001,806.69662
20240627090001,623.71008
20240627091001,232.59281
20240627092001,224.74849
20240627093001,323.96138
20240627094001,661.17281
20240627095001,437.45393
20240627100001,697.16617
20240627101001,722.14312
20240627102001,682.79314
20240627103001,550.90922
20240627104001,514.4501
20240627105001,577.20804
20240627110001,583.38978
20240627111001,537.23746
20240627112001,537.98238
20240627113001,575.3863
20240627114001,520.49163
20240627115001,436.25488
20240627120001,457.7609
20240627121001,460.84549
20240627122001,550.64605
20240627123001,462.33885
20240627124001,375.53169
20240627125001,367.74132
20240627130001,386.39293
20240627131001,383.83366
20240627132001,396.33081
20240627133001,393.47036
20240627134001,402.09667
20240627135001,401.3951
20240627140001,284.9202
20240627141001,266.69268
20240627142001,263.39119
20240627143001,263.192
20240627144001,255.20032
20240627145001,259.68734
20240627150001,302.94174
20240627151001,317.24364
20240627152001,323.10133
20240627153001,256.38097
20240627154001,237.20243
20240627155001,244.05036
20240627160001,751.02651
20240627161001,890.30108
20240627162001,967.14242
20240627163001,964.30448
20240627164001,932.62259
20240627165001,806.69662
20240713090001,646.11023
20240713091001,228.2842
20240713092001,239.6094
20240713093001,237.94765
20240713094001,534.32833
20240713095001,468.91695
20240713100001,766.0416
20240713101001,759.36163
20240713102001,632.51912
20240713103001,568.87456
20240713104001,542.10114
20240713105001,586.91999
20240713110001,583.38978
20240713111001,537.23746
20240713112001,537.98238
20240713113001,575.3863
20240713114001,520.49163
20240713115001,436.25488
20240713120001,457.7609
20240713121001,460.84549
20240713122001,550.64605
20240713123001,462.33885
20240713124001,375.53169
20240713125001,367.74132
20240713130001,386.39293
20240713131001,383.83366
20240713132001,396.33081
20240713133001,393.47036
20240713134001,402.09667
20240713135001,401.3951
20240713140001,284.9202
20240713141001,266.69268
20240713142001,263.39119
20240713143001,263.192
20240713144001,255.20032
20240713145001,259.68734
20240713150001,302.94174
20240713151001,317.24364
20240713152001,323.10133
20240713153001,256.38097
20240713154001,237.20243
20240713155001,244.05036
20240713160001,751.02651
20240713161001,890.30108
20240713162001,967.14242
20240713163001,964.30448
20240713164001,932.62259
20240713165001,806.69662
20240715090001,653.11764
20240715091001,232.14406
20240715092001,216.15883
20240715093001,479.63197
20240715094001,678.38264
20240715095001,548.81876
20240715100001,693.06998
20240715101001,794.46375
20240715102001,691.65953
20240715103001,568.51748
20240715104001,539.90509
20240715105001,567.79761
20240715110001,583.38978
20240715111001,537.23746
20240715112001,537.98238
20240715113001,575.3863
20240715114001,520.49163
20240715115001,436.25488
20240715120001,457.7609
20240715121001,460.84549
20240715122001,550.64605
20240715123001,462.33885
20240715124001,375.53169
20240715125001,367.74132
20240715130001,386.39293
20240715131001,383.83366
20240715132001,396.33081
20240715133001,393.47036
20240715134001,402.09667
20240715135001,401.3951
20240715140001,284.9202
20240715141001,266.69268
20240715142001,263.39119
20240715143001,263.192
20240715144001,255.20032
20240715145001,259.68734
20240715150001,302.94174
20240715151001,317.24364
20240715152001,323.10133
20240715153001,256.38097
20240715154001,237.20243
20240715155001,244.05036
20240715160001,751.02651
20240715161001,890.30108
20240715162001,967.14242
20240715163001,964.30448
20240715164001,932.62259
20240715165001,806.69662
20240927090004,698.4497
20240927091004,249.80139
20240927092004,251.11618
20240927093004,256.05817
20240927094004,374.14769
20240927095004,399.59621
20240927100004,788.44409
20240927101004,712.79174
20240927102004,638.78611
20240927103004,566.88051
20240927104004,552.84691
20240927105004,610.96434
20240927110004,583.38978
20240927111004,537.23746
20240927112004,537.98238
20240927113004,575.3863
20240927114004,520.49163
20240927115004,436.25488
20240927120004,457.7609
20240927121004,460.84549
20240927122004,550.64605
20240927123004,462.33885
20240927124004,375.53169
20240927125004,367.74132
20240927130004,386.39293
20240927131004,383.83366
20240927132004,396.33081
20240927133004,393.47036
20240927134004,402.09667
20240927135004,401.3951
20240927140004,284.9202
20240927141004,266.69268
20240927142004,263.39119
20240927143004,263.192
20240927144004,255.20032
20240927145004,259.68734
20240927150004,302.94174
20240927151004,317.24364
20240927152004,323.10133
20240927153004,256.38097
20240927154004,237.20243
20240927155004,244.05036
20240927160004,751.02651
20240927161004,890.30108
20240927162004,967.14242
20240927163004,964.30448
20240927164004,932.62259
20240927165004,806.69662
20241018090004,785.52539
20241018091004,317.13884
20241018092004,286.93061
20241018093004,497.2888
20241018094004,652.31664
20241018095004,462.88143
20241018100004,694.54039
20241018101004,779.30387
20241018102004,687.30293
20241018103004,544.02494
20241018104004,506.36585
20241018105004,592.31384
20241018110004,583.38978
20241018111004,537.23746
20241018112004,537.98238
20241018113004,575.3863
20241018114004,520.49163
20241018115004,436.25488
20241018120004,457.7609
20241018121004,460.84549
20241018122004,550.64605
20241018123004,462.33885
20241018124004,375.53169
20241018125004,367.74132
20241018130004,386.39293
20241018131004,383.83366
20241018132004,396.33081
20241018133004,393.47036
20241018134004,402.09667
20241018135004,401.3951
20241018140004,284.9202
20241018141004,266.69268
20241018142004,263.39119
20241018143004,263.192
20241018144004,255.20032
20241018145004,259.68734
20241018150004,302.94174
20241018151004,317.24364
20241018152004,323.10133
20241018153004,256.38097
20241018154004,237.20243
20241018155004,244.05036
20241018160004,751.02651
20241018161004,890.30108
20241018162004,967.14242
20241018163004,964.30448
20241018164004,932.62259
20241018165004,806.69662
20240918090007,190.89711
20240918091007,239.15967
20240918092007,292.70272
20240918093007,249.95348
20240918094007,330.63159
20240918095007,498.35284
20240918100007,528.84181
20240918101007,671.15296
20240918102007,576.6896
20240918103007,573.73817
20240918104007,572.22613
20240918105007,617.00875
20240918110007,583.38978
20240918111007,537.23746
20240918112007,537.98238
20240918113007,575.3863
20240918114007,520.49163
20240918115007,436.25488
20240918120007,457.7609
20240918121007,460.84549
20240918122007,550.64605
20240918123007,462.33885
20240918124007,375.53169
20240918125007,367.74132
20240918130007,386.39293
20240918131007,383.83366
20240918132007,396.33081
20240918133007,393.47036
20240918134007,402.09667
20240918135007,401.3951
20240918140007,284.9202
20240918141007,266.69268
20240918142007,263.39119
20240918143007,263.192
20240918144007,255.20032
20240918145007,259.68734
20240918150007,302.94174
20240918151007,317.24364
20240918152007,323.10133
20240918153007,256.38097
20240918154007,237.20243
20240918155007,244.05036
20240918160007,751.02651
20240918161007,890.30108
20240918162007,967.14242
20240918163007,964.30448
20240918164007,932.62259
20240918165007,806.69662
20240920090007,863.97064
20240920091007,326.65692
20240920092007,358.49476
20240920093007,558.74519
20240920094007,771.49208
20240920095007,488.87362
20240920100007,787.41005
20240920101007,803.50624
20240920102007,685.90732
20240920103007,546.81858
20240920104007,505.98343
20240920105007,599.92084
20240920110007,583.38978
20240920111007,537.23746
20240920112007,537.98238
20240920113007,575.3863
20240920114007,520.49163
20240920115007,436.25488
20240920120007,457.7609
20240920121007,460.84549
20240920122007,550.64605
20240920123007,462.33885
20240920124007,375.53169
20240920125007,367.74132
20240920130007,386.39293
20240920131007,383.83366
20240920132007,396.33081
20240920133007,393.47036
20240920134007,402.09667
20240920135007,401.3951
20240920140007,284.9202
20240920141007,266.69268
20240920142007,263.39119
20240920143007,263.192
20240920144007,255.20032
20240920145007,259.68734
20240920150007,302.94174
20240920151007,317.24364
20240920152007,323.10133
20240920153007,256.38097
20240920154007,237.20243
20240920155007,244.05036
20240920160007,751.02651
20240920161007,890.30108
20240920162007,967.14242
20240920163007,964.30448
20240920164007,932.62259
20240920165007,806.69662
20241016090007,878.72286
20241016091007,254.26619
20241016092007,303.59429
20241016093007,564.37844
20241016094007,817.63075
20241016095007,385.65814
20241016100007,798.91906
20241016101007,841.54359
20241016102007,685.19562
20241016103007,546.27408
20241016104007,513.53191
20241016105007,594.85787
20241016110007,583.38978
20241016111007,537.23746
20241016112007,537.98238
20241016113007,575.3863
20241016114007,520.49163
20241016115007,436.25488
20241016120007,457.7609
20241016121007,460.84549
20241016122007,550.64605
20241016123007,462.33885
20241016124007,375.53169
20241016125007,367.74132
20241016130007,386.39293
20241016131007,383.83366
20241016132007,396.33081
20241016133007,393.47036
20241016134007,402.09667
20241016135007,401.3951
20241016140007,284.9202
20241016141007,266.69268
20241016142007,263.39119
20241016143007,263.192
20241016144007,255.20032
20241016145007,259.68734
20241016150007,302.94174
20241016151007,317.24364
20241016152007,323.10133
20241016153007,256.38097
20241016154007,237.20243
20241016155007,244.05036
20241016160007,751.02651
20241016161007,890.30108
20241016162007,967.14242
20241016163007,964.30448
20241016164007,932.62259
20241016165007,806.69662
20240922090008,222.46954
20240922091008,234.86678
20240922092008,323.80983
20240922093008,253.78575
20240922094008,288.64359
20240922095008,626.92826
20240922100008,707.16029
20240922101008,788.13326
20240922102008,636.88887
20240922103008,591.76038
20240922104008,563.28941
20240922105008,600.58641
20240922110008,583.38978
20240922111008,537.23746
20240922112008,537.98238
20240922113008,575.3863
20240922114008,520.49163
20240922115008,436.25488
20240922120008,457.7609
20240922121008,460.84549
20240922122008,550.64605
20240922123008,462.33885
20240922124008,375.53169
20240922125008,367.74132
20240922130008,386.39293
20240922131008,383.83366
20240922132008,396.33081
20240922133008,393.47036
20240922134008,402.09667
20240922135008,401.3951
20240922140008,284.9202
20240922141008,266.69268
20240922142008,263.39119
20240922143008,263.192
20240922144008,255.20032
20240922145008,259.68734
20240922150008,302.94174
20240922151008,317.24364
20240922152008,323.10133
20240922153008,256.38097
20240922154008,237.20243
20240922155008,244.05036
20240922160008,751.02651
20240922161008,890.30108
20240922162008,967.14242
20240922163008,964.30448
20240922164008,932.62259
20240922165008,806.69662
20240928090008,205.33858
20240928091008,243.37933
20240928092008,333.77165
20240928093008,255.99817
20240928094008,310.45312
20240928095008,562.44786
20240928100008,602.33535
20240928101008,714.46669
20240928102008,597.18114
20240928103008,578.71034
20240928104008,571.00726
20240928105008,615.70916
20240928110008,583.38978
20240928111008,537.23746
20240928112008,537.98238
20240928113008,575.3863
20240928114008,520.49163
20240928115008,436.25488
20240928120008,457.7609
20240928121008,460.84549
20240928122008,550.64605
20240928123008,462.33885
20240928124008,375.53169
20240928125008,367.74132
20240928130008,386.39293
20240928131008,383.83366
20240928132008,396.33081
20240928133008,393.47036
20240928134008,402.09667
20240928135008,401.3951
20240928140008,284.9202
20240928141008,266.69268
20240928142008,263.39119
20240928143008,263.192
20240928144008,255.20032
20240928145008,259.68734
20240928150008,302.94174
20240928151008,317.24364
20240928152008,323.10133
20240928153008,256.38097
20240928154008,237.20243
20240928155008,244.05036
20240928160008,751.02651
20240928161008,890.30108
20240928162008,967.14242
20240928163008,964.30448
20240928164008,932.62259
20240928165008,806.69662
20241011090008,209.035
20241011091008,273.41164
20241011092008,273.34711
20241011093008,260.03999
20241011094008,310.97286
20241011095008,527.61109
20241011100008,569.40646
20241011101008,703.13097
20241011102008,589.18389
20241011103008,576.83211
20241011104008,569.65237
20241011105008,615.76781
20241011110008,583.38978
20241011111008,537.23746
20241011112008,537.98238
20241011113008,575.3863
20241011114008,520.49163
20241011115008,436.25488
20241011120008,457.7609
20241011121008,460.84549
20241011122008,550.64605
20241011123008,462.33885
20241011124008,375.53169
20241011125008,367.74132
20241011130008,386.39293
20241011131008,383.83366
20241011132008,396.33081
20241011133008,393.47036
20241011134008,402.09667
20241011135008,401.3951
20241011140008,284.9202
20241011141008,266.69268
20241011142008,263.39119
20241011143008,263.192
20241011144008,255.20032
20241011145008,259.68734
20241011150008,302.94174
20241011151008,317.24364
20241011152008,323.10133
20241011153008,256.38097
20241011154008,237.20243
20241011155008,244.05036
20241011160008,751.02651
20241011161008,890.30108
20241011162008,967.14242
20241011163008,964.30448
20241011164008,932.62259
20241011165008,806.69662
20241016090008,209.48844
20241016091008,212.91688
20241016092008,363.89479
20241016093008,277.21147
20241016094008,378.34612
20241016095008,388.99352
20241016100008,477.58942
20241016101008,709.03897
20241016102008,609.23828
20241016103008,530.22797
20241016104008,570.37758
20241016105008,592.06552
20241016110008,583.38978
20241016111008,537.23746
20241016112008,537.98238
20241016113008,575.3863
20241016114008,520.49163
20241016115008,436.25488
20241016120008,457.7609
20241016121008,460.84549
20241016122008,550.64605
20241016123008,462.33885
20241016124008,375.53169
20241016125008,367.74132
20241016130008,386.39293
20241016131008,383.83366
20241016132008,396.33081
20241016133008,393.47036
20241016134008,402.09667
20241016135008,401.3951
20241016140008,284.9202
20241016141008,266.69268
20241016142008,263.39119
20241016143008,263.192
20241016144008,255.20032
20241016145008,259.68734
20241016150008,302.94174
20241016151008,317.24364
20241016152008,323.10133
20241016153008,256.38097
20241016154008,237.20243
20241016155008,244.05036
20241016160008,751.02651
20241016161008,890.30108
20241016162008,967.14242
20241016163008,964.30448
20241016164008,932.62259
20241016165008,806.69662
20241018090008,197.07518
20241018091008,265.99161
20241018092008,308.18954
20241018093008,277.91933
20241018094008,331.06691
20241018095008,421.13078
20241018100008,472.73476
20241018101008,685.08903
20241018102008,614.90693
20241018103008,525.83399
20241018104008,557.35152
20241018105008,600.24907
20241018110008,583.38978
20241018111008,537.23746
20241018112008,537.98238
20241018113008,575.3863
20241018114008,520.49163
20241018115008,436.25488
20241018120008,457.7609
20241018121008,460.84549
20241018122008,550.64605
20241018123008,462.33885
20241018124008,375.53169
20241018125008,367.74132
20241018130008,386.39293
20241018131008,383.83366
20241018132008,396.33081
20241018133008,393.47036
20241018134008,402.09667
20241018135008,401.3951
20241018140008,284.9202
20241018141008,266.69268
20241018142008,263.39119
20241018143008,263.192
20241018144008,255.20032
20241018145008,259.68734
20241018150008,302.94174
20241018151008,317.24364
20241018152008,323.10133
20241018153008,256.38097
20241018154008,237.20243
20241018155008,244.05036
20241018160008,751.02651
20241018161008,890.30108
20241018162008,967.14242
20241018163008,964.30448
20241018164008,932.62259
20241018165008,806.69662
20241028090008,223.84993
20241028091008,235.1059
20241028092008,279.43704
20241028093008,254.90375
20241028094008,317.66575
20241028095008,488.94582
20241028100008,579.33335
20241028101008,701.92011
20241028102008,602.11102
20241028103008,579.49258
20241028104008,572.91006
20241028105008,614.88785
20241028110008,583.38978
20241028111008,537.23746
20241028112008,537.98238
20241028113008,575.3863
20241028114008,520.49163
20241028115008,436.25488
20241028120008,457.7609
20241028121008,460.84549
20241028122008,550.64605
20241028123008,462.33885
20241028124008,375.53169
20241028125008,367.74132
20241028130008,386.39293
20241028131008,383.83366
20241028132008,396.33081
20241028133008,393.47036
20241028134008,402.09667
20241028135008,401.3951
20241028140008,284.9202
20241028141008,266.69268
20241028142008,263.39119
20241028143008,263.192
20241028144008,255.20032
20241028145008,259.68734
20241028150008,302.94174
20241028151008,317.24364
20241028152008,323.10133
20241028153008,256.38097
20241028154008,237.20243
20241028155008,244.05036
20241028160008,751.02651
20241028161008,890.30108
20241028162008,967.14242
20241028163008,964.30448
20241028164008,932.62259
20241028165008,806.69662
20240922090009,258.19669
20240922091009,231.82948
20240922092009,283.61376
20240922093009,245.40948
20240922094009,254.7322
20240922095009,523.41993
20240922100009,687.6799
20240922101009,761.59194
20240922102009,643.4343
20240922103009,604.83081
20240922104009,556.51359
20240922105009,585.74815
20240922110009,583.38978
20240922111009,537.23746
20240922112009,537.98238
20240922113009,575.3863
20240922114009,520.49163
20240922115009,436.25488
20240922120009,457.7609
20240922121009,460.84549
20240922122009,550.64605
20240922123009,462.33885
20240922124009,375.53169
20240922125009,367.74132
20240922130009,386.39293
20240922131009,383.83366
20240922132009,396.33081
20240922133009,393.47036
20240922134009,402.09667
20240922135009,401.3951
20240922140009,284.9202
20240922141009,266.69268
20240922142009,263.39119
20240922143009,263.192
20240922144009,255.20032
20240922145009,259.68734
20240922150009,302.94174
20240922151009,317.24364
20240922152009,323.10133
20240922153009,256.38097
20240922154009,237.20243
20240922155009,244.05036
20240922160009,751.02651
20240922161009,890.30108
20240922162009,967.14242
20240922163009,964.30448
20240922164009,932.62259
20240922165009,806.69662
20240928090009,230.2284
20240928091009,237.07121
20240928092009,335.21714
20240928093009,258.30319
20240928094009,289.25893
20240928095009,550.02607
20240928100009,719.23859
20240928101009,696.10825
20240928102009,625.08206
20240928103009,585.48863
20240928104009,557.0723
20240928105009,594.15324
20240928110009,583.38978
20240928111009,537.23746
20240928112009,537.98238
20240928113009,575.3863
20240928114009,520.49163
20240928115009,436.25488
20240928120009,457.7609
20240928121009,460.84549
20240928122009,550.64605
20240928123009,462.33885
20240928124009,375.53169
20240928125009,367.74132
20240928130009,386.39293
20240928131009,383.83366
20240928132009,396.33081
20240928133009,393.47036
20240928134009,402.09667
20240928135009,401.3951
20240928140009,284.9202
20240928141009,266.69268
20240928142009,263.39119
20240928143009,263.192
20240928144009,255.20032
20240928145009,259.68734
20240928150009,302.94174
20240928151009,317.24364
20240928152009,323.10133
20240928153009,256.38097
20240928154009,237.20243
20240928155009,244.05036
20240928160009,751.02651
20240928161009,890.30108
20240928162009,967.14242
20240928163009,964.30448
20240928164009,932.62259
20240928165009,806.69662
20240920090010,664.17876
20240920091010,394.83557
20240920092010,305.04611
20240920093010,311.06495
20240920094010,517.54205
20240920095010,514.02376
20240920100010,613.42203
20240920101010,669.07237
20240920102010,659.60638
20240920103010,534.07694
20240920104010,506.50025
20240920105010,586.10804
20240920110010,583.38978
20240920111010,537.23746
20240920112010,537.98238
20240920113010,575.3863
20240920114010,520.49163
20240920115010,436.25488
20240920120010,457.7609
20240920121010,460.84549
20240920122010,550.64605
20240920123010,462.33885
20240920124010,375.53169
20240920125010,367.74132
20240920130010,386.39293
20240920131010,383.83366
20240920132010,396.33081
20240920133010,393.47036
20240920134010,402.09667
20240920135010,401.3951
20240920140010,284.9202
20240920141010,266.69268
20240920142010,263.39119
20240920143010,263.192
20240920144010,255.20032
20240920145010,259.68734
20240920150010,302.94174
20240920151010,317.24364
20240920152010,323.10133
20240920153010,256.38097
20240920154010,237.20243
20240920155010,244.05036
20240920160010,751.02651
20240920161010,890.30108
20240920162010,967.14242
20240920163010,964.30448
20240920164010,932.62259
20240920165010,806.69662
20240928090010,326.40165
20240928091010,253.3516
20240928092010,282.35343
20240928093010,243.50484
20240928094010,257.11399
20240928095010,679.07185
20240928100010,768.65609
20240928101010,719.81542
20240928102010,608.09404
20240928103010,578.82735
20240928104010,556.37677
20240928105010,591.05078
20240928110010,583.38978
20240928111010,537.23746
20240928112010,537.98238
20240928113010,575.3863
20240928114010,520.49163
20240928115010,436.25488
20240928120010,457.7609
20240928121010,460.84549
20240928122010,550.64605
20240928123010,462.33885
20240928124010,375.53169
20240928125010,367.74132
20240928130010,386.39293
20240928131010,383.83366
20240928132010,396.33081
20240928133010,393.47036
20240928134010,402.09667
20240928135010,401.3951
20240928140010,284.9202
20240928141010,266.69268
20240928142010,263.39119
20240928143010,263.192
20240928144010,255.20032
20240928145010,259.68734
20240928150010,302.94174
20240928151010,317.24364
20240928152010,323.10133
20240928153010,256.38097
20240928154010,237.20243
20240928155010,244.05036
20240928160010,751.02651
20240928161010,890.30108
20240928162010,967.14242
20240928163010,964.30448
20240928164010,932.62259
20240928165010,806.69662
20240919090012,198.46459
20240919091012,280.36586
20240919092012,243.22116
20240919093012,284.19997
20240919094012,428.76404
20240919095012,350.65762
20240919100012,399.54932
20240919101012,638.95973
20240919102012,601.89008
20240919103012,544.86319
20240919104012,566.12545
20240919105012,611.00733
20240919110012,583.38978
20240919111012,537.23746
20240919112012,537.98238
20240919113012,575.3863
20240919114012,520.49163
20240919115012,436.25488
20240919120012,457.7609
20240919121012,460.84549
20240919122012,550.64605
20240919123012,462.33885
20240919124012,375.53169
20240919125012,367.74132
20240919130012,386.39293
20240919131012,383.83366
20240919132012,396.33081
20240919133012,393.47036
20240919134012,402.09667
20240919135012,401.3951
20240919140012,284.9202
20240919141012,266.69268
20240919142012,263.39119
20240919143012,263.192
20240919144012,255.20032
20240919145012,259.68734
20240919150012,302.94174
20240919151012,317.24364
20240919152012,323.10133
20240919153012,256.38097
20240919154012,237.20243
20240919155012,244.05036
20240919160012,751.02651
20240919161012,890.30108
20240919162012,967.14242
20240919163012,964.30448
20240919164012,932.62259
20240919165012,806.69662
20240923090012,200.40565
20240923091012,274.59471
20240923092012,381.53518
20240923093012,255.81093
20240923094012,311.70849
20240923095012,571.1727
20240923100012,571.821
20240923101012,703.4974
20240923102012,582.06405
20240923103012,574.11823
20240923104012,572.07886
20240923105012,616.48405
20240923110012,583.38978
20240923111012,537.23746
20240923112012,537.98238
20240923113012,575.3863
20240923114012,520.49163
20240923115012,436.25488
20240923120012,457.7609
20240923121012,460.84549
20240923122012,550.64605
20240923123012,462.33885
20240923124012,375.53169
20240923125012,367.74132
20240923130012,386.39293
20240923131012,383.83366
20240923132012,396.33081
20240923133012,393.47036
20240923134012,402.09667
20240923135012,401.3951
20240923140012,284.9202
20240923141012,266.69268
20240923142012,263.39119
20240923143012,263.192
20240923144012,255.20032
20240923145012,259.68734
20240923150012,302.94174
20240923151012,317.24364
20240923152012,323.10133
20240923153012,256.38097
20240923154012,237.20243
20240923155012,244.05036
20240923160012,751.02651
20240923161012,890.30108
20240923162012,967.14242
20240923163012,964.30448
20240923164012,932.62259
20240923165012,806.69662
20241002090012,197.30723
20241002091012,221.75087
20241002092012,235.21818
20241002093012,249.99406
20241002094012,330.39299
20241002095012,479.09268
20241002100012,534.12466
20241002101012,679.40561
20241002102012,591.12511
20241002103012,577.84305
20241002104012,570.81882
20241002105012,616.63146
20241002110012,583.38978
20241002111012,537.23746
20241002112012,537.98238
20241002113012,575.3863
20241002114012,520.49163
20241002115012,436.25488
20241002120012,457.7609
20241002121012,460.84549
20241002122012,550.64605
20241002123012,462.33885
20241002124012,375.53169
20241002125012,367.74132
20241002130012,386.39293
20241002131012,383.83366
20241002132012,396.33081
20241002133012,393.47036
20241002134012,402.09667
20241002135012,401.3951
20241002140012,284.9202
20241002141012,266.69268
20241002142012,263.39119
20241002143012,263.192
20241002144012,255.20032
20241002145012,259.68734
20241002150012,302.94174
20241002151012,317.24364
20241002152012,323.10133
20241002153012,256.38097
20241002154012,237.20243
20241002155012,244.05036
20241002160012,751.02651
20241002161012,890.30108
20241002162012,967.14242
20241002163012,964.30448
20241002164012,932.62259
20241002165012,806.69662
