序號,答案
20240117090001,202.75731
20240117091001,199.24849
20240117092001,198.34577
20240117093001,197.63716
20240117094001,200.02512
20240117095001,202.11579
20240117100001,198.18903
20240117101001,197.53679
20240117102001,197.06147
20240117103001,196.2668
20240117104001,194.5645
20240117105001,192.31866
20240117110001,194.89876
20240117111001,194.1663
20240117112001,191.28996
20240117113001,190.86675
20240117114001,190.27313
20240117115001,190.03618
20240117120001,190.03373
20240117121001,188.85744
20240117122001,188.85696
20240117123001,187.85644
20240117124001,187.90144
20240117125001,187.63311
20240117130001,187.26324
20240117131001,187.13341
20240117132001,186.93061
20240117133001,186.40179
20240117134001,186.74634
20240117135001,186.135
20240117140001,185.01483
20240117141001,184.36742
20240117142001,184.02214
20240117143001,183.86908
20240117144001,183.75712
20240117145001,183.76323
20240117150001,183.14418
20240117151001,183.06949
20240117152001,183.01386
20240117153001,183.0066
20240117154001,182.96308
20240117155001,182.96979
20240117160001,228.27565
20240117161001,238.27608
20240117162001,257.00579
20240117163001,254.53175
20240117164001,253.47146
20240117165001,246.06431
20240119090001,223.60586
20240119091001,206.93785
20240119092001,204.40602
20240119093001,200.84661
20240119094001,201.97675
20240119095001,205.53993
20240119100001,200.79992
20240119101001,200.69832
20240119102001,196.7131
20240119103001,196.05471
20240119104001,194.54035
20240119105001,192.29276
20240119110001,194.89876
20240119111001,194.1663
20240119112001,191.28996
20240119113001,190.86675
20240119114001,190.27313
20240119115001,190.03618
20240119120001,190.03373
20240119121001,188.85744
20240119122001,188.85696
20240119123001,187.85644
20240119124001,187.90144
20240119125001,187.63311
20240119130001,187.26324
20240119131001,187.13341
20240119132001,186.93061
20240119133001,186.40179
20240119134001,186.74634
20240119135001,186.135
20240119140001,185.01483
20240119141001,184.36742
20240119142001,184.02214
20240119143001,183.86908
20240119144001,183.75712
20240119145001,183.76323
20240119150001,183.14418
20240119151001,183.06949
20240119152001,183.01386
20240119153001,183.0066
20240119154001,182.96308
20240119155001,182.96979
20240119160001,228.27565
20240119161001,238.27608
20240119162001,257.00579
20240119163001,254.53175
20240119164001,253.47146
20240119165001,246.06431
20240224090001,203.682
20240224091001,200.70038
20240224092001,198.0562
20240224093001,197.99957
20240224094001,198.49532
20240224095001,202.12388
20240224100001,198.42007
20240224101001,197.24308
20240224102001,197.20264
20240224103001,196.35257
20240224104001,195.34494
20240224105001,192.19576
20240224110001,194.89876
20240224111001,194.1663
20240224112001,191.28996
20240224113001,190.86675
20240224114001,190.27313
20240224115001,190.03618
20240224120001,190.03373
20240224121001,188.85744
20240224122001,188.85696
20240224123001,187.85644
20240224124001,187.90144
20240224125001,187.63311
20240224130001,187.26324
20240224131001,187.13341
20240224132001,186.93061
20240224133001,186.40179
20240224134001,186.74634
20240224135001,186.135
20240224140001,185.01483
20240224141001,184.36742
20240224142001,184.02214
20240224143001,183.86908
20240224144001,183.75712
20240224145001,183.76323
20240224150001,183.14418
20240224151001,183.06949
20240224152001,183.01386
20240224153001,183.0066
20240224154001,182.96308
20240224155001,182.96979
20240224160001,228.27565
20240224161001,238.27608
20240224162001,257.00579
20240224163001,254.53175
20240224164001,253.47146
20240224165001,246.06431
20240226090001,195.07147
20240226091001,196.31963
20240226092001,199.25379
20240226093001,197.23348
20240226094001,201.32956
20240226095001,201.53343
20240226100001,197.52479
20240226101001,196.9104
20240226102001,197.10811
20240226103001,196.40139
20240226104001,195.18196
20240226105001,192.19556
20240226110001,194.89876
20240226111001,194.1663
20240226112001,191.28996
20240226113001,190.86675
20240226114001,190.27313
20240226115001,190.03618
20240226120001,190.03373
20240226121001,188.85744
20240226122001,188.85696
20240226123001,187.85644
20240226124001,187.90144
20240226125001,187.63311
20240226130001,187.26324
20240226131001,187.13341
20240226132001,186.93061
20240226133001,186.40179
20240226134001,186.74634
20240226135001,186.135
20240226140001,185.01483
20240226141001,184.36742
20240226142001,184.02214
20240226143001,183.86908
20240226144001,183.75712
20240226145001,183.76323
20240226150001,183.14418
20240226151001,183.06949
20240226152001,183.01386
20240226153001,183.0066
20240226154001,182.96308
20240226155001,182.96979
20240226160001,228.27565
20240226161001,238.27608
20240226162001,257.00579
20240226163001,254.53175
20240226164001,253.47146
20240226165001,246.06431
20240327090001,221.97967
20240327091001,202.61164
20240327092001,205.22587
20240327093001,207.86938
20240327094001,212.34076
20240327095001,211.63222
20240327100001,201.89122
20240327101001,197.50015
20240327102001,195.89319
20240327103001,195.3127
20240327104001,192.27586
20240327105001,192.27091
20240327110001,194.89876
20240327111001,194.1663
20240327112001,191.28996
20240327113001,190.86675
20240327114001,190.27313
20240327115001,190.03618
20240327120001,190.03373
20240327121001,188.85744
20240327122001,188.85696
20240327123001,187.85644
20240327124001,187.90144
20240327125001,187.63311
20240327130001,187.26324
20240327131001,187.13341
20240327132001,186.93061
20240327133001,186.40179
20240327134001,186.74634
20240327135001,186.135
20240327140001,185.01483
20240327141001,184.36742
20240327142001,184.02214
20240327143001,183.86908
20240327144001,183.75712
20240327145001,183.76323
20240327150001,183.14418
20240327151001,183.06949
20240327152001,183.01386
20240327153001,183.0066
20240327154001,182.96308
20240327155001,182.96979
20240327160001,228.27565
20240327161001,238.27608
20240327162001,257.00579
20240327163001,254.53175
20240327164001,253.47146
20240327165001,246.06431
20240329090001,191.82127
20240329091001,199.71939
20240329092001,199.87816
20240329093001,206.70663
20240329094001,211.33972
20240329095001,220.916
20240329100001,206.72754
20240329101001,197.16326
20240329102001,195.95687
20240329103001,194.49129
20240329104001,192.42917
20240329105001,192.20501
20240329110001,194.89876
20240329111001,194.1663
20240329112001,191.28996
20240329113001,190.86675
20240329114001,190.27313
20240329115001,190.03618
20240329120001,190.03373
20240329121001,188.85744
20240329122001,188.85696
20240329123001,187.85644
20240329124001,187.90144
20240329125001,187.63311
20240329130001,187.26324
20240329131001,187.13341
20240329132001,186.93061
20240329133001,186.40179
20240329134001,186.74634
20240329135001,186.135
20240329140001,185.01483
20240329141001,184.36742
20240329142001,184.02214
20240329143001,183.86908
20240329144001,183.75712
20240329145001,183.76323
20240329150001,183.14418
20240329151001,183.06949
20240329152001,183.01386
20240329153001,183.0066
20240329154001,182.96308
20240329155001,182.96979
20240329160001,228.27565
20240329161001,238.27608
20240329162001,257.00579
20240329163001,254.53175
20240329164001,253.47146
20240329165001,246.06431
20240428090001,266.87348
20240428091001,209.78418
20240428092001,205.60557
20240428093001,207.37827
20240428094001,208.14137
20240428095001,212.64359
20240428100001,206.89796
20240428101001,196.65935
20240428102001,195.78822
20240428103001,194.48996
20240428104001,192.12254
20240428105001,192.15603
20240428110001,194.89876
20240428111001,194.1663
20240428112001,191.28996
20240428113001,190.86675
20240428114001,190.27313
20240428115001,190.03618
20240428120001,190.03373
20240428121001,188.85744
20240428122001,188.85696
20240428123001,187.85644
20240428124001,187.90144
20240428125001,187.63311
20240428130001,187.26324
20240428131001,187.13341
20240428132001,186.93061
20240428133001,186.40179
20240428134001,186.74634
20240428135001,186.135
20240428140001,185.01483
20240428141001,184.36742
20240428142001,184.02214
20240428143001,183.86908
20240428144001,183.75712
20240428145001,183.76323
20240428150001,183.14418
20240428151001,183.06949
20240428152001,183.01386
20240428153001,183.0066
20240428154001,182.96308
20240428155001,182.96979
20240428160001,228.27565
20240428161001,238.27608
20240428162001,257.00579
20240428163001,254.53175
20240428164001,253.47146
20240428165001,246.06431
20240430090001,785.30881
20240430091001,205.71722
20240430092001,236.30782
20240430093001,213.00123
20240430094001,208.82115
20240430095001,201.67794
20240430100001,197.61476
20240430101001,197.24394
20240430102001,196.12739
20240430103001,192.34654
20240430104001,191.826
20240430105001,192.16927
20240430110001,194.89876
20240430111001,194.1663
20240430112001,191.28996
20240430113001,190.86675
20240430114001,190.27313
20240430115001,190.03618
20240430120001,190.03373
20240430121001,188.85744
20240430122001,188.85696
20240430123001,187.85644
20240430124001,187.90144
20240430125001,187.63311
20240430130001,187.26324
20240430131001,187.13341
20240430132001,186.93061
20240430133001,186.40179
20240430134001,186.74634
20240430135001,186.135
20240430140001,185.01483
20240430141001,184.36742
20240430142001,184.02214
20240430143001,183.86908
20240430144001,183.75712
20240430145001,183.76323
20240430150001,183.14418
20240430151001,183.06949
20240430152001,183.01386
20240430153001,183.0066
20240430154001,182.96308
20240430155001,182.96979
20240430160001,228.27565
20240430161001,238.27608
20240430162001,257.00579
20240430163001,254.53175
20240430164001,253.47146
20240430165001,246.06431
20240515090001,808.25104
20240515091001,203.72191
20240515092001,226.52174
20240515093001,242.39541
20240515094001,212.78017
20240515095001,209.46463
20240515100001,196.61358
20240515101001,195.8061
20240515102001,195.88034
20240515103001,192.24307
20240515104001,191.83255
20240515105001,191.96316
20240515110001,194.89876
20240515111001,194.1663
20240515112001,191.28996
20240515113001,190.86675
20240515114001,190.27313
20240515115001,190.03618
20240515120001,190.03373
20240515121001,188.85744
20240515122001,188.85696
20240515123001,187.85644
20240515124001,187.90144
20240515125001,187.63311
20240515130001,187.26324
20240515131001,187.13341
20240515132001,186.93061
20240515133001,186.40179
20240515134001,186.74634
20240515135001,186.135
20240515140001,185.01483
20240515141001,184.36742
20240515142001,184.02214
20240515143001,183.86908
20240515144001,183.75712
20240515145001,183.76323
20240515150001,183.14418
20240515151001,183.06949
20240515152001,183.01386
20240515153001,183.0066
20240515154001,182.96308
20240515155001,182.96979
20240515160001,228.27565
20240515161001,238.27608
20240515162001,257.00579
20240515163001,254.53175
20240515164001,253.47146
20240515165001,246.06431
20240520090001,400.28241
20240520091001,208.44723
20240520092001,205.27479
20240520093001,207.5938
20240520094001,198.656
20240520095001,203.00872
20240520100001,204.32004
20240520101001,197.20264
20240520102001,195.91746
20240520103001,195.4657
20240520104001,192.467
20240520105001,192.34536
20240520110001,194.89876
20240520111001,194.1663
20240520112001,191.28996
20240520113001,190.86675
20240520114001,190.27313
20240520115001,190.03618
20240520120001,190.03373
20240520121001,188.85744
20240520122001,188.85696
20240520123001,187.85644
20240520124001,187.90144
20240520125001,187.63311
20240520130001,187.26324
20240520131001,187.13341
20240520132001,186.93061
20240520133001,186.40179
20240520134001,186.74634
20240520135001,186.135
20240520140001,185.01483
20240520141001,184.36742
20240520142001,184.02214
20240520143001,183.86908
20240520144001,183.75712
20240520145001,183.76323
20240520150001,183.14418
20240520151001,183.06949
20240520152001,183.01386
20240520153001,183.0066
20240520154001,182.96308
20240520155001,182.96979
20240520160001,228.27565
20240520161001,238.27608
20240520162001,257.00579
20240520163001,254.53175
20240520164001,253.47146
20240520165001,246.06431
20240613090001,224.72643
20240613091001,208.97187
20240613092001,204.74125
20240613093001,211.55892
20240613094001,208.62586
20240613095001,208.62919
20240613100001,249.30978
20240613101001,197.56272
20240613102001,195.94603
20240613103001,194.51242
20240613104001,192.0586
20240613105001,192.27057
20240613110001,194.89876
20240613111001,194.1663
20240613112001,191.28996
20240613113001,190.86675
20240613114001,190.27313
20240613115001,190.03618
20240613120001,190.03373
20240613121001,188.85744
20240613122001,188.85696
20240613123001,187.85644
20240613124001,187.90144
20240613125001,187.63311
20240613130001,187.26324
20240613131001,187.13341
20240613132001,186.93061
20240613133001,186.40179
20240613134001,186.74634
20240613135001,186.135
20240613140001,185.01483
20240613141001,184.36742
20240613142001,184.02214
20240613143001,183.86908
20240613144001,183.75712
20240613145001,183.76323
20240613150001,183.14418
20240613151001,183.06949
20240613152001,183.01386
20240613153001,183.0066
20240613154001,182.96308
20240613155001,182.96979
20240613160001,228.27565
20240613161001,238.27608
20240613162001,257.00579
20240613163001,254.53175
20240613164001,253.47146
20240613165001,246.06431
20240615090001,711.62245
20240615091001,202.96974
20240615092001,202.63009
20240615093001,211.82846
20240615094001,203.66974
20240615095001,199.40232
20240615100001,204.82159
20240615101001,197.89746
20240615102001,196.37662
20240615103001,195.33627
20240615104001,191.80537
20240615105001,192.31866
20240615110001,194.89876
20240615111001,194.1663
20240615112001,191.28996
20240615113001,190.86675
20240615114001,190.27313
20240615115001,190.03618
20240615120001,190.03373
20240615121001,188.85744
20240615122001,188.85696
20240615123001,187.85644
20240615124001,187.90144
20240615125001,187.63311
20240615130001,187.26324
20240615131001,187.13341
20240615132001,186.93061
20240615133001,186.40179
20240615134001,186.74634
20240615135001,186.135
20240615140001,185.01483
20240615141001,184.36742
20240615142001,184.02214
20240615143001,183.86908
20240615144001,183.75712
20240615145001,183.76323
20240615150001,183.14418
20240615151001,183.06949
20240615152001,183.01386
20240615153001,183.0066
20240615154001,182.96308
20240615155001,182.96979
20240615160001,228.27565
20240615161001,238.27608
20240615162001,257.00579
20240615163001,254.53175
20240615164001,253.47146
20240615165001,246.06431
20240703090001,700.11425
20240703091001,230.14503
20240703092001,205.59747
20240703093001,201.1791
20240703094001,211.16908
20240703095001,208.90634
20240703100001,209.28799
20240703101001,197.68952
20240703102001,197.88083
20240703103001,196.06106
20240703104001,192.34229
20240703105001,192.35832
20240703110001,194.89876
20240703111001,194.1663
20240703112001,191.28996
20240703113001,190.86675
20240703114001,190.27313
20240703115001,190.03618
20240703120001,190.03373
20240703121001,188.85744
20240703122001,188.85696
20240703123001,187.85644
20240703124001,187.90144
20240703125001,187.63311
20240703130001,187.26324
20240703131001,187.13341
20240703132001,186.93061
20240703133001,186.40179
20240703134001,186.74634
20240703135001,186.135
20240703140001,185.01483
20240703141001,184.36742
20240703142001,184.02214
20240703143001,183.86908
20240703144001,183.75712
20240703145001,183.76323
20240703150001,183.14418
20240703151001,183.06949
20240703152001,183.01386
20240703153001,183.0066
20240703154001,182.96308
20240703155001,182.96979
20240703160001,228.27565
20240703161001,238.27608
20240703162001,257.00579
20240703163001,254.53175
20240703164001,253.47146
20240703165001,246.06431
20240707090001,670.45299
20240707091001,204.11139
20240707092001,202.75281
20240707093001,204.45651
20240707094001,210.28207
20240707095001,203.91087
20240707100001,208.7739
20240707101001,197.30813
20240707102001,196.9112
20240707103001,196.06106
20240707104001,191.84722
20240707105001,192.35853
20240707110001,194.89876
20240707111001,194.1663
20240707112001,191.28996
20240707113001,190.86675
20240707114001,190.27313
20240707115001,190.03618
20240707120001,190.03373
20240707121001,188.85744
20240707122001,188.85696
20240707123001,187.85644
20240707124001,187.90144
20240707125001,187.63311
20240707130001,187.26324
20240707131001,187.13341
20240707132001,186.93061
20240707133001,186.40179
20240707134001,186.74634
20240707135001,186.135
20240707140001,185.01483
20240707141001,184.36742
20240707142001,184.02214
20240707143001,183.86908
20240707144001,183.75712
20240707145001,183.76323
20240707150001,183.14418
20240707151001,183.06949
20240707152001,183.01386
20240707153001,183.0066
20240707154001,182.96308
20240707155001,182.96979
20240707160001,228.27565
20240707161001,238.27608
20240707162001,257.00579
20240707163001,254.53175
20240707164001,253.47146
20240707165001,246.06431
20240125090002,187.50761
20240125091002,189.98239
20240125092002,195.73788
20240125093002,195.281
20240125094002,197.88095
20240125095002,196.83322
20240125100002,193.47591
20240125101002,197.14796
20240125102002,196.37395
20240125103002,196.43994
20240125104002,194.53734
20240125105002,192.20501
20240125110002,194.89876
20240125111002,194.1663
20240125112002,191.28996
20240125113002,190.86675
20240125114002,190.27313
20240125115002,190.03618
20240125120002,190.03373
20240125121002,188.85744
20240125122002,188.85696
20240125123002,187.85644
20240125124002,187.90144
20240125125002,187.63311
20240125130002,187.26324
20240125131002,187.13341
20240125132002,186.93061
20240125133002,186.40179
20240125134002,186.74634
20240125135002,186.135
20240125140002,185.01483
20240125141002,184.36742
20240125142002,184.02214
20240125143002,183.86908
20240125144002,183.75712
20240125145002,183.76323
20240125150002,183.14418
20240125151002,183.06949
20240125152002,183.01386
20240125153002,183.0066
20240125154002,182.96308
20240125155002,182.96979
20240125160002,228.27565
20240125161002,238.27608
20240125162002,257.00579
20240125163002,254.53175
20240125164002,253.47146
20240125165002,246.06431
20240128090002,187.81363
20240128091002,189.7625
20240128092002,196.91648
20240128093002,192.42474
20240128094002,201.22285
20240128095002,197.241
20240128100002,193.488
20240128101002,196.77092
20240128102002,197.00897
20240128103002,196.20956
20240128104002,194.47024
20240128105002,192.19556
20240128110002,194.89876
20240128111002,194.1663
20240128112002,191.28996
20240128113002,190.86675
20240128114002,190.27313
20240128115002,190.03618
20240128120002,190.03373
20240128121002,188.85744
20240128122002,188.85696
20240128123002,187.85644
20240128124002,187.90144
20240128125002,187.63311
20240128130002,187.26324
20240128131002,187.13341
20240128132002,186.93061
20240128133002,186.40179
20240128134002,186.74634
20240128135002,186.135
20240128140002,185.01483
20240128141002,184.36742
20240128142002,184.02214
20240128143002,183.86908
20240128144002,183.75712
20240128145002,183.76323
20240128150002,183.14418
20240128151002,183.06949
20240128152002,183.01386
20240128153002,183.0066
20240128154002,182.96308
20240128155002,182.96979
20240128160002,228.27565
20240128161002,238.27608
20240128162002,257.00579
20240128163002,254.53175
20240128164002,253.47146
20240128165002,246.06431
20240213090002,435.29345
20240213091002,210.77374
20240213092002,206.33263
20240213093002,204.74614
20240213094002,234.16775
20240213095002,198.40054
20240213100002,198.5749
20240213101002,197.92512
20240213102002,195.98849
20240213103002,195.5281
20240213104002,192.53075
20240213105002,192.29276
20240213110002,194.89876
20240213111002,194.1663
20240213112002,191.28996
20240213113002,190.86675
20240213114002,190.27313
20240213115002,190.03618
20240213120002,190.03373
20240213121002,188.85744
20240213122002,188.85696
20240213123002,187.85644
20240213124002,187.90144
20240213125002,187.63311
20240213130002,187.26324
20240213131002,187.13341
20240213132002,186.93061
20240213133002,186.40179
20240213134002,186.74634
20240213135002,186.135
20240213140002,185.01483
20240213141002,184.36742
20240213142002,184.02214
20240213143002,183.86908
20240213144002,183.75712
20240213145002,183.76323
20240213150002,183.14418
20240213151002,183.06949
20240213152002,183.01386
20240213153002,183.0066
20240213154002,182.96308
20240213155002,182.96979
20240213160002,228.27565
20240213161002,238.27608
20240213162002,257.00579
20240213163002,254.53175
20240213164002,253.47146
20240213165002,246.06431
20240226090002,190.05601
20240226091002,191.42227
20240226092002,196.56857
20240226093002,196.37687
20240226094002,198.21245
20240226095002,198.38242
20240226100002,197.05601
20240226101002,196.99853
20240226102002,197.01191
20240226103002,196.28401
20240226104002,195.06333
20240226105002,192.20501
20240226110002,194.89876
20240226111002,194.1663
20240226112002,191.28996
20240226113002,190.86675
20240226114002,190.27313
20240226115002,190.03618
20240226120002,190.03373
20240226121002,188.85744
20240226122002,188.85696
20240226123002,187.85644
20240226124002,187.90144
20240226125002,187.63311
20240226130002,187.26324
20240226131002,187.13341
20240226132002,186.93061
20240226133002,186.40179
20240226134002,186.74634
20240226135002,186.135
20240226140002,185.01483
20240226141002,184.36742
20240226142002,184.02214
20240226143002,183.86908
20240226144002,183.75712
20240226145002,183.76323
20240226150002,183.14418
20240226151002,183.06949
20240226152002,183.01386
20240226153002,183.0066
20240226154002,182.96308
20240226155002,182.96979
20240226160002,228.27565
20240226161002,238.27608
20240226162002,257.00579
20240226163002,254.53175
20240226164002,253.47146
20240226165002,246.06431
20240319090002,188.6218
20240319091002,191.60602
20240319092002,198.48851
20240319093002,202.8819
20240319094002,220.99232
20240319095002,206.55922
20240319100002,197.02366
20240319101002,196.1683
20240319102002,195.90778
20240319103002,195.44976
20240319104002,192.21532
20240319105002,192.19556
20240319110002,194.89876
20240319111002,194.1663
20240319112002,191.28996
20240319113002,190.86675
20240319114002,190.27313
20240319115002,190.03618
20240319120002,190.03373
20240319121002,188.85744
20240319122002,188.85696
20240319123002,187.85644
20240319124002,187.90144
20240319125002,187.63311
20240319130002,187.26324
20240319131002,187.13341
20240319132002,186.93061
20240319133002,186.40179
20240319134002,186.74634
20240319135002,186.135
20240319140002,185.01483
20240319141002,184.36742
20240319142002,184.02214
20240319143002,183.86908
20240319144002,183.75712
20240319145002,183.76323
20240319150002,183.14418
20240319151002,183.06949
20240319152002,183.01386
20240319153002,183.0066
20240319154002,182.96308
20240319155002,182.96979
20240319160002,228.27565
20240319161002,238.27608
20240319162002,257.00579
20240319163002,254.53175
20240319164002,253.47146
20240319165002,246.06431
20240427090002,221.9313
20240427091002,205.06581
20240427092002,204.26897
20240427093002,208.03414
20240427094002,220.84161
20240427095002,207.99322
20240427100002,202.39916
20240427101002,197.00225
20240427102002,195.95216
20240427103002,195.33206
20240427104002,192.40842
20240427105002,192.19556
20240427110002,194.89876
20240427111002,194.1663
20240427112002,191.28996
20240427113002,190.86675
20240427114002,190.27313
20240427115002,190.03618
20240427120002,190.03373
20240427121002,188.85744
20240427122002,188.85696
20240427123002,187.85644
20240427124002,187.90144
20240427125002,187.63311
20240427130002,187.26324
20240427131002,187.13341
20240427132002,186.93061
20240427133002,186.40179
20240427134002,186.74634
20240427135002,186.135
20240427140002,185.01483
20240427141002,184.36742
20240427142002,184.02214
20240427143002,183.86908
20240427144002,183.75712
20240427145002,183.76323
20240427150002,183.14418
20240427151002,183.06949
20240427152002,183.01386
20240427153002,183.0066
20240427154002,182.96308
20240427155002,182.96979
20240427160002,228.27565
20240427161002,238.27608
20240427162002,257.00579
20240427163002,254.53175
20240427164002,253.47146
20240427165002,246.06431
20240508090002,246.19972
20240508091002,208.7101
20240508092002,203.06074
20240508093002,205.07936
20240508094002,206.44739
20240508095002,205.33841
20240508100002,205.75785
20240508101002,196.92474
20240508102002,195.68625
20240508103002,194.36361
20240508104002,192.34691
20240508105002,192.25323
20240508110002,194.89876
20240508111002,194.1663
20240508112002,191.28996
20240508113002,190.86675
20240508114002,190.27313
20240508115002,190.03618
20240508120002,190.03373
20240508121002,188.85744
20240508122002,188.85696
20240508123002,187.85644
20240508124002,187.90144
20240508125002,187.63311
20240508130002,187.26324
20240508131002,187.13341
20240508132002,186.93061
20240508133002,186.40179
20240508134002,186.74634
20240508135002,186.135
20240508140002,185.01483
20240508141002,184.36742
20240508142002,184.02214
20240508143002,183.86908
20240508144002,183.75712
20240508145002,183.76323
20240508150002,183.14418
20240508151002,183.06949
20240508152002,183.01386
20240508153002,183.0066
20240508154002,182.96308
20240508155002,182.96979
20240508160002,228.27565
20240508161002,238.27608
20240508162002,257.00579
20240508163002,254.53175
20240508164002,253.47146
20240508165002,246.06431
20240705090002,569.04561
20240705091002,211.391
20240705092002,201.51951
20240705093002,198.29215
20240705094002,213.32756
20240705095002,205.14259
20240705100002,198.32464
20240705101002,197.42067
20240705102002,197.06944
20240705103002,196.26126
20240705104002,192.6014
20240705105002,192.80536
20240705110002,194.89876
20240705111002,194.1663
20240705112002,191.28996
20240705113002,190.86675
20240705114002,190.27313
20240705115002,190.03618
20240705120002,190.03373
20240705121002,188.85744
20240705122002,188.85696
20240705123002,187.85644
20240705124002,187.90144
20240705125002,187.63311
20240705130002,187.26324
20240705131002,187.13341
20240705132002,186.93061
20240705133002,186.40179
20240705134002,186.74634
20240705135002,186.135
20240705140002,185.01483
20240705141002,184.36742
20240705142002,184.02214
20240705143002,183.86908
20240705144002,183.75712
20240705145002,183.76323
20240705150002,183.14418
20240705151002,183.06949
20240705152002,183.01386
20240705153002,183.0066
20240705154002,182.96308
20240705155002,182.96979
20240705160002,228.27565
20240705161002,238.27608
20240705162002,257.00579
20240705163002,254.53175
20240705164002,253.47146
20240705165002,246.06431
20240707090002,597.43289
20240707091002,211.00404
20240707092002,200.8399
20240707093002,198.21048
20240707094002,209.07269
20240707095002,203.61884
20240707100002,196.35639
20240707101002,197.70563
20240707102002,196.96841
20240707103002,195.94275
20240707104002,192.56815
20240707105002,192.5373
20240707110002,194.89876
20240707111002,194.1663
20240707112002,191.28996
20240707113002,190.86675
20240707114002,190.27313
20240707115002,190.03618
20240707120002,190.03373
20240707121002,188.85744
20240707122002,188.85696
20240707123002,187.85644
20240707124002,187.90144
20240707125002,187.63311
20240707130002,187.26324
20240707131002,187.13341
20240707132002,186.93061
20240707133002,186.40179
20240707134002,186.74634
20240707135002,186.135
20240707140002,185.01483
20240707141002,184.36742
20240707142002,184.02214
20240707143002,183.86908
20240707144002,183.75712
20240707145002,183.76323
20240707150002,183.14418
20240707151002,183.06949
20240707152002,183.01386
20240707153002,183.0066
20240707154002,182.96308
20240707155002,182.96979
20240707160002,228.27565
20240707161002,238.27608
20240707162002,257.00579
20240707163002,254.53175
20240707164002,253.47146
20240707165002,246.06431
20240317090003,787.20081
20240317091003,207.81297
20240317092003,208.76792
20240317093003,208.44294
20240317094003,202.86763
20240317095003,197.33586
20240317100003,192.19614
20240317101003,195.57606
20240317102003,200.76176
20240317103003,195.80697
20240317104003,194.6221
20240317105003,192.25074
20240317110003,194.89876
20240317111003,194.1663
20240317112003,191.28996
20240317113003,190.86675
20240317114003,190.27313
20240317115003,190.03618
20240317120003,190.03373
20240317121003,188.85744
20240317122003,188.85696
20240317123003,187.85644
20240317124003,187.90144
20240317125003,187.63311
20240317130003,187.26324
20240317131003,187.13341
20240317132003,186.93061
20240317133003,186.40179
20240317134003,186.74634
20240317135003,186.135
20240317140003,185.01483
20240317141003,184.36742
20240317142003,184.02214
20240317143003,183.86908
20240317144003,183.75712
20240317145003,183.76323
20240317150003,183.14418
20240317151003,183.06949
20240317152003,183.01386
20240317153003,183.0066
20240317154003,182.96308
20240317155003,182.96979
20240317160003,228.27565
20240317161003,238.27608
20240317162003,257.00579
20240317163003,254.53175
20240317164003,253.47146
20240317165003,246.06431
20240414090003,744.21107
20240414091003,207.90911
20240414092003,272.40203
20240414093003,282.66826
20240414094003,220.55309
20240414095003,209.01186
20240414100003,199.17303
20240414101003,195.74882
20240414102003,195.76017
20240414103003,191.89727
20240414104003,191.83407
20240414105003,191.97971
20240414110003,194.89876
20240414111003,194.1663
20240414112003,191.28996
20240414113003,190.86675
20240414114003,190.27313
20240414115003,190.03618
20240414120003,190.03373
20240414121003,188.85744
20240414122003,188.85696
20240414123003,187.85644
20240414124003,187.90144
20240414125003,187.63311
20240414130003,187.26324
20240414131003,187.13341
20240414132003,186.93061
20240414133003,186.40179
20240414134003,186.74634
20240414135003,186.135
20240414140003,185.01483
20240414141003,184.36742
20240414142003,184.02214
20240414143003,183.86908
20240414144003,183.75712
20240414145003,183.76323
20240414150003,183.14418
20240414151003,183.06949
20240414152003,183.01386
20240414153003,183.0066
20240414154003,182.96308
20240414155003,182.96979
20240414160003,228.27565
20240414161003,238.27608
20240414162003,257.00579
20240414163003,254.53175
20240414164003,253.47146
20240414165003,246.06431
20240524090003,215.00087
20240524091003,207.10681
20240524092003,203.34033
20240524093003,207.13987
20240524094003,211.29071
20240524095003,211.68832
20240524100003,211.62372
20240524101003,197.11479
20240524102003,195.7439
20240524103003,194.57537
20240524104003,192.34926
20240524105003,192.19556
20240524110003,194.89876
20240524111003,194.1663
20240524112003,191.28996
20240524113003,190.86675
20240524114003,190.27313
20240524115003,190.03618
20240524120003,190.03373
20240524121003,188.85744
20240524122003,188.85696
20240524123003,187.85644
20240524124003,187.90144
20240524125003,187.63311
20240524130003,187.26324
20240524131003,187.13341
20240524132003,186.93061
20240524133003,186.40179
20240524134003,186.74634
20240524135003,186.135
20240524140003,185.01483
20240524141003,184.36742
20240524142003,184.02214
20240524143003,183.86908
20240524144003,183.75712
20240524145003,183.76323
20240524150003,183.14418
20240524151003,183.06949
20240524152003,183.01386
20240524153003,183.0066
20240524154003,182.96308
20240524155003,182.96979
20240524160003,228.27565
20240524161003,238.27608
20240524162003,257.00579
20240524163003,254.53175
20240524164003,253.47146
20240524165003,246.06431
20240526090003,211.0227
20240526091003,205.23124
20240526092003,201.39068
20240526093003,203.22337
20240526094003,208.07615
20240526095003,212.28394
20240526100003,211.10989
20240526101003,197.0628
20240526102003,195.76405
20240526103003,195.14314
20240526104003,192.34926
20240526105003,192.20501
20240526110003,194.89876
20240526111003,194.1663
20240526112003,191.28996
20240526113003,190.86675
20240526114003,190.27313
20240526115003,190.03618
20240526120003,190.03373
20240526121003,188.85744
20240526122003,188.85696
20240526123003,187.85644
20240526124003,187.90144
20240526125003,187.63311
20240526130003,187.26324
20240526131003,187.13341
20240526132003,186.93061
20240526133003,186.40179
20240526134003,186.74634
20240526135003,186.135
20240526140003,185.01483
20240526141003,184.36742
20240526142003,184.02214
20240526143003,183.86908
20240526144003,183.75712
20240526145003,183.76323
20240526150003,183.14418
20240526151003,183.06949
20240526152003,183.01386
20240526153003,183.0066
20240526154003,182.96308
20240526155003,182.96979
20240526160003,228.27565
20240526161003,238.27608
20240526162003,257.00579
20240526163003,254.53175
20240526164003,253.47146
20240526165003,246.06431
20240603090003,212.66826
20240603091003,206.18901
20240603092003,204.37432
20240603093003,207.85359
20240603094003,221.86783
20240603095003,208.29092
20240603100003,223.2531
20240603101003,196.8492
20240603102003,196.01167
20240603103003,194.50622
20240603104003,192.11175
20240603105003,192.27057
20240603110003,194.89876
20240603111003,194.1663
20240603112003,191.28996
20240603113003,190.86675
20240603114003,190.27313
20240603115003,190.03618
20240603120003,190.03373
20240603121003,188.85744
20240603122003,188.85696
20240603123003,187.85644
20240603124003,187.90144
20240603125003,187.63311
20240603130003,187.26324
20240603131003,187.13341
20240603132003,186.93061
20240603133003,186.40179
20240603134003,186.74634
20240603135003,186.135
20240603140003,185.01483
20240603141003,184.36742
20240603142003,184.02214
20240603143003,183.86908
20240603144003,183.75712
20240603145003,183.76323
20240603150003,183.14418
20240603151003,183.06949
20240603152003,183.01386
20240603153003,183.0066
20240603154003,182.96308
20240603155003,182.96979
20240603160003,228.27565
20240603161003,238.27608
20240603162003,257.00579
20240603163003,254.53175
20240603164003,253.47146
20240603165003,246.06431
20240620090003,867.17331
20240620091003,206.38494
20240620092003,204.40754
20240620093003,223.94018
20240620094003,204.54329
20240620095003,201.8953
20240620100003,195.21425
20240620101003,197.86278
20240620102003,196.34207
20240620103003,192.24816
20240620104003,191.70506
20240620105003,192.15669
20240620110003,194.89876
20240620111003,194.1663
20240620112003,191.28996
20240620113003,190.86675
20240620114003,190.27313
20240620115003,190.03618
20240620120003,190.03373
20240620121003,188.85744
20240620122003,188.85696
20240620123003,187.85644
20240620124003,187.90144
20240620125003,187.63311
20240620130003,187.26324
20240620131003,187.13341
20240620132003,186.93061
20240620133003,186.40179
20240620134003,186.74634
20240620135003,186.135
20240620140003,185.01483
20240620141003,184.36742
20240620142003,184.02214
20240620143003,183.86908
20240620144003,183.75712
20240620145003,183.76323
20240620150003,183.14418
20240620151003,183.06949
20240620152003,183.01386
20240620153003,183.0066
20240620154003,182.96308
20240620155003,182.96979
20240620160003,228.27565
20240620161003,238.27608
20240620162003,257.00579
20240620163003,254.53175
20240620164003,253.47146
20240620165003,246.06431
20240420090004,896.92991
20240420091004,191.07545
20240420092004,202.19913
20240420093004,200.1908
20240420094004,205.37725
20240420095004,194.98479
20240420100004,191.91436
20240420101004,196.06942
20240420102004,197.69577
20240420103004,195.65545
20240420104004,191.62473
20240420105004,191.82219
20240420110004,194.89876
20240420111004,194.1663
20240420112004,191.28996
20240420113004,190.86675
20240420114004,190.27313
20240420115004,190.03618
20240420120004,190.03373
20240420121004,188.85744
20240420122004,188.85696
20240420123004,187.85644
20240420124004,187.90144
20240420125004,187.63311
20240420130004,187.26324
20240420131004,187.13341
20240420132004,186.93061
20240420133004,186.40179
20240420134004,186.74634
20240420135004,186.135
20240420140004,185.01483
20240420141004,184.36742
20240420142004,184.02214
20240420143004,183.86908
20240420144004,183.75712
20240420145004,183.76323
20240420150004,183.14418
20240420151004,183.06949
20240420152004,183.01386
20240420153004,183.0066
20240420154004,182.96308
20240420155004,182.96979
20240420160004,228.27565
20240420161004,238.27608
20240420162004,257.00579
20240420163004,254.53175
20240420164004,253.47146
20240420165004,246.06431
20240422090004,882.80201
20240422091004,200.9599
20240422092004,290.85992
20240422093004,228.43013
20240422094004,222.39275
20240422095004,204.5982
20240422100004,196.14482
20240422101004,195.81475
20240422102004,196.12214
20240422103004,191.38225
20240422104004,191.70563
20240422105004,191.81295
20240422110004,194.89876
20240422111004,194.1663
20240422112004,191.28996
20240422113004,190.86675
20240422114004,190.27313
20240422115004,190.03618
20240422120004,190.03373
20240422121004,188.85744
20240422122004,188.85696
20240422123004,187.85644
20240422124004,187.90144
20240422125004,187.63311
20240422130004,187.26324
20240422131004,187.13341
20240422132004,186.93061
20240422133004,186.40179
20240422134004,186.74634
20240422135004,186.135
20240422140004,185.01483
20240422141004,184.36742
20240422142004,184.02214
20240422143004,183.86908
20240422144004,183.75712
20240422145004,183.76323
20240422150004,183.14418
20240422151004,183.06949
20240422152004,183.01386
20240422153004,183.0066
20240422154004,182.96308
20240422155004,182.96979
20240422160004,228.27565
20240422161004,238.27608
20240422162004,257.00579
20240422163004,254.53175
20240422164004,253.47146
20240422165004,246.06431
20240513090004,189.86871
20240513091004,207.0202
20240513092004,201.61778
20240513093004,203.33833
20240513094004,211.54388
20240513095004,207.84403
20240513100004,207.07829
20240513101004,196.81313
20240513102004,195.68419
20240513103004,192.84264
20240513104004,192.38251
20240513105004,192.15568
20240513110004,194.89876
20240513111004,194.1663
20240513112004,191.28996
20240513113004,190.86675
20240513114004,190.27313
20240513115004,190.03618
20240513120004,190.03373
20240513121004,188.85744
20240513122004,188.85696
20240513123004,187.85644
20240513124004,187.90144
20240513125004,187.63311
20240513130004,187.26324
20240513131004,187.13341
20240513132004,186.93061
20240513133004,186.40179
20240513134004,186.74634
20240513135004,186.135
20240513140004,185.01483
20240513141004,184.36742
20240513142004,184.02214
20240513143004,183.86908
20240513144004,183.75712
20240513145004,183.76323
20240513150004,183.14418
20240513151004,183.06949
20240513152004,183.01386
20240513153004,183.0066
20240513154004,182.96308
20240513155004,182.96979
20240513160004,228.27565
20240513161004,238.27608
20240513162004,257.00579
20240513163004,254.53175
20240513164004,253.47146
20240513165004,246.06431
20240515090004,897.24636
20240515091004,203.66371
20240515092004,367.6735
20240515093004,242.50643
20240515094004,211.24054
20240515095004,208.45087
20240515100004,195.47761
20240515101004,195.09263
20240515102004,195.76228
20240515103004,191.20896
20240515104004,191.47644
20240515105004,191.80449
20240515110004,194.89876
20240515111004,194.1663
20240515112004,191.28996
20240515113004,190.86675
20240515114004,190.27313
20240515115004,190.03618
20240515120004,190.03373
20240515121004,188.85744
20240515122004,188.85696
20240515123004,187.85644
20240515124004,187.90144
20240515125004,187.63311
20240515130004,187.26324
20240515131004,187.13341
20240515132004,186.93061
20240515133004,186.40179
20240515134004,186.74634
20240515135004,186.135
20240515140004,185.01483
20240515141004,184.36742
20240515142004,184.02214
20240515143004,183.86908
20240515144004,183.75712
20240515145004,183.76323
20240515150004,183.14418
20240515151004,183.06949
20240515152004,183.01386
20240515153004,183.0066
20240515154004,182.96308
20240515155004,182.96979
20240515160004,228.27565
20240515161004,238.27608
20240515162004,257.00579
20240515163004,254.53175
20240515164004,253.47146
20240515165004,246.06431
20240629090004,867.46117
20240629091004,201.71498
20240629092004,192.59273
20240629093004,198.94486
20240629094004,200.03686
20240629095004,198.92588
20240629100004,196.84385
20240629101004,196.43793
20240629102004,197.01578
20240629103004,195.35392
20240629104004,191.79488
20240629105004,192.27862
20240629110004,194.89876
20240629111004,194.1663
20240629112004,191.28996
20240629113004,190.86675
20240629114004,190.27313
20240629115004,190.03618
20240629120004,190.03373
20240629121004,188.85744
20240629122004,188.85696
20240629123004,187.85644
20240629124004,187.90144
20240629125004,187.63311
20240629130004,187.26324
20240629131004,187.13341
20240629132004,186.93061
20240629133004,186.40179
20240629134004,186.74634
20240629135004,186.135
20240629140004,185.01483
20240629141004,184.36742
20240629142004,184.02214
20240629143004,183.86908
20240629144004,183.75712
20240629145004,183.76323
20240629150004,183.14418
20240629151004,183.06949
20240629152004,183.01386
20240629153004,183.0066
20240629154004,182.96308
20240629155004,182.96979
20240629160004,228.27565
20240629161004,238.27608
20240629162004,257.00579
20240629163004,254.53175
20240629164004,253.47146
20240629165004,246.06431
20240704090004,705.60399
20240704091004,195.32934
20240704092004,196.39984
20240704093004,197.17741
20240704094004,211.38733
20240704095004,203.5367
20240704100004,202.55485
20240704101004,196.42918
20240704102004,197.89416
20240704103004,196.02743
20240704104004,191.83906
20240704105004,192.35832
20240704110004,194.89876
20240704111004,194.1663
20240704112004,191.28996
20240704113004,190.86675
20240704114004,190.27313
20240704115004,190.03618
20240704120004,190.03373
20240704121004,188.85744
20240704122004,188.85696
20240704123004,187.85644
20240704124004,187.90144
20240704125004,187.63311
20240704130004,187.26324
20240704131004,187.13341
20240704132004,186.93061
20240704133004,186.40179
20240704134004,186.74634
20240704135004,186.135
20240704140004,185.01483
20240704141004,184.36742
20240704142004,184.02214
20240704143004,183.86908
20240704144004,183.75712
20240704145004,183.76323
20240704150004,183.14418
20240704151004,183.06949
20240704152004,183.01386
20240704153004,183.0066
20240704154004,182.96308
20240704155004,182.96979
20240704160004,228.27565
20240704161004,238.27608
20240704162004,257.00579
20240704163004,254.53175
20240704164004,253.47146
20240704165004,246.06431
20240509090005,227.66287
20240509091005,198.42219
20240509092005,204.97626
20240509093005,207.50012
20240509094005,207.96397
20240509095005,208.17257
20240509100005,205.44255
20240509101005,198.24955
20240509102005,195.67086
20240509103005,195.49299
20240509104005,192.2662
20240509105005,192.35243
20240509110005,194.89876
20240509111005,194.1663
20240509112005,191.28996
20240509113005,190.86675
20240509114005,190.27313
20240509115005,190.03618
20240509120005,190.03373
20240509121005,188.85744
20240509122005,188.85696
20240509123005,187.85644
20240509124005,187.90144
20240509125005,187.63311
20240509130005,187.26324
20240509131005,187.13341
20240509132005,186.93061
20240509133005,186.40179
20240509134005,186.74634
20240509135005,186.135
20240509140005,185.01483
20240509141005,184.36742
20240509142005,184.02214
20240509143005,183.86908
20240509144005,183.75712
20240509145005,183.76323
20240509150005,183.14418
20240509151005,183.06949
20240509152005,183.01386
20240509153005,183.0066
20240509154005,182.96308
20240509155005,182.96979
20240509160005,228.27565
20240509161005,238.27608
20240509162005,257.00579
20240509163005,254.53175
20240509164005,253.47146
20240509165005,246.06431
20240514090005,218.65946
20240514091005,199.82889
20240514092005,203.20071
20240514093005,208.69109
20240514094005,211.73156
20240514095005,204.68237
20240514100005,204.10231
20240514101005,198.10709
20240514102005,195.35944
20240514103005,195.07032
20240514104005,192.38286
20240514105005,192.29041
20240514110005,194.89876
20240514111005,194.1663
20240514112005,191.28996
20240514113005,190.86675
20240514114005,190.27313
20240514115005,190.03618
20240514120005,190.03373
20240514121005,188.85744
20240514122005,188.85696
20240514123005,187.85644
20240514124005,187.90144
20240514125005,187.63311
20240514130005,187.26324
20240514131005,187.13341
20240514132005,186.93061
20240514133005,186.40179
20240514134005,186.74634
20240514135005,186.135
20240514140005,185.01483
20240514141005,184.36742
20240514142005,184.02214
20240514143005,183.86908
20240514144005,183.75712
20240514145005,183.76323
20240514150005,183.14418
20240514151005,183.06949
20240514152005,183.01386
20240514153005,183.0066
20240514154005,182.96308
20240514155005,182.96979
20240514160005,228.27565
20240514161005,238.27608
20240514162005,257.00579
20240514163005,254.53175
20240514164005,253.47146
20240514165005,246.06431
20240615090005,449.73951
20240615091005,204.79096
20240615092005,211.03442
20240615093005,222.74206
20240615094005,207.92799
20240615095005,199.41309
20240615100005,206.81339
20240615101005,200.38387
20240615102005,196.46386
20240615103005,196.06789
20240615104005,192.49609
20240615105005,192.51506
20240615110005,194.89876
20240615111005,194.1663
20240615112005,191.28996
20240615113005,190.86675
20240615114005,190.27313
20240615115005,190.03618
20240615120005,190.03373
20240615121005,188.85744
20240615122005,188.85696
20240615123005,187.85644
20240615124005,187.90144
20240615125005,187.63311
20240615130005,187.26324
20240615131005,187.13341
20240615132005,186.93061
20240615133005,186.40179
20240615134005,186.74634
20240615135005,186.135
20240615140005,185.01483
20240615141005,184.36742
20240615142005,184.02214
20240615143005,183.86908
20240615144005,183.75712
20240615145005,183.76323
20240615150005,183.14418
20240615151005,183.06949
20240615152005,183.01386
20240615153005,183.0066
20240615154005,182.96308
20240615155005,182.96979
20240615160005,228.27565
20240615161005,238.27608
20240615162005,257.00579
20240615163005,254.53175
20240615164005,253.47146
20240615165005,246.06431
20240620090005,431.032
20240620091005,208.40132
20240620092005,221.27582
20240620093005,233.49784
20240620094005,205.41055
20240620095005,199.73284
20240620100005,206.80497
20240620101005,197.02358
20240620102005,196.03806
20240620103005,195.38981
20240620104005,192.10263
20240620105005,192.45573
20240620110005,194.89876
20240620111005,194.1663
20240620112005,191.28996
20240620113005,190.86675
20240620114005,190.27313
20240620115005,190.03618
20240620120005,190.03373
20240620121005,188.85744
20240620122005,188.85696
20240620123005,187.85644
20240620124005,187.90144
20240620125005,187.63311
20240620130005,187.26324
20240620131005,187.13341
20240620132005,186.93061
20240620133005,186.40179
20240620134005,186.74634
20240620135005,186.135
20240620140005,185.01483
20240620141005,184.36742
20240620142005,184.02214
20240620143005,183.86908
20240620144005,183.75712
20240620145005,183.76323
20240620150005,183.14418
20240620151005,183.06949
20240620152005,183.01386
20240620153005,183.0066
20240620154005,182.96308
20240620155005,182.96979
20240620160005,228.27565
20240620161005,238.27608
20240620162005,257.00579
20240620163005,254.53175
20240620164005,253.47146
20240620165005,246.06431
20240706090005,338.72731
20240706091005,204.94033
20240706092005,207.0607
20240706093005,196.80196
20240706094005,209.4374
20240706095005,199.53104
20240706100005,208.19565
20240706101005,201.15522
20240706102005,197.16132
20240706103005,196.41715
20240706104005,192.63206
20240706105005,194.35224
20240706110005,194.89876
20240706111005,194.1663
20240706112005,191.28996
20240706113005,190.86675
20240706114005,190.27313
20240706115005,190.03618
20240706120005,190.03373
20240706121005,188.85744
20240706122005,188.85696
20240706123005,187.85644
20240706124005,187.90144
20240706125005,187.63311
20240706130005,187.26324
20240706131005,187.13341
20240706132005,186.93061
20240706133005,186.40179
20240706134005,186.74634
20240706135005,186.135
20240706140005,185.01483
20240706141005,184.36742
20240706142005,184.02214
20240706143005,183.86908
20240706144005,183.75712
20240706145005,183.76323
20240706150005,183.14418
20240706151005,183.06949
20240706152005,183.01386
20240706153005,183.0066
20240706154005,182.96308
20240706155005,182.96979
20240706160005,228.27565
20240706161005,238.27608
20240706162005,257.00579
20240706163005,254.53175
20240706164005,253.47146
20240706165005,246.06431
20240708090005,373.05889
20240708091005,204.09829
20240708092005,207.99587
20240708093005,207.22819
20240708094005,205.66857
20240708095005,198.39044
20240708100005,204.259
20240708101005,201.17789
20240708102005,196.34485
20240708103005,195.80301
20240708104005,192.58665
20240708105005,192.67358
20240708110005,194.89876
20240708111005,194.1663
20240708112005,191.28996
20240708113005,190.86675
20240708114005,190.27313
20240708115005,190.03618
20240708120005,190.03373
20240708121005,188.85744
20240708122005,188.85696
20240708123005,187.85644
20240708124005,187.90144
20240708125005,187.63311
20240708130005,187.26324
20240708131005,187.13341
20240708132005,186.93061
20240708133005,186.40179
20240708134005,186.74634
20240708135005,186.135
20240708140005,185.01483
20240708141005,184.36742
20240708142005,184.02214
20240708143005,183.86908
20240708144005,183.75712
20240708145005,183.76323
20240708150005,183.14418
20240708151005,183.06949
20240708152005,183.01386
20240708153005,183.0066
20240708154005,182.96308
20240708155005,182.96979
20240708160005,228.27565
20240708161005,238.27608
20240708162005,257.00579
20240708163005,254.53175
20240708164005,253.47146
20240708165005,246.06431
20240520090006,425.01181
20240520091006,207.92715
20240520092006,213.87132
20240520093006,213.3524
20240520094006,197.34053
20240520095006,202.48585
20240520100006,202.64823
20240520101006,197.75476
20240520102006,195.76459
20240520103006,195.82056
20240520104006,193.95165
20240520105006,192.4236
20240520110006,194.89876
20240520111006,194.1663
20240520112006,191.28996
20240520113006,190.86675
20240520114006,190.27313
20240520115006,190.03618
20240520120006,190.03373
20240520121006,188.85744
20240520122006,188.85696
20240520123006,187.85644
20240520124006,187.90144
20240520125006,187.63311
20240520130006,187.26324
20240520131006,187.13341
20240520132006,186.93061
20240520133006,186.40179
20240520134006,186.74634
20240520135006,186.135
20240520140006,185.01483
20240520141006,184.36742
20240520142006,184.02214
20240520143006,183.86908
20240520144006,183.75712
20240520145006,183.76323
20240520150006,183.14418
20240520151006,183.06949
20240520152006,183.01386
20240520153006,183.0066
20240520154006,182.96308
20240520155006,182.96979
20240520160006,228.27565
20240520161006,238.27608
20240520162006,257.00579
20240520163006,254.53175
20240520164006,253.47146
20240520165006,246.06431
20240527090006,431.33676
20240527091006,213.43359
20240527092006,227.41797
20240527093006,234.3435
20240527094006,205.12468
20240527095006,203.4515
20240527100006,213.34945
20240527101006,197.13617
20240527102006,195.30251
20240527103006,194.32738
20240527104006,191.90546
20240527105006,192.2272
20240527110006,194.89876
20240527111006,194.1663
20240527112006,191.28996
20240527113006,190.86675
20240527114006,190.27313
20240527115006,190.03618
20240527120006,190.03373
20240527121006,188.85744
20240527122006,188.85696
20240527123006,187.85644
20240527124006,187.90144
20240527125006,187.63311
20240527130006,187.26324
20240527131006,187.13341
20240527132006,186.93061
20240527133006,186.40179
20240527134006,186.74634
20240527135006,186.135
20240527140006,185.01483
20240527141006,184.36742
20240527142006,184.02214
20240527143006,183.86908
20240527144006,183.75712
20240527145006,183.76323
20240527150006,183.14418
20240527151006,183.06949
20240527152006,183.01386
20240527153006,183.0066
20240527154006,182.96308
20240527155006,182.96979
20240527160006,228.27565
20240527161006,238.27608
20240527162006,257.00579
20240527163006,254.53175
20240527164006,253.47146
20240527165006,246.06431
20240625090006,659.54103
20240625091006,202.34354
20240625092006,206.28101
20240625093006,212.38721
20240625094006,202.25955
20240625095006,197.34534
20240625100006,197.51567
20240625101006,197.26155
20240625102006,196.45244
20240625103006,195.44913
20240625104006,191.79715
20240625105006,192.31187
20240625110006,194.89876
20240625111006,194.1663
20240625112006,191.28996
20240625113006,190.86675
20240625114006,190.27313
20240625115006,190.03618
20240625120006,190.03373
20240625121006,188.85744
20240625122006,188.85696
20240625123006,187.85644
20240625124006,187.90144
20240625125006,187.63311
20240625130006,187.26324
20240625131006,187.13341
20240625132006,186.93061
20240625133006,186.40179
20240625134006,186.74634
20240625135006,186.135
20240625140006,185.01483
20240625141006,184.36742
20240625142006,184.02214
20240625143006,183.86908
20240625144006,183.75712
20240625145006,183.76323
20240625150006,183.14418
20240625151006,183.06949
20240625152006,183.01386
20240625153006,183.0066
20240625154006,182.96308
20240625155006,182.96979
20240625160006,228.27565
20240625161006,238.27608
20240625162006,257.00579
20240625163006,254.53175
20240625164006,253.47146
20240625165006,246.06431
20240629090006,713.62926
20240629091006,201.34384
20240629092006,199.91801
20240629093006,207.23025
20240629094006,200.70756
20240629095006,197.45841
20240629100006,199.6665
20240629101006,197.31732
20240629102006,196.3162
20240629103006,195.49929
20240629104006,191.79715
20240629105006,192.31187
20240629110006,194.89876
20240629111006,194.1663
20240629112006,191.28996
20240629113006,190.86675
20240629114006,190.27313
20240629115006,190.03618
20240629120006,190.03373
20240629121006,188.85744
20240629122006,188.85696
20240629123006,187.85644
20240629124006,187.90144
20240629125006,187.63311
20240629130006,187.26324
20240629131006,187.13341
20240629132006,186.93061
20240629133006,186.40179
20240629134006,186.74634
20240629135006,186.135
20240629140006,185.01483
20240629141006,184.36742
20240629142006,184.02214
20240629143006,183.86908
20240629144006,183.75712
20240629145006,183.76323
20240629150006,183.14418
20240629151006,183.06949
20240629152006,183.01386
20240629153006,183.0066
20240629154006,182.96308
20240629155006,182.96979
20240629160006,228.27565
20240629161006,238.27608
20240629162006,257.00579
20240629163006,254.53175
20240629164006,253.47146
20240629165006,246.06431
20240706090006,637.2101
20240706091006,201.81444
20240706092006,207.46676
20240706093006,198.70919
20240706094006,211.60731
20240706095006,202.8148
20240706100006,203.19538
20240706101006,197.54859
20240706102006,196.7528
20240706103006,196.27589
20240706104006,191.84209
20240706105006,192.40466
20240706110006,194.89876
20240706111006,194.1663
20240706112006,191.28996
20240706113006,190.86675
20240706114006,190.27313
20240706115006,190.03618
20240706120006,190.03373
20240706121006,188.85744
20240706122006,188.85696
20240706123006,187.85644
20240706124006,187.90144
20240706125006,187.63311
20240706130006,187.26324
20240706131006,187.13341
20240706132006,186.93061
20240706133006,186.40179
20240706134006,186.74634
20240706135006,186.135
20240706140006,185.01483
20240706141006,184.36742
20240706142006,184.02214
20240706143006,183.86908
20240706144006,183.75712
20240706145006,183.76323
20240706150006,183.14418
20240706151006,183.06949
20240706152006,183.01386
20240706153006,183.0066
20240706154006,182.96308
20240706155006,182.96979
20240706160006,228.27565
20240706161006,238.27608
20240706162006,257.00579
20240706163006,254.53175
20240706164006,253.47146
20240706165006,246.06431
20240722090006,631.86045
20240722091006,201.88103
20240722092006,206.83472
20240722093006,202.69365
20240722094006,206.29223
20240722095006,198.8879
20240722100006,203.26958
20240722101006,198.20273
20240722102006,196.67296
20240722103006,196.07788
20240722104006,191.84209
20240722105006,192.35853
20240722110006,194.89876
20240722111006,194.1663
20240722112006,191.28996
20240722113006,190.86675
20240722114006,190.27313
20240722115006,190.03618
20240722120006,190.03373
20240722121006,188.85744
20240722122006,188.85696
20240722123006,187.85644
20240722124006,187.90144
20240722125006,187.63311
20240722130006,187.26324
20240722131006,187.13341
20240722132006,186.93061
20240722133006,186.40179
20240722134006,186.74634
20240722135006,186.135
20240722140006,185.01483
20240722141006,184.36742
20240722142006,184.02214
20240722143006,183.86908
20240722144006,183.75712
20240722145006,183.76323
20240722150006,183.14418
20240722151006,183.06949
20240722152006,183.01386
20240722153006,183.0066
20240722154006,182.96308
20240722155006,182.96979
20240722160006,228.27565
20240722161006,238.27608
20240722162006,257.00579
20240722163006,254.53175
20240722164006,253.47146
20240722165006,246.06431
20240526090007,237.91064
20240526091007,202.30223
20240526092007,205.47282
20240526093007,208.09351
20240526094007,205.40629
20240526095007,207.07092
20240526100007,204.905
20240526101007,198.24233
20240526102007,195.73861
20240526103007,195.45576
20240526104007,192.42951
20240526105007,192.52717
20240526110007,194.89876
20240526111007,194.1663
20240526112007,191.28996
20240526113007,190.86675
20240526114007,190.27313
20240526115007,190.03618
20240526120007,190.03373
20240526121007,188.85744
20240526122007,188.85696
20240526123007,187.85644
20240526124007,187.90144
20240526125007,187.63311
20240526130007,187.26324
20240526131007,187.13341
20240526132007,186.93061
20240526133007,186.40179
20240526134007,186.74634
20240526135007,186.135
20240526140007,185.01483
20240526141007,184.36742
20240526142007,184.02214
20240526143007,183.86908
20240526144007,183.75712
20240526145007,183.76323
20240526150007,183.14418
20240526151007,183.06949
20240526152007,183.01386
20240526153007,183.0066
20240526154007,182.96308
20240526155007,182.96979
20240526160007,228.27565
20240526161007,238.27608
20240526162007,257.00579
20240526163007,254.53175
20240526164007,253.47146
20240526165007,246.06431
20240612090007,718.41217
20240612091007,299.57526
20240612092007,256.13566
20240612093007,210.36061
20240612094007,195.21139
20240612095007,198.76601
20240612100007,197.01583
20240612101007,198.29246
20240612102007,197.71299
20240612103007,195.37935
20240612104007,192.30523
20240612105007,192.73094
20240612110007,194.89876
20240612111007,194.1663
20240612112007,191.28996
20240612113007,190.86675
20240612114007,190.27313
20240612115007,190.03618
20240612120007,190.03373
20240612121007,188.85744
20240612122007,188.85696
20240612123007,187.85644
20240612124007,187.90144
20240612125007,187.63311
20240612130007,187.26324
20240612131007,187.13341
20240612132007,186.93061
20240612133007,186.40179
20240612134007,186.74634
20240612135007,186.135
20240612140007,185.01483
20240612141007,184.36742
20240612142007,184.02214
20240612143007,183.86908
20240612144007,183.75712
20240612145007,183.76323
20240612150007,183.14418
20240612151007,183.06949
20240612152007,183.01386
20240612153007,183.0066
20240612154007,182.96308
20240612155007,182.96979
20240612160007,228.27565
20240612161007,238.27608
20240612162007,257.00579
20240612163007,254.53175
20240612164007,253.47146
20240612165007,246.06431
20240615090007,835.34628
20240615091007,195.7253
20240615092007,194.43136
20240615093007,206.18977
20240615094007,200.45606
20240615095007,198.03946
20240615100007,193.06848
20240615101007,197.42461
20240615102007,196.82212
20240615103007,194.9687
20240615104007,191.7888
20240615105007,192.27897
20240615110007,194.89876
20240615111007,194.1663
20240615112007,191.28996
20240615113007,190.86675
20240615114007,190.27313
20240615115007,190.03618
20240615120007,190.03373
20240615121007,188.85744
20240615122007,188.85696
20240615123007,187.85644
20240615124007,187.90144
20240615125007,187.63311
20240615130007,187.26324
20240615131007,187.13341
20240615132007,186.93061
20240615133007,186.40179
20240615134007,186.74634
20240615135007,186.135
20240615140007,185.01483
20240615141007,184.36742
20240615142007,184.02214
20240615143007,183.86908
20240615144007,183.75712
20240615145007,183.76323
20240615150007,183.14418
20240615151007,183.06949
20240615152007,183.01386
20240615153007,183.0066
20240615154007,182.96308
20240615155007,182.96979
20240615160007,228.27565
20240615161007,238.27608
20240615162007,257.00579
20240615163007,254.53175
20240615164007,253.47146
20240615165007,246.06431
20240717090007,812.56254
20240717091007,196.16274
20240717092007,189.56295
20240717093007,198.06453
20240717094007,205.64472
20240717095007,198.65922
20240717100007,194.07009
20240717101007,196.3344
20240717102007,197.41618
20240717103007,195.83641
20240717104007,191.80641
20240717105007,192.35853
20240717110007,194.89876
20240717111007,194.1663
20240717112007,191.28996
20240717113007,190.86675
20240717114007,190.27313
20240717115007,190.03618
20240717120007,190.03373
20240717121007,188.85744
20240717122007,188.85696
20240717123007,187.85644
20240717124007,187.90144
20240717125007,187.63311
20240717130007,187.26324
20240717131007,187.13341
20240717132007,186.93061
20240717133007,186.40179
20240717134007,186.74634
20240717135007,186.135
20240717140007,185.01483
20240717141007,184.36742
20240717142007,184.02214
20240717143007,183.86908
20240717144007,183.75712
20240717145007,183.76323
20240717150007,183.14418
20240717151007,183.06949
20240717152007,183.01386
20240717153007,183.0066
20240717154007,182.96308
20240717155007,182.96979
20240717160007,228.27565
20240717161007,238.27608
20240717162007,257.00579
20240717163007,254.53175
20240717164007,253.47146
20240717165007,246.06431
20240124090008,187.56623
20240124091008,188.57117
20240124092008,192.93461
20240124093008,192.03412
20240124094008,197.71662
20240124095008,196.32457
20240124100008,193.73959
20240124101008,197.22306
20240124102008,196.5234
20240124103008,196.69143
20240124104008,195.18196
20240124105008,192.20535
20240124110008,194.89876
20240124111008,194.1663
20240124112008,191.28996
20240124113008,190.86675
20240124114008,190.27313
20240124115008,190.03618
20240124120008,190.03373
20240124121008,188.85744
20240124122008,188.85696
20240124123008,187.85644
20240124124008,187.90144
20240124125008,187.63311
20240124130008,187.26324
20240124131008,187.13341
20240124132008,186.93061
20240124133008,186.40179
20240124134008,186.74634
20240124135008,186.135
20240124140008,185.01483
20240124141008,184.36742
20240124142008,184.02214
20240124143008,183.86908
20240124144008,183.75712
20240124145008,183.76323
20240124150008,183.14418
20240124151008,183.06949
20240124152008,183.01386
20240124153008,183.0066
20240124154008,182.96308
20240124155008,182.96979
20240124160008,228.27565
20240124161008,238.27608
20240124162008,257.00579
20240124163008,254.53175
20240124164008,253.47146
20240124165008,246.06431
20240128090008,187.24822
20240128091008,189.31101
20240128092008,194.90817
20240128093008,192.60423
20240128094008,199.48147
20240128095008,196.94648
20240128100008,193.56899
20240128101008,197.27361
20240128102008,197.02974
20240128103008,196.28401
20240128104008,195.45269
20240128105008,192.19556
20240128110008,194.89876
20240128111008,194.1663
20240128112008,191.28996
20240128113008,190.86675
20240128114008,190.27313
20240128115008,190.03618
20240128120008,190.03373
20240128121008,188.85744
20240128122008,188.85696
20240128123008,187.85644
20240128124008,187.90144
20240128125008,187.63311
20240128130008,187.26324
20240128131008,187.13341
20240128132008,186.93061
20240128133008,186.40179
20240128134008,186.74634
20240128135008,186.135
20240128140008,185.01483
20240128141008,184.36742
20240128142008,184.02214
20240128143008,183.86908
20240128144008,183.75712
20240128145008,183.76323
20240128150008,183.14418
20240128151008,183.06949
20240128152008,183.01386
20240128153008,183.0066
20240128154008,182.96308
20240128155008,182.96979
20240128160008,228.27565
20240128161008,238.27608
20240128162008,257.00579
20240128163008,254.53175
20240128164008,253.47146
20240128165008,246.06431
20240204090008,190.45965
20240204091008,191.82419
20240204092008,197.1208
20240204093008,198.01685
20240204094008,197.74635
20240204095008,197.14045
20240204100008,197.40405
20240204101008,197.05182
20240204102008,196.44484
20240204103008,196.10117
20240204104008,194.30782
20240204105008,192.41621
20240204110008,194.89876
20240204111008,194.1663
20240204112008,191.28996
20240204113008,190.86675
20240204114008,190.27313
20240204115008,190.03618
20240204120008,190.03373
20240204121008,188.85744
20240204122008,188.85696
20240204123008,187.85644
20240204124008,187.90144
20240204125008,187.63311
20240204130008,187.26324
20240204131008,187.13341
20240204132008,186.93061
20240204133008,186.40179
20240204134008,186.74634
20240204135008,186.135
20240204140008,185.01483
20240204141008,184.36742
20240204142008,184.02214
20240204143008,183.86908
20240204144008,183.75712
20240204145008,183.76323
20240204150008,183.14418
20240204151008,183.06949
20240204152008,183.01386
20240204153008,183.0066
20240204154008,182.96308
20240204155008,182.96979
20240204160008,228.27565
20240204161008,238.27608
20240204162008,257.00579
20240204163008,254.53175
20240204164008,253.47146
20240204165008,246.06431
20240218090008,194.63215
20240218091008,196.17402
20240218092008,197.29148
20240218093008,198.58094
20240218094008,198.31052
20240218095008,200.48297
20240218100008,204.56143
20240218101008,199.37929
20240218102008,196.14587
20240218103008,195.74875
20240218104008,192.87129
20240218105008,192.29276
20240218110008,194.89876
20240218111008,194.1663
20240218112008,191.28996
20240218113008,190.86675
20240218114008,190.27313
20240218115008,190.03618
20240218120008,190.03373
20240218121008,188.85744
20240218122008,188.85696
20240218123008,187.85644
20240218124008,187.90144
20240218125008,187.63311
20240218130008,187.26324
20240218131008,187.13341
20240218132008,186.93061
20240218133008,186.40179
20240218134008,186.74634
20240218135008,186.135
20240218140008,185.01483
20240218141008,184.36742
20240218142008,184.02214
20240218143008,183.86908
20240218144008,183.75712
20240218145008,183.76323
20240218150008,183.14418
20240218151008,183.06949
20240218152008,183.01386
20240218153008,183.0066
20240218154008,182.96308
20240218155008,182.96979
20240218160008,228.27565
20240218161008,238.27608
20240218162008,257.00579
20240218163008,254.53175
20240218164008,253.47146
20240218165008,246.06431
20240305090008,203.03262
20240305091008,205.93751
20240305092008,205.70664
20240305093008,210.16771
20240305094008,199.67919
20240305095008,203.98464
20240305100008,205.97577
20240305101008,197.50067
20240305102008,196.15339
20240305103008,194.83038
20240305104008,192.26563
20240305105008,192.80588
20240305110008,194.89876
20240305111008,194.1663
20240305112008,191.28996
20240305113008,190.86675
20240305114008,190.27313
20240305115008,190.03618
20240305120008,190.03373
20240305121008,188.85744
20240305122008,188.85696
20240305123008,187.85644
20240305124008,187.90144
20240305125008,187.63311
20240305130008,187.26324
20240305131008,187.13341
20240305132008,186.93061
20240305133008,186.40179
20240305134008,186.74634
20240305135008,186.135
20240305140008,185.01483
20240305141008,184.36742
20240305142008,184.02214
20240305143008,183.86908
20240305144008,183.75712
20240305145008,183.76323
20240305150008,183.14418
20240305151008,183.06949
20240305152008,183.01386
20240305153008,183.0066
20240305154008,182.96308
20240305155008,182.96979
20240305160008,228.27565
20240305161008,238.27608
20240305162008,257.00579
20240305163008,254.53175
20240305164008,253.47146
20240305165008,246.06431
20240325090008,195.00441
20240325091008,191.59831
20240325092008,195.99596
20240325093008,198.71519
20240325094008,215.43414
20240325095008,208.25061
20240325100008,203.58622
20240325101008,198.44996
20240325102008,195.45324
20240325103008,192.46656
20240325104008,192.3953
20240325105008,192.27057
20240325110008,194.89876
20240325111008,194.1663
20240325112008,191.28996
20240325113008,190.86675
20240325114008,190.27313
20240325115008,190.03618
20240325120008,190.03373
20240325121008,188.85744
20240325122008,188.85696
20240325123008,187.85644
20240325124008,187.90144
20240325125008,187.63311
20240325130008,187.26324
20240325131008,187.13341
20240325132008,186.93061
20240325133008,186.40179
20240325134008,186.74634
20240325135008,186.135
20240325140008,185.01483
20240325141008,184.36742
20240325142008,184.02214
20240325143008,183.86908
20240325144008,183.75712
20240325145008,183.76323
20240325150008,183.14418
20240325151008,183.06949
20240325152008,183.01386
20240325153008,183.0066
20240325154008,182.96308
20240325155008,182.96979
20240325160008,228.27565
20240325161008,238.27608
20240325162008,257.00579
20240325163008,254.53175
20240325164008,253.47146
20240325165008,246.06431
20240518090008,194.83054
20240518091008,198.01229
20240518092008,207.79466
20240518093008,206.85053
20240518094008,208.82053
20240518095008,207.51519
20240518100008,206.96226
20240518101008,197.11128
20240518102008,195.53065
20240518103008,193.95739
20240518104008,192.38251
20240518105008,192.19556
20240518110008,194.89876
20240518111008,194.1663
20240518112008,191.28996
20240518113008,190.86675
20240518114008,190.27313
20240518115008,190.03618
20240518120008,190.03373
20240518121008,188.85744
20240518122008,188.85696
20240518123008,187.85644
20240518124008,187.90144
20240518125008,187.63311
20240518130008,187.26324
20240518131008,187.13341
20240518132008,186.93061
20240518133008,186.40179
20240518134008,186.74634
20240518135008,186.135
20240518140008,185.01483
20240518141008,184.36742
20240518142008,184.02214
20240518143008,183.86908
20240518144008,183.75712
20240518145008,183.76323
20240518150008,183.14418
20240518151008,183.06949
20240518152008,183.01386
20240518153008,183.0066
20240518154008,182.96308
20240518155008,182.96979
20240518160008,228.27565
20240518161008,238.27608
20240518162008,257.00579
20240518163008,254.53175
20240518164008,253.47146
20240518165008,246.06431
20240526090008,193.71133
20240526091008,198.99449
20240526092008,201.30255
20240526093008,202.86711
20240526094008,208.26921
20240526095008,208.97882
20240526100008,215.42035
20240526101008,197.16435
20240526102008,195.75444
20240526103008,195.28089
20240526104008,192.28531
20240526105008,192.20501
20240526110008,194.89876
20240526111008,194.1663
20240526112008,191.28996
20240526113008,190.86675
20240526114008,190.27313
20240526115008,190.03618
20240526120008,190.03373
20240526121008,188.85744
20240526122008,188.85696
20240526123008,187.85644
20240526124008,187.90144
20240526125008,187.63311
20240526130008,187.26324
20240526131008,187.13341
20240526132008,186.93061
20240526133008,186.40179
20240526134008,186.74634
20240526135008,186.135
20240526140008,185.01483
20240526141008,184.36742
20240526142008,184.02214
20240526143008,183.86908
20240526144008,183.75712
20240526145008,183.76323
20240526150008,183.14418
20240526151008,183.06949
20240526152008,183.01386
20240526153008,183.0066
20240526154008,182.96308
20240526155008,182.96979
20240526160008,228.27565
20240526161008,238.27608
20240526162008,257.00579
20240526163008,254.53175
20240526164008,253.47146
20240526165008,246.06431
20240529090008,195.0261
20240529091008,194.46948
20240529092008,197.36733
20240529093008,198.30707
20240529094008,203.09236
20240529095008,211.4435
20240529100008,212.83749
20240529101008,200.90059
20240529102008,195.65271
20240529103008,194.51701
20240529104008,192.40821
20240529105008,192.27828
20240529110008,194.89876
20240529111008,194.1663
20240529112008,191.28996
20240529113008,190.86675
20240529114008,190.27313
20240529115008,190.03618
20240529120008,190.03373
20240529121008,188.85744
20240529122008,188.85696
20240529123008,187.85644
20240529124008,187.90144
20240529125008,187.63311
20240529130008,187.26324
20240529131008,187.13341
20240529132008,186.93061
20240529133008,186.40179
20240529134008,186.74634
20240529135008,186.135
20240529140008,185.01483
20240529141008,184.36742
20240529142008,184.02214
20240529143008,183.86908
20240529144008,183.75712
20240529145008,183.76323
20240529150008,183.14418
20240529151008,183.06949
20240529152008,183.01386
20240529153008,183.0066
20240529154008,182.96308
20240529155008,182.96979
20240529160008,228.27565
20240529161008,238.27608
20240529162008,257.00579
20240529163008,254.53175
20240529164008,253.47146
20240529165008,246.06431
20240607090008,199.10012
20240607091008,202.97785
20240607092008,204.68644
20240607093008,208.02309
20240607094008,206.65008
20240607095008,208.98096
20240607100008,277.91509
20240607101008,198.06572
20240607102008,196.08111
20240607103008,194.69808
20240607104008,192.20391
20240607105008,192.27828
20240607110008,194.89876
20240607111008,194.1663
20240607112008,191.28996
20240607113008,190.86675
20240607114008,190.27313
20240607115008,190.03618
20240607120008,190.03373
20240607121008,188.85744
20240607122008,188.85696
20240607123008,187.85644
20240607124008,187.90144
20240607125008,187.63311
20240607130008,187.26324
20240607131008,187.13341
20240607132008,186.93061
20240607133008,186.40179
20240607134008,186.74634
20240607135008,186.135
20240607140008,185.01483
20240607141008,184.36742
20240607142008,184.02214
20240607143008,183.86908
20240607144008,183.75712
20240607145008,183.76323
20240607150008,183.14418
20240607151008,183.06949
20240607152008,183.01386
20240607153008,183.0066
20240607154008,182.96308
20240607155008,182.96979
20240607160008,228.27565
20240607161008,238.27608
20240607162008,257.00579
20240607163008,254.53175
20240607164008,253.47146
20240607165008,246.06431
20240613090008,200.99546
20240613091008,199.73984
20240613092008,204.42711
20240613093008,208.14412
20240613094008,206.57425
20240613095008,206.11004
20240613100008,282.04266
20240613101008,198.04667
20240613102008,196.08111
20240613103008,194.69742
20240613104008,192.10324
20240613105008,192.27828
20240613110008,194.89876
20240613111008,194.1663
20240613112008,191.28996
20240613113008,190.86675
20240613114008,190.27313
20240613115008,190.03618
20240613120008,190.03373
20240613121008,188.85744
20240613122008,188.85696
20240613123008,187.85644
20240613124008,187.90144
20240613125008,187.63311
20240613130008,187.26324
20240613131008,187.13341
20240613132008,186.93061
20240613133008,186.40179
20240613134008,186.74634
20240613135008,186.135
20240613140008,185.01483
20240613141008,184.36742
20240613142008,184.02214
20240613143008,183.86908
20240613144008,183.75712
20240613145008,183.76323
20240613150008,183.14418
20240613151008,183.06949
20240613152008,183.01386
20240613153008,183.0066
20240613154008,182.96308
20240613155008,182.96979
20240613160008,228.27565
20240613161008,238.27608
20240613162008,257.00579
20240613163008,254.53175
20240613164008,253.47146
20240613165008,246.06431
20240628090008,223.35818
20240628091008,207.22518
20240628092008,209.00778
20240628093008,201.32705
20240628094008,207.54266
20240628095008,200.04385
20240628100008,198.0104
20240628101008,196.38201
20240628102008,195.59007
20240628103008,193.85569
20240628104008,192.73675
20240628105008,192.15624
20240628110008,194.89876
20240628111008,194.1663
20240628112008,191.28996
20240628113008,190.86675
20240628114008,190.27313
20240628115008,190.03618
20240628120008,190.03373
20240628121008,188.85744
20240628122008,188.85696
20240628123008,187.85644
20240628124008,187.90144
20240628125008,187.63311
20240628130008,187.26324
20240628131008,187.13341
20240628132008,186.93061
20240628133008,186.40179
20240628134008,186.74634
20240628135008,186.135
20240628140008,185.01483
20240628141008,184.36742
20240628142008,184.02214
20240628143008,183.86908
20240628144008,183.75712
20240628145008,183.76323
20240628150008,183.14418
20240628151008,183.06949
20240628152008,183.01386
20240628153008,183.0066
20240628154008,182.96308
20240628155008,182.96979
20240628160008,228.27565
20240628161008,238.27608
20240628162008,257.00579
20240628163008,254.53175
20240628164008,253.47146
20240628165008,246.06431
20240705090008,214.1817
20240705091008,250.52176
20240705092008,212.44772
20240705093008,192.96537
20240705094008,207.77788
20240705095008,202.53394
20240705100008,209.45973
20240705101008,197.62523
20240705102008,197.11673
20240705103008,196.23223
20240705104008,195.30282
20240705105008,192.73406
20240705110008,194.89876
20240705111008,194.1663
20240705112008,191.28996
20240705113008,190.86675
20240705114008,190.27313
20240705115008,190.03618
20240705120008,190.03373
20240705121008,188.85744
20240705122008,188.85696
20240705123008,187.85644
20240705124008,187.90144
20240705125008,187.63311
20240705130008,187.26324
20240705131008,187.13341
20240705132008,186.93061
20240705133008,186.40179
20240705134008,186.74634
20240705135008,186.135
20240705140008,185.01483
20240705141008,184.36742
20240705142008,184.02214
20240705143008,183.86908
20240705144008,183.75712
20240705145008,183.76323
20240705150008,183.14418
20240705151008,183.06949
20240705152008,183.01386
20240705153008,183.0066
20240705154008,182.96308
20240705155008,182.96979
20240705160008,228.27565
20240705161008,238.27608
20240705162008,257.00579
20240705163008,254.53175
20240705164008,253.47146
20240705165008,246.06431
20240709090008,291.22861
20240709091008,325.44956
20240709092008,220.58821
20240709093008,192.44321
20240709094008,204.96115
20240709095008,199.93811
20240709100008,205.97656
20240709101008,197.58008
20240709102008,197.07781
20240709103008,196.13943
20240709104008,193.07192
20240709105008,192.27828
20240709110008,194.89876
20240709111008,194.1663
20240709112008,191.28996
20240709113008,190.86675
20240709114008,190.27313
20240709115008,190.03618
20240709120008,190.03373
20240709121008,188.85744
20240709122008,188.85696
20240709123008,187.85644
20240709124008,187.90144
20240709125008,187.63311
20240709130008,187.26324
20240709131008,187.13341
20240709132008,186.93061
20240709133008,186.40179
20240709134008,186.74634
20240709135008,186.135
20240709140008,185.01483
20240709141008,184.36742
20240709142008,184.02214
20240709143008,183.86908
20240709144008,183.75712
20240709145008,183.76323
20240709150008,183.14418
20240709151008,183.06949
20240709152008,183.01386
20240709153008,183.0066
20240709154008,182.96308
20240709155008,182.96979
20240709160008,228.27565
20240709161008,238.27608
20240709162008,257.00579
20240709163008,254.53175
20240709164008,253.47146
20240709165008,246.06431
20240715090008,275.10134
20240715091008,232.58486
20240715092008,206.35145
20240715093008,198.35666
20240715094008,208.28175
20240715095008,198.91141
20240715100008,197.96241
20240715101008,196.28809
20240715102008,196.02486
20240715103008,196.38986
20240715104008,192.70713
20240715105008,192.15568
20240715110008,194.89876
20240715111008,194.1663
20240715112008,191.28996
20240715113008,190.86675
20240715114008,190.27313
20240715115008,190.03618
20240715120008,190.03373
20240715121008,188.85744
20240715122008,188.85696
20240715123008,187.85644
20240715124008,187.90144
20240715125008,187.63311
20240715130008,187.26324
20240715131008,187.13341
20240715132008,186.93061
20240715133008,186.40179
20240715134008,186.74634
20240715135008,186.135
20240715140008,185.01483
20240715141008,184.36742
20240715142008,184.02214
20240715143008,183.86908
20240715144008,183.75712
20240715145008,183.76323
20240715150008,183.14418
20240715151008,183.06949
20240715152008,183.01386
20240715153008,183.0066
20240715154008,182.96308
20240715155008,182.96979
20240715160008,228.27565
20240715161008,238.27608
20240715162008,257.00579
20240715163008,254.53175
20240715164008,253.47146
20240715165008,246.06431
20240719090008,228.68815
20240719091008,252.19079
20240719092008,222.09991
20240719093008,192.68351
20240719094008,208.5614
20240719095008,198.94101
20240719100008,203.15952
20240719101008,197.30572
20240719102008,197.00075
20240719103008,195.73264
20240719104008,192.73424
20240719105008,192.40466
20240719110008,194.89876
20240719111008,194.1663
20240719112008,191.28996
20240719113008,190.86675
20240719114008,190.27313
20240719115008,190.03618
20240719120008,190.03373
20240719121008,188.85744
20240719122008,188.85696
20240719123008,187.85644
20240719124008,187.90144
20240719125008,187.63311
20240719130008,187.26324
20240719131008,187.13341
20240719132008,186.93061
20240719133008,186.40179
20240719134008,186.74634
20240719135008,186.135
20240719140008,185.01483
20240719141008,184.36742
20240719142008,184.02214
20240719143008,183.86908
20240719144008,183.75712
20240719145008,183.76323
20240719150008,183.14418
20240719151008,183.06949
20240719152008,183.01386
20240719153008,183.0066
20240719154008,182.96308
20240719155008,182.96979
20240719160008,228.27565
20240719161008,238.27608
20240719162008,257.00579
20240719163008,254.53175
20240719164008,253.47146
20240719165008,246.06431
20240309090009,194.09579
20240309091009,191.81294
20240309092009,197.41329
20240309093009,207.01119
20240309094009,207.87411
20240309095009,205.73906
20240309100009,202.90708
20240309101009,199.49589
20240309102009,195.90287
20240309103009,195.71526
20240309104009,192.34121
20240309105009,192.36325
20240309110009,194.89876
20240309111009,194.1663
20240309112009,191.28996
20240309113009,190.86675
20240309114009,190.27313
20240309115009,190.03618
20240309120009,190.03373
20240309121009,188.85744
20240309122009,188.85696
20240309123009,187.85644
20240309124009,187.90144
20240309125009,187.63311
20240309130009,187.26324
20240309131009,187.13341
20240309132009,186.93061
20240309133009,186.40179
20240309134009,186.74634
20240309135009,186.135
20240309140009,185.01483
20240309141009,184.36742
20240309142009,184.02214
20240309143009,183.86908
20240309144009,183.75712
20240309145009,183.76323
20240309150009,183.14418
20240309151009,183.06949
20240309152009,183.01386
20240309153009,183.0066
20240309154009,182.96308
20240309155009,182.96979
20240309160009,228.27565
20240309161009,238.27608
20240309162009,257.00579
20240309163009,254.53175
20240309164009,253.47146
20240309165009,246.06431
20240314090009,187.26555
20240314091009,189.88188
20240314092009,196.5368
20240314093009,201.08248
20240314094009,208.26591
20240314095009,202.5062
20240314100009,200.0868
20240314101009,197.06107
20240314102009,195.86386
20240314103009,195.62158
20240314104009,192.36366
20240314105009,192.27828
20240314110009,194.89876
20240314111009,194.1663
20240314112009,191.28996
20240314113009,190.86675
20240314114009,190.27313
20240314115009,190.03618
20240314120009,190.03373
20240314121009,188.85744
20240314122009,188.85696
20240314123009,187.85644
20240314124009,187.90144
20240314125009,187.63311
20240314130009,187.26324
20240314131009,187.13341
20240314132009,186.93061
20240314133009,186.40179
20240314134009,186.74634
20240314135009,186.135
20240314140009,185.01483
20240314141009,184.36742
20240314142009,184.02214
20240314143009,183.86908
20240314144009,183.75712
20240314145009,183.76323
20240314150009,183.14418
20240314151009,183.06949
20240314152009,183.01386
20240314153009,183.0066
20240314154009,182.96308
20240314155009,182.96979
20240314160009,228.27565
20240314161009,238.27608
20240314162009,257.00579
20240314163009,254.53175
20240314164009,253.47146
20240314165009,246.06431
20240414090009,241.8458
20240414091009,237.91959
20240414092009,239.39441
20240414093009,244.23087
20240414094009,209.18037
20240414095009,205.78883
20240414100009,206.73256
20240414101009,196.57776
20240414102009,192.97666
20240414103009,194.43531
20240414104009,192.53084
20240414105009,192.22063
20240414110009,194.89876
20240414111009,194.1663
20240414112009,191.28996
20240414113009,190.86675
20240414114009,190.27313
20240414115009,190.03618
20240414120009,190.03373
20240414121009,188.85744
20240414122009,188.85696
20240414123009,187.85644
20240414124009,187.90144
20240414125009,187.63311
20240414130009,187.26324
20240414131009,187.13341
20240414132009,186.93061
20240414133009,186.40179
20240414134009,186.74634
20240414135009,186.135
20240414140009,185.01483
20240414141009,184.36742
20240414142009,184.02214
20240414143009,183.86908
20240414144009,183.75712
20240414145009,183.76323
20240414150009,183.14418
20240414151009,183.06949
20240414152009,183.01386
20240414153009,183.0066
20240414154009,182.96308
20240414155009,182.96979
20240414160009,228.27565
20240414161009,238.27608
20240414162009,257.00579
20240414163009,254.53175
20240414164009,253.47146
20240414165009,246.06431
20240506090009,223.63138
20240506091009,329.91061
20240506092009,210.80864
20240506093009,197.0384
20240506094009,204.36644
20240506095009,198.19593
20240506100009,202.07154
20240506101009,196.84729
20240506102009,196.00555
20240506103009,192.61607
20240506104009,192.6014
20240506105009,192.15568
20240506110009,194.89876
20240506111009,194.1663
20240506112009,191.28996
20240506113009,190.86675
20240506114009,190.27313
20240506115009,190.03618
20240506120009,190.03373
20240506121009,188.85744
20240506122009,188.85696
20240506123009,187.85644
20240506124009,187.90144
20240506125009,187.63311
20240506130009,187.26324
20240506131009,187.13341
20240506132009,186.93061
20240506133009,186.40179
20240506134009,186.74634
20240506135009,186.135
20240506140009,185.01483
20240506141009,184.36742
20240506142009,184.02214
20240506143009,183.86908
20240506144009,183.75712
20240506145009,183.76323
20240506150009,183.14418
20240506151009,183.06949
20240506152009,183.01386
20240506153009,183.0066
20240506154009,182.96308
20240506155009,182.96979
20240506160009,228.27565
20240506161009,238.27608
20240506162009,257.00579
20240506163009,254.53175
20240506164009,253.47146
20240506165009,246.06431
20240526090009,192.94537
20240526091009,198.12542
20240526092009,199.98928
20240526093009,201.73962
20240526094009,207.8526
20240526095009,208.89735
20240526100009,213.83988
20240526101009,197.39087
20240526102009,195.75424
20240526103009,195.28709
20240526104009,192.38251
20240526105009,192.27057
20240526110009,194.89876
20240526111009,194.1663
20240526112009,191.28996
20240526113009,190.86675
20240526114009,190.27313
20240526115009,190.03618
20240526120009,190.03373
20240526121009,188.85744
20240526122009,188.85696
20240526123009,187.85644
20240526124009,187.90144
20240526125009,187.63311
20240526130009,187.26324
20240526131009,187.13341
20240526132009,186.93061
20240526133009,186.40179
20240526134009,186.74634
20240526135009,186.135
20240526140009,185.01483
20240526141009,184.36742
20240526142009,184.02214
20240526143009,183.86908
20240526144009,183.75712
20240526145009,183.76323
20240526150009,183.14418
20240526151009,183.06949
20240526152009,183.01386
20240526153009,183.0066
20240526154009,182.96308
20240526155009,182.96979
20240526160009,228.27565
20240526161009,238.27608
20240526162009,257.00579
20240526163009,254.53175
20240526164009,253.47146
20240526165009,246.06431
20240614090009,196.75702
20240614091009,197.5095
20240614092009,199.89306
20240614093009,207.49055
20240614094009,207.38889
20240614095009,205.92468
20240614100009,223.0277
20240614101009,199.26334
20240614102009,195.90221
20240614103009,195.28177
20240614104009,192.40497
20240614105009,192.63373
20240614110009,194.89876
20240614111009,194.1663
20240614112009,191.28996
20240614113009,190.86675
20240614114009,190.27313
20240614115009,190.03618
20240614120009,190.03373
20240614121009,188.85744
20240614122009,188.85696
20240614123009,187.85644
20240614124009,187.90144
20240614125009,187.63311
20240614130009,187.26324
20240614131009,187.13341
20240614132009,186.93061
20240614133009,186.40179
20240614134009,186.74634
20240614135009,186.135
20240614140009,185.01483
20240614141009,184.36742
20240614142009,184.02214
20240614143009,183.86908
20240614144009,183.75712
20240614145009,183.76323
20240614150009,183.14418
20240614151009,183.06949
20240614152009,183.01386
20240614153009,183.0066
20240614154009,182.96308
20240614155009,182.96979
20240614160009,228.27565
20240614161009,238.27608
20240614162009,257.00579
20240614163009,254.53175
20240614164009,253.47146
20240614165009,246.06431
20240621090009,245.5723
20240621091009,208.56752
20240621092009,200.20649
20240621093009,197.07722
20240621094009,207.75685
20240621095009,197.97273
20240621100009,197.51416
20240621101009,198.33229
20240621102009,196.27424
20240621103009,194.51671
20240621104009,192.70713
20240621105009,192.19556
20240621110009,194.89876
20240621111009,194.1663
20240621112009,191.28996
20240621113009,190.86675
20240621114009,190.27313
20240621115009,190.03618
20240621120009,190.03373
20240621121009,188.85744
20240621122009,188.85696
20240621123009,187.85644
20240621124009,187.90144
20240621125009,187.63311
20240621130009,187.26324
20240621131009,187.13341
20240621132009,186.93061
20240621133009,186.40179
20240621134009,186.74634
20240621135009,186.135
20240621140009,185.01483
20240621141009,184.36742
20240621142009,184.02214
20240621143009,183.86908
20240621144009,183.75712
20240621145009,183.76323
20240621150009,183.14418
20240621151009,183.06949
20240621152009,183.01386
20240621153009,183.0066
20240621154009,182.96308
20240621155009,182.96979
20240621160009,228.27565
20240621161009,238.27608
20240621162009,257.00579
20240621163009,254.53175
20240621164009,253.47146
20240621165009,246.06431
20240628090009,263.74702
20240628091009,201.55279
20240628092009,206.66459
20240628093009,204.44567
20240628094009,207.18337
20240628095009,202.45115
20240628100009,198.08738
20240628101009,196.56145
20240628102009,195.61886
20240628103009,195.28837
20240628104009,192.73675
20240628105009,192.1959
20240628110009,194.89876
20240628111009,194.1663
20240628112009,191.28996
20240628113009,190.86675
20240628114009,190.27313
20240628115009,190.03618
20240628120009,190.03373
20240628121009,188.85744
20240628122009,188.85696
20240628123009,187.85644
20240628124009,187.90144
20240628125009,187.63311
20240628130009,187.26324
20240628131009,187.13341
20240628132009,186.93061
20240628133009,186.40179
20240628134009,186.74634
20240628135009,186.135
20240628140009,185.01483
20240628141009,184.36742
20240628142009,184.02214
20240628143009,183.86908
20240628144009,183.75712
20240628145009,183.76323
20240628150009,183.14418
20240628151009,183.06949
20240628152009,183.01386
20240628153009,183.0066
20240628154009,182.96308
20240628155009,182.96979
20240628160009,228.27565
20240628161009,238.27608
20240628162009,257.00579
20240628163009,254.53175
20240628164009,253.47146
20240628165009,246.06431
20240717090009,265.26753
20240717091009,239.96271
20240717092009,200.91701
20240717093009,193.37032
20240717094009,209.15199
20240717095009,204.0058
20240717100009,198.17548
20240717101009,197.37632
20240717102009,197.07781
20240717103009,195.97666
20240717104009,193.04696
20240717105009,192.80536
20240717110009,194.89876
20240717111009,194.1663
20240717112009,191.28996
20240717113009,190.86675
20240717114009,190.27313
20240717115009,190.03618
20240717120009,190.03373
20240717121009,188.85744
20240717122009,188.85696
20240717123009,187.85644
20240717124009,187.90144
20240717125009,187.63311
20240717130009,187.26324
20240717131009,187.13341
20240717132009,186.93061
20240717133009,186.40179
20240717134009,186.74634
20240717135009,186.135
20240717140009,185.01483
20240717141009,184.36742
20240717142009,184.02214
20240717143009,183.86908
20240717144009,183.75712
20240717145009,183.76323
20240717150009,183.14418
20240717151009,183.06949
20240717152009,183.01386
20240717153009,183.0066
20240717154009,182.96308
20240717155009,182.96979
20240717160009,228.27565
20240717161009,238.27608
20240717162009,257.00579
20240717163009,254.53175
20240717164009,253.47146
20240717165009,246.06431
20240316090010,407.01314
20240316091010,209.47229
20240316092010,273.51853
20240316093010,210.64484
20240316094010,211.51372
20240316095010,199.69476
20240316100010,200.44642
20240316101010,197.4601
20240316102010,194.43913
20240316103010,192.777
20240316104010,192.16818
20240316105010,192.22042
20240316110010,194.89876
20240316111010,194.1663
20240316112010,191.28996
20240316113010,190.86675
20240316114010,190.27313
20240316115010,190.03618
20240316120010,190.03373
20240316121010,188.85744
20240316122010,188.85696
20240316123010,187.85644
20240316124010,187.90144
20240316125010,187.63311
20240316130010,187.26324
20240316131010,187.13341
20240316132010,186.93061
20240316133010,186.40179
20240316134010,186.74634
20240316135010,186.135
20240316140010,185.01483
20240316141010,184.36742
20240316142010,184.02214
20240316143010,183.86908
20240316144010,183.75712
20240316145010,183.76323
20240316150010,183.14418
20240316151010,183.06949
20240316152010,183.01386
20240316153010,183.0066
20240316154010,182.96308
20240316155010,182.96979
20240316160010,228.27565
20240316161010,238.27608
20240316162010,257.00579
20240316163010,254.53175
20240316164010,253.47146
20240316165010,246.06431
20240324090010,460.45473
20240324091010,213.55883
20240324092010,296.53505
20240324093010,222.4942
20240324094010,207.67963
20240324095010,202.24994
20240324100010,205.26829
20240324101010,196.69987
20240324102010,194.28747
20240324103010,194.43618
20240324104010,192.07468
20240324105010,192.26184
20240324110010,194.89876
20240324111010,194.1663
20240324112010,191.28996
20240324113010,190.86675
20240324114010,190.27313
20240324115010,190.03618
20240324120010,190.03373
20240324121010,188.85744
20240324122010,188.85696
20240324123010,187.85644
20240324124010,187.90144
20240324125010,187.63311
20240324130010,187.26324
20240324131010,187.13341
20240324132010,186.93061
20240324133010,186.40179
20240324134010,186.74634
20240324135010,186.135
20240324140010,185.01483
20240324141010,184.36742
20240324142010,184.02214
20240324143010,183.86908
20240324144010,183.75712
20240324145010,183.76323
20240324150010,183.14418
20240324151010,183.06949
20240324152010,183.01386
20240324153010,183.0066
20240324154010,182.96308
20240324155010,182.96979
20240324160010,228.27565
20240324161010,238.27608
20240324162010,257.00579
20240324163010,254.53175
20240324164010,253.47146
20240324165010,246.06431
20240412090010,281.51162
20240412091010,210.84306
20240412092010,208.83916
20240412093010,198.96776
20240412094010,205.63638
20240412095010,200.68984
20240412100010,208.04689
20240412101010,197.65446
20240412102010,197.01293
20240412103010,196.117
20240412104010,192.73424
20240412105010,192.59508
20240412110010,194.89876
20240412111010,194.1663
20240412112010,191.28996
20240412113010,190.86675
20240412114010,190.27313
20240412115010,190.03618
20240412120010,190.03373
20240412121010,188.85744
20240412122010,188.85696
20240412123010,187.85644
20240412124010,187.90144
20240412125010,187.63311
20240412130010,187.26324
20240412131010,187.13341
20240412132010,186.93061
20240412133010,186.40179
20240412134010,186.74634
20240412135010,186.135
20240412140010,185.01483
20240412141010,184.36742
20240412142010,184.02214
20240412143010,183.86908
20240412144010,183.75712
20240412145010,183.76323
20240412150010,183.14418
20240412151010,183.06949
20240412152010,183.01386
20240412153010,183.0066
20240412154010,182.96308
20240412155010,182.96979
20240412160010,228.27565
20240412161010,238.27608
20240412162010,257.00579
20240412163010,254.53175
20240412164010,253.47146
20240412165010,246.06431
20240419090010,208.18672
20240419091010,203.14558
20240419092010,203.4849
20240419093010,205.07818
20240419094010,208.53998
20240419095010,211.90407
20240419100010,208.26763
20240419101010,197.12874
20240419102010,195.76966
20240419103010,195.29286
20240419104010,192.12912
20240419105010,192.20501
20240419110010,194.89876
20240419111010,194.1663
20240419112010,191.28996
20240419113010,190.86675
20240419114010,190.27313
20240419115010,190.03618
20240419120010,190.03373
20240419121010,188.85744
20240419122010,188.85696
20240419123010,187.85644
20240419124010,187.90144
20240419125010,187.63311
20240419130010,187.26324
20240419131010,187.13341
20240419132010,186.93061
20240419133010,186.40179
20240419134010,186.74634
20240419135010,186.135
20240419140010,185.01483
20240419141010,184.36742
20240419142010,184.02214
20240419143010,183.86908
20240419144010,183.75712
20240419145010,183.76323
20240419150010,183.14418
20240419151010,183.06949
20240419152010,183.01386
20240419153010,183.0066
20240419154010,182.96308
20240419155010,182.96979
20240419160010,228.27565
20240419161010,238.27608
20240419162010,257.00579
20240419163010,254.53175
20240419164010,253.47146
20240419165010,246.06431
20240515090010,320.49289
20240515091010,211.64711
20240515092010,212.50022
20240515093010,214.18648
20240515094010,205.38599
20240515095010,203.06994
20240515100010,206.03795
20240515101010,196.16498
20240515102010,195.63924
20240515103010,195.42865
20240515104010,192.4681
20240515105010,192.41351
20240515110010,194.89876
20240515111010,194.1663
20240515112010,191.28996
20240515113010,190.86675
20240515114010,190.27313
20240515115010,190.03618
20240515120010,190.03373
20240515121010,188.85744
20240515122010,188.85696
20240515123010,187.85644
20240515124010,187.90144
20240515125010,187.63311
20240515130010,187.26324
20240515131010,187.13341
20240515132010,186.93061
20240515133010,186.40179
20240515134010,186.74634
20240515135010,186.135
20240515140010,185.01483
20240515141010,184.36742
20240515142010,184.02214
20240515143010,183.86908
20240515144010,183.75712
20240515145010,183.76323
20240515150010,183.14418
20240515151010,183.06949
20240515152010,183.01386
20240515153010,183.0066
20240515154010,182.96308
20240515155010,182.96979
20240515160010,228.27565
20240515161010,238.27608
20240515162010,257.00579
20240515163010,254.53175
20240515164010,253.47146
20240515165010,246.06431
20240526090010,194.54021
20240526091010,197.24663
20240526092010,200.61198
20240526093010,205.0791
20240526094010,208.15552
20240526095010,206.65616
20240526100010,206.4587
20240526101010,198.43393
20240526102010,195.70636
20240526103010,195.4846
20240526104010,192.22653
20240526105010,192.35243
20240526110010,194.89876
20240526111010,194.1663
20240526112010,191.28996
20240526113010,190.86675
20240526114010,190.27313
20240526115010,190.03618
20240526120010,190.03373
20240526121010,188.85744
20240526122010,188.85696
20240526123010,187.85644
20240526124010,187.90144
20240526125010,187.63311
20240526130010,187.26324
20240526131010,187.13341
20240526132010,186.93061
20240526133010,186.40179
20240526134010,186.74634
20240526135010,186.135
20240526140010,185.01483
20240526141010,184.36742
20240526142010,184.02214
20240526143010,183.86908
20240526144010,183.75712
20240526145010,183.76323
20240526150010,183.14418
20240526151010,183.06949
20240526152010,183.01386
20240526153010,183.0066
20240526154010,182.96308
20240526155010,182.96979
20240526160010,228.27565
20240526161010,238.27608
20240526162010,257.00579
20240526163010,254.53175
20240526164010,253.47146
20240526165010,246.06431
20240617090010,208.21631
20240617091010,205.4952
20240617092010,201.71175
20240617093010,209.76744
20240617094010,206.80262
20240617095010,206.37844
20240617100010,227.06894
20240617101010,199.2279
20240617102010,195.83628
20240617103010,195.05425
20240617104010,192.34926
20240617105010,192.63373
20240617110010,194.89876
20240617111010,194.1663
20240617112010,191.28996
20240617113010,190.86675
20240617114010,190.27313
20240617115010,190.03618
20240617120010,190.03373
20240617121010,188.85744
20240617122010,188.85696
20240617123010,187.85644
20240617124010,187.90144
20240617125010,187.63311
20240617130010,187.26324
20240617131010,187.13341
20240617132010,186.93061
20240617133010,186.40179
20240617134010,186.74634
20240617135010,186.135
20240617140010,185.01483
20240617141010,184.36742
20240617142010,184.02214
20240617143010,183.86908
20240617144010,183.75712
20240617145010,183.76323
20240617150010,183.14418
20240617151010,183.06949
20240617152010,183.01386
20240617153010,183.0066
20240617154010,182.96308
20240617155010,182.96979
20240617160010,228.27565
20240617161010,238.27608
20240617162010,257.00579
20240617163010,254.53175
20240617164010,253.47146
20240617165010,246.06431
20240630090010,615.10179
20240630091010,244.59312
20240630092010,206.55992
20240630093010,198.30426
20240630094010,209.18597
20240630095010,206.3072
20240630100010,207.77404
20240630101010,197.51099
20240630102010,196.98051
20240630103010,196.06527
20240630104010,192.57178
20240630105010,192.61753
20240630110010,194.89876
20240630111010,194.1663
20240630112010,191.28996
20240630113010,190.86675
20240630114010,190.27313
20240630115010,190.03618
20240630120010,190.03373
20240630121010,188.85744
20240630122010,188.85696
20240630123010,187.85644
20240630124010,187.90144
20240630125010,187.63311
20240630130010,187.26324
20240630131010,187.13341
20240630132010,186.93061
20240630133010,186.40179
20240630134010,186.74634
20240630135010,186.135
20240630140010,185.01483
20240630141010,184.36742
20240630142010,184.02214
20240630143010,183.86908
20240630144010,183.75712
20240630145010,183.76323
20240630150010,183.14418
20240630151010,183.06949
20240630152010,183.01386
20240630153010,183.0066
20240630154010,182.96308
20240630155010,182.96979
20240630160010,228.27565
20240630161010,238.27608
20240630162010,257.00579
20240630163010,254.53175
20240630164010,253.47146
20240630165010,246.06431
20240714090010,455.00028
20240714091010,205.17075
20240714092010,201.53158
20240714093010,211.3201
20240714094010,206.74001
20240714095010,199.2964
20240714100010,204.53413
20240714101010,197.70354
20240714102010,195.68729
20240714103010,194.60228
20240714104010,192.23591
20240714105010,192.43498
20240714110010,194.89876
20240714111010,194.1663
20240714112010,191.28996
20240714113010,190.86675
20240714114010,190.27313
20240714115010,190.03618
20240714120010,190.03373
20240714121010,188.85744
20240714122010,188.85696
20240714123010,187.85644
20240714124010,187.90144
20240714125010,187.63311
20240714130010,187.26324
20240714131010,187.13341
20240714132010,186.93061
20240714133010,186.40179
20240714134010,186.74634
20240714135010,186.135
20240714140010,185.01483
20240714141010,184.36742
20240714142010,184.02214
20240714143010,183.86908
20240714144010,183.75712
20240714145010,183.76323
20240714150010,183.14418
20240714151010,183.06949
20240714152010,183.01386
20240714153010,183.0066
20240714154010,182.96308
20240714155010,182.96979
20240714160010,228.27565
20240714161010,238.27608
20240714162010,257.00579
20240714163010,254.53175
20240714164010,253.47146
20240714165010,246.06431
20240718090010,426.91247
20240718091010,213.05665
20240718092010,198.83711
20240718093010,203.02923
20240718094010,208.77321
20240718095010,197.21666
20240718100010,202.65806
20240718101010,202.1623
20240718102010,196.14705
20240718103010,195.586
20240718104010,192.24757
20240718105010,192.41586
20240718110010,194.89876
20240718111010,194.1663
20240718112010,191.28996
20240718113010,190.86675
20240718114010,190.27313
20240718115010,190.03618
20240718120010,190.03373
20240718121010,188.85744
20240718122010,188.85696
20240718123010,187.85644
20240718124010,187.90144
20240718125010,187.63311
20240718130010,187.26324
20240718131010,187.13341
20240718132010,186.93061
20240718133010,186.40179
20240718134010,186.74634
20240718135010,186.135
20240718140010,185.01483
20240718141010,184.36742
20240718142010,184.02214
20240718143010,183.86908
20240718144010,183.75712
20240718145010,183.76323
20240718150010,183.14418
20240718151010,183.06949
20240718152010,183.01386
20240718153010,183.0066
20240718154010,182.96308
20240718155010,182.96979
20240718160010,228.27565
20240718161010,238.27608
20240718162010,257.00579
20240718163010,254.53175
20240718164010,253.47146
20240718165010,246.06431
20240720090010,438.98891
20240720091010,208.76074
20240720092010,201.16397
20240720093010,208.23085
20240720094010,207.77004
20240720095010,198.1994
20240720100010,204.19494
20240720101010,201.12279
20240720102010,195.8702
20240720103010,194.65822
20240720104010,192.14284
20240720105010,192.40908
20240720110010,194.89876
20240720111010,194.1663
20240720112010,191.28996
20240720113010,190.86675
20240720114010,190.27313
20240720115010,190.03618
20240720120010,190.03373
20240720121010,188.85744
20240720122010,188.85696
20240720123010,187.85644
20240720124010,187.90144
20240720125010,187.63311
20240720130010,187.26324
20240720131010,187.13341
20240720132010,186.93061
20240720133010,186.40179
20240720134010,186.74634
20240720135010,186.135
20240720140010,185.01483
20240720141010,184.36742
20240720142010,184.02214
20240720143010,183.86908
20240720144010,183.75712
20240720145010,183.76323
20240720150010,183.14418
20240720151010,183.06949
20240720152010,183.01386
20240720153010,183.0066
20240720154010,182.96308
20240720155010,182.96979
20240720160010,228.27565
20240720161010,238.27608
20240720162010,257.00579
20240720163010,254.53175
20240720164010,253.47146
20240720165010,246.06431
20240322090011,199.59011
20240322091011,192.5396
20240322092011,197.84048
20240322093011,206.71077
20240322094011,207.25689
20240322095011,206.22514
20240322100011,201.93236
20240322101011,199.21821
20240322102011,195.98734
20240322103011,195.73248
20240322104011,194.76035
20240322105011,192.62048
20240322110011,194.89876
20240322111011,194.1663
20240322112011,191.28996
20240322113011,190.86675
20240322114011,190.27313
20240322115011,190.03618
20240322120011,190.03373
20240322121011,188.85744
20240322122011,188.85696
20240322123011,187.85644
20240322124011,187.90144
20240322125011,187.63311
20240322130011,187.26324
20240322131011,187.13341
20240322132011,186.93061
20240322133011,186.40179
20240322134011,186.74634
20240322135011,186.135
20240322140011,185.01483
20240322141011,184.36742
20240322142011,184.02214
20240322143011,183.86908
20240322144011,183.75712
20240322145011,183.76323
20240322150011,183.14418
20240322151011,183.06949
20240322152011,183.01386
20240322153011,183.0066
20240322154011,182.96308
20240322155011,182.96979
20240322160011,228.27565
20240322161011,238.27608
20240322162011,257.00579
20240322163011,254.53175
20240322164011,253.47146
20240322165011,246.06431
20240327090011,188.44241
20240327091011,190.01873
20240327092011,197.39366
20240327093011,202.26908
20240327094011,208.13502
20240327095011,204.8557
20240327100011,199.68288
20240327101011,197.25008
20240327102011,195.87468
20240327103011,195.50087
20240327104011,192.2662
20240327105011,192.27828
20240327110011,194.89876
20240327111011,194.1663
20240327112011,191.28996
20240327113011,190.86675
20240327114011,190.27313
20240327115011,190.03618
20240327120011,190.03373
20240327121011,188.85744
20240327122011,188.85696
20240327123011,187.85644
20240327124011,187.90144
20240327125011,187.63311
20240327130011,187.26324
20240327131011,187.13341
20240327132011,186.93061
20240327133011,186.40179
20240327134011,186.74634
20240327135011,186.135
20240327140011,185.01483
20240327141011,184.36742
20240327142011,184.02214
20240327143011,183.86908
20240327144011,183.75712
20240327145011,183.76323
20240327150011,183.14418
20240327151011,183.06949
20240327152011,183.01386
20240327153011,183.0066
20240327154011,182.96308
20240327155011,182.96979
20240327160011,228.27565
20240327161011,238.27608
20240327162011,257.00579
20240327163011,254.53175
20240327164011,253.47146
20240327165011,246.06431
20240413090011,235.27293
20240413091011,202.65372
20240413092011,202.5598
20240413093011,208.3386
20240413094011,207.42475
20240413095011,204.84508
20240413100011,209.43531
20240413101011,200.3292
20240413102011,195.06149
20240413103011,194.24135
20240413104011,192.16873
20240413105011,192.36812
20240413110011,194.89876
20240413111011,194.1663
20240413112011,191.28996
20240413113011,190.86675
20240413114011,190.27313
20240413115011,190.03618
20240413120011,190.03373
20240413121011,188.85744
20240413122011,188.85696
20240413123011,187.85644
20240413124011,187.90144
20240413125011,187.63311
20240413130011,187.26324
20240413131011,187.13341
20240413132011,186.93061
20240413133011,186.40179
20240413134011,186.74634
20240413135011,186.135
20240413140011,185.01483
20240413141011,184.36742
20240413142011,184.02214
20240413143011,183.86908
20240413144011,183.75712
20240413145011,183.76323
20240413150011,183.14418
20240413151011,183.06949
20240413152011,183.01386
20240413153011,183.0066
20240413154011,182.96308
20240413155011,182.96979
20240413160011,228.27565
20240413161011,238.27608
20240413162011,257.00579
20240413163011,254.53175
20240413164011,253.47146
20240413165011,246.06431
20240426090011,194.42745
20240426091011,261.17525
20240426092011,239.0506
20240426093011,202.14249
20240426094011,207.44945
20240426095011,202.55972
20240426100011,199.81486
20240426101011,195.78554
20240426102011,194.72719
20240426103011,192.39484
20240426104011,192.70738
20240426105011,192.1133
20240426110011,194.89876
20240426111011,194.1663
20240426112011,191.28996
20240426113011,190.86675
20240426114011,190.27313
20240426115011,190.03618
20240426120011,190.03373
20240426121011,188.85744
20240426122011,188.85696
20240426123011,187.85644
20240426124011,187.90144
20240426125011,187.63311
20240426130011,187.26324
20240426131011,187.13341
20240426132011,186.93061
20240426133011,186.40179
20240426134011,186.74634
20240426135011,186.135
20240426140011,185.01483
20240426141011,184.36742
20240426142011,184.02214
20240426143011,183.86908
20240426144011,183.75712
20240426145011,183.76323
20240426150011,183.14418
20240426151011,183.06949
20240426152011,183.01386
20240426153011,183.0066
20240426154011,182.96308
20240426155011,182.96979
20240426160011,228.27565
20240426161011,238.27608
20240426162011,257.00579
20240426163011,254.53175
20240426164011,253.47146
20240426165011,246.06431
20240606090011,199.03551
20240606091011,198.90622
20240606092011,200.12915
20240606093011,205.44751
20240606094011,207.92536
20240606095011,206.19904
20240606100011,262.71631
20240606101011,197.57867
20240606102011,195.96281
20240606103011,194.73589
20240606104011,192.04115
20240606105011,192.35208
20240606110011,194.89876
20240606111011,194.1663
20240606112011,191.28996
20240606113011,190.86675
20240606114011,190.27313
20240606115011,190.03618
20240606120011,190.03373
20240606121011,188.85744
20240606122011,188.85696
20240606123011,187.85644
20240606124011,187.90144
20240606125011,187.63311
20240606130011,187.26324
20240606131011,187.13341
20240606132011,186.93061
20240606133011,186.40179
20240606134011,186.74634
20240606135011,186.135
20240606140011,185.01483
20240606141011,184.36742
20240606142011,184.02214
20240606143011,183.86908
20240606144011,183.75712
20240606145011,183.76323
20240606150011,183.14418
20240606151011,183.06949
20240606152011,183.01386
20240606153011,183.0066
20240606154011,182.96308
20240606155011,182.96979
20240606160011,228.27565
20240606161011,238.27608
20240606162011,257.00579
20240606163011,254.53175
20240606164011,253.47146
20240606165011,246.06431
20240712090011,216.7108
20240712091011,344.31038
20240712092011,229.12368
20240712093011,207.03266
20240712094011,207.66217
20240712095011,200.47283
20240712100011,199.0373
20240712101011,196.58011
20240712102011,196.04596
20240712103011,192.55231
20240712104011,192.70713
20240712105011,192.11586
20240712110011,194.89876
20240712111011,194.1663
20240712112011,191.28996
20240712113011,190.86675
20240712114011,190.27313
20240712115011,190.03618
20240712120011,190.03373
20240712121011,188.85744
20240712122011,188.85696
20240712123011,187.85644
20240712124011,187.90144
20240712125011,187.63311
20240712130011,187.26324
20240712131011,187.13341
20240712132011,186.93061
20240712133011,186.40179
20240712134011,186.74634
20240712135011,186.135
20240712140011,185.01483
20240712141011,184.36742
20240712142011,184.02214
20240712143011,183.86908
20240712144011,183.75712
20240712145011,183.76323
20240712150011,183.14418
20240712151011,183.06949
20240712152011,183.01386
20240712153011,183.0066
20240712154011,182.96308
20240712155011,182.96979
20240712160011,228.27565
20240712161011,238.27608
20240712162011,257.00579
20240712163011,254.53175
20240712164011,253.47146
20240712165011,246.06431
20240315090012,189.88489
20240315091012,190.75615
20240315092012,198.44862
20240315093012,202.51239
20240315094012,208.91206
20240315095012,208.03061
20240315100012,197.46766
20240315101012,196.8379
20240315102012,195.87558
20240315103012,195.36483
20240315104012,192.34121
20240315105012,192.27057
20240315110012,194.89876
20240315111012,194.1663
20240315112012,191.28996
20240315113012,190.86675
20240315114012,190.27313
20240315115012,190.03618
20240315120012,190.03373
20240315121012,188.85744
20240315122012,188.85696
20240315123012,187.85644
20240315124012,187.90144
20240315125012,187.63311
20240315130012,187.26324
20240315131012,187.13341
20240315132012,186.93061
20240315133012,186.40179
20240315134012,186.74634
20240315135012,186.135
20240315140012,185.01483
20240315141012,184.36742
20240315142012,184.02214
20240315143012,183.86908
20240315144012,183.75712
20240315145012,183.76323
20240315150012,183.14418
20240315151012,183.06949
20240315152012,183.01386
20240315153012,183.0066
20240315154012,182.96308
20240315155012,182.96979
20240315160012,228.27565
20240315161012,238.27608
20240315162012,257.00579
20240315163012,254.53175
20240315164012,253.47146
20240315165012,246.06431
20240317090012,188.20205
20240317091012,190.84576
20240317092012,197.36964
20240317093012,198.58502
20240317094012,208.58653
20240317095012,207.8344
20240317100012,198.11975
20240317101012,197.3315
20240317102012,195.82085
20240317103012,194.64823
20240317104012,192.4753
20240317105012,192.27057
20240317110012,194.89876
20240317111012,194.1663
20240317112012,191.28996
20240317113012,190.86675
20240317114012,190.27313
20240317115012,190.03618
20240317120012,190.03373
20240317121012,188.85744
20240317122012,188.85696
20240317123012,187.85644
20240317124012,187.90144
20240317125012,187.63311
20240317130012,187.26324
20240317131012,187.13341
20240317132012,186.93061
20240317133012,186.40179
20240317134012,186.74634
20240317135012,186.135
20240317140012,185.01483
20240317141012,184.36742
20240317142012,184.02214
20240317143012,183.86908
20240317144012,183.75712
20240317145012,183.76323
20240317150012,183.14418
20240317151012,183.06949
20240317152012,183.01386
20240317153012,183.0066
20240317154012,182.96308
20240317155012,182.96979
20240317160012,228.27565
20240317161012,238.27608
20240317162012,257.00579
20240317163012,254.53175
20240317164012,253.47146
20240317165012,246.06431
20240412090012,198.06599
20240412091012,383.75104
20240412092012,204.70784
20240412093012,192.65233
20240412094012,197.81807
20240412095012,193.85977
20240412100012,202.60811
20240412101012,197.29158
20240412102012,197.08004
20240412103012,196.34607
20240412104012,194.9439
20240412105012,192.27057
20240412110012,194.89876
20240412111012,194.1663
20240412112012,191.28996
20240412113012,190.86675
20240412114012,190.27313
20240412115012,190.03618
20240412120012,190.03373
20240412121012,188.85744
20240412122012,188.85696
20240412123012,187.85644
20240412124012,187.90144
20240412125012,187.63311
20240412130012,187.26324
20240412131012,187.13341
20240412132012,186.93061
20240412133012,186.40179
20240412134012,186.74634
20240412135012,186.135
20240412140012,185.01483
20240412141012,184.36742
20240412142012,184.02214
20240412143012,183.86908
20240412144012,183.75712
20240412145012,183.76323
20240412150012,183.14418
20240412151012,183.06949
20240412152012,183.01386
20240412153012,183.0066
20240412154012,182.96308
20240412155012,182.96979
20240412160012,228.27565
20240412161012,238.27608
20240412162012,257.00579
20240412163012,254.53175
20240412164012,253.47146
20240412165012,246.06431
20240426090012,197.68866
20240426091012,288.45781
20240426092012,226.95863
20240426093012,206.76632
20240426094012,208.92676
20240426095012,204.51452
20240426100012,202.19026
20240426101012,196.17335
20240426102012,194.57188
20240426103012,192.38622
20240426104012,192.62586
20240426105012,192.04786
20240426110012,194.89876
20240426111012,194.1663
20240426112012,191.28996
20240426113012,190.86675
20240426114012,190.27313
20240426115012,190.03618
20240426120012,190.03373
20240426121012,188.85744
20240426122012,188.85696
20240426123012,187.85644
20240426124012,187.90144
20240426125012,187.63311
20240426130012,187.26324
20240426131012,187.13341
20240426132012,186.93061
20240426133012,186.40179
20240426134012,186.74634
20240426135012,186.135
20240426140012,185.01483
20240426141012,184.36742
20240426142012,184.02214
20240426143012,183.86908
20240426144012,183.75712
20240426145012,183.76323
20240426150012,183.14418
20240426151012,183.06949
20240426152012,183.01386
20240426153012,183.0066
20240426154012,182.96308
20240426155012,182.96979
20240426160012,228.27565
20240426161012,238.27608
20240426162012,257.00579
20240426163012,254.53175
20240426164012,253.47146
20240426165012,246.06431
20240521090012,194.31617
20240521091012,199.8885
20240521092012,200.90996
20240521093012,203.2094
20240521094012,208.07447
20240521095012,208.93951
20240521100012,217.84194
20240521101012,197.16435
20240521102012,195.75444
20240521103012,195.23016
20240521104012,192.28531
20240521105012,192.20501
20240521110012,194.89876
20240521111012,194.1663
20240521112012,191.28996
20240521113012,190.86675
20240521114012,190.27313
20240521115012,190.03618
20240521120012,190.03373
20240521121012,188.85744
20240521122012,188.85696
20240521123012,187.85644
20240521124012,187.90144
20240521125012,187.63311
20240521130012,187.26324
20240521131012,187.13341
20240521132012,186.93061
20240521133012,186.40179
20240521134012,186.74634
20240521135012,186.135
20240521140012,185.01483
20240521141012,184.36742
20240521142012,184.02214
20240521143012,183.86908
20240521144012,183.75712
20240521145012,183.76323
20240521150012,183.14418
20240521151012,183.06949
20240521152012,183.01386
20240521153012,183.0066
20240521154012,182.96308
20240521155012,182.96979
20240521160012,228.27565
20240521161012,238.27608
20240521162012,257.00579
20240521163012,254.53175
20240521164012,253.47146
20240521165012,246.06431
20240619090012,214.30045
20240619091012,324.23935
20240619092012,228.09385
20240619093012,196.73901
20240619094012,203.92931
20240619095012,197.77711
20240619100012,202.85633
20240619101012,196.70571
20240619102012,196.44849
20240619103012,194.72366
20240619104012,192.70556
20240619105012,192.31845
20240619110012,194.89876
20240619111012,194.1663
20240619112012,191.28996
20240619113012,190.86675
20240619114012,190.27313
20240619115012,190.03618
20240619120012,190.03373
20240619121012,188.85744
20240619122012,188.85696
20240619123012,187.85644
20240619124012,187.90144
20240619125012,187.63311
20240619130012,187.26324
20240619131012,187.13341
20240619132012,186.93061
20240619133012,186.40179
20240619134012,186.74634
20240619135012,186.135
20240619140012,185.01483
20240619141012,184.36742
20240619142012,184.02214
20240619143012,183.86908
20240619144012,183.75712
20240619145012,183.76323
20240619150012,183.14418
20240619151012,183.06949
20240619152012,183.01386
20240619153012,183.0066
20240619154012,182.96308
20240619155012,182.96979
20240619160012,228.27565
20240619161012,238.27608
20240619162012,257.00579
20240619163012,254.53175
20240619164012,253.47146
20240619165012,246.06431
20240621090012,196.47138
20240621091012,249.97604
20240621092012,229.54055
20240621093012,196.89818
20240621094012,206.78889
20240621095012,197.87386
20240621100012,198.55615
20240621101012,196.52582
20240621102012,196.27696
20240621103012,193.09009
20240621104012,192.74195
20240621105012,192.15568
20240621110012,194.89876
20240621111012,194.1663
20240621112012,191.28996
20240621113012,190.86675
20240621114012,190.27313
20240621115012,190.03618
20240621120012,190.03373
20240621121012,188.85744
20240621122012,188.85696
20240621123012,187.85644
20240621124012,187.90144
20240621125012,187.63311
20240621130012,187.26324
20240621131012,187.13341
20240621132012,186.93061
20240621133012,186.40179
20240621134012,186.74634
20240621135012,186.135
20240621140012,185.01483
20240621141012,184.36742
20240621142012,184.02214
20240621143012,183.86908
20240621144012,183.75712
20240621145012,183.76323
20240621150012,183.14418
20240621151012,183.06949
20240621152012,183.01386
20240621153012,183.0066
20240621154012,182.96308
20240621155012,182.96979
20240621160012,228.27565
20240621161012,238.27608
20240621162012,257.00579
20240621163012,254.53175
20240621164012,253.47146
20240621165012,246.06431
20240705090012,193.07922
20240705091012,351.67681
20240705092012,294.75724
20240705093012,192.26093
20240705094012,199.02318
20240705095012,202.33182
20240705100012,212.20873
20240705101012,198.05015
20240705102012,197.24547
20240705103012,196.45671
20240705104012,194.8657
20240705105012,192.3922
20240705110012,194.89876
20240705111012,194.1663
20240705112012,191.28996
20240705113012,190.86675
20240705114012,190.27313
20240705115012,190.03618
20240705120012,190.03373
20240705121012,188.85744
20240705122012,188.85696
20240705123012,187.85644
20240705124012,187.90144
20240705125012,187.63311
20240705130012,187.26324
20240705131012,187.13341
20240705132012,186.93061
20240705133012,186.40179
20240705134012,186.74634
20240705135012,186.135
20240705140012,185.01483
20240705141012,184.36742
20240705142012,184.02214
20240705143012,183.86908
20240705144012,183.75712
20240705145012,183.76323
20240705150012,183.14418
20240705151012,183.06949
20240705152012,183.01386
20240705153012,183.0066
20240705154012,182.96308
20240705155012,182.96979
20240705160012,228.27565
20240705161012,238.27608
20240705162012,257.00579
20240705163012,254.53175
20240705164012,253.47146
20240705165012,246.06431
20240713090012,330.53196
20240713091012,197.31054
20240713092012,207.30171
20240713093012,294.59588
20240713094012,204.32133
20240713095012,204.10112
20240713100012,208.73082
20240713101012,197.08429
20240713102012,195.61733
20240713103012,192.52705
20240713104012,192.06377
20240713105012,192.19556
20240713110012,194.89876
20240713111012,194.1663
20240713112012,191.28996
20240713113012,190.86675
20240713114012,190.27313
20240713115012,190.03618
20240713120012,190.03373
20240713121012,188.85744
20240713122012,188.85696
20240713123012,187.85644
20240713124012,187.90144
20240713125012,187.63311
20240713130012,187.26324
20240713131012,187.13341
20240713132012,186.93061
20240713133012,186.40179
20240713134012,186.74634
20240713135012,186.135
20240713140012,185.01483
20240713141012,184.36742
20240713142012,184.02214
20240713143012,183.86908
20240713144012,183.75712
20240713145012,183.76323
20240713150012,183.14418
20240713151012,183.06949
20240713152012,183.01386
20240713153012,183.0066
20240713154012,182.96308
20240713155012,182.96979
20240713160012,228.27565
20240713161012,238.27608
20240713162012,257.00579
20240713163012,254.53175
20240713164012,253.47146
20240713165012,246.06431
20240214090013,968.80453
20240214091013,462.09302
20240214092013,280.43804
20240214093013,248.10455
20240214094013,222.32354
20240214095013,204.9347
20240214100013,226.76676
20240214101013,197.78803
20240214102013,195.98167
20240214103013,195.35579
20240214104013,192.19495
20240214105013,192.416
20240214110013,194.89876
20240214111013,194.1663
20240214112013,191.28996
20240214113013,190.86675
20240214114013,190.27313
20240214115013,190.03618
20240214120013,190.03373
20240214121013,188.85744
20240214122013,188.85696
20240214123013,187.85644
20240214124013,187.90144
20240214125013,187.63311
20240214130013,187.26324
20240214131013,187.13341
20240214132013,186.93061
20240214133013,186.40179
20240214134013,186.74634
20240214135013,186.135
20240214140013,185.01483
20240214141013,184.36742
20240214142013,184.02214
20240214143013,183.86908
20240214144013,183.75712
20240214145013,183.76323
20240214150013,183.14418
20240214151013,183.06949
20240214152013,183.01386
20240214153013,183.0066
20240214154013,182.96308
20240214155013,182.96979
20240214160013,228.27565
20240214161013,238.27608
20240214162013,257.00579
20240214163013,254.53175
20240214164013,253.47146
20240214165013,246.06431
20240221090013,871.19701
20240221091013,490.61539
20240221092013,247.02106
20240221093013,238.17688
20240221094013,212.99098
20240221095013,204.94341
20240221100013,245.28964
20240221101013,197.22958
20240221102013,196.18609
20240221103013,194.69935
20240221104013,191.90714
20240221105013,192.37597
20240221110013,194.89876
20240221111013,194.1663
20240221112013,191.28996
20240221113013,190.86675
20240221114013,190.27313
20240221115013,190.03618
20240221120013,190.03373
20240221121013,188.85744
20240221122013,188.85696
20240221123013,187.85644
20240221124013,187.90144
20240221125013,187.63311
20240221130013,187.26324
20240221131013,187.13341
20240221132013,186.93061
20240221133013,186.40179
20240221134013,186.74634
20240221135013,186.135
20240221140013,185.01483
20240221141013,184.36742
20240221142013,184.02214
20240221143013,183.86908
20240221144013,183.75712
20240221145013,183.76323
20240221150013,183.14418
20240221151013,183.06949
20240221152013,183.01386
20240221153013,183.0066
20240221154013,182.96308
20240221155013,182.96979
20240221160013,228.27565
20240221161013,238.27608
20240221162013,257.00579
20240221163013,254.53175
20240221164013,253.47146
20240221165013,246.06431
20240314090013,187.51091
20240314091013,190.36476
20240314092013,197.03024
20240314093013,201.26458
20240314094013,209.56278
20240314095013,204.39192
20240314100013,196.91562
20240314101013,196.40661
20240314102013,195.81271
20240314103013,195.6007
20240314104013,192.26646
20240314105013,192.20501
20240314110013,194.89876
20240314111013,194.1663
20240314112013,191.28996
20240314113013,190.86675
20240314114013,190.27313
20240314115013,190.03618
20240314120013,190.03373
20240314121013,188.85744
20240314122013,188.85696
20240314123013,187.85644
20240314124013,187.90144
20240314125013,187.63311
20240314130013,187.26324
20240314131013,187.13341
20240314132013,186.93061
20240314133013,186.40179
20240314134013,186.74634
20240314135013,186.135
20240314140013,185.01483
20240314141013,184.36742
20240314142013,184.02214
20240314143013,183.86908
20240314144013,183.75712
20240314145013,183.76323
20240314150013,183.14418
20240314151013,183.06949
20240314152013,183.01386
20240314153013,183.0066
20240314154013,182.96308
20240314155013,182.96979
20240314160013,228.27565
20240314161013,238.27608
20240314162013,257.00579
20240314163013,254.53175
20240314164013,253.47146
20240314165013,246.06431
20240316090013,546.96182
20240316091013,211.93335
20240316092013,255.50203
20240316093013,221.32446
20240316094013,210.33578
20240316095013,202.97575
20240316100013,201.202
20240316101013,196.99594
20240316102013,195.44811
20240316103013,195.24582
20240316104013,192.42373
20240316105013,192.29041
20240316110013,194.89876
20240316111013,194.1663
20240316112013,191.28996
20240316113013,190.86675
20240316114013,190.27313
20240316115013,190.03618
20240316120013,190.03373
20240316121013,188.85744
20240316122013,188.85696
20240316123013,187.85644
20240316124013,187.90144
20240316125013,187.63311
20240316130013,187.26324
20240316131013,187.13341
20240316132013,186.93061
20240316133013,186.40179
20240316134013,186.74634
20240316135013,186.135
20240316140013,185.01483
20240316141013,184.36742
20240316142013,184.02214
20240316143013,183.86908
20240316144013,183.75712
20240316145013,183.76323
20240316150013,183.14418
20240316151013,183.06949
20240316152013,183.01386
20240316153013,183.0066
20240316154013,182.96308
20240316155013,182.96979
20240316160013,228.27565
20240316161013,238.27608
20240316162013,257.00579
20240316163013,254.53175
20240316164013,253.47146
20240316165013,246.06431
20240328090013,384.92123
20240328091013,201.83436
20240328092013,207.55871
20240328093013,203.31581
20240328094013,210.83586
20240328095013,198.28352
20240328100013,204.52501
20240328101013,197.43067
20240328102013,196.23688
20240328103013,195.66575
20240328104013,192.39186
20240328105013,192.46498
20240328110013,194.89876
20240328111013,194.1663
20240328112013,191.28996
20240328113013,190.86675
20240328114013,190.27313
20240328115013,190.03618
20240328120013,190.03373
20240328121013,188.85744
20240328122013,188.85696
20240328123013,187.85644
20240328124013,187.90144
20240328125013,187.63311
20240328130013,187.26324
20240328131013,187.13341
20240328132013,186.93061
20240328133013,186.40179
20240328134013,186.74634
20240328135013,186.135
20240328140013,185.01483
20240328141013,184.36742
20240328142013,184.02214
20240328143013,183.86908
20240328144013,183.75712
20240328145013,183.76323
20240328150013,183.14418
20240328151013,183.06949
20240328152013,183.01386
20240328153013,183.0066
20240328154013,182.96308
20240328155013,182.96979
20240328160013,228.27565
20240328161013,238.27608
20240328162013,257.00579
20240328163013,254.53175
20240328164013,253.47146
20240328165013,246.06431
20240412090013,431.90248
20240412091013,207.79752
20240412092013,212.62144
20240412093013,200.02897
20240412094013,205.42789
20240412095013,202.38755
20240412100013,209.78865
20240412101013,197.23329
20240412102013,196.8464
20240412103013,196.1367
20240412104013,192.68243
20240412105013,192.59508
20240412110013,194.89876
20240412111013,194.1663
20240412112013,191.28996
20240412113013,190.86675
20240412114013,190.27313
20240412115013,190.03618
20240412120013,190.03373
20240412121013,188.85744
20240412122013,188.85696
20240412123013,187.85644
20240412124013,187.90144
20240412125013,187.63311
20240412130013,187.26324
20240412131013,187.13341
20240412132013,186.93061
20240412133013,186.40179
20240412134013,186.74634
20240412135013,186.135
20240412140013,185.01483
20240412141013,184.36742
20240412142013,184.02214
20240412143013,183.86908
20240412144013,183.75712
20240412145013,183.76323
20240412150013,183.14418
20240412151013,183.06949
20240412152013,183.01386
20240412153013,183.0066
20240412154013,182.96308
20240412155013,182.96979
20240412160013,228.27565
20240412161013,238.27608
20240412162013,257.00579
20240412163013,254.53175
20240412164013,253.47146
20240412165013,246.06431
20240619090013,639.91049
20240619091013,203.64404
20240619092013,201.24039
20240619093013,209.66476
20240619094013,205.74709
20240619095013,199.79448
20240619100013,197.81225
20240619101013,197.47366
20240619102013,196.32622
20240619103013,195.41616
20240619104013,191.91781
20240619105013,192.45573
20240619110013,194.89876
20240619111013,194.1663
20240619112013,191.28996
20240619113013,190.86675
20240619114013,190.27313
20240619115013,190.03618
20240619120013,190.03373
20240619121013,188.85744
20240619122013,188.85696
20240619123013,187.85644
20240619124013,187.90144
20240619125013,187.63311
20240619130013,187.26324
20240619131013,187.13341
20240619132013,186.93061
20240619133013,186.40179
20240619134013,186.74634
20240619135013,186.135
20240619140013,185.01483
20240619141013,184.36742
20240619142013,184.02214
20240619143013,183.86908
20240619144013,183.75712
20240619145013,183.76323
20240619150013,183.14418
20240619151013,183.06949
20240619152013,183.01386
20240619153013,183.0066
20240619154013,182.96308
20240619155013,182.96979
20240619160013,228.27565
20240619161013,238.27608
20240619162013,257.00579
20240619163013,254.53175
20240619164013,253.47146
20240619165013,246.06431
20240225090014,188.79101
20240225091014,191.35036
20240225092014,198.04668
20240225093014,195.16296
20240225094014,197.76097
20240225095014,197.31107
20240225100014,196.51483
20240225101014,196.92304
20240225102014,196.78006
20240225103014,196.34781
20240225104014,194.5645
20240225105014,192.19556
20240225110014,194.89876
20240225111014,194.1663
20240225112014,191.28996
20240225113014,190.86675
20240225114014,190.27313
20240225115014,190.03618
20240225120014,190.03373
20240225121014,188.85744
20240225122014,188.85696
20240225123014,187.85644
20240225124014,187.90144
20240225125014,187.63311
20240225130014,187.26324
20240225131014,187.13341
20240225132014,186.93061
20240225133014,186.40179
20240225134014,186.74634
20240225135014,186.135
20240225140014,185.01483
20240225141014,184.36742
20240225142014,184.02214
20240225143014,183.86908
20240225144014,183.75712
20240225145014,183.76323
20240225150014,183.14418
20240225151014,183.06949
20240225152014,183.01386
20240225153014,183.0066
20240225154014,182.96308
20240225155014,182.96979
20240225160014,228.27565
20240225161014,238.27608
20240225162014,257.00579
20240225163014,254.53175
20240225164014,253.47146
20240225165014,246.06431
20240227090014,234.23983
20240227091014,196.3056
20240227092014,204.08628
20240227093014,198.27898
20240227094014,198.29195
20240227095014,201.12854
20240227100014,197.69258
20240227101014,196.51573
20240227102014,196.84914
20240227103014,196.61998
20240227104014,195.34528
20240227105014,192.20535
20240227110014,194.89876
20240227111014,194.1663
20240227112014,191.28996
20240227113014,190.86675
20240227114014,190.27313
20240227115014,190.03618
20240227120014,190.03373
20240227121014,188.85744
20240227122014,188.85696
20240227123014,187.85644
20240227124014,187.90144
20240227125014,187.63311
20240227130014,187.26324
20240227131014,187.13341
20240227132014,186.93061
20240227133014,186.40179
20240227134014,186.74634
20240227135014,186.135
20240227140014,185.01483
20240227141014,184.36742
20240227142014,184.02214
20240227143014,183.86908
20240227144014,183.75712
20240227145014,183.76323
20240227150014,183.14418
20240227151014,183.06949
20240227152014,183.01386
20240227153014,183.0066
20240227154014,182.96308
20240227155014,182.96979
20240227160014,228.27565
20240227161014,238.27608
20240227162014,257.00579
20240227163014,254.53175
20240227164014,253.47146
20240227165014,246.06431
20240327090014,222.88532
20240327091014,197.64407
20240327092014,206.2447
20240327093014,207.92765
20240327094014,211.26082
20240327095014,207.67748
20240327100014,199.43787
20240327101014,197.56169
20240327102014,195.8004
20240327103014,195.51544
20240327104014,192.34141
20240327105014,192.27862
20240327110014,194.89876
20240327111014,194.1663
20240327112014,191.28996
20240327113014,190.86675
20240327114014,190.27313
20240327115014,190.03618
20240327120014,190.03373
20240327121014,188.85744
20240327122014,188.85696
20240327123014,187.85644
20240327124014,187.90144
20240327125014,187.63311
20240327130014,187.26324
20240327131014,187.13341
20240327132014,186.93061
20240327133014,186.40179
20240327134014,186.74634
20240327135014,186.135
20240327140014,185.01483
20240327141014,184.36742
20240327142014,184.02214
20240327143014,183.86908
20240327144014,183.75712
20240327145014,183.76323
20240327150014,183.14418
20240327151014,183.06949
20240327152014,183.01386
20240327153014,183.0066
20240327154014,182.96308
20240327155014,182.96979
20240327160014,228.27565
20240327161014,238.27608
20240327162014,257.00579
20240327163014,254.53175
20240327164014,253.47146
20240327165014,246.06431
20240417090014,525.25289
20240417091014,211.9997
20240417092014,222.7772
20240417093014,202.97144
20240417094014,205.78636
20240417095014,198.06566
20240417100014,202.25595
20240417101014,196.98966
20240417102014,196.68862
20240417103014,196.33471
20240417104014,192.08413
20240417105014,192.37562
20240417110014,194.89876
20240417111014,194.1663
20240417112014,191.28996
20240417113014,190.86675
20240417114014,190.27313
20240417115014,190.03618
20240417120014,190.03373
20240417121014,188.85744
20240417122014,188.85696
20240417123014,187.85644
20240417124014,187.90144
20240417125014,187.63311
20240417130014,187.26324
20240417131014,187.13341
20240417132014,186.93061
20240417133014,186.40179
20240417134014,186.74634
20240417135014,186.135
20240417140014,185.01483
20240417141014,184.36742
20240417142014,184.02214
20240417143014,183.86908
20240417144014,183.75712
20240417145014,183.76323
20240417150014,183.14418
20240417151014,183.06949
20240417152014,183.01386
20240417153014,183.0066
20240417154014,182.96308
20240417155014,182.96979
20240417160014,228.27565
20240417161014,238.27608
20240417162014,257.00579
20240417163014,254.53175
20240417164014,253.47146
20240417165014,246.06431
20240517090014,622.62949
20240517091014,203.63361
20240517092014,204.53464
20240517093014,199.69037
20240517094014,195.14933
20240517095014,199.58011
20240517100014,207.53419
20240517101014,197.18161
20240517102014,195.65712
20240517103014,194.23625
20240517104014,192.0139
20240517105014,192.29311
20240517110014,194.89876
20240517111014,194.1663
20240517112014,191.28996
20240517113014,190.86675
20240517114014,190.27313
20240517115014,190.03618
20240517120014,190.03373
20240517121014,188.85744
20240517122014,188.85696
20240517123014,187.85644
20240517124014,187.90144
20240517125014,187.63311
20240517130014,187.26324
20240517131014,187.13341
20240517132014,186.93061
20240517133014,186.40179
20240517134014,186.74634
20240517135014,186.135
20240517140014,185.01483
20240517141014,184.36742
20240517142014,184.02214
20240517143014,183.86908
20240517144014,183.75712
20240517145014,183.76323
20240517150014,183.14418
20240517151014,183.06949
20240517152014,183.01386
20240517153014,183.0066
20240517154014,182.96308
20240517155014,182.96979
20240517160014,228.27565
20240517161014,238.27608
20240517162014,257.00579
20240517163014,254.53175
20240517164014,253.47146
20240517165014,246.06431
20240704090014,602.39816
20240704091014,206.77193
20240704092014,195.83535
20240704093014,196.51133
20240704094014,211.96562
20240704095014,205.7958
20240704100014,197.15741
20240704101014,197.15316
20240704102014,197.49125
20240704103014,196.27249
20240704104014,192.21741
20240704105014,192.45579
20240704110014,194.89876
20240704111014,194.1663
20240704112014,191.28996
20240704113014,190.86675
20240704114014,190.27313
20240704115014,190.03618
20240704120014,190.03373
20240704121014,188.85744
20240704122014,188.85696
20240704123014,187.85644
20240704124014,187.90144
20240704125014,187.63311
20240704130014,187.26324
20240704131014,187.13341
20240704132014,186.93061
20240704133014,186.40179
20240704134014,186.74634
20240704135014,186.135
20240704140014,185.01483
20240704141014,184.36742
20240704142014,184.02214
20240704143014,183.86908
20240704144014,183.75712
20240704145014,183.76323
20240704150014,183.14418
20240704151014,183.06949
20240704152014,183.01386
20240704153014,183.0066
20240704154014,182.96308
20240704155014,182.96979
20240704160014,228.27565
20240704161014,238.27608
20240704162014,257.00579
20240704163014,254.53175
20240704164014,253.47146
20240704165014,246.06431
20240715090014,641.47876
20240715091014,207.96173
20240715092014,202.01628
20240715093014,223.24526
20240715094014,204.82518
20240715095014,203.44151
20240715100014,196.62355
20240715101014,196.25325
20240715102014,196.24747
20240715103014,194.45084
20240715104014,191.90155
20240715105014,192.40673
20240715110014,194.89876
20240715111014,194.1663
20240715112014,191.28996
20240715113014,190.86675
20240715114014,190.27313
20240715115014,190.03618
20240715120014,190.03373
20240715121014,188.85744
20240715122014,188.85696
20240715123014,187.85644
20240715124014,187.90144
20240715125014,187.63311
20240715130014,187.26324
20240715131014,187.13341
20240715132014,186.93061
20240715133014,186.40179
20240715134014,186.74634
20240715135014,186.135
20240715140014,185.01483
20240715141014,184.36742
20240715142014,184.02214
20240715143014,183.86908
20240715144014,183.75712
20240715145014,183.76323
20240715150014,183.14418
20240715151014,183.06949
20240715152014,183.01386
20240715153014,183.0066
20240715154014,182.96308
20240715155014,182.96979
20240715160014,228.27565
20240715161014,238.27608
20240715162014,257.00579
20240715163014,254.53175
20240715164014,253.47146
20240715165014,246.06431
20240215090015,630.04185
20240215091015,531.28138
20240215092015,390.22479
20240215093015,223.26826
20240215094015,212.56374
20240215095015,198.60362
20240215100015,200.791
20240215101015,199.96622
20240215102015,196.32125
20240215103015,195.47109
20240215104015,192.6983
20240215105015,192.35832
20240215110015,194.89876
20240215111015,194.1663
20240215112015,191.28996
20240215113015,190.86675
20240215114015,190.27313
20240215115015,190.03618
20240215120015,190.03373
20240215121015,188.85744
20240215122015,188.85696
20240215123015,187.85644
20240215124015,187.90144
20240215125015,187.63311
20240215130015,187.26324
20240215131015,187.13341
20240215132015,186.93061
20240215133015,186.40179
20240215134015,186.74634
20240215135015,186.135
20240215140015,185.01483
20240215141015,184.36742
20240215142015,184.02214
20240215143015,183.86908
20240215144015,183.75712
20240215145015,183.76323
20240215150015,183.14418
20240215151015,183.06949
20240215152015,183.01386
20240215153015,183.0066
20240215154015,182.96308
20240215155015,182.96979
20240215160015,228.27565
20240215161015,238.27608
20240215162015,257.00579
20240215163015,254.53175
20240215164015,253.47146
20240215165015,246.06431
20240218090015,228.49957
20240218091015,205.31297
20240218092015,203.30433
20240218093015,201.9493
20240218094015,202.05223
20240218095015,205.12008
20240218100015,207.91925
20240218101015,200.93887
20240218102015,196.50901
20240218103015,196.02424
20240218104015,194.53741
20240218105015,192.33944
20240218110015,194.89876
20240218111015,194.1663
20240218112015,191.28996
20240218113015,190.86675
20240218114015,190.27313
20240218115015,190.03618
20240218120015,190.03373
20240218121015,188.85744
20240218122015,188.85696
20240218123015,187.85644
20240218124015,187.90144
20240218125015,187.63311
20240218130015,187.26324
20240218131015,187.13341
20240218132015,186.93061
20240218133015,186.40179
20240218134015,186.74634
20240218135015,186.135
20240218140015,185.01483
20240218141015,184.36742
20240218142015,184.02214
20240218143015,183.86908
20240218144015,183.75712
20240218145015,183.76323
20240218150015,183.14418
20240218151015,183.06949
20240218152015,183.01386
20240218153015,183.0066
20240218154015,182.96308
20240218155015,182.96979
20240218160015,228.27565
20240218161015,238.27608
20240218162015,257.00579
20240218163015,254.53175
20240218164015,253.47146
20240218165015,246.06431
20240314090015,187.88586
20240314091015,190.49845
20240314092015,196.64373
20240314093015,202.67828
20240314094015,208.44006
20240314095015,204.84222
20240314100015,199.52184
20240314101015,197.06468
20240314102015,195.86386
20240314103015,195.58286
20240314104015,192.26646
20240314105015,192.27057
20240314110015,194.89876
20240314111015,194.1663
20240314112015,191.28996
20240314113015,190.86675
20240314114015,190.27313
20240314115015,190.03618
20240314120015,190.03373
20240314121015,188.85744
20240314122015,188.85696
20240314123015,187.85644
20240314124015,187.90144
20240314125015,187.63311
20240314130015,187.26324
20240314131015,187.13341
20240314132015,186.93061
20240314133015,186.40179
20240314134015,186.74634
20240314135015,186.135
20240314140015,185.01483
20240314141015,184.36742
20240314142015,184.02214
20240314143015,183.86908
20240314144015,183.75712
20240314145015,183.76323
20240314150015,183.14418
20240314151015,183.06949
20240314152015,183.01386
20240314153015,183.0066
20240314154015,182.96308
20240314155015,182.96979
20240314160015,228.27565
20240314161015,238.27608
20240314162015,257.00579
20240314163015,254.53175
20240314164015,253.47146
20240314165015,246.06431
20240317090015,239.43627
20240317091015,198.77151
20240317092015,204.46047
20240317093015,206.86601
20240317094015,208.23212
20240317095015,208.1144
20240317100015,198.74542
20240317101015,198.21401
20240317102015,195.77298
20240317103015,195.3212
20240317104015,192.51189
20240317105015,194.78726
20240317110015,194.89876
20240317111015,194.1663
20240317112015,191.28996
20240317113015,190.86675
20240317114015,190.27313
20240317115015,190.03618
20240317120015,190.03373
20240317121015,188.85744
20240317122015,188.85696
20240317123015,187.85644
20240317124015,187.90144
20240317125015,187.63311
20240317130015,187.26324
20240317131015,187.13341
20240317132015,186.93061
20240317133015,186.40179
20240317134015,186.74634
20240317135015,186.135
20240317140015,185.01483
20240317141015,184.36742
20240317142015,184.02214
20240317143015,183.86908
20240317144015,183.75712
20240317145015,183.76323
20240317150015,183.14418
20240317151015,183.06949
20240317152015,183.01386
20240317153015,183.0066
20240317154015,182.96308
20240317155015,182.96979
20240317160015,228.27565
20240317161015,238.27608
20240317162015,257.00579
20240317163015,254.53175
20240317164015,253.47146
20240317165015,246.06431
20240412090015,640.01358
20240412091015,195.13971
20240412092015,202.48944
20240412093015,198.68017
20240412094015,202.76477
20240412095015,199.0692
20240412100015,207.72061
20240412101015,196.64503
20240412102015,197.23199
20240412103015,195.93763
20240412104015,191.88935
20240412105015,192.45553
20240412110015,194.89876
20240412111015,194.1663
20240412112015,191.28996
20240412113015,190.86675
20240412114015,190.27313
20240412115015,190.03618
20240412120015,190.03373
20240412121015,188.85744
20240412122015,188.85696
20240412123015,187.85644
20240412124015,187.90144
20240412125015,187.63311
20240412130015,187.26324
20240412131015,187.13341
20240412132015,186.93061
20240412133015,186.40179
20240412134015,186.74634
20240412135015,186.135
20240412140015,185.01483
20240412141015,184.36742
20240412142015,184.02214
20240412143015,183.86908
20240412144015,183.75712
20240412145015,183.76323
20240412150015,183.14418
20240412151015,183.06949
20240412152015,183.01386
20240412153015,183.0066
20240412154015,182.96308
20240412155015,182.96979
20240412160015,228.27565
20240412161015,238.27608
20240412162015,257.00579
20240412163015,254.53175
20240412164015,253.47146
20240412165015,246.06431
20240518090015,441.8906
20240518091015,225.92688
20240518092015,205.16658
20240518093015,202.71703
20240518094015,194.12329
20240518095015,198.85677
20240518100015,201.5071
20240518101015,198.14084
20240518102015,196.12061
20240518103015,195.67764
20240518104015,194.9065
20240518105015,192.26728
20240518110015,194.89876
20240518111015,194.1663
20240518112015,191.28996
20240518113015,190.86675
20240518114015,190.27313
20240518115015,190.03618
20240518120015,190.03373
20240518121015,188.85744
20240518122015,188.85696
20240518123015,187.85644
20240518124015,187.90144
20240518125015,187.63311
20240518130015,187.26324
20240518131015,187.13341
20240518132015,186.93061
20240518133015,186.40179
20240518134015,186.74634
20240518135015,186.135
20240518140015,185.01483
20240518141015,184.36742
20240518142015,184.02214
20240518143015,183.86908
20240518144015,183.75712
20240518145015,183.76323
20240518150015,183.14418
20240518151015,183.06949
20240518152015,183.01386
20240518153015,183.0066
20240518154015,182.96308
20240518155015,182.96979
20240518160015,228.27565
20240518161015,238.27608
20240518162015,257.00579
20240518163015,254.53175
20240518164015,253.47146
20240518165015,246.06431
20240530090015,787.95927
20240530091015,215.64198
20240530092015,203.56723
20240530093015,200.44065
20240530094015,197.06439
20240530095015,197.75668
20240530100015,204.47602
20240530101015,196.35141
20240530102015,201.18837
20240530103015,195.97953
20240530104015,192.88868
20240530105015,192.29331
20240530110015,194.89876
20240530111015,194.1663
20240530112015,191.28996
20240530113015,190.86675
20240530114015,190.27313
20240530115015,190.03618
20240530120015,190.03373
20240530121015,188.85744
20240530122015,188.85696
20240530123015,187.85644
20240530124015,187.90144
20240530125015,187.63311
20240530130015,187.26324
20240530131015,187.13341
20240530132015,186.93061
20240530133015,186.40179
20240530134015,186.74634
20240530135015,186.135
20240530140015,185.01483
20240530141015,184.36742
20240530142015,184.02214
20240530143015,183.86908
20240530144015,183.75712
20240530145015,183.76323
20240530150015,183.14418
20240530151015,183.06949
20240530152015,183.01386
20240530153015,183.0066
20240530154015,182.96308
20240530155015,182.96979
20240530160015,228.27565
20240530161015,238.27608
20240530162015,257.00579
20240530163015,254.53175
20240530164015,253.47146
20240530165015,246.06431
20240605090015,426.59409
20240605091015,222.84383
20240605092015,207.23836
20240605093015,247.42216
20240605094015,204.79659
20240605095015,210.44907
20240605100015,202.16416
20240605101015,196.87222
20240605102015,195.57967
20240605103015,195.27181
20240605104015,192.03545
20240605105015,192.71769
20240605110015,194.89876
20240605111015,194.1663
20240605112015,191.28996
20240605113015,190.86675
20240605114015,190.27313
20240605115015,190.03618
20240605120015,190.03373
20240605121015,188.85744
20240605122015,188.85696
20240605123015,187.85644
20240605124015,187.90144
20240605125015,187.63311
20240605130015,187.26324
20240605131015,187.13341
20240605132015,186.93061
20240605133015,186.40179
20240605134015,186.74634
20240605135015,186.135
20240605140015,185.01483
20240605141015,184.36742
20240605142015,184.02214
20240605143015,183.86908
20240605144015,183.75712
20240605145015,183.76323
20240605150015,183.14418
20240605151015,183.06949
20240605152015,183.01386
20240605153015,183.0066
20240605154015,182.96308
20240605155015,182.96979
20240605160015,228.27565
20240605161015,238.27608
20240605162015,257.00579
20240605163015,254.53175
20240605164015,253.47146
20240605165015,246.06431
20240704090015,867.63889
20240704091015,200.78048
20240704092015,193.28958
20240704093015,200.40896
20240704094015,207.00291
20240704095015,208.46215
20240704100015,208.50107
20240704101015,196.45906
20240704102015,200.4153
20240704103015,196.07885
20240704104015,191.72191
20240704105015,192.31187
20240704110015,194.89876
20240704111015,194.1663
20240704112015,191.28996
20240704113015,190.86675
20240704114015,190.27313
20240704115015,190.03618
20240704120015,190.03373
20240704121015,188.85744
20240704122015,188.85696
20240704123015,187.85644
20240704124015,187.90144
20240704125015,187.63311
20240704130015,187.26324
20240704131015,187.13341
20240704132015,186.93061
20240704133015,186.40179
20240704134015,186.74634
20240704135015,186.135
20240704140015,185.01483
20240704141015,184.36742
20240704142015,184.02214
20240704143015,183.86908
20240704144015,183.75712
20240704145015,183.76323
20240704150015,183.14418
20240704151015,183.06949
20240704152015,183.01386
20240704153015,183.0066
20240704154015,182.96308
20240704155015,182.96979
20240704160015,228.27565
20240704161015,238.27608
20240704162015,257.00579
20240704163015,254.53175
20240704164015,253.47146
20240704165015,246.06431
20240316090016,733.42543
20240316091016,204.79682
20240316092016,232.18476
20240316093016,251.25768
20240316094016,208.70306
20240316095016,202.96201
20240316100016,198.09227
20240316101016,196.19031
20240316102016,195.67086
20240316103016,192.55124
20240316104016,192.1926
20240316105016,192.18717
20240316110016,194.89876
20240316111016,194.1663
20240316112016,191.28996
20240316113016,190.86675
20240316114016,190.27313
20240316115016,190.03618
20240316120016,190.03373
20240316121016,188.85744
20240316122016,188.85696
20240316123016,187.85644
20240316124016,187.90144
20240316125016,187.63311
20240316130016,187.26324
20240316131016,187.13341
20240316132016,186.93061
20240316133016,186.40179
20240316134016,186.74634
20240316135016,186.135
20240316140016,185.01483
20240316141016,184.36742
20240316142016,184.02214
20240316143016,183.86908
20240316144016,183.75712
20240316145016,183.76323
20240316150016,183.14418
20240316151016,183.06949
20240316152016,183.01386
20240316153016,183.0066
20240316154016,182.96308
20240316155016,182.96979
20240316160016,228.27565
20240316161016,238.27608
20240316162016,257.00579
20240316163016,254.53175
20240316164016,253.47146
20240316165016,246.06431
20240322090016,355.87472
20240322091016,207.87524
20240322092016,205.18238
20240322093016,208.64821
20240322094016,203.21824
20240322095016,202.03928
20240322100016,193.83431
20240322101016,196.65896
20240322102016,196.62422
20240322103016,196.06647
20240322104016,194.40165
20240322105016,192.70525
20240322110016,194.89876
20240322111016,194.1663
20240322112016,191.28996
20240322113016,190.86675
20240322114016,190.27313
20240322115016,190.03618
20240322120016,190.03373
20240322121016,188.85744
20240322122016,188.85696
20240322123016,187.85644
20240322124016,187.90144
20240322125016,187.63311
20240322130016,187.26324
20240322131016,187.13341
20240322132016,186.93061
20240322133016,186.40179
20240322134016,186.74634
20240322135016,186.135
20240322140016,185.01483
20240322141016,184.36742
20240322142016,184.02214
20240322143016,183.86908
20240322144016,183.75712
20240322145016,183.76323
20240322150016,183.14418
20240322151016,183.06949
20240322152016,183.01386
20240322153016,183.0066
20240322154016,182.96308
20240322155016,182.96979
20240322160016,228.27565
20240322161016,238.27608
20240322162016,257.00579
20240322163016,254.53175
20240322164016,253.47146
20240322165016,246.06431
20240414090016,879.16093
20240414091016,201.99033
20240414092016,276.79732
20240414093016,276.13849
20240414094016,223.06366
20240414095016,209.85287
20240414100016,193.28944
20240414101016,195.67545
20240414102016,196.06433
20240414103016,191.76023
20240414104016,191.56198
20240414105016,191.86108
20240414110016,194.89876
20240414111016,194.1663
20240414112016,191.28996
20240414113016,190.86675
20240414114016,190.27313
20240414115016,190.03618
20240414120016,190.03373
20240414121016,188.85744
20240414122016,188.85696
20240414123016,187.85644
20240414124016,187.90144
20240414125016,187.63311
20240414130016,187.26324
20240414131016,187.13341
20240414132016,186.93061
20240414133016,186.40179
20240414134016,186.74634
20240414135016,186.135
20240414140016,185.01483
20240414141016,184.36742
20240414142016,184.02214
20240414143016,183.86908
20240414144016,183.75712
20240414145016,183.76323
20240414150016,183.14418
20240414151016,183.06949
20240414152016,183.01386
20240414153016,183.0066
20240414154016,182.96308
20240414155016,182.96979
20240414160016,228.27565
20240414161016,238.27608
20240414162016,257.00579
20240414163016,254.53175
20240414164016,253.47146
20240414165016,246.06431
20240422090016,892.15528
20240422091016,194.42105
20240422092016,281.33747
20240422093016,224.33093
20240422094016,222.25796
20240422095016,205.69904
20240422100016,192.93382
20240422101016,196.90273
20240422102016,196.09026
20240422103016,191.82387
20240422104016,191.7593
20240422105016,191.97971
20240422110016,194.89876
20240422111016,194.1663
20240422112016,191.28996
20240422113016,190.86675
20240422114016,190.27313
20240422115016,190.03618
20240422120016,190.03373
20240422121016,188.85744
20240422122016,188.85696
20240422123016,187.85644
20240422124016,187.90144
20240422125016,187.63311
20240422130016,187.26324
20240422131016,187.13341
20240422132016,186.93061
20240422133016,186.40179
20240422134016,186.74634
20240422135016,186.135
20240422140016,185.01483
20240422141016,184.36742
20240422142016,184.02214
20240422143016,183.86908
20240422144016,183.75712
20240422145016,183.76323
20240422150016,183.14418
20240422151016,183.06949
20240422152016,183.01386
20240422153016,183.0066
20240422154016,182.96308
20240422155016,182.96979
20240422160016,228.27565
20240422161016,238.27608
20240422162016,257.00579
20240422163016,254.53175
20240422164016,253.47146
20240422165016,246.06431
20240513090016,189.38073
20240513091016,193.35063
20240513092016,200.291
20240513093016,200.02476
20240513094016,207.92893
20240513095016,206.69251
20240513100016,203.03661
20240513101016,197.14732
20240513102016,196.02168
20240513103016,195.40239
20240513104016,192.16899
20240513105016,192.20501
20240513110016,194.89876
20240513111016,194.1663
20240513112016,191.28996
20240513113016,190.86675
20240513114016,190.27313
20240513115016,190.03618
20240513120016,190.03373
20240513121016,188.85744
20240513122016,188.85696
20240513123016,187.85644
20240513124016,187.90144
20240513125016,187.63311
20240513130016,187.26324
20240513131016,187.13341
20240513132016,186.93061
20240513133016,186.40179
20240513134016,186.74634
20240513135016,186.135
20240513140016,185.01483
20240513141016,184.36742
20240513142016,184.02214
20240513143016,183.86908
20240513144016,183.75712
20240513145016,183.76323
20240513150016,183.14418
20240513151016,183.06949
20240513152016,183.01386
20240513153016,183.0066
20240513154016,182.96308
20240513155016,182.96979
20240513160016,228.27565
20240513161016,238.27608
20240513162016,257.00579
20240513163016,254.53175
20240513164016,253.47146
20240513165016,246.06431
20240517090016,826.73248
20240517091016,187.26723
20240517092016,201.21712
20240517093016,199.41864
20240517094016,193.51818
20240517095016,197.25348
20240517100016,244.77364
20240517101016,196.28622
20240517102016,197.79486
20240517103016,195.09394
20240517104016,192.1953
20240517105016,192.24396
20240517110016,194.89876
20240517111016,194.1663
20240517112016,191.28996
20240517113016,190.86675
20240517114016,190.27313
20240517115016,190.03618
20240517120016,190.03373
20240517121016,188.85744
20240517122016,188.85696
20240517123016,187.85644
20240517124016,187.90144
20240517125016,187.63311
20240517130016,187.26324
20240517131016,187.13341
20240517132016,186.93061
20240517133016,186.40179
20240517134016,186.74634
20240517135016,186.135
20240517140016,185.01483
20240517141016,184.36742
20240517142016,184.02214
20240517143016,183.86908
20240517144016,183.75712
20240517145016,183.76323
20240517150016,183.14418
20240517151016,183.06949
20240517152016,183.01386
20240517153016,183.0066
20240517154016,182.96308
20240517155016,182.96979
20240517160016,228.27565
20240517161016,238.27608
20240517162016,257.00579
20240517163016,254.53175
20240517164016,253.47146
20240517165016,246.06431
20240519090016,215.63973
20240519091016,203.40527
20240519092016,202.72244
20240519093016,208.38881
20240519094016,207.39339
20240519095016,207.18145
20240519100016,207.23716
20240519101016,198.57271
20240519102016,195.64211
20240519103016,195.46392
20240519104016,192.3893
20240519105016,192.36812
20240519110016,194.89876
20240519111016,194.1663
20240519112016,191.28996
20240519113016,190.86675
20240519114016,190.27313
20240519115016,190.03618
20240519120016,190.03373
20240519121016,188.85744
20240519122016,188.85696
20240519123016,187.85644
20240519124016,187.90144
20240519125016,187.63311
20240519130016,187.26324
20240519131016,187.13341
20240519132016,186.93061
20240519133016,186.40179
20240519134016,186.74634
20240519135016,186.135
20240519140016,185.01483
20240519141016,184.36742
20240519142016,184.02214
20240519143016,183.86908
20240519144016,183.75712
20240519145016,183.76323
20240519150016,183.14418
20240519151016,183.06949
20240519152016,183.01386
20240519153016,183.0066
20240519154016,182.96308
20240519155016,182.96979
20240519160016,228.27565
20240519161016,238.27608
20240519162016,257.00579
20240519163016,254.53175
20240519164016,253.47146
20240519165016,246.06431
20240608090016,684.77526
20240608091016,204.72471
20240608092016,199.34218
20240608093016,212.54349
20240608094016,198.89347
20240608095016,204.80562
20240608100016,194.74023
20240608101016,197.97136
20240608102016,195.7605
20240608103016,191.87518
20240608104016,191.58666
20240608105016,192.18738
20240608110016,194.89876
20240608111016,194.1663
20240608112016,191.28996
20240608113016,190.86675
20240608114016,190.27313
20240608115016,190.03618
20240608120016,190.03373
20240608121016,188.85744
20240608122016,188.85696
20240608123016,187.85644
20240608124016,187.90144
20240608125016,187.63311
20240608130016,187.26324
20240608131016,187.13341
20240608132016,186.93061
20240608133016,186.40179
20240608134016,186.74634
20240608135016,186.135
20240608140016,185.01483
20240608141016,184.36742
20240608142016,184.02214
20240608143016,183.86908
20240608144016,183.75712
20240608145016,183.76323
20240608150016,183.14418
20240608151016,183.06949
20240608152016,183.01386
20240608153016,183.0066
20240608154016,182.96308
20240608155016,182.96979
20240608160016,228.27565
20240608161016,238.27608
20240608162016,257.00579
20240608163016,254.53175
20240608164016,253.47146
20240608165016,246.06431
20240629090016,910.24094
20240629091016,196.00833
20240629092016,199.90679
20240629093016,200.68763
20240629094016,198.96255
20240629095016,199.40984
20240629100016,192.80942
20240629101016,196.32786
20240629102016,201.6809
20240629103016,194.40337
20240629104016,191.64228
20240629105016,191.96211
20240629110016,194.89876
20240629111016,194.1663
20240629112016,191.28996
20240629113016,190.86675
20240629114016,190.27313
20240629115016,190.03618
20240629120016,190.03373
20240629121016,188.85744
20240629122016,188.85696
20240629123016,187.85644
20240629124016,187.90144
20240629125016,187.63311
20240629130016,187.26324
20240629131016,187.13341
20240629132016,186.93061
20240629133016,186.40179
20240629134016,186.74634
20240629135016,186.135
20240629140016,185.01483
20240629141016,184.36742
20240629142016,184.02214
20240629143016,183.86908
20240629144016,183.75712
20240629145016,183.76323
20240629150016,183.14418
20240629151016,183.06949
20240629152016,183.01386
20240629153016,183.0066
20240629154016,182.96308
20240629155016,182.96979
20240629160016,228.27565
20240629161016,238.27608
20240629162016,257.00579
20240629163016,254.53175
20240629164016,253.47146
20240629165016,246.06431
20240123090017,189.97774
20240123091017,189.5969
20240123092017,196.26267
20240123093017,194.55641
20240123094017,197.44209
20240123095017,196.81443
20240123100017,194.0793
20240123101017,197.47193
20240123102017,196.80367
20240123103017,196.755
20240123104017,195.27481
20240123105017,192.27091
20240123110017,194.89876
20240123111017,194.1663
20240123112017,191.28996
20240123113017,190.86675
20240123114017,190.27313
20240123115017,190.03618
20240123120017,190.03373
20240123121017,188.85744
20240123122017,188.85696
20240123123017,187.85644
20240123124017,187.90144
20240123125017,187.63311
20240123130017,187.26324
20240123131017,187.13341
20240123132017,186.93061
20240123133017,186.40179
20240123134017,186.74634
20240123135017,186.135
20240123140017,185.01483
20240123141017,184.36742
20240123142017,184.02214
20240123143017,183.86908
20240123144017,183.75712
20240123145017,183.76323
20240123150017,183.14418
20240123151017,183.06949
20240123152017,183.01386
20240123153017,183.0066
20240123154017,182.96308
20240123155017,182.96979
20240123160017,228.27565
20240123161017,238.27608
20240123162017,257.00579
20240123163017,254.53175
20240123164017,253.47146
20240123165017,246.06431
20240129090017,189.05322
20240129091017,191.00791
20240129092017,196.56633
20240129093017,196.40603
20240129094017,198.12954
20240129095017,198.38242
20240129100017,196.6965
20240129101017,197.28686
20240129102017,197.06147
20240129103017,196.43994
20240129104017,195.18196
20240129105017,192.20535
20240129110017,194.89876
20240129111017,194.1663
20240129112017,191.28996
20240129113017,190.86675
20240129114017,190.27313
20240129115017,190.03618
20240129120017,190.03373
20240129121017,188.85744
20240129122017,188.85696
20240129123017,187.85644
20240129124017,187.90144
20240129125017,187.63311
20240129130017,187.26324
20240129131017,187.13341
20240129132017,186.93061
20240129133017,186.40179
20240129134017,186.74634
20240129135017,186.135
20240129140017,185.01483
20240129141017,184.36742
20240129142017,184.02214
20240129143017,183.86908
20240129144017,183.75712
20240129145017,183.76323
20240129150017,183.14418
20240129151017,183.06949
20240129152017,183.01386
20240129153017,183.0066
20240129154017,182.96308
20240129155017,182.96979
20240129160017,228.27565
20240129161017,238.27608
20240129162017,257.00579
20240129163017,254.53175
20240129164017,253.47146
20240129165017,246.06431
20240215090017,997.02077
20240215091017,384.21576
20240215092017,373.46377
20240215093017,243.06407
20240215094017,223.06129
20240215095017,206.39718
20240215100017,202.62054
20240215101017,198.13134
20240215102017,196.74847
20240215103017,195.77544
20240215104017,192.41189
20240215105017,192.40922
20240215110017,194.89876
20240215111017,194.1663
20240215112017,191.28996
20240215113017,190.86675
20240215114017,190.27313
20240215115017,190.03618
20240215120017,190.03373
20240215121017,188.85744
20240215122017,188.85696
20240215123017,187.85644
20240215124017,187.90144
20240215125017,187.63311
20240215130017,187.26324
20240215131017,187.13341
20240215132017,186.93061
20240215133017,186.40179
20240215134017,186.74634
20240215135017,186.135
20240215140017,185.01483
20240215141017,184.36742
20240215142017,184.02214
20240215143017,183.86908
20240215144017,183.75712
20240215145017,183.76323
20240215150017,183.14418
20240215151017,183.06949
20240215152017,183.01386
20240215153017,183.0066
20240215154017,182.96308
20240215155017,182.96979
20240215160017,228.27565
20240215161017,238.27608
20240215162017,257.00579
20240215163017,254.53175
20240215164017,253.47146
20240215165017,246.06431
20240218090017,216.01978
20240218091017,207.45
20240218092017,200.9235
20240218093017,202.00479
20240218094017,200.19995
20240218095017,204.70121
20240218100017,207.55135
20240218101017,201.28384
20240218102017,196.31653
20240218103017,196.02718
20240218104017,194.53707
20240218105017,192.33944
20240218110017,194.89876
20240218111017,194.1663
20240218112017,191.28996
20240218113017,190.86675
20240218114017,190.27313
20240218115017,190.03618
20240218120017,190.03373
20240218121017,188.85744
20240218122017,188.85696
20240218123017,187.85644
20240218124017,187.90144
20240218125017,187.63311
20240218130017,187.26324
20240218131017,187.13341
20240218132017,186.93061
20240218133017,186.40179
20240218134017,186.74634
20240218135017,186.135
20240218140017,185.01483
20240218141017,184.36742
20240218142017,184.02214
20240218143017,183.86908
20240218144017,183.75712
20240218145017,183.76323
20240218150017,183.14418
20240218151017,183.06949
20240218152017,183.01386
20240218153017,183.0066
20240218154017,182.96308
20240218155017,182.96979
20240218160017,228.27565
20240218161017,238.27608
20240218162017,257.00579
20240218163017,254.53175
20240218164017,253.47146
20240218165017,246.06431
20240305090017,579.95491
20240305091017,197.94728
20240305092017,186.54276
20240305093017,199.17013
20240305094017,195.51367
20240305095017,197.60373
20240305100017,216.78197
20240305101017,195.75625
20240305102017,197.77596
20240305103017,195.55829
20240305104017,191.84076
20240305105017,192.29276
20240305110017,194.89876
20240305111017,194.1663
20240305112017,191.28996
20240305113017,190.86675
20240305114017,190.27313
20240305115017,190.03618
20240305120017,190.03373
20240305121017,188.85744
20240305122017,188.85696
20240305123017,187.85644
20240305124017,187.90144
20240305125017,187.63311
20240305130017,187.26324
20240305131017,187.13341
20240305132017,186.93061
20240305133017,186.40179
20240305134017,186.74634
20240305135017,186.135
20240305140017,185.01483
20240305141017,184.36742
20240305142017,184.02214
20240305143017,183.86908
20240305144017,183.75712
20240305145017,183.76323
20240305150017,183.14418
20240305151017,183.06949
20240305152017,183.01386
20240305153017,183.0066
20240305154017,182.96308
20240305155017,182.96979
20240305160017,228.27565
20240305161017,238.27608
20240305162017,257.00579
20240305163017,254.53175
20240305164017,253.47146
20240305165017,246.06431
20240309090017,204.27105
20240309091017,192.10344
20240309092017,198.02206
20240309093017,207.291
20240309094017,208.05976
20240309095017,207.07915
20240309100017,204.39844
20240309101017,201.54594
20240309102017,196.03397
20240309103017,195.73809
20240309104017,192.50295
20240309105017,192.62048
20240309110017,194.89876
20240309111017,194.1663
20240309112017,191.28996
20240309113017,190.86675
20240309114017,190.27313
20240309115017,190.03618
20240309120017,190.03373
20240309121017,188.85744
20240309122017,188.85696
20240309123017,187.85644
20240309124017,187.90144
20240309125017,187.63311
20240309130017,187.26324
20240309131017,187.13341
20240309132017,186.93061
20240309133017,186.40179
20240309134017,186.74634
20240309135017,186.135
20240309140017,185.01483
20240309141017,184.36742
20240309142017,184.02214
20240309143017,183.86908
20240309144017,183.75712
20240309145017,183.76323
20240309150017,183.14418
20240309151017,183.06949
20240309152017,183.01386
20240309153017,183.0066
20240309154017,182.96308
20240309155017,182.96979
20240309160017,228.27565
20240309161017,238.27608
20240309162017,257.00579
20240309163017,254.53175
20240309164017,253.47146
20240309165017,246.06431
20240311090017,203.98757
20240311091017,193.28033
20240311092017,200.84818
20240311093017,207.364
20240311094017,209.64008
20240311095017,207.82879
20240311100017,199.64849
20240311101017,197.52971
20240311102017,195.82877
20240311103017,195.54539
20240311104017,192.34892
20240311105017,192.43266
20240311110017,194.89876
20240311111017,194.1663
20240311112017,191.28996
20240311113017,190.86675
20240311114017,190.27313
20240311115017,190.03618
20240311120017,190.03373
20240311121017,188.85744
20240311122017,188.85696
20240311123017,187.85644
20240311124017,187.90144
20240311125017,187.63311
20240311130017,187.26324
20240311131017,187.13341
20240311132017,186.93061
20240311133017,186.40179
20240311134017,186.74634
20240311135017,186.135
20240311140017,185.01483
20240311141017,184.36742
20240311142017,184.02214
20240311143017,183.86908
20240311144017,183.75712
20240311145017,183.76323
20240311150017,183.14418
20240311151017,183.06949
20240311152017,183.01386
20240311153017,183.0066
20240311154017,182.96308
20240311155017,182.96979
20240311160017,228.27565
20240311161017,238.27608
20240311162017,257.00579
20240311163017,254.53175
20240311164017,253.47146
20240311165017,246.06431
20240403090017,724.76814
20240403091017,190.89718
20240403092017,194.80877
20240403093017,199.36527
20240403094017,200.57201
20240403095017,199.63468
20240403100017,212.3944
20240403101017,196.5223
20240403102017,197.15054
20240403103017,196.43564
20240403104017,191.80034
20240403105017,192.1953
20240403110017,194.89876
20240403111017,194.1663
20240403112017,191.28996
20240403113017,190.86675
20240403114017,190.27313
20240403115017,190.03618
20240403120017,190.03373
20240403121017,188.85744
20240403122017,188.85696
20240403123017,187.85644
20240403124017,187.90144
20240403125017,187.63311
20240403130017,187.26324
20240403131017,187.13341
20240403132017,186.93061
20240403133017,186.40179
20240403134017,186.74634
20240403135017,186.135
20240403140017,185.01483
20240403141017,184.36742
20240403142017,184.02214
20240403143017,183.86908
20240403144017,183.75712
20240403145017,183.76323
20240403150017,183.14418
20240403151017,183.06949
20240403152017,183.01386
20240403153017,183.0066
20240403154017,182.96308
20240403155017,182.96979
20240403160017,228.27565
20240403161017,238.27608
20240403162017,257.00579
20240403163017,254.53175
20240403164017,253.47146
20240403165017,246.06431
20240507090017,733.41583
20240507091017,202.98979
20240507092017,194.91486
20240507093017,198.04294
20240507094017,194.74583
20240507095017,197.5787
20240507100017,209.61554
20240507101017,196.49202
20240507102017,196.2978
20240507103017,194.46865
20240507104017,191.77
20240507105017,192.2132
20240507110017,194.89876
20240507111017,194.1663
20240507112017,191.28996
20240507113017,190.86675
20240507114017,190.27313
20240507115017,190.03618
20240507120017,190.03373
20240507121017,188.85744
20240507122017,188.85696
20240507123017,187.85644
20240507124017,187.90144
20240507125017,187.63311
20240507130017,187.26324
20240507131017,187.13341
20240507132017,186.93061
20240507133017,186.40179
20240507134017,186.74634
20240507135017,186.135
20240507140017,185.01483
20240507141017,184.36742
20240507142017,184.02214
20240507143017,183.86908
20240507144017,183.75712
20240507145017,183.76323
20240507150017,183.14418
20240507151017,183.06949
20240507152017,183.01386
20240507153017,183.0066
20240507154017,182.96308
20240507155017,182.96979
20240507160017,228.27565
20240507161017,238.27608
20240507162017,257.00579
20240507163017,254.53175
20240507164017,253.47146
20240507165017,246.06431
20240528090017,189.2712
20240528091017,192.38781
20240528092017,200.11008
20240528093017,198.72283
20240528094017,206.89161
20240528095017,205.18692
20240528100017,203.91301
20240528101017,196.97465
20240528102017,196.03148
20240528103017,195.46871
20240528104017,192.19165
20240528105017,192.24189
20240528110017,194.89876
20240528111017,194.1663
20240528112017,191.28996
20240528113017,190.86675
20240528114017,190.27313
20240528115017,190.03618
20240528120017,190.03373
20240528121017,188.85744
20240528122017,188.85696
20240528123017,187.85644
20240528124017,187.90144
20240528125017,187.63311
20240528130017,187.26324
20240528131017,187.13341
20240528132017,186.93061
20240528133017,186.40179
20240528134017,186.74634
20240528135017,186.135
20240528140017,185.01483
20240528141017,184.36742
20240528142017,184.02214
20240528143017,183.86908
20240528144017,183.75712
20240528145017,183.76323
20240528150017,183.14418
20240528151017,183.06949
20240528152017,183.01386
20240528153017,183.0066
20240528154017,182.96308
20240528155017,182.96979
20240528160017,228.27565
20240528161017,238.27608
20240528162017,257.00579
20240528163017,254.53175
20240528164017,253.47146
20240528165017,246.06431
20240614090017,203.67068
20240614091017,206.52152
20240614092017,205.06591
20240614093017,210.88726
20240614094017,210.01077
20240614095017,208.98035
20240614100017,251.13242
20240614101017,197.81176
20240614102017,196.00996
20240614103017,194.74981
20240614104017,192.20391
20240614105017,192.27828
20240614110017,194.89876
20240614111017,194.1663
20240614112017,191.28996
20240614113017,190.86675
20240614114017,190.27313
20240614115017,190.03618
20240614120017,190.03373
20240614121017,188.85744
20240614122017,188.85696
20240614123017,187.85644
20240614124017,187.90144
20240614125017,187.63311
20240614130017,187.26324
20240614131017,187.13341
20240614132017,186.93061
20240614133017,186.40179
20240614134017,186.74634
20240614135017,186.135
20240614140017,185.01483
20240614141017,184.36742
20240614142017,184.02214
20240614143017,183.86908
20240614144017,183.75712
20240614145017,183.76323
20240614150017,183.14418
20240614151017,183.06949
20240614152017,183.01386
20240614153017,183.0066
20240614154017,182.96308
20240614155017,182.96979
20240614160017,228.27565
20240614161017,238.27608
20240614162017,257.00579
20240614163017,254.53175
20240614164017,253.47146
20240614165017,246.06431
20240619090017,599.09167
20240619091017,209.23674
20240619092017,203.32116
20240619093017,213.34523
20240619094017,205.51412
20240619095017,200.65572
20240619100017,207.26191
20240619101017,198.34279
20240619102017,196.47848
20240619103017,195.50779
20240619104017,191.91781
20240619105017,192.45573
20240619110017,194.89876
20240619111017,194.1663
20240619112017,191.28996
20240619113017,190.86675
20240619114017,190.27313
20240619115017,190.03618
20240619120017,190.03373
20240619121017,188.85744
20240619122017,188.85696
20240619123017,187.85644
20240619124017,187.90144
20240619125017,187.63311
20240619130017,187.26324
20240619131017,187.13341
20240619132017,186.93061
20240619133017,186.40179
20240619134017,186.74634
20240619135017,186.135
20240619140017,185.01483
20240619141017,184.36742
20240619142017,184.02214
20240619143017,183.86908
20240619144017,183.75712
20240619145017,183.76323
20240619150017,183.14418
20240619151017,183.06949
20240619152017,183.01386
20240619153017,183.0066
20240619154017,182.96308
20240619155017,182.96979
20240619160017,228.27565
20240619161017,238.27608
20240619162017,257.00579
20240619163017,254.53175
20240619164017,253.47146
20240619165017,246.06431
20240627090017,703.30013
20240627091017,208.07782
20240627092017,198.96807
20240627093017,235.9021
20240627094017,204.01943
20240627095017,201.50367
20240627100017,211.85491
20240627101017,197.52939
20240627102017,196.467
20240627103017,195.36298
20240627104017,191.78846
20240627105017,192.27862
20240627110017,194.89876
20240627111017,194.1663
20240627112017,191.28996
20240627113017,190.86675
20240627114017,190.27313
20240627115017,190.03618
20240627120017,190.03373
20240627121017,188.85744
20240627122017,188.85696
20240627123017,187.85644
20240627124017,187.90144
20240627125017,187.63311
20240627130017,187.26324
20240627131017,187.13341
20240627132017,186.93061
20240627133017,186.40179
20240627134017,186.74634
20240627135017,186.135
20240627140017,185.01483
20240627141017,184.36742
20240627142017,184.02214
20240627143017,183.86908
20240627144017,183.75712
20240627145017,183.76323
20240627150017,183.14418
20240627151017,183.06949
20240627152017,183.01386
20240627153017,183.0066
20240627154017,182.96308
20240627155017,182.96979
20240627160017,228.27565
20240627161017,238.27608
20240627162017,257.00579
20240627163017,254.53175
20240627164017,253.47146
20240627165017,246.06431
20240629090017,806.74313
20240629091017,207.34237
20240629092017,196.47642
20240629093017,210.39198
20240629094017,201.33478
20240629095017,204.1317
20240629100017,221.50935
20240629101017,197.31551
20240629102017,196.8828
20240629103017,195.83661
20240629104017,191.78846
20240629105017,192.31187
20240629110017,194.89876
20240629111017,194.1663
20240629112017,191.28996
20240629113017,190.86675
20240629114017,190.27313
20240629115017,190.03618
20240629120017,190.03373
20240629121017,188.85744
20240629122017,188.85696
20240629123017,187.85644
20240629124017,187.90144
20240629125017,187.63311
20240629130017,187.26324
20240629131017,187.13341
20240629132017,186.93061
20240629133017,186.40179
20240629134017,186.74634
20240629135017,186.135
20240629140017,185.01483
20240629141017,184.36742
20240629142017,184.02214
20240629143017,183.86908
20240629144017,183.75712
20240629145017,183.76323
20240629150017,183.14418
20240629151017,183.06949
20240629152017,183.01386
20240629153017,183.0066
20240629154017,182.96308
20240629155017,182.96979
20240629160017,228.27565
20240629161017,238.27608
20240629162017,257.00579
20240629163017,254.53175
20240629164017,253.47146
20240629165017,246.06431
20240704090017,721.09922
20240704091017,204.91178
20240704092017,200.68562
20240704093017,203.87253
20240704094017,206.46777
20240704095017,210.78377
20240704100017,224.20858
20240704101017,197.28704
20240704102017,197.41057
20240704103017,196.22438
20240704104017,191.79051
20240704105017,192.35853
20240704110017,194.89876
20240704111017,194.1663
20240704112017,191.28996
20240704113017,190.86675
20240704114017,190.27313
20240704115017,190.03618
20240704120017,190.03373
20240704121017,188.85744
20240704122017,188.85696
20240704123017,187.85644
20240704124017,187.90144
20240704125017,187.63311
20240704130017,187.26324
20240704131017,187.13341
20240704132017,186.93061
20240704133017,186.40179
20240704134017,186.74634
20240704135017,186.135
20240704140017,185.01483
20240704141017,184.36742
20240704142017,184.02214
20240704143017,183.86908
20240704144017,183.75712
20240704145017,183.76323
20240704150017,183.14418
20240704151017,183.06949
20240704152017,183.01386
20240704153017,183.0066
20240704154017,182.96308
20240704155017,182.96979
20240704160017,228.27565
20240704161017,238.27608
20240704162017,257.00579
20240704163017,254.53175
20240704164017,253.47146
20240704165017,246.06431
20240706090017,711.48913
20240706091017,202.43726
20240706092017,201.72861
20240706093017,203.33685
20240706094017,206.53862
20240706095017,210.39555
20240706100017,224.20311
20240706101017,197.42735
20240706102017,197.44769
20240706103017,196.27589
20240706104017,191.79715
20240706105017,192.35853
20240706110017,194.89876
20240706111017,194.1663
20240706112017,191.28996
20240706113017,190.86675
20240706114017,190.27313
20240706115017,190.03618
20240706120017,190.03373
20240706121017,188.85744
20240706122017,188.85696
20240706123017,187.85644
20240706124017,187.90144
20240706125017,187.63311
20240706130017,187.26324
20240706131017,187.13341
20240706132017,186.93061
20240706133017,186.40179
20240706134017,186.74634
20240706135017,186.135
20240706140017,185.01483
20240706141017,184.36742
20240706142017,184.02214
20240706143017,183.86908
20240706144017,183.75712
20240706145017,183.76323
20240706150017,183.14418
20240706151017,183.06949
20240706152017,183.01386
20240706153017,183.0066
20240706154017,182.96308
20240706155017,182.96979
20240706160017,228.27565
20240706161017,238.27608
20240706162017,257.00579
20240706163017,254.53175
20240706164017,253.47146
20240706165017,246.06431
20240328090008,217.8051
20240328091008,479.56934
20240328092008,206.77637
20240328093008,192.62584
20240328094008,196.77736
20240328095008,192.22334
20240328100008,196.11583
20240328101008,196.84488
20240328102008,196.25479
20240328103008,194.77325
20240328104008,192.69345
20240328105008,192.19556
20240328110008,194.89876
20240328111008,194.1663
20240328112008,191.28996
20240328113008,190.86675
20240328114008,190.27313
20240328115008,190.03618
20240328120008,190.03373
20240328121008,188.85744
20240328122008,188.85696
20240328123008,187.85644
20240328124008,187.90144
20240328125008,187.63311
20240328130008,187.26324
20240328131008,187.13341
20240328132008,186.93061
20240328133008,186.40179
20240328134008,186.74634
20240328135008,186.135
20240328140008,185.01483
20240328141008,184.36742
20240328142008,184.02214
20240328143008,183.86908
20240328144008,183.75712
20240328145008,183.76323
20240328150008,183.14418
20240328151008,183.06949
20240328152008,183.01386
20240328153008,183.0066
20240328154008,182.96308
20240328155008,182.96979
20240328160008,228.27565
20240328161008,238.27608
20240328162008,257.00579
20240328163008,254.53175
20240328164008,253.47146
20240328165008,246.06431
20240508090008,201.9057
20240508091008,203.22996
20240508092008,200.63573
20240508093008,202.93733
20240508094008,207.41192
20240508095008,210.01045
20240508100008,207.75833
20240508101008,197.28119
20240508102008,195.74375
20240508103008,195.32517
20240508104008,192.21975
20240508105008,192.25051
20240508110008,194.89876
20240508111008,194.1663
20240508112008,191.28996
20240508113008,190.86675
20240508114008,190.27313
20240508115008,190.03618
20240508120008,190.03373
20240508121008,188.85744
20240508122008,188.85696
20240508123008,187.85644
20240508124008,187.90144
20240508125008,187.63311
20240508130008,187.26324
20240508131008,187.13341
20240508132008,186.93061
20240508133008,186.40179
20240508134008,186.74634
20240508135008,186.135
20240508140008,185.01483
20240508141008,184.36742
20240508142008,184.02214
20240508143008,183.86908
20240508144008,183.75712
20240508145008,183.76323
20240508150008,183.14418
20240508151008,183.06949
20240508152008,183.01386
20240508153008,183.0066
20240508154008,182.96308
20240508155008,182.96979
20240508160008,228.27565
20240508161008,238.27608
20240508162008,257.00579
20240508163008,254.53175
20240508164008,253.47146
20240508165008,246.06431
20240521090008,194.67966
20240521091008,201.03646
20240521092008,202.87704
20240521093008,204.51779
20240521094008,208.98902
20240521095008,208.96947
20240521100008,215.44473
20240521101008,197.16435
20240521102008,195.77712
20240521103008,195.28089
20240521104008,192.28531
20240521105008,192.19556
20240521110008,194.89876
20240521111008,194.1663
20240521112008,191.28996
20240521113008,190.86675
20240521114008,190.27313
20240521115008,190.03618
20240521120008,190.03373
20240521121008,188.85744
20240521122008,188.85696
20240521123008,187.85644
20240521124008,187.90144
20240521125008,187.63311
20240521130008,187.26324
20240521131008,187.13341
20240521132008,186.93061
20240521133008,186.40179
20240521134008,186.74634
20240521135008,186.135
20240521140008,185.01483
20240521141008,184.36742
20240521142008,184.02214
20240521143008,183.86908
20240521144008,183.75712
20240521145008,183.76323
20240521150008,183.14418
20240521151008,183.06949
20240521152008,183.01386
20240521153008,183.0066
20240521154008,182.96308
20240521155008,182.96979
20240521160008,228.27565
20240521161008,238.27608
20240521162008,257.00579
20240521163008,254.53175
20240521164008,253.47146
20240521165008,246.06431
20240618090008,215.86292
20240618091008,208.62812
20240618092008,201.98459
20240618093008,221.30259
20240618094008,208.4317
20240618095008,207.95158
20240618100008,232.14699
20240618101008,198.04622
20240618102008,195.88545
20240618103008,195.14709
20240618104008,192.16839
20240618105008,192.63373
20240618110008,194.89876
20240618111008,194.1663
20240618112008,191.28996
20240618113008,190.86675
20240618114008,190.27313
20240618115008,190.03618
20240618120008,190.03373
20240618121008,188.85744
20240618122008,188.85696
20240618123008,187.85644
20240618124008,187.90144
20240618125008,187.63311
20240618130008,187.26324
20240618131008,187.13341
20240618132008,186.93061
20240618133008,186.40179
20240618134008,186.74634
20240618135008,186.135
20240618140008,185.01483
20240618141008,184.36742
20240618142008,184.02214
20240618143008,183.86908
20240618144008,183.75712
20240618145008,183.76323
20240618150008,183.14418
20240618151008,183.06949
20240618152008,183.01386
20240618153008,183.0066
20240618154008,182.96308
20240618155008,182.96979
20240618160008,228.27565
20240618161008,238.27608
20240618162008,257.00579
20240618163008,254.53175
20240618164008,253.47146
20240618165008,246.06431
20240630090008,215.04513
20240630091008,375.95864
20240630092008,292.22976
20240630093008,192.48339
20240630094008,202.49189
20240630095008,203.4669
20240630100008,210.74348
20240630101008,197.79034
20240630102008,197.09709
20240630103008,196.14902
20240630104008,194.1658
20240630105008,192.36777
20240630110008,194.89876
20240630111008,194.1663
20240630112008,191.28996
20240630113008,190.86675
20240630114008,190.27313
20240630115008,190.03618
20240630120008,190.03373
20240630121008,188.85744
20240630122008,188.85696
20240630123008,187.85644
20240630124008,187.90144
20240630125008,187.63311
20240630130008,187.26324
20240630131008,187.13341
20240630132008,186.93061
20240630133008,186.40179
20240630134008,186.74634
20240630135008,186.135
20240630140008,185.01483
20240630141008,184.36742
20240630142008,184.02214
20240630143008,183.86908
20240630144008,183.75712
20240630145008,183.76323
20240630150008,183.14418
20240630151008,183.06949
20240630152008,183.01386
20240630153008,183.0066
20240630154008,182.96308
20240630155008,182.96979
20240630160008,228.27565
20240630161008,238.27608
20240630162008,257.00579
20240630163008,254.53175
20240630164008,253.47146
20240630165008,246.06431
20240702090008,194.22549
20240702091008,371.59378
20240702092008,322.3802
20240702093008,192.89289
20240702094008,204.98834
20240702095008,198.794
20240702100008,206.4685
20240702101008,196.99001
20240702102008,196.86576
20240702103008,195.49745
20240702104008,192.69345
20240702105008,192.33757
20240702110008,194.89876
20240702111008,194.1663
20240702112008,191.28996
20240702113008,190.86675
20240702114008,190.27313
20240702115008,190.03618
20240702120008,190.03373
20240702121008,188.85744
20240702122008,188.85696
20240702123008,187.85644
20240702124008,187.90144
20240702125008,187.63311
20240702130008,187.26324
20240702131008,187.13341
20240702132008,186.93061
20240702133008,186.40179
20240702134008,186.74634
20240702135008,186.135
20240702140008,185.01483
20240702141008,184.36742
20240702142008,184.02214
20240702143008,183.86908
20240702144008,183.75712
20240702145008,183.76323
20240702150008,183.14418
20240702151008,183.06949
20240702152008,183.01386
20240702153008,183.0066
20240702154008,182.96308
20240702155008,182.96979
20240702160008,228.27565
20240702161008,238.27608
20240702162008,257.00579
20240702163008,254.53175
20240702164008,253.47146
20240702165008,246.06431
20240812090008,194.42848
20240812091008,302.81258
20240812092008,279.55085
20240812093008,192.36787
20240812094008,204.84616
20240812095008,199.13967
20240812100008,208.70213
20240812101008,197.40927
20240812102008,197.00264
20240812103008,195.75331
20240812104008,192.81467
20240812105008,192.35832
20240812110008,194.89876
20240812111008,194.1663
20240812112008,191.28996
20240812113008,190.86675
20240812114008,190.27313
20240812115008,190.03618
20240812120008,190.03373
20240812121008,188.85744
20240812122008,188.85696
20240812123008,187.85644
20240812124008,187.90144
20240812125008,187.63311
20240812130008,187.26324
20240812131008,187.13341
20240812132008,186.93061
20240812133008,186.40179
20240812134008,186.74634
20240812135008,186.135
20240812140008,185.01483
20240812141008,184.36742
20240812142008,184.02214
20240812143008,183.86908
20240812144008,183.75712
20240812145008,183.76323
20240812150008,183.14418
20240812151008,183.06949
20240812152008,183.01386
20240812153008,183.0066
20240812154008,182.96308
20240812155008,182.96979
20240812160008,228.27565
20240812161008,238.27608
20240812162008,257.00579
20240812163008,254.53175
20240812164008,253.47146
20240812165008,246.06431
20240828090008,196.47681
20240828091008,389.54562
20240828092008,291.20042
20240828093008,192.48676
20240828094008,203.77918
20240828095008,199.51654
20240828100008,209.09858
20240828101008,197.43336
20240828102008,197.00264
20240828103008,195.75331
20240828104008,195.09813
20240828105008,192.35832
20240828110008,194.89876
20240828111008,194.1663
20240828112008,191.28996
20240828113008,190.86675
20240828114008,190.27313
20240828115008,190.03618
20240828120008,190.03373
20240828121008,188.85744
20240828122008,188.85696
20240828123008,187.85644
20240828124008,187.90144
20240828125008,187.63311
20240828130008,187.26324
20240828131008,187.13341
20240828132008,186.93061
20240828133008,186.40179
20240828134008,186.74634
20240828135008,186.135
20240828140008,185.01483
20240828141008,184.36742
20240828142008,184.02214
20240828143008,183.86908
20240828144008,183.75712
20240828145008,183.76323
20240828150008,183.14418
20240828151008,183.06949
20240828152008,183.01386
20240828153008,183.0066
20240828154008,182.96308
20240828155008,182.96979
20240828160008,228.27565
20240828161008,238.27608
20240828162008,257.00579
20240828163008,254.53175
20240828164008,253.47146
20240828165008,246.06431
20240307090010,187.93888
20240307091010,190.4242
20240307092010,197.12742
20240307093010,200.05252
20240307094010,211.41596
20240307095010,204.44876
20240307100010,196.62577
20240307101010,196.10529
20240307102010,195.86863
20240307103010,195.55197
20240307104010,192.26646
20240307105010,192.19556
20240307110010,194.89876
20240307111010,194.1663
20240307112010,191.28996
20240307113010,190.86675
20240307114010,190.27313
20240307115010,190.03618
20240307120010,190.03373
20240307121010,188.85744
20240307122010,188.85696
20240307123010,187.85644
20240307124010,187.90144
20240307125010,187.63311
20240307130010,187.26324
20240307131010,187.13341
20240307132010,186.93061
20240307133010,186.40179
20240307134010,186.74634
20240307135010,186.135
20240307140010,185.01483
20240307141010,184.36742
20240307142010,184.02214
20240307143010,183.86908
20240307144010,183.75712
20240307145010,183.76323
20240307150010,183.14418
20240307151010,183.06949
20240307152010,183.01386
20240307153010,183.0066
20240307154010,182.96308
20240307155010,182.96979
20240307160010,228.27565
20240307161010,238.27608
20240307162010,257.00579
20240307163010,254.53175
20240307164010,253.47146
20240307165010,246.06431
20240310090010,186.94527
20240310091010,189.45662
20240310092010,193.51228
20240310093010,199.65598
20240310094010,208.46266
20240310095010,201.18234
20240310100010,197.59056
20240310101010,196.79361
20240310102010,195.78971
20240310103010,195.55733
20240310104010,192.34121
20240310105010,192.19556
20240310110010,194.89876
20240310111010,194.1663
20240310112010,191.28996
20240310113010,190.86675
20240310114010,190.27313
20240310115010,190.03618
20240310120010,190.03373
20240310121010,188.85744
20240310122010,188.85696
20240310123010,187.85644
20240310124010,187.90144
20240310125010,187.63311
20240310130010,187.26324
20240310131010,187.13341
20240310132010,186.93061
20240310133010,186.40179
20240310134010,186.74634
20240310135010,186.135
20240310140010,185.01483
20240310141010,184.36742
20240310142010,184.02214
20240310143010,183.86908
20240310144010,183.75712
20240310145010,183.76323
20240310150010,183.14418
20240310151010,183.06949
20240310152010,183.01386
20240310153010,183.0066
20240310154010,182.96308
20240310155010,182.96979
20240310160010,228.27565
20240310161010,238.27608
20240310162010,257.00579
20240310163010,254.53175
20240310164010,253.47146
20240310165010,246.06431
20240423090010,211.67078
20240423091010,200.7943
20240423092010,199.34828
20240423093010,204.86838
20240423094010,205.24822
20240423095010,209.89854
20240423100010,206.54925
20240423101010,197.33889
20240423102010,195.56398
20240423103010,194.55217
20240423104010,192.34926
20240423105010,192.24189
20240423110010,194.89876
20240423111010,194.1663
20240423112010,191.28996
20240423113010,190.86675
20240423114010,190.27313
20240423115010,190.03618
20240423120010,190.03373
20240423121010,188.85744
20240423122010,188.85696
20240423123010,187.85644
20240423124010,187.90144
20240423125010,187.63311
20240423130010,187.26324
20240423131010,187.13341
20240423132010,186.93061
20240423133010,186.40179
20240423134010,186.74634
20240423135010,186.135
20240423140010,185.01483
20240423141010,184.36742
20240423142010,184.02214
20240423143010,183.86908
20240423144010,183.75712
20240423145010,183.76323
20240423150010,183.14418
20240423151010,183.06949
20240423152010,183.01386
20240423153010,183.0066
20240423154010,182.96308
20240423155010,182.96979
20240423160010,228.27565
20240423161010,238.27608
20240423162010,257.00579
20240423163010,254.53175
20240423164010,253.47146
20240423165010,246.06431
20240519090010,200.24451
20240519091010,204.95745
20240519092010,201.22366
20240519093010,205.27314
20240519094010,208.34709
20240519095010,210.62287
20240519100010,211.32225
20240519101010,197.16435
20240519102010,195.73607
20240519103010,194.65781
20240519104010,193.38346
20240519105010,192.19556
20240519110010,194.89876
20240519111010,194.1663
20240519112010,191.28996
20240519113010,190.86675
20240519114010,190.27313
20240519115010,190.03618
20240519120010,190.03373
20240519121010,188.85744
20240519122010,188.85696
20240519123010,187.85644
20240519124010,187.90144
20240519125010,187.63311
20240519130010,187.26324
20240519131010,187.13341
20240519132010,186.93061
20240519133010,186.40179
20240519134010,186.74634
20240519135010,186.135
20240519140010,185.01483
20240519141010,184.36742
20240519142010,184.02214
20240519143010,183.86908
20240519144010,183.75712
20240519145010,183.76323
20240519150010,183.14418
20240519151010,183.06949
20240519152010,183.01386
20240519153010,183.0066
20240519154010,182.96308
20240519155010,182.96979
20240519160010,228.27565
20240519161010,238.27608
20240519162010,257.00579
20240519163010,254.53175
20240519164010,253.47146
20240519165010,246.06431
20240619090010,564.42806
20240619091010,204.6032
20240619092010,199.98717
20240619093010,202.52518
20240619094010,208.32748
20240619095010,198.71346
20240619100010,200.39106
20240619101010,196.81873
20240619102010,196.35243
20240619103010,195.47859
20240619104010,192.57424
20240619105010,192.50207
20240619110010,194.89876
20240619111010,194.1663
20240619112010,191.28996
20240619113010,190.86675
20240619114010,190.27313
20240619115010,190.03618
20240619120010,190.03373
20240619121010,188.85744
20240619122010,188.85696
20240619123010,187.85644
20240619124010,187.90144
20240619125010,187.63311
20240619130010,187.26324
20240619131010,187.13341
20240619132010,186.93061
20240619133010,186.40179
20240619134010,186.74634
20240619135010,186.135
20240619140010,185.01483
20240619141010,184.36742
20240619142010,184.02214
20240619143010,183.86908
20240619144010,183.75712
20240619145010,183.76323
20240619150010,183.14418
20240619151010,183.06949
20240619152010,183.01386
20240619153010,183.0066
20240619154010,182.96308
20240619155010,182.96979
20240619160010,228.27565
20240619161010,238.27608
20240619162010,257.00579
20240619163010,254.53175
20240619164010,253.47146
20240619165010,246.06431
20240711090010,563.39399
20240711091010,242.26962
20240711092010,201.7558
20240711093010,206.00224
20240711094010,207.43758
20240711095010,199.24997
20240711100010,205.84056
20240711101010,202.6398
20240711102010,196.23246
20240711103010,196.05929
20240711104010,192.21795
20240711105010,192.45573
20240711110010,194.89876
20240711111010,194.1663
20240711112010,191.28996
20240711113010,190.86675
20240711114010,190.27313
20240711115010,190.03618
20240711120010,190.03373
20240711121010,188.85744
20240711122010,188.85696
20240711123010,187.85644
20240711124010,187.90144
20240711125010,187.63311
20240711130010,187.26324
20240711131010,187.13341
20240711132010,186.93061
20240711133010,186.40179
20240711134010,186.74634
20240711135010,186.135
20240711140010,185.01483
20240711141010,184.36742
20240711142010,184.02214
20240711143010,183.86908
20240711144010,183.75712
20240711145010,183.76323
20240711150010,183.14418
20240711151010,183.06949
20240711152010,183.01386
20240711153010,183.0066
20240711154010,182.96308
20240711155010,182.96979
20240711160010,228.27565
20240711161010,238.27608
20240711162010,257.00579
20240711163010,254.53175
20240711164010,253.47146
20240711165010,246.06431
20240207090017,192.4268
20240207091017,197.41266
20240207092017,196.78933
20240207093017,197.43584
20240207094017,198.8196
20240207095017,204.69352
20240207100017,197.98138
20240207101017,197.78705
20240207102017,197.06147
20240207103017,196.34686
20240207104017,195.31607
20240207105017,192.19556
20240207110017,194.89876
20240207111017,194.1663
20240207112017,191.28996
20240207113017,190.86675
20240207114017,190.27313
20240207115017,190.03618
20240207120017,190.03373
20240207121017,188.85744
20240207122017,188.85696
20240207123017,187.85644
20240207124017,187.90144
20240207125017,187.63311
20240207130017,187.26324
20240207131017,187.13341
20240207132017,186.93061
20240207133017,186.40179
20240207134017,186.74634
20240207135017,186.135
20240207140017,185.01483
20240207141017,184.36742
20240207142017,184.02214
20240207143017,183.86908
20240207144017,183.75712
20240207145017,183.76323
20240207150017,183.14418
20240207151017,183.06949
20240207152017,183.01386
20240207153017,183.0066
20240207154017,182.96308
20240207155017,182.96979
20240207160017,228.27565
20240207161017,238.27608
20240207162017,257.00579
20240207163017,254.53175
20240207164017,253.47146
20240207165017,246.06431
20240224090017,190.18482
20240224091017,192.0078
20240224092017,197.25563
20240224093017,197.24098
20240224094017,197.56787
20240224095017,199.10359
20240224100017,197.39747
20240224101017,197.09854
20240224102017,197.06147
20240224103017,196.70964
20240224104017,195.34473
20240224105017,192.27091
20240224110017,194.89876
20240224111017,194.1663
20240224112017,191.28996
20240224113017,190.86675
20240224114017,190.27313
20240224115017,190.03618
20240224120017,190.03373
20240224121017,188.85744
20240224122017,188.85696
20240224123017,187.85644
20240224124017,187.90144
20240224125017,187.63311
20240224130017,187.26324
20240224131017,187.13341
20240224132017,186.93061
20240224133017,186.40179
20240224134017,186.74634
20240224135017,186.135
20240224140017,185.01483
20240224141017,184.36742
20240224142017,184.02214
20240224143017,183.86908
20240224144017,183.75712
20240224145017,183.76323
20240224150017,183.14418
20240224151017,183.06949
20240224152017,183.01386
20240224153017,183.0066
20240224154017,182.96308
20240224155017,182.96979
20240224160017,228.27565
20240224161017,238.27608
20240224162017,257.00579
20240224163017,254.53175
20240224164017,253.47146
20240224165017,246.06431
20240318090017,189.20666
20240318091017,190.69979
20240318092017,197.62679
20240318093017,202.39266
20240318094017,208.70308
20240318095017,205.30681
20240318100017,199.57046
20240318101017,197.01006
20240318102017,195.87652
20240318103017,195.65284
20240318104017,192.27565
20240318105017,192.27828
20240318110017,194.89876
20240318111017,194.1663
20240318112017,191.28996
20240318113017,190.86675
20240318114017,190.27313
20240318115017,190.03618
20240318120017,190.03373
20240318121017,188.85744
20240318122017,188.85696
20240318123017,187.85644
20240318124017,187.90144
20240318125017,187.63311
20240318130017,187.26324
20240318131017,187.13341
20240318132017,186.93061
20240318133017,186.40179
20240318134017,186.74634
20240318135017,186.135
20240318140017,185.01483
20240318141017,184.36742
20240318142017,184.02214
20240318143017,183.86908
20240318144017,183.75712
20240318145017,183.76323
20240318150017,183.14418
20240318151017,183.06949
20240318152017,183.01386
20240318153017,183.0066
20240318154017,182.96308
20240318155017,182.96979
20240318160017,228.27565
20240318161017,238.27608
20240318162017,257.00579
20240318163017,254.53175
20240318164017,253.47146
20240318165017,246.06431
20240509090017,193.40545
20240509091017,201.7616
20240509092017,199.18479
20240509093017,203.3453
20240509094017,209.66112
20240509095017,208.38891
20240509100017,206.60032
20240509101017,197.7097
20240509102017,195.76966
20240509103017,195.3857
20240509104017,192.24544
20240509105017,192.27057
20240509110017,194.89876
20240509111017,194.1663
20240509112017,191.28996
20240509113017,190.86675
20240509114017,190.27313
20240509115017,190.03618
20240509120017,190.03373
20240509121017,188.85744
20240509122017,188.85696
20240509123017,187.85644
20240509124017,187.90144
20240509125017,187.63311
20240509130017,187.26324
20240509131017,187.13341
20240509132017,186.93061
20240509133017,186.40179
20240509134017,186.74634
20240509135017,186.135
20240509140017,185.01483
20240509141017,184.36742
20240509142017,184.02214
20240509143017,183.86908
20240509144017,183.75712
20240509145017,183.76323
20240509150017,183.14418
20240509151017,183.06949
20240509152017,183.01386
20240509153017,183.0066
20240509154017,182.96308
20240509155017,182.96979
20240509160017,228.27565
20240509161017,238.27608
20240509162017,257.00579
20240509163017,254.53175
20240509164017,253.47146
20240509165017,246.06431
20240602090017,198.79504
20240602091017,199.14201
20240602092017,206.86239
20240602093017,210.9151
20240602094017,211.59528
20240602095017,207.76693
20240602100017,226.73074
20240602101017,197.01702
20240602102017,196.09392
20240602103017,194.57253
20240602104017,192.27451
20240602105017,192.27828
20240602110017,194.89876
20240602111017,194.1663
20240602112017,191.28996
20240602113017,190.86675
20240602114017,190.27313
20240602115017,190.03618
20240602120017,190.03373
20240602121017,188.85744
20240602122017,188.85696
20240602123017,187.85644
20240602124017,187.90144
20240602125017,187.63311
20240602130017,187.26324
20240602131017,187.13341
20240602132017,186.93061
20240602133017,186.40179
20240602134017,186.74634
20240602135017,186.135
20240602140017,185.01483
20240602141017,184.36742
20240602142017,184.02214
20240602143017,183.86908
20240602144017,183.75712
20240602145017,183.76323
20240602150017,183.14418
20240602151017,183.06949
20240602152017,183.01386
20240602153017,183.0066
20240602154017,182.96308
20240602155017,182.96979
20240602160017,228.27565
20240602161017,238.27608
20240602162017,257.00579
20240602163017,254.53175
20240602164017,253.47146
20240602165017,246.06431
20240604090017,482.22445
20240604091017,240.347
20240604092017,201.35919
20240604093017,202.38107
20240604094017,196.73852
20240604095017,203.34073
20240604100017,196.36449
20240604101017,196.93098
20240604102017,195.78028
20240604103017,195.49353
20240604104017,192.43005
20240604105017,192.72879
20240604110017,194.89876
20240604111017,194.1663
20240604112017,191.28996
20240604113017,190.86675
20240604114017,190.27313
20240604115017,190.03618
20240604120017,190.03373
20240604121017,188.85744
20240604122017,188.85696
20240604123017,187.85644
20240604124017,187.90144
20240604125017,187.63311
20240604130017,187.26324
20240604131017,187.13341
20240604132017,186.93061
20240604133017,186.40179
20240604134017,186.74634
20240604135017,186.135
20240604140017,185.01483
20240604141017,184.36742
20240604142017,184.02214
20240604143017,183.86908
20240604144017,183.75712
20240604145017,183.76323
20240604150017,183.14418
20240604151017,183.06949
20240604152017,183.01386
20240604153017,183.0066
20240604154017,182.96308
20240604155017,182.96979
20240604160017,228.27565
20240604161017,238.27608
20240604162017,257.00579
20240604163017,254.53175
20240604164017,253.47146
20240604165017,246.06431
20240609090017,854.72818
20240609091017,205.93572
20240609092017,195.25152
20240609093017,223.11562
20240609094017,201.02864
20240609095017,201.48683
20240609100017,206.89425
20240609101017,197.34921
20240609102017,196.43192
20240609103017,194.38103
20240609104017,191.75297
20240609105017,192.09809
20240609110017,194.89876
20240609111017,194.1663
20240609112017,191.28996
20240609113017,190.86675
20240609114017,190.27313
20240609115017,190.03618
20240609120017,190.03373
20240609121017,188.85744
20240609122017,188.85696
20240609123017,187.85644
20240609124017,187.90144
20240609125017,187.63311
20240609130017,187.26324
20240609131017,187.13341
20240609132017,186.93061
20240609133017,186.40179
20240609134017,186.74634
20240609135017,186.135
20240609140017,185.01483
20240609141017,184.36742
20240609142017,184.02214
20240609143017,183.86908
20240609144017,183.75712
20240609145017,183.76323
20240609150017,183.14418
20240609151017,183.06949
20240609152017,183.01386
20240609153017,183.0066
20240609154017,182.96308
20240609155017,182.96979
20240609160017,228.27565
20240609161017,238.27608
20240609162017,257.00579
20240609163017,254.53175
20240609164017,253.47146
20240609165017,246.06431
20240709090017,756.80865
20240709091017,206.50608
20240709092017,195.93789
20240709093017,205.83992
20240709094017,206.12958
20240709095017,206.43404
20240709100017,222.39024
20240709101017,197.12013
20240709102017,196.87157
20240709103017,196.06106
20240709104017,191.78353
20240709105017,192.33778
20240709110017,194.89876
20240709111017,194.1663
20240709112017,191.28996
20240709113017,190.86675
20240709114017,190.27313
20240709115017,190.03618
20240709120017,190.03373
20240709121017,188.85744
20240709122017,188.85696
20240709123017,187.85644
20240709124017,187.90144
20240709125017,187.63311
20240709130017,187.26324
20240709131017,187.13341
20240709132017,186.93061
20240709133017,186.40179
20240709134017,186.74634
20240709135017,186.135
20240709140017,185.01483
20240709141017,184.36742
20240709142017,184.02214
20240709143017,183.86908
20240709144017,183.75712
20240709145017,183.76323
20240709150017,183.14418
20240709151017,183.06949
20240709152017,183.01386
20240709153017,183.0066
20240709154017,182.96308
20240709155017,182.96979
20240709160017,228.27565
20240709161017,238.27608
20240709162017,257.00579
20240709163017,254.53175
20240709164017,253.47146
20240709165017,246.06431
20240106090001,907.22901
20240106091001,396.91432
20240106092001,364.21743
20240106093001,233.57024
20240106094001,220.61284
20240106095001,203.31826
20240106100001,196.93558
20240106101001,197.30406
20240106102001,196.73797
20240106103001,195.59097
20240106104001,192.28526
20240106105001,192.2827
20240106110001,194.89876
20240106111001,194.1663
20240106112001,191.28996
20240106113001,190.86675
20240106114001,190.27313
20240106115001,190.03618
20240106120001,190.03373
20240106121001,188.85744
20240106122001,188.85696
20240106123001,187.85644
20240106124001,187.90144
20240106125001,187.63311
20240106130001,187.26324
20240106131001,187.13341
20240106132001,186.93061
20240106133001,186.40179
20240106134001,186.74634
20240106135001,186.135
20240106140001,185.01483
20240106141001,184.36742
20240106142001,184.02214
20240106143001,183.86908
20240106144001,183.75712
20240106145001,183.76323
20240106150001,183.14418
20240106151001,183.06949
20240106152001,183.01386
20240106153001,183.0066
20240106154001,182.96308
20240106155001,182.96979
20240106160001,228.27565
20240106161001,238.27608
20240106162001,257.00579
20240106163001,254.53175
20240106164001,253.47146
20240106165001,246.06431
20240111090001,191.32167
20240111091001,195.05578
20240111092001,197.70544
20240111093001,197.26296
20240111094001,199.49392
20240111095001,199.67604
20240111100001,197.08068
20240111101001,197.125
20240111102001,197.06147
20240111103001,196.68708
20240111104001,195.18196
20240111105001,192.1959
20240111110001,194.89876
20240111111001,194.1663
20240111112001,191.28996
20240111113001,190.86675
20240111114001,190.27313
20240111115001,190.03618
20240111120001,190.03373
20240111121001,188.85744
20240111122001,188.85696
20240111123001,187.85644
20240111124001,187.90144
20240111125001,187.63311
20240111130001,187.26324
20240111131001,187.13341
20240111132001,186.93061
20240111133001,186.40179
20240111134001,186.74634
20240111135001,186.135
20240111140001,185.01483
20240111141001,184.36742
20240111142001,184.02214
20240111143001,183.86908
20240111144001,183.75712
20240111145001,183.76323
20240111150001,183.14418
20240111151001,183.06949
20240111152001,183.01386
20240111153001,183.0066
20240111154001,182.96308
20240111155001,182.96979
20240111160001,228.27565
20240111161001,238.27608
20240111162001,257.00579
20240111163001,254.53175
20240111164001,253.47146
20240111165001,246.06431
20240213090001,315.66749
20240213091001,205.95692
20240213092001,202.60739
20240213093001,203.45975
20240213094001,203.05371
20240213095001,199.80495
20240213100001,201.21304
20240213101001,197.29995
20240213102001,197.12165
20240213103001,195.86171
20240213104001,192.88405
20240213105001,192.29276
20240213110001,194.89876
20240213111001,194.1663
20240213112001,191.28996
20240213113001,190.86675
20240213114001,190.27313
20240213115001,190.03618
20240213120001,190.03373
20240213121001,188.85744
20240213122001,188.85696
20240213123001,187.85644
20240213124001,187.90144
20240213125001,187.63311
20240213130001,187.26324
20240213131001,187.13341
20240213132001,186.93061
20240213133001,186.40179
20240213134001,186.74634
20240213135001,186.135
20240213140001,185.01483
20240213141001,184.36742
20240213142001,184.02214
20240213143001,183.86908
20240213144001,183.75712
20240213145001,183.76323
20240213150001,183.14418
20240213151001,183.06949
20240213152001,183.01386
20240213153001,183.0066
20240213154001,182.96308
20240213155001,182.96979
20240213160001,228.27565
20240213161001,238.27608
20240213162001,257.00579
20240213163001,254.53175
20240213164001,253.47146
20240213165001,246.06431
20240508090001,259.91193
20240508091001,209.15614
20240508092001,204.84921
20240508093001,208.15496
20240508094001,201.88389
20240508095001,204.41456
20240508100001,207.62901
20240508101001,198.63928
20240508102001,195.90607
20240508103001,195.48524
20240508104001,192.42951
20240508105001,192.36542
20240508110001,194.89876
20240508111001,194.1663
20240508112001,191.28996
20240508113001,190.86675
20240508114001,190.27313
20240508115001,190.03618
20240508120001,190.03373
20240508121001,188.85744
20240508122001,188.85696
20240508123001,187.85644
20240508124001,187.90144
20240508125001,187.63311
20240508130001,187.26324
20240508131001,187.13341
20240508132001,186.93061
20240508133001,186.40179
20240508134001,186.74634
20240508135001,186.135
20240508140001,185.01483
20240508141001,184.36742
20240508142001,184.02214
20240508143001,183.86908
20240508144001,183.75712
20240508145001,183.76323
20240508150001,183.14418
20240508151001,183.06949
20240508152001,183.01386
20240508153001,183.0066
20240508154001,182.96308
20240508155001,182.96979
20240508160001,228.27565
20240508161001,238.27608
20240508162001,257.00579
20240508163001,254.53175
20240508164001,253.47146
20240508165001,246.06431
20240510090001,483.68114
20240510091001,205.79605
20240510092001,208.54155
20240510093001,207.03564
20240510094001,199.96159
20240510095001,208.81298
20240510100001,200.64953
20240510101001,196.63182
20240510102001,195.9101
20240510103001,195.31827
20240510104001,192.33613
20240510105001,192.27653
20240510110001,194.89876
20240510111001,194.1663
20240510112001,191.28996
20240510113001,190.86675
20240510114001,190.27313
20240510115001,190.03618
20240510120001,190.03373
20240510121001,188.85744
20240510122001,188.85696
20240510123001,187.85644
20240510124001,187.90144
20240510125001,187.63311
20240510130001,187.26324
20240510131001,187.13341
20240510132001,186.93061
20240510133001,186.40179
20240510134001,186.74634
20240510135001,186.135
20240510140001,185.01483
20240510141001,184.36742
20240510142001,184.02214
20240510143001,183.86908
20240510144001,183.75712
20240510145001,183.76323
20240510150001,183.14418
20240510151001,183.06949
20240510152001,183.01386
20240510153001,183.0066
20240510154001,182.96308
20240510155001,182.96979
20240510160001,228.27565
20240510161001,238.27608
20240510162001,257.00579
20240510163001,254.53175
20240510164001,253.47146
20240510165001,246.06431
20240524090001,213.45589
20240524091001,206.61841
20240524092001,203.90225
20240524093001,207.4724
20240524094001,211.67411
20240524095001,211.76009
20240524100001,213.73501
20240524101001,197.11479
20240524102001,195.74369
20240524103001,194.57537
20240524104001,192.25206
20240524105001,192.19556
20240524110001,194.89876
20240524111001,194.1663
20240524112001,191.28996
20240524113001,190.86675
20240524114001,190.27313
20240524115001,190.03618
20240524120001,190.03373
20240524121001,188.85744
20240524122001,188.85696
20240524123001,187.85644
20240524124001,187.90144
20240524125001,187.63311
20240524130001,187.26324
20240524131001,187.13341
20240524132001,186.93061
20240524133001,186.40179
20240524134001,186.74634
20240524135001,186.135
20240524140001,185.01483
20240524141001,184.36742
20240524142001,184.02214
20240524143001,183.86908
20240524144001,183.75712
20240524145001,183.76323
20240524150001,183.14418
20240524151001,183.06949
20240524152001,183.01386
20240524153001,183.0066
20240524154001,182.96308
20240524155001,182.96979
20240524160001,228.27565
20240524161001,238.27608
20240524162001,257.00579
20240524163001,254.53175
20240524164001,253.47146
20240524165001,246.06431
20240623090001,653.42535
20240623091001,204.31237
20240623092001,206.43597
20240623093001,203.42955
20240623094001,208.57957
20240623095001,209.6455
20240623100001,222.20773
20240623101001,197.48408
20240623102001,197.30038
20240623103001,196.34069
20240623104001,191.84722
20240623105001,192.46371
20240623110001,194.89876
20240623111001,194.1663
20240623112001,191.28996
20240623113001,190.86675
20240623114001,190.27313
20240623115001,190.03618
20240623120001,190.03373
20240623121001,188.85744
20240623122001,188.85696
20240623123001,187.85644
20240623124001,187.90144
20240623125001,187.63311
20240623130001,187.26324
20240623131001,187.13341
20240623132001,186.93061
20240623133001,186.40179
20240623134001,186.74634
20240623135001,186.135
20240623140001,185.01483
20240623141001,184.36742
20240623142001,184.02214
20240623143001,183.86908
20240623144001,183.75712
20240623145001,183.76323
20240623150001,183.14418
20240623151001,183.06949
20240623152001,183.01386
20240623153001,183.0066
20240623154001,182.96308
20240623155001,182.96979
20240623160001,228.27565
20240623161001,238.27608
20240623162001,257.00579
20240623163001,254.53175
20240623164001,253.47146
20240623165001,246.06431
20240627090001,705.40674
20240627091001,202.94722
20240627092001,202.51951
20240627093001,221.40354
20240627094001,204.48192
20240627095001,199.39405
20240627100001,204.75752
20240627101001,197.81295
20240627102001,196.37793
20240627103001,195.28433
20240627104001,191.82566
20240627105001,192.31866
20240627110001,194.89876
20240627111001,194.1663
20240627112001,191.28996
20240627113001,190.86675
20240627114001,190.27313
20240627115001,190.03618
20240627120001,190.03373
20240627121001,188.85744
20240627122001,188.85696
20240627123001,187.85644
20240627124001,187.90144
20240627125001,187.63311
20240627130001,187.26324
20240627131001,187.13341
20240627132001,186.93061
20240627133001,186.40179
20240627134001,186.74634
20240627135001,186.135
20240627140001,185.01483
20240627141001,184.36742
20240627142001,184.02214
20240627143001,183.86908
20240627144001,183.75712
20240627145001,183.76323
20240627150001,183.14418
20240627151001,183.06949
20240627152001,183.01386
20240627153001,183.0066
20240627154001,182.96308
20240627155001,182.96979
20240627160001,228.27565
20240627161001,238.27608
20240627162001,257.00579
20240627163001,254.53175
20240627164001,253.47146
20240627165001,246.06431
20240713090001,790.92833
20240713091001,234.07228
20240713092001,206.16667
20240713093001,302.80012
20240713094001,199.3118
20240713095001,205.56002
20240713100001,202.10104
20240713101001,197.96514
20240713102001,195.51249
20240713103001,192.52784
20240713104001,191.64912
20240713105001,192.26708
20240713110001,194.89876
20240713111001,194.1663
20240713112001,191.28996
20240713113001,190.86675
20240713114001,190.27313
20240713115001,190.03618
20240713120001,190.03373
20240713121001,188.85744
20240713122001,188.85696
20240713123001,187.85644
20240713124001,187.90144
20240713125001,187.63311
20240713130001,187.26324
20240713131001,187.13341
20240713132001,186.93061
20240713133001,186.40179
20240713134001,186.74634
20240713135001,186.135
20240713140001,185.01483
20240713141001,184.36742
20240713142001,184.02214
20240713143001,183.86908
20240713144001,183.75712
20240713145001,183.76323
20240713150001,183.14418
20240713151001,183.06949
20240713152001,183.01386
20240713153001,183.0066
20240713154001,182.96308
20240713155001,182.96979
20240713160001,228.27565
20240713161001,238.27608
20240713162001,257.00579
20240713163001,254.53175
20240713164001,253.47146
20240713165001,246.06431
20240715090001,659.85063
20240715091001,204.01877
20240715092001,206.22486
20240715093001,240.65647
20240715094001,203.96127
20240715095001,204.04215
20240715100001,199.31377
20240715101001,197.1113
20240715102001,196.05712
20240715103001,194.49597
20240715104001,191.91844
20240715105001,192.37348
20240715110001,194.89876
20240715111001,194.1663
20240715112001,191.28996
20240715113001,190.86675
20240715114001,190.27313
20240715115001,190.03618
20240715120001,190.03373
20240715121001,188.85744
20240715122001,188.85696
20240715123001,187.85644
20240715124001,187.90144
20240715125001,187.63311
20240715130001,187.26324
20240715131001,187.13341
20240715132001,186.93061
20240715133001,186.40179
20240715134001,186.74634
20240715135001,186.135
20240715140001,185.01483
20240715141001,184.36742
20240715142001,184.02214
20240715143001,183.86908
20240715144001,183.75712
20240715145001,183.76323
20240715150001,183.14418
20240715151001,183.06949
20240715152001,183.01386
20240715153001,183.0066
20240715154001,182.96308
20240715155001,182.96979
20240715160001,228.27565
20240715161001,238.27608
20240715162001,257.00579
20240715163001,254.53175
20240715164001,253.47146
20240715165001,246.06431
20240927090004,797.88711
20240927091004,207.48228
20240927092004,207.36554
20240927093004,198.71766
20240927094004,198.39224
20240927095004,198.05642
20240927100004,208.60564
20240927101004,196.35648
20240927102004,195.93512
20240927103004,194.53064
20240927104004,191.78746
20240927105004,192.18738
20240927110004,194.89876
20240927111004,194.1663
20240927112004,191.28996
20240927113004,190.86675
20240927114004,190.27313
20240927115004,190.03618
20240927120004,190.03373
20240927121004,188.85744
20240927122004,188.85696
20240927123004,187.85644
20240927124004,187.90144
20240927125004,187.63311
20240927130004,187.26324
20240927131004,187.13341
20240927132004,186.93061
20240927133004,186.40179
20240927134004,186.74634
20240927135004,186.135
20240927140004,185.01483
20240927141004,184.36742
20240927142004,184.02214
20240927143004,183.86908
20240927144004,183.75712
20240927145004,183.76323
20240927150004,183.14418
20240927151004,183.06949
20240927152004,183.01386
20240927153004,183.0066
20240927154004,182.96308
20240927155004,182.96979
20240927160004,228.27565
20240927161004,238.27608
20240927162004,257.00579
20240927163004,254.53175
20240927164004,253.47146
20240927165004,246.06431
20241018090004,696.95997
20241018091004,198.30638
20241018092004,206.29141
20241018093004,201.04848
20241018094004,203.50937
20241018095004,198.10658
20241018100004,203.90764
20241018101004,196.6935
20241018102004,196.79324
20241018103004,195.71467
20241018104004,191.83941
20241018105004,192.1953
20241018110004,194.89876
20241018111004,194.1663
20241018112004,191.28996
20241018113004,190.86675
20241018114004,190.27313
20241018115004,190.03618
20241018120004,190.03373
20241018121004,188.85744
20241018122004,188.85696
20241018123004,187.85644
20241018124004,187.90144
20241018125004,187.63311
20241018130004,187.26324
20241018131004,187.13341
20241018132004,186.93061
20241018133004,186.40179
20241018134004,186.74634
20241018135004,186.135
20241018140004,185.01483
20241018141004,184.36742
20241018142004,184.02214
20241018143004,183.86908
20241018144004,183.75712
20241018145004,183.76323
20241018150004,183.14418
20241018151004,183.06949
20241018152004,183.01386
20241018153004,183.0066
20241018154004,182.96308
20241018155004,182.96979
20241018160004,228.27565
20241018161004,238.27608
20241018162004,257.00579
20241018163004,254.53175
20241018164004,253.47146
20241018165004,246.06431
20240918090007,190.64947
20240918091007,193.64007
20240918092007,198.63797
20240918093007,196.53518
20240918094007,206.14939
20240918095007,208.1606
20240918100007,207.35591
20240918101007,197.11237
20240918102007,195.83595
20240918103007,195.08349
20240918104007,192.34121
20240918105007,192.19556
20240918110007,194.89876
20240918111007,194.1663
20240918112007,191.28996
20240918113007,190.86675
20240918114007,190.27313
20240918115007,190.03618
20240918120007,190.03373
20240918121007,188.85744
20240918122007,188.85696
20240918123007,187.85644
20240918124007,187.90144
20240918125007,187.63311
20240918130007,187.26324
20240918131007,187.13341
20240918132007,186.93061
20240918133007,186.40179
20240918134007,186.74634
20240918135007,186.135
20240918140007,185.01483
20240918141007,184.36742
20240918142007,184.02214
20240918143007,183.86908
20240918144007,183.75712
20240918145007,183.76323
20240918150007,183.14418
20240918151007,183.06949
20240918152007,183.01386
20240918153007,183.0066
20240918154007,182.96308
20240918155007,182.96979
20240918160007,228.27565
20240918161007,238.27608
20240918162007,257.00579
20240918163007,254.53175
20240918164007,253.47146
20240918165007,246.06431
20240920090007,814.47382
20240920091007,195.14785
20240920092007,208.15066
20240920093007,199.85397
20240920094007,200.32495
20240920095007,197.80369
20240920100007,222.04756
20240920101007,196.7699
20240920102007,200.94139
20240920103007,195.47033
20240920104007,191.66044
20240920105007,191.90212
20240920110007,194.89876
20240920111007,194.1663
20240920112007,191.28996
20240920113007,190.86675
20240920114007,190.27313
20240920115007,190.03618
20240920120007,190.03373
20240920121007,188.85744
20240920122007,188.85696
20240920123007,187.85644
20240920124007,187.90144
20240920125007,187.63311
20240920130007,187.26324
20240920131007,187.13341
20240920132007,186.93061
20240920133007,186.40179
20240920134007,186.74634
20240920135007,186.135
20240920140007,185.01483
20240920141007,184.36742
20240920142007,184.02214
20240920143007,183.86908
20240920144007,183.75712
20240920145007,183.76323
20240920150007,183.14418
20240920151007,183.06949
20240920152007,183.01386
20240920153007,183.0066
20240920154007,182.96308
20240920155007,182.96979
20240920160007,228.27565
20240920161007,238.27608
20240920162007,257.00579
20240920163007,254.53175
20240920164007,253.47146
20240920165007,246.06431
20241016090007,887.07084
20241016091007,195.51018
20241016092007,221.33548
20241016093007,204.53999
20241016094007,203.93167
20241016095007,197.56461
20241016100007,197.42142
20241016101007,196.94034
20241016102007,201.73577
20241016103007,194.41118
20241016104007,191.70563
20241016105007,191.80782
20241016110007,194.89876
20241016111007,194.1663
20241016112007,191.28996
20241016113007,190.86675
20241016114007,190.27313
20241016115007,190.03618
20241016120007,190.03373
20241016121007,188.85744
20241016122007,188.85696
20241016123007,187.85644
20241016124007,187.90144
20241016125007,187.63311
20241016130007,187.26324
20241016131007,187.13341
20241016132007,186.93061
20241016133007,186.40179
20241016134007,186.74634
20241016135007,186.135
20241016140007,185.01483
20241016141007,184.36742
20241016142007,184.02214
20241016143007,183.86908
20241016144007,183.75712
20241016145007,183.76323
20241016150007,183.14418
20241016151007,183.06949
20241016152007,183.01386
20241016153007,183.0066
20241016154007,182.96308
20241016155007,182.96979
20241016160007,228.27565
20241016161007,238.27608
20241016162007,257.00579
20241016163007,254.53175
20241016164007,253.47146
20241016165007,246.06431
20240922090008,197.5092
20240922091008,201.364
20240922092008,198.28641
20240922093008,198.13434
20240922094008,201.65437
20240922095008,201.95436
20240922100008,204.45354
20240922101008,197.3123
20240922102008,194.77631
20240922103008,194.52099
20240922104008,192.34926
20240922105008,192.29311
20240922110008,194.89876
20240922111008,194.1663
20240922112008,191.28996
20240922113008,190.86675
20240922114008,190.27313
20240922115008,190.03618
20240922120008,190.03373
20240922121008,188.85744
20240922122008,188.85696
20240922123008,187.85644
20240922124008,187.90144
20240922125008,187.63311
20240922130008,187.26324
20240922131008,187.13341
20240922132008,186.93061
20240922133008,186.40179
20240922134008,186.74634
20240922135008,186.135
20240922140008,185.01483
20240922141008,184.36742
20240922142008,184.02214
20240922143008,183.86908
20240922144008,183.75712
20240922145008,183.76323
20240922150008,183.14418
20240922151008,183.06949
20240922152008,183.01386
20240922153008,183.0066
20240922154008,182.96308
20240922155008,182.96979
20240922160008,228.27565
20240922161008,238.27608
20240922162008,257.00579
20240922163008,254.53175
20240922164008,253.47146
20240922165008,246.06431
20240928090008,194.40969
20240928091008,199.45271
20240928092008,198.2317
20240928093008,197.28822
20240928094008,205.61836
20240928095008,208.55275
20240928100008,206.55931
20240928101008,197.07835
20240928102008,195.72322
20240928103008,194.57537
20240928104008,192.40842
20240928105008,192.19556
20240928110008,194.89876
20240928111008,194.1663
20240928112008,191.28996
20240928113008,190.86675
20240928114008,190.27313
20240928115008,190.03618
20240928120008,190.03373
20240928121008,188.85744
20240928122008,188.85696
20240928123008,187.85644
20240928124008,187.90144
20240928125008,187.63311
20240928130008,187.26324
20240928131008,187.13341
20240928132008,186.93061
20240928133008,186.40179
20240928134008,186.74634
20240928135008,186.135
20240928140008,185.01483
20240928141008,184.36742
20240928142008,184.02214
20240928143008,183.86908
20240928144008,183.75712
20240928145008,183.76323
20240928150008,183.14418
20240928151008,183.06949
20240928152008,183.01386
20240928153008,183.0066
20240928154008,182.96308
20240928155008,182.96979
20240928160008,228.27565
20240928161008,238.27608
20240928162008,257.00579
20240928163008,254.53175
20240928164008,253.47146
20240928165008,246.06431
20241011090008,194.00829
20241011091008,204.62433
20241011092008,198.76827
20241011093008,198.57412
20241011094008,205.55969
20241011095008,208.9423
20241011100008,206.48865
20241011101008,197.16406
20241011102008,195.72322
20241011103008,194.57537
20241011104008,192.42917
20241011105008,192.19556
20241011110008,194.89876
20241011111008,194.1663
20241011112008,191.28996
20241011113008,190.86675
20241011114008,190.27313
20241011115008,190.03618
20241011120008,190.03373
20241011121008,188.85744
20241011122008,188.85696
20241011123008,187.85644
20241011124008,187.90144
20241011125008,187.63311
20241011130008,187.26324
20241011131008,187.13341
20241011132008,186.93061
20241011133008,186.40179
20241011134008,186.74634
20241011135008,186.135
20241011140008,185.01483
20241011141008,184.36742
20241011142008,184.02214
20241011143008,183.86908
20241011144008,183.75712
20241011145008,183.76323
20241011150008,183.14418
20241011151008,183.06949
20241011152008,183.01386
20241011153008,183.0066
20241011154008,182.96308
20241011155008,182.96979
20241011160008,228.27565
20241011161008,238.27608
20241011162008,257.00579
20241011163008,254.53175
20241011164008,253.47146
20241011165008,246.06431
20241016090008,195.7591
20241016091008,425.74757
20241016092008,330.38806
20241016093008,193.26228
20241016094008,198.24254
20241016095008,196.79628
20241016100008,200.98307
20241016101008,196.79222
20241016102008,196.43807
20241016103008,194.81404
20241016104008,192.73424
20241016105008,192.37562
20241016110008,194.89876
20241016111008,194.1663
20241016112008,191.28996
20241016113008,190.86675
20241016114008,190.27313
20241016115008,190.03618
20241016120008,190.03373
20241016121008,188.85744
20241016122008,188.85696
20241016123008,187.85644
20241016124008,187.90144
20241016125008,187.63311
20241016130008,187.26324
20241016131008,187.13341
20241016132008,186.93061
20241016133008,186.40179
20241016134008,186.74634
20241016135008,186.135
20241016140008,185.01483
20241016141008,184.36742
20241016142008,184.02214
20241016143008,183.86908
20241016144008,183.75712
20241016145008,183.76323
20241016150008,183.14418
20241016151008,183.06949
20241016152008,183.01386
20241016153008,183.0066
20241016154008,182.96308
20241016155008,182.96979
20241016160008,228.27565
20241016161008,238.27608
20241016162008,257.00579
20241016163008,254.53175
20241016164008,253.47146
20241016165008,246.06431
20241018090008,195.59698
20241018091008,323.19544
20241018092008,283.96254
20241018093008,191.20368
20241018094008,197.3671
20241018095008,193.24801
20241018100008,203.3573
20241018101008,197.19203
20241018102008,197.05207
20241018103008,195.89125
20241018104008,194.82607
20241018105008,192.31845
20241018110008,194.89876
20241018111008,194.1663
20241018112008,191.28996
20241018113008,190.86675
20241018114008,190.27313
20241018115008,190.03618
20241018120008,190.03373
20241018121008,188.85744
20241018122008,188.85696
20241018123008,187.85644
20241018124008,187.90144
20241018125008,187.63311
20241018130008,187.26324
20241018131008,187.13341
20241018132008,186.93061
20241018133008,186.40179
20241018134008,186.74634
20241018135008,186.135
20241018140008,185.01483
20241018141008,184.36742
20241018142008,184.02214
20241018143008,183.86908
20241018144008,183.75712
20241018145008,183.76323
20241018150008,183.14418
20241018151008,183.06949
20241018152008,183.01386
20241018153008,183.0066
20241018154008,182.96308
20241018155008,182.96979
20241018160008,228.27565
20241018161008,238.27608
20241018162008,257.00579
20241018163008,254.53175
20241018164008,253.47146
20241018165008,246.06431
20241028090008,198.71472
20241028091008,199.67363
20241028092008,198.9346
20241028093008,204.27828
20241028094008,208.13255
20241028095008,206.78029
20241028100008,202.69923
20241028101008,196.79332
20241028102008,194.63623
20241028103008,194.89256
20241028104008,192.28383
20241028105008,192.15568
20241028110008,194.89876
20241028111008,194.1663
20241028112008,191.28996
20241028113008,190.86675
20241028114008,190.27313
20241028115008,190.03618
20241028120008,190.03373
20241028121008,188.85744
20241028122008,188.85696
20241028123008,187.85644
20241028124008,187.90144
20241028125008,187.63311
20241028130008,187.26324
20241028131008,187.13341
20241028132008,186.93061
20241028133008,186.40179
20241028134008,186.74634
20241028135008,186.135
20241028140008,185.01483
20241028141008,184.36742
20241028142008,184.02214
20241028143008,183.86908
20241028144008,183.75712
20241028145008,183.76323
20241028150008,183.14418
20241028151008,183.06949
20241028152008,183.01386
20241028153008,183.0066
20241028154008,182.96308
20241028155008,182.96979
20241028160008,228.27565
20241028161008,238.27608
20241028162008,257.00579
20241028163008,254.53175
20241028164008,253.47146
20241028165008,246.06431
20240922090009,232.90159
20240922091009,200.95964
20240922092009,202.35902
20240922093009,205.46097
20240922094009,199.3544
20240922095009,203.2775
20240922100009,208.12711
20240922101009,198.56881
20240922102009,195.6659
20240922103009,195.54885
20240922104009,192.42951
20240922105009,192.36542
20240922110009,194.89876
20240922111009,194.1663
20240922112009,191.28996
20240922113009,190.86675
20240922114009,190.27313
20240922115009,190.03618
20240922120009,190.03373
20240922121009,188.85744
20240922122009,188.85696
20240922123009,187.85644
20240922124009,187.90144
20240922125009,187.63311
20240922130009,187.26324
20240922131009,187.13341
20240922132009,186.93061
20240922133009,186.40179
20240922134009,186.74634
20240922135009,186.135
20240922140009,185.01483
20240922141009,184.36742
20240922142009,184.02214
20240922143009,183.86908
20240922144009,183.75712
20240922145009,183.76323
20240922150009,183.14418
20240922151009,183.06949
20240922152009,183.01386
20240922153009,183.0066
20240922154009,182.96308
20240922155009,182.96979
20240922160009,228.27565
20240922161009,238.27608
20240922162009,257.00579
20240922163009,254.53175
20240922164009,253.47146
20240922165009,246.06431
20240928090009,212.86303
20240928091009,204.06896
20240928092009,198.59415
20240928093009,198.72871
20240928094009,199.57096
20240928095009,204.92547
20240928100009,207.47673
20240928101009,198.29295
20240928102009,195.88592
20240928103009,195.63235
20240928104009,192.50453
20240928105009,192.36812
20240928110009,194.89876
20240928111009,194.1663
20240928112009,191.28996
20240928113009,190.86675
20240928114009,190.27313
20240928115009,190.03618
20240928120009,190.03373
20240928121009,188.85744
20240928122009,188.85696
20240928123009,187.85644
20240928124009,187.90144
20240928125009,187.63311
20240928130009,187.26324
20240928131009,187.13341
20240928132009,186.93061
20240928133009,186.40179
20240928134009,186.74634
20240928135009,186.135
20240928140009,185.01483
20240928141009,184.36742
20240928142009,184.02214
20240928143009,183.86908
20240928144009,183.75712
20240928145009,183.76323
20240928150009,183.14418
20240928151009,183.06949
20240928152009,183.01386
20240928153009,183.0066
20240928154009,182.96308
20240928155009,182.96979
20240928160009,228.27565
20240928161009,238.27608
20240928162009,257.00579
20240928163009,254.53175
20240928164009,253.47146
20240928165009,246.06431
20240920090010,579.10577
20240920091010,261.30114
20240920092010,246.12993
20240920093010,204.23207
20240920094010,209.49571
20240920095010,205.47547
20240920100010,283.08889
20240920101010,197.52879
20240920102010,196.22076
20240920103010,195.37824
20240920104010,192.24246
20240920105010,192.41586
20240920110010,194.89876
20240920111010,194.1663
20240920112010,191.28996
20240920113010,190.86675
20240920114010,190.27313
20240920115010,190.03618
20240920120010,190.03373
20240920121010,188.85744
20240920122010,188.85696
20240920123010,187.85644
20240920124010,187.90144
20240920125010,187.63311
20240920130010,187.26324
20240920131010,187.13341
20240920132010,186.93061
20240920133010,186.40179
20240920134010,186.74634
20240920135010,186.135
20240920140010,185.01483
20240920141010,184.36742
20240920142010,184.02214
20240920143010,183.86908
20240920144010,183.75712
20240920145010,183.76323
20240920150010,183.14418
20240920151010,183.06949
20240920152010,183.01386
20240920153010,183.0066
20240920154010,182.96308
20240920155010,182.96979
20240920160010,228.27565
20240920161010,238.27608
20240920162010,257.00579
20240920163010,254.53175
20240920164010,253.47146
20240920165010,246.06431
20240928090010,294.60824
20240928091010,202.87641
20240928092010,202.4207
20240928093010,202.02174
20240928094010,202.05223
20240928095010,202.61309
20240928100010,203.76741
20240928101010,197.83575
20240928102010,195.38918
20240928103010,195.26491
20240928104010,192.40348
20240928105010,192.29041
20240928110010,194.89876
20240928111010,194.1663
20240928112010,191.28996
20240928113010,190.86675
20240928114010,190.27313
20240928115010,190.03618
20240928120010,190.03373
20240928121010,188.85744
20240928122010,188.85696
20240928123010,187.85644
20240928124010,187.90144
20240928125010,187.63311
20240928130010,187.26324
20240928131010,187.13341
20240928132010,186.93061
20240928133010,186.40179
20240928134010,186.74634
20240928135010,186.135
20240928140010,185.01483
20240928141010,184.36742
20240928142010,184.02214
20240928143010,183.86908
20240928144010,183.75712
20240928145010,183.76323
20240928150010,183.14418
20240928151010,183.06949
20240928152010,183.01386
20240928153010,183.0066
20240928154010,182.96308
20240928155010,182.96979
20240928160010,228.27565
20240928161010,238.27608
20240928162010,257.00579
20240928163010,254.53175
20240928164010,253.47146
20240928165010,246.06431
20240919090012,196.53765
20240919091012,450.79052
20240919092012,294.44191
20240919093012,189.87114
20240919094012,192.57641
20240919095012,192.87835
20240919100012,204.34691
20240919101012,196.67197
20240919102012,196.3683
20240919103012,194.72537
20240919104012,192.69345
20240919105012,192.15568
20240919110012,194.89876
20240919111012,194.1663
20240919112012,191.28996
20240919113012,190.86675
20240919114012,190.27313
20240919115012,190.03618
20240919120012,190.03373
20240919121012,188.85744
20240919122012,188.85696
20240919123012,187.85644
20240919124012,187.90144
20240919125012,187.63311
20240919130012,187.26324
20240919131012,187.13341
20240919132012,186.93061
20240919133012,186.40179
20240919134012,186.74634
20240919135012,186.135
20240919140012,185.01483
20240919141012,184.36742
20240919142012,184.02214
20240919143012,183.86908
20240919144012,183.75712
20240919145012,183.76323
20240919150012,183.14418
20240919151012,183.06949
20240919152012,183.01386
20240919153012,183.0066
20240919154012,182.96308
20240919155012,182.96979
20240919160012,228.27565
20240919161012,238.27608
20240919162012,257.00579
20240919163012,254.53175
20240919164012,253.47146
20240919165012,246.06431
20240923090012,192.85807
20240923091012,197.29826
20240923092012,198.2439
20240923093012,197.15479
20240923094012,206.20629
20240923095012,211.33515
20240923100012,203.82602
20240923101012,196.87685
20240923102012,195.6472
20240923103012,194.25233
20240923104012,192.3893
20240923105012,192.19556
20240923110012,194.89876
20240923111012,194.1663
20240923112012,191.28996
20240923113012,190.86675
20240923114012,190.27313
20240923115012,190.03618
20240923120012,190.03373
20240923121012,188.85744
20240923122012,188.85696
20240923123012,187.85644
20240923124012,187.90144
20240923125012,187.63311
20240923130012,187.26324
20240923131012,187.13341
20240923132012,186.93061
20240923133012,186.40179
20240923134012,186.74634
20240923135012,186.135
20240923140012,185.01483
20240923141012,184.36742
20240923142012,184.02214
20240923143012,183.86908
20240923144012,183.75712
20240923145012,183.76323
20240923150012,183.14418
20240923151012,183.06949
20240923152012,183.01386
20240923153012,183.0066
20240923154012,182.96308
20240923155012,182.96979
20240923160012,228.27565
20240923161012,238.27608
20240923162012,257.00579
20240923163012,254.53175
20240923164012,253.47146
20240923165012,246.06431
20241002090012,194.25434
20241002091012,199.61577
20241002092012,199.91488
20241002093012,200.06773
20241002094012,206.46818
20241002095012,206.79397
20241002100012,207.26628
20241002101012,197.05341
20241002102012,195.77732
20241002103012,195.40239
20241002104012,192.16899
20241002105012,192.19556
20241002110012,194.89876
20241002111012,194.1663
20241002112012,191.28996
20241002113012,190.86675
20241002114012,190.27313
20241002115012,190.03618
20241002120012,190.03373
20241002121012,188.85744
20241002122012,188.85696
20241002123012,187.85644
20241002124012,187.90144
20241002125012,187.63311
20241002130012,187.26324
20241002131012,187.13341
20241002132012,186.93061
20241002133012,186.40179
20241002134012,186.74634
20241002135012,186.135
20241002140012,185.01483
20241002141012,184.36742
20241002142012,184.02214
20241002143012,183.86908
20241002144012,183.75712
20241002145012,183.76323
20241002150012,183.14418
20241002151012,183.06949
20241002152012,183.01386
20241002153012,183.0066
20241002154012,182.96308
20241002155012,182.96979
20241002160012,228.27565
20241002161012,238.27608
20241002162012,257.00579
20241002163012,254.53175
20241002164012,253.47146
20241002165012,246.06431
