序號,答案
20240117090001,227.29983
20240117091001,225.88393
20240117092001,254.13062
20240117093001,326.28309
20240117094001,410.57385
20240117095001,598.33915
20240117100001,602.83513
20240117101001,453.36533
20240117102001,430.55959
20240117103001,514.90809
20240117104001,480.48527
20240117105001,398.95502
20240117110001,383.80145
20240117111001,411.76402
20240117112001,391.8983
20240117113001,409.80471
20240117114001,588.33494
20240117115001,558.48796
20240117120001,515.11279
20240117121001,525.88335
20240117122001,342.2651
20240117123001,307.16564
20240117124001,289.89954
20240117125001,235.65015
20240117130001,219.98524
20240117131001,214.25615
20240117132001,212.58712
20240117133001,205.34633
20240117134001,198.86088
20240117135001,193.62299
20240117140001,189.44494
20240117141001,187.89143
20240117142001,187.59505
20240117143001,187.15423
20240117144001,187.10162
20240117145001,186.98453
20240117150001,184.85519
20240117151001,184.33194
20240117152001,184.22874
20240117153001,184.15058
20240117154001,184.19771
20240117155001,184.25425
20240117160001,201.45324
20240117161001,197.26051
20240117162001,192.50467
20240117163001,192.10316
20240117164001,189.72631
20240117165001,190.76166
20240119090001,298.48762
20240119091001,279.48944
20240119092001,249.09887
20240119093001,285.86614
20240119094001,378.8904
20240119095001,547.83124
20240119100001,489.12431
20240119101001,617.23961
20240119102001,429.45789
20240119103001,472.80364
20240119104001,521.4084
20240119105001,413.72623
20240119110001,383.80145
20240119111001,411.76402
20240119112001,391.8983
20240119113001,409.80471
20240119114001,588.33494
20240119115001,558.48796
20240119120001,515.11279
20240119121001,525.88335
20240119122001,342.2651
20240119123001,307.16564
20240119124001,289.89954
20240119125001,235.65015
20240119130001,219.98524
20240119131001,214.25615
20240119132001,212.58712
20240119133001,205.34633
20240119134001,198.86088
20240119135001,193.62299
20240119140001,189.44494
20240119141001,187.89143
20240119142001,187.59505
20240119143001,187.15423
20240119144001,187.10162
20240119145001,186.98453
20240119150001,184.85519
20240119151001,184.33194
20240119152001,184.22874
20240119153001,184.15058
20240119154001,184.19771
20240119155001,184.25425
20240119160001,201.45324
20240119161001,197.26051
20240119162001,192.50467
20240119163001,192.10316
20240119164001,189.72631
20240119165001,190.76166
20240224090001,220.80438
20240224091001,224.21262
20240224092001,236.8377
20240224093001,297.77972
20240224094001,424.59773
20240224095001,598.20167
20240224100001,684.04978
20240224101001,543.67934
20240224102001,452.68592
20240224103001,528.68553
20240224104001,470.7808
20240224105001,392.50081
20240224110001,383.80145
20240224111001,411.76402
20240224112001,391.8983
20240224113001,409.80471
20240224114001,588.33494
20240224115001,558.48796
20240224120001,515.11279
20240224121001,525.88335
20240224122001,342.2651
20240224123001,307.16564
20240224124001,289.89954
20240224125001,235.65015
20240224130001,219.98524
20240224131001,214.25615
20240224132001,212.58712
20240224133001,205.34633
20240224134001,198.86088
20240224135001,193.62299
20240224140001,189.44494
20240224141001,187.89143
20240224142001,187.59505
20240224143001,187.15423
20240224144001,187.10162
20240224145001,186.98453
20240224150001,184.85519
20240224151001,184.33194
20240224152001,184.22874
20240224153001,184.15058
20240224154001,184.19771
20240224155001,184.25425
20240224160001,201.45324
20240224161001,197.26051
20240224162001,192.50467
20240224163001,192.10316
20240224164001,189.72631
20240224165001,190.76166
20240226090001,204.90285
20240226091001,207.34419
20240226092001,227.17553
20240226093001,270.41782
20240226094001,320.2165
20240226095001,437.36461
20240226100001,563.90138
20240226101001,411.19861
20240226102001,429.99651
20240226103001,515.8119
20240226104001,479.41502
20240226105001,392.19419
20240226110001,383.80145
20240226111001,411.76402
20240226112001,391.8983
20240226113001,409.80471
20240226114001,588.33494
20240226115001,558.48796
20240226120001,515.11279
20240226121001,525.88335
20240226122001,342.2651
20240226123001,307.16564
20240226124001,289.89954
20240226125001,235.65015
20240226130001,219.98524
20240226131001,214.25615
20240226132001,212.58712
20240226133001,205.34633
20240226134001,198.86088
20240226135001,193.62299
20240226140001,189.44494
20240226141001,187.89143
20240226142001,187.59505
20240226143001,187.15423
20240226144001,187.10162
20240226145001,186.98453
20240226150001,184.85519
20240226151001,184.33194
20240226152001,184.22874
20240226153001,184.15058
20240226154001,184.19771
20240226155001,184.25425
20240226160001,201.45324
20240226161001,197.26051
20240226162001,192.50467
20240226163001,192.10316
20240226164001,189.72631
20240226165001,190.76166
20240327090001,231.25776
20240327091001,221.41657
20240327092001,240.41322
20240327093001,285.93789
20240327094001,499.52259
20240327095001,381.50907
20240327100001,534.52172
20240327101001,390.51949
20240327102001,431.1997
20240327103001,675.43991
20240327104001,516.68098
20240327105001,389.50693
20240327110001,383.80145
20240327111001,411.76402
20240327112001,391.8983
20240327113001,409.80471
20240327114001,588.33494
20240327115001,558.48796
20240327120001,515.11279
20240327121001,525.88335
20240327122001,342.2651
20240327123001,307.16564
20240327124001,289.89954
20240327125001,235.65015
20240327130001,219.98524
20240327131001,214.25615
20240327132001,212.58712
20240327133001,205.34633
20240327134001,198.86088
20240327135001,193.62299
20240327140001,189.44494
20240327141001,187.89143
20240327142001,187.59505
20240327143001,187.15423
20240327144001,187.10162
20240327145001,186.98453
20240327150001,184.85519
20240327151001,184.33194
20240327152001,184.22874
20240327153001,184.15058
20240327154001,184.19771
20240327155001,184.25425
20240327160001,201.45324
20240327161001,197.26051
20240327162001,192.50467
20240327163001,192.10316
20240327164001,189.72631
20240327165001,190.76166
20240329090001,198.36143
20240329091001,220.81024
20240329092001,226.24089
20240329093001,392.10507
20240329094001,663.03317
20240329095001,744.27513
20240329100001,530.75407
20240329101001,391.55565
20240329102001,385.73873
20240329103001,562.57706
20240329104001,532.43562
20240329105001,399.22867
20240329110001,383.80145
20240329111001,411.76402
20240329112001,391.8983
20240329113001,409.80471
20240329114001,588.33494
20240329115001,558.48796
20240329120001,515.11279
20240329121001,525.88335
20240329122001,342.2651
20240329123001,307.16564
20240329124001,289.89954
20240329125001,235.65015
20240329130001,219.98524
20240329131001,214.25615
20240329132001,212.58712
20240329133001,205.34633
20240329134001,198.86088
20240329135001,193.62299
20240329140001,189.44494
20240329141001,187.89143
20240329142001,187.59505
20240329143001,187.15423
20240329144001,187.10162
20240329145001,186.98453
20240329150001,184.85519
20240329151001,184.33194
20240329152001,184.22874
20240329153001,184.15058
20240329154001,184.19771
20240329155001,184.25425
20240329160001,201.45324
20240329161001,197.26051
20240329162001,192.50467
20240329163001,192.10316
20240329164001,189.72631
20240329165001,190.76166
20240428090001,273.57165
20240428091001,234.93665
20240428092001,232.0502
20240428093001,317.60129
20240428094001,609.2296
20240428095001,561.79902
20240428100001,520.95034
20240428101001,380.68164
20240428102001,427.84106
20240428103001,695.09957
20240428104001,511.22762
20240428105001,394.43844
20240428110001,383.80145
20240428111001,411.76402
20240428112001,391.8983
20240428113001,409.80471
20240428114001,588.33494
20240428115001,558.48796
20240428120001,515.11279
20240428121001,525.88335
20240428122001,342.2651
20240428123001,307.16564
20240428124001,289.89954
20240428125001,235.65015
20240428130001,219.98524
20240428131001,214.25615
20240428132001,212.58712
20240428133001,205.34633
20240428134001,198.86088
20240428135001,193.62299
20240428140001,189.44494
20240428141001,187.89143
20240428142001,187.59505
20240428143001,187.15423
20240428144001,187.10162
20240428145001,186.98453
20240428150001,184.85519
20240428151001,184.33194
20240428152001,184.22874
20240428153001,184.15058
20240428154001,184.19771
20240428155001,184.25425
20240428160001,201.45324
20240428161001,197.26051
20240428162001,192.50467
20240428163001,192.10316
20240428164001,189.72631
20240428165001,190.76166
20240430090001,757.61933
20240430091001,440.93586
20240430092001,225.39724
20240430093001,674.16647
20240430094001,598.95245
20240430095001,365.7714
20240430100001,830.3068
20240430101001,451.45714
20240430102001,366.07856
20240430103001,310.87869
20240430104001,472.784
20240430105001,398.31279
20240430110001,383.80145
20240430111001,411.76402
20240430112001,391.8983
20240430113001,409.80471
20240430114001,588.33494
20240430115001,558.48796
20240430120001,515.11279
20240430121001,525.88335
20240430122001,342.2651
20240430123001,307.16564
20240430124001,289.89954
20240430125001,235.65015
20240430130001,219.98524
20240430131001,214.25615
20240430132001,212.58712
20240430133001,205.34633
20240430134001,198.86088
20240430135001,193.62299
20240430140001,189.44494
20240430141001,187.89143
20240430142001,187.59505
20240430143001,187.15423
20240430144001,187.10162
20240430145001,186.98453
20240430150001,184.85519
20240430151001,184.33194
20240430152001,184.22874
20240430153001,184.15058
20240430154001,184.19771
20240430155001,184.25425
20240430160001,201.45324
20240430161001,197.26051
20240430162001,192.50467
20240430163001,192.10316
20240430164001,189.72631
20240430165001,190.76166
20240515090001,710.79083
20240515091001,362.78072
20240515092001,250.97587
20240515093001,573.59389
20240515094001,312.19339
20240515095001,410.91336
20240515100001,911.67125
20240515101001,517.87602
20240515102001,383.03363
20240515103001,337.14269
20240515104001,449.99939
20240515105001,392.62207
20240515110001,383.80145
20240515111001,411.76402
20240515112001,391.8983
20240515113001,409.80471
20240515114001,588.33494
20240515115001,558.48796
20240515120001,515.11279
20240515121001,525.88335
20240515122001,342.2651
20240515123001,307.16564
20240515124001,289.89954
20240515125001,235.65015
20240515130001,219.98524
20240515131001,214.25615
20240515132001,212.58712
20240515133001,205.34633
20240515134001,198.86088
20240515135001,193.62299
20240515140001,189.44494
20240515141001,187.89143
20240515142001,187.59505
20240515143001,187.15423
20240515144001,187.10162
20240515145001,186.98453
20240515150001,184.85519
20240515151001,184.33194
20240515152001,184.22874
20240515153001,184.15058
20240515154001,184.19771
20240515155001,184.25425
20240515160001,201.45324
20240515161001,197.26051
20240515162001,192.50467
20240515163001,192.10316
20240515164001,189.72631
20240515165001,190.76166
20240520090001,470.09407
20240520091001,243.53038
20240520092001,243.5092
20240520093001,463.67973
20240520094001,294.95853
20240520095001,323.12672
20240520100001,686.26068
20240520101001,513.12842
20240520102001,459.0656
20240520103001,682.70991
20240520104001,523.21322
20240520105001,398.85019
20240520110001,383.80145
20240520111001,411.76402
20240520112001,391.8983
20240520113001,409.80471
20240520114001,588.33494
20240520115001,558.48796
20240520120001,515.11279
20240520121001,525.88335
20240520122001,342.2651
20240520123001,307.16564
20240520124001,289.89954
20240520125001,235.65015
20240520130001,219.98524
20240520131001,214.25615
20240520132001,212.58712
20240520133001,205.34633
20240520134001,198.86088
20240520135001,193.62299
20240520140001,189.44494
20240520141001,187.89143
20240520142001,187.59505
20240520143001,187.15423
20240520144001,187.10162
20240520145001,186.98453
20240520150001,184.85519
20240520151001,184.33194
20240520152001,184.22874
20240520153001,184.15058
20240520154001,184.19771
20240520155001,184.25425
20240520160001,201.45324
20240520161001,197.26051
20240520162001,192.50467
20240520163001,192.10316
20240520164001,189.72631
20240520165001,190.76166
20240613090001,205.75634
20240613091001,207.63181
20240613092001,221.02239
20240613093001,254.3298
20240613094001,534.11662
20240613095001,504.08603
20240613100001,366.89335
20240613101001,324.80624
20240613102001,436.88377
20240613103001,629.84663
20240613104001,519.62229
20240613105001,391.77955
20240613110001,383.80145
20240613111001,411.76402
20240613112001,391.8983
20240613113001,409.80471
20240613114001,588.33494
20240613115001,558.48796
20240613120001,515.11279
20240613121001,525.88335
20240613122001,342.2651
20240613123001,307.16564
20240613124001,289.89954
20240613125001,235.65015
20240613130001,219.98524
20240613131001,214.25615
20240613132001,212.58712
20240613133001,205.34633
20240613134001,198.86088
20240613135001,193.62299
20240613140001,189.44494
20240613141001,187.89143
20240613142001,187.59505
20240613143001,187.15423
20240613144001,187.10162
20240613145001,186.98453
20240613150001,184.85519
20240613151001,184.33194
20240613152001,184.22874
20240613153001,184.15058
20240613154001,184.19771
20240613155001,184.25425
20240613160001,201.45324
20240613161001,197.26051
20240613162001,192.50467
20240613163001,192.10316
20240613164001,189.72631
20240613165001,190.76166
20240615090001,690.04512
20240615091001,328.69259
20240615092001,283.68674
20240615093001,558.0931
20240615094001,397.84595
20240615095001,394.56836
20240615100001,667.30641
20240615101001,514.01331
20240615102001,344.74804
20240615103001,334.0033
20240615104001,521.68886
20240615105001,398.42996
20240615110001,383.80145
20240615111001,411.76402
20240615112001,391.8983
20240615113001,409.80471
20240615114001,588.33494
20240615115001,558.48796
20240615120001,515.11279
20240615121001,525.88335
20240615122001,342.2651
20240615123001,307.16564
20240615124001,289.89954
20240615125001,235.65015
20240615130001,219.98524
20240615131001,214.25615
20240615132001,212.58712
20240615133001,205.34633
20240615134001,198.86088
20240615135001,193.62299
20240615140001,189.44494
20240615141001,187.89143
20240615142001,187.59505
20240615143001,187.15423
20240615144001,187.10162
20240615145001,186.98453
20240615150001,184.85519
20240615151001,184.33194
20240615152001,184.22874
20240615153001,184.15058
20240615154001,184.19771
20240615155001,184.25425
20240615160001,201.45324
20240615161001,197.26051
20240615162001,192.50467
20240615163001,192.10316
20240615164001,189.72631
20240615165001,190.76166
20240703090001,720.4506
20240703091001,497.43052
20240703092001,339.53418
20240703093001,393.40348
20240703094001,486.24597
20240703095001,609.5804
20240703100001,838.91
20240703101001,618.49086
20240703102001,376.19418
20240703103001,327.31218
20240703104001,522.82346
20240703105001,410.69646
20240703110001,383.80145
20240703111001,411.76402
20240703112001,391.8983
20240703113001,409.80471
20240703114001,588.33494
20240703115001,558.48796
20240703120001,515.11279
20240703121001,525.88335
20240703122001,342.2651
20240703123001,307.16564
20240703124001,289.89954
20240703125001,235.65015
20240703130001,219.98524
20240703131001,214.25615
20240703132001,212.58712
20240703133001,205.34633
20240703134001,198.86088
20240703135001,193.62299
20240703140001,189.44494
20240703141001,187.89143
20240703142001,187.59505
20240703143001,187.15423
20240703144001,187.10162
20240703145001,186.98453
20240703150001,184.85519
20240703151001,184.33194
20240703152001,184.22874
20240703153001,184.15058
20240703154001,184.19771
20240703155001,184.25425
20240703160001,201.45324
20240703161001,197.26051
20240703162001,192.50467
20240703163001,192.10316
20240703164001,189.72631
20240703165001,190.76166
20240707090001,701.91934
20240707091001,386.93891
20240707092001,402.40476
20240707093001,541.64179
20240707094001,530.99542
20240707095001,599.15725
20240707100001,778.77574
20240707101001,559.26258
20240707102001,343.30468
20240707103001,330.90806
20240707104001,570.17054
20240707105001,431.66186
20240707110001,383.80145
20240707111001,411.76402
20240707112001,391.8983
20240707113001,409.80471
20240707114001,588.33494
20240707115001,558.48796
20240707120001,515.11279
20240707121001,525.88335
20240707122001,342.2651
20240707123001,307.16564
20240707124001,289.89954
20240707125001,235.65015
20240707130001,219.98524
20240707131001,214.25615
20240707132001,212.58712
20240707133001,205.34633
20240707134001,198.86088
20240707135001,193.62299
20240707140001,189.44494
20240707141001,187.89143
20240707142001,187.59505
20240707143001,187.15423
20240707144001,187.10162
20240707145001,186.98453
20240707150001,184.85519
20240707151001,184.33194
20240707152001,184.22874
20240707153001,184.15058
20240707154001,184.19771
20240707155001,184.25425
20240707160001,201.45324
20240707161001,197.26051
20240707162001,192.50467
20240707163001,192.10316
20240707164001,189.72631
20240707165001,190.76166
20240125090002,191.90168
20240125091002,190.0754
20240125092002,205.1515
20240125093002,206.60215
20240125094002,271.70259
20240125095002,372.10762
20240125100002,390.13296
20240125101002,379.37046
20240125102002,431.28475
20240125103002,510.71329
20240125104002,472.38853
20240125105002,395.05766
20240125110002,383.80145
20240125111002,411.76402
20240125112002,391.8983
20240125113002,409.80471
20240125114002,588.33494
20240125115002,558.48796
20240125120002,515.11279
20240125121002,525.88335
20240125122002,342.2651
20240125123002,307.16564
20240125124002,289.89954
20240125125002,235.65015
20240125130002,219.98524
20240125131002,214.25615
20240125132002,212.58712
20240125133002,205.34633
20240125134002,198.86088
20240125135002,193.62299
20240125140002,189.44494
20240125141002,187.89143
20240125142002,187.59505
20240125143002,187.15423
20240125144002,187.10162
20240125145002,186.98453
20240125150002,184.85519
20240125151002,184.33194
20240125152002,184.22874
20240125153002,184.15058
20240125154002,184.19771
20240125155002,184.25425
20240125160002,201.45324
20240125161002,197.26051
20240125162002,192.50467
20240125163002,192.10316
20240125164002,189.72631
20240125165002,190.76166
20240128090002,189.78091
20240128091002,189.59452
20240128092002,203.02006
20240128093002,212.84608
20240128094002,275.93881
20240128095002,301.1602
20240128100002,427.325
20240128101002,378.56891
20240128102002,392.72797
20240128103002,439.08988
20240128104002,502.74558
20240128105002,395.74937
20240128110002,383.80145
20240128111002,411.76402
20240128112002,391.8983
20240128113002,409.80471
20240128114002,588.33494
20240128115002,558.48796
20240128120002,515.11279
20240128121002,525.88335
20240128122002,342.2651
20240128123002,307.16564
20240128124002,289.89954
20240128125002,235.65015
20240128130002,219.98524
20240128131002,214.25615
20240128132002,212.58712
20240128133002,205.34633
20240128134002,198.86088
20240128135002,193.62299
20240128140002,189.44494
20240128141002,187.89143
20240128142002,187.59505
20240128143002,187.15423
20240128144002,187.10162
20240128145002,186.98453
20240128150002,184.85519
20240128151002,184.33194
20240128152002,184.22874
20240128153002,184.15058
20240128154002,184.19771
20240128155002,184.25425
20240128160002,201.45324
20240128161002,197.26051
20240128162002,192.50467
20240128163002,192.10316
20240128164002,189.72631
20240128165002,190.76166
20240213090002,939.35713
20240213091002,773.76683
20240213092002,834.33868
20240213093002,579.96458
20240213094002,561.44333
20240213095002,547.77882
20240213100002,561.96281
20240213101002,452.95564
20240213102002,389.6392
20240213103002,429.63055
20240213104002,520.13036
20240213105002,451.09021
20240213110002,383.80145
20240213111002,411.76402
20240213112002,391.8983
20240213113002,409.80471
20240213114002,588.33494
20240213115002,558.48796
20240213120002,515.11279
20240213121002,525.88335
20240213122002,342.2651
20240213123002,307.16564
20240213124002,289.89954
20240213125002,235.65015
20240213130002,219.98524
20240213131002,214.25615
20240213132002,212.58712
20240213133002,205.34633
20240213134002,198.86088
20240213135002,193.62299
20240213140002,189.44494
20240213141002,187.89143
20240213142002,187.59505
20240213143002,187.15423
20240213144002,187.10162
20240213145002,186.98453
20240213150002,184.85519
20240213151002,184.33194
20240213152002,184.22874
20240213153002,184.15058
20240213154002,184.19771
20240213155002,184.25425
20240213160002,201.45324
20240213161002,197.26051
20240213162002,192.50467
20240213163002,192.10316
20240213164002,189.72631
20240213165002,190.76166
20240226090002,200.11348
20240226091002,196.38876
20240226092002,216.53434
20240226093002,226.26069
20240226094002,280.07609
20240226095002,391.24573
20240226100002,451.98536
20240226101002,389.50172
20240226102002,431.86795
20240226103002,527.15082
20240226104002,474.09907
20240226105002,394.99936
20240226110002,383.80145
20240226111002,411.76402
20240226112002,391.8983
20240226113002,409.80471
20240226114002,588.33494
20240226115002,558.48796
20240226120002,515.11279
20240226121002,525.88335
20240226122002,342.2651
20240226123002,307.16564
20240226124002,289.89954
20240226125002,235.65015
20240226130002,219.98524
20240226131002,214.25615
20240226132002,212.58712
20240226133002,205.34633
20240226134002,198.86088
20240226135002,193.62299
20240226140002,189.44494
20240226141002,187.89143
20240226142002,187.59505
20240226143002,187.15423
20240226144002,187.10162
20240226145002,186.98453
20240226150002,184.85519
20240226151002,184.33194
20240226152002,184.22874
20240226153002,184.15058
20240226154002,184.19771
20240226155002,184.25425
20240226160002,201.45324
20240226161002,197.26051
20240226162002,192.50467
20240226163002,192.10316
20240226164002,189.72631
20240226165002,190.76166
20240319090002,189.73056
20240319091002,205.72256
20240319092002,205.12382
20240319093002,355.10587
20240319094002,495.09165
20240319095002,425.73738
20240319100002,376.43102
20240319101002,379.52723
20240319102002,395.61808
20240319103002,563.10412
20240319104002,520.76242
20240319105002,392.59719
20240319110002,383.80145
20240319111002,411.76402
20240319112002,391.8983
20240319113002,409.80471
20240319114002,588.33494
20240319115002,558.48796
20240319120002,515.11279
20240319121002,525.88335
20240319122002,342.2651
20240319123002,307.16564
20240319124002,289.89954
20240319125002,235.65015
20240319130002,219.98524
20240319131002,214.25615
20240319132002,212.58712
20240319133002,205.34633
20240319134002,198.86088
20240319135002,193.62299
20240319140002,189.44494
20240319141002,187.89143
20240319142002,187.59505
20240319143002,187.15423
20240319144002,187.10162
20240319145002,186.98453
20240319150002,184.85519
20240319151002,184.33194
20240319152002,184.22874
20240319153002,184.15058
20240319154002,184.19771
20240319155002,184.25425
20240319160002,201.45324
20240319161002,197.26051
20240319162002,192.50467
20240319163002,192.10316
20240319164002,189.72631
20240319165002,190.76166
20240427090002,234.71466
20240427091002,228.29168
20240427092002,240.03839
20240427093002,376.9865
20240427094002,555.82302
20240427095002,463.92614
20240427100002,655.34794
20240427101002,393.6514
20240427102002,414.5466
20240427103002,662.26353
20240427104002,521.53919
20240427105002,393.95528
20240427110002,383.80145
20240427111002,411.76402
20240427112002,391.8983
20240427113002,409.80471
20240427114002,588.33494
20240427115002,558.48796
20240427120002,515.11279
20240427121002,525.88335
20240427122002,342.2651
20240427123002,307.16564
20240427124002,289.89954
20240427125002,235.65015
20240427130002,219.98524
20240427131002,214.25615
20240427132002,212.58712
20240427133002,205.34633
20240427134002,198.86088
20240427135002,193.62299
20240427140002,189.44494
20240427141002,187.89143
20240427142002,187.59505
20240427143002,187.15423
20240427144002,187.10162
20240427145002,186.98453
20240427150002,184.85519
20240427151002,184.33194
20240427152002,184.22874
20240427153002,184.15058
20240427154002,184.19771
20240427155002,184.25425
20240427160002,201.45324
20240427161002,197.26051
20240427162002,192.50467
20240427163002,192.10316
20240427164002,189.72631
20240427165002,190.76166
20240508090002,260.99443
20240508091002,232.65813
20240508092002,232.25409
20240508093002,247.65062
20240508094002,432.80964
20240508095002,426.92748
20240508100002,528.01676
20240508101002,439.51203
20240508102002,428.99597
20240508103002,647.67188
20240508104002,509.48212
20240508105002,396.37449
20240508110002,383.80145
20240508111002,411.76402
20240508112002,391.8983
20240508113002,409.80471
20240508114002,588.33494
20240508115002,558.48796
20240508120002,515.11279
20240508121002,525.88335
20240508122002,342.2651
20240508123002,307.16564
20240508124002,289.89954
20240508125002,235.65015
20240508130002,219.98524
20240508131002,214.25615
20240508132002,212.58712
20240508133002,205.34633
20240508134002,198.86088
20240508135002,193.62299
20240508140002,189.44494
20240508141002,187.89143
20240508142002,187.59505
20240508143002,187.15423
20240508144002,187.10162
20240508145002,186.98453
20240508150002,184.85519
20240508151002,184.33194
20240508152002,184.22874
20240508153002,184.15058
20240508154002,184.19771
20240508155002,184.25425
20240508160002,201.45324
20240508161002,197.26051
20240508162002,192.50467
20240508163002,192.10316
20240508164002,189.72631
20240508165002,190.76166
20240705090002,599.98661
20240705091002,352.6756
20240705092002,263.35537
20240705093002,433.22455
20240705094002,609.48227
20240705095002,807.83306
20240705100002,951.01178
20240705101002,628.11583
20240705102002,327.23188
20240705103002,311.18363
20240705104002,528.2781
20240705105002,447.4508
20240705110002,383.80145
20240705111002,411.76402
20240705112002,391.8983
20240705113002,409.80471
20240705114002,588.33494
20240705115002,558.48796
20240705120002,515.11279
20240705121002,525.88335
20240705122002,342.2651
20240705123002,307.16564
20240705124002,289.89954
20240705125002,235.65015
20240705130002,219.98524
20240705131002,214.25615
20240705132002,212.58712
20240705133002,205.34633
20240705134002,198.86088
20240705135002,193.62299
20240705140002,189.44494
20240705141002,187.89143
20240705142002,187.59505
20240705143002,187.15423
20240705144002,187.10162
20240705145002,186.98453
20240705150002,184.85519
20240705151002,184.33194
20240705152002,184.22874
20240705153002,184.15058
20240705154002,184.19771
20240705155002,184.25425
20240705160002,201.45324
20240705161002,197.26051
20240705162002,192.50467
20240705163002,192.10316
20240705164002,189.72631
20240705165002,190.76166
20240707090002,570.8592
20240707091002,323.29193
20240707092002,265.6237
20240707093002,467.66773
20240707094002,551.87489
20240707095002,760.4585
20240707100002,944.06508
20240707101002,660.67291
20240707102002,340.22579
20240707103002,304.06423
20240707104002,520.85582
20240707105002,411.32994
20240707110002,383.80145
20240707111002,411.76402
20240707112002,391.8983
20240707113002,409.80471
20240707114002,588.33494
20240707115002,558.48796
20240707120002,515.11279
20240707121002,525.88335
20240707122002,342.2651
20240707123002,307.16564
20240707124002,289.89954
20240707125002,235.65015
20240707130002,219.98524
20240707131002,214.25615
20240707132002,212.58712
20240707133002,205.34633
20240707134002,198.86088
20240707135002,193.62299
20240707140002,189.44494
20240707141002,187.89143
20240707142002,187.59505
20240707143002,187.15423
20240707144002,187.10162
20240707145002,186.98453
20240707150002,184.85519
20240707151002,184.33194
20240707152002,184.22874
20240707153002,184.15058
20240707154002,184.19771
20240707155002,184.25425
20240707160002,201.45324
20240707161002,197.26051
20240707162002,192.50467
20240707163002,192.10316
20240707164002,189.72631
20240707165002,190.76166
20240317090003,492.49935
20240317091003,281.19875
20240317092003,293.86142
20240317093003,368.39649
20240317094003,827.50169
20240317095003,303.18281
20240317100003,655.60461
20240317101003,456.72728
20240317102003,511.09354
20240317103003,540.95212
20240317104003,509.60101
20240317105003,413.93768
20240317110003,383.80145
20240317111003,411.76402
20240317112003,391.8983
20240317113003,409.80471
20240317114003,588.33494
20240317115003,558.48796
20240317120003,515.11279
20240317121003,525.88335
20240317122003,342.2651
20240317123003,307.16564
20240317124003,289.89954
20240317125003,235.65015
20240317130003,219.98524
20240317131003,214.25615
20240317132003,212.58712
20240317133003,205.34633
20240317134003,198.86088
20240317135003,193.62299
20240317140003,189.44494
20240317141003,187.89143
20240317142003,187.59505
20240317143003,187.15423
20240317144003,187.10162
20240317145003,186.98453
20240317150003,184.85519
20240317151003,184.33194
20240317152003,184.22874
20240317153003,184.15058
20240317154003,184.19771
20240317155003,184.25425
20240317160003,201.45324
20240317161003,197.26051
20240317162003,192.50467
20240317163003,192.10316
20240317164003,189.72631
20240317165003,190.76166
20240414090003,608.27101
20240414091003,338.69083
20240414092003,409.81127
20240414093003,529.24694
20240414094003,266.06615
20240414095003,358.73411
20240414100003,936.0855
20240414101003,456.68623
20240414102003,392.56235
20240414103003,329.47979
20240414104003,440.63257
20240414105003,389.56276
20240414110003,383.80145
20240414111003,411.76402
20240414112003,391.8983
20240414113003,409.80471
20240414114003,588.33494
20240414115003,558.48796
20240414120003,515.11279
20240414121003,525.88335
20240414122003,342.2651
20240414123003,307.16564
20240414124003,289.89954
20240414125003,235.65015
20240414130003,219.98524
20240414131003,214.25615
20240414132003,212.58712
20240414133003,205.34633
20240414134003,198.86088
20240414135003,193.62299
20240414140003,189.44494
20240414141003,187.89143
20240414142003,187.59505
20240414143003,187.15423
20240414144003,187.10162
20240414145003,186.98453
20240414150003,184.85519
20240414151003,184.33194
20240414152003,184.22874
20240414153003,184.15058
20240414154003,184.19771
20240414155003,184.25425
20240414160003,201.45324
20240414161003,197.26051
20240414162003,192.50467
20240414163003,192.10316
20240414164003,189.72631
20240414165003,190.76166
20240524090003,236.70809
20240524091003,218.86575
20240524092003,228.65403
20240524093003,247.71492
20240524094003,644.90844
20240524095003,519.29928
20240524100003,612.3357
20240524101003,537.04332
20240524102003,414.1471
20240524103003,660.66957
20240524104003,520.62632
20240524105003,393.793
20240524110003,383.80145
20240524111003,411.76402
20240524112003,391.8983
20240524113003,409.80471
20240524114003,588.33494
20240524115003,558.48796
20240524120003,515.11279
20240524121003,525.88335
20240524122003,342.2651
20240524123003,307.16564
20240524124003,289.89954
20240524125003,235.65015
20240524130003,219.98524
20240524131003,214.25615
20240524132003,212.58712
20240524133003,205.34633
20240524134003,198.86088
20240524135003,193.62299
20240524140003,189.44494
20240524141003,187.89143
20240524142003,187.59505
20240524143003,187.15423
20240524144003,187.10162
20240524145003,186.98453
20240524150003,184.85519
20240524151003,184.33194
20240524152003,184.22874
20240524153003,184.15058
20240524154003,184.19771
20240524155003,184.25425
20240524160003,201.45324
20240524161003,197.26051
20240524162003,192.50467
20240524163003,192.10316
20240524164003,189.72631
20240524165003,190.76166
20240526090003,235.35112
20240526091003,220.24343
20240526092003,228.10447
20240526093003,230.8417
20240526094003,581.51651
20240526095003,458.4717
20240526100003,608.46286
20240526101003,536.62081
20240526102003,415.4668
20240526103003,665.03868
20240526104003,519.96217
20240526105003,392.16792
20240526110003,383.80145
20240526111003,411.76402
20240526112003,391.8983
20240526113003,409.80471
20240526114003,588.33494
20240526115003,558.48796
20240526120003,515.11279
20240526121003,525.88335
20240526122003,342.2651
20240526123003,307.16564
20240526124003,289.89954
20240526125003,235.65015
20240526130003,219.98524
20240526131003,214.25615
20240526132003,212.58712
20240526133003,205.34633
20240526134003,198.86088
20240526135003,193.62299
20240526140003,189.44494
20240526141003,187.89143
20240526142003,187.59505
20240526143003,187.15423
20240526144003,187.10162
20240526145003,186.98453
20240526150003,184.85519
20240526151003,184.33194
20240526152003,184.22874
20240526153003,184.15058
20240526154003,184.19771
20240526155003,184.25425
20240526160003,201.45324
20240526161003,197.26051
20240526162003,192.50467
20240526163003,192.10316
20240526164003,189.72631
20240526165003,190.76166
20240603090003,208.88603
20240603091003,208.11373
20240603092003,227.27207
20240603093003,271.49271
20240603094003,586.37682
20240603095003,459.74861
20240603100003,320.86557
20240603101003,316.01995
20240603102003,454.03663
20240603103003,605.85166
20240603104003,514.12356
20240603105003,392.01539
20240603110003,383.80145
20240603111003,411.76402
20240603112003,391.8983
20240603113003,409.80471
20240603114003,588.33494
20240603115003,558.48796
20240603120003,515.11279
20240603121003,525.88335
20240603122003,342.2651
20240603123003,307.16564
20240603124003,289.89954
20240603125003,235.65015
20240603130003,219.98524
20240603131003,214.25615
20240603132003,212.58712
20240603133003,205.34633
20240603134003,198.86088
20240603135003,193.62299
20240603140003,189.44494
20240603141003,187.89143
20240603142003,187.59505
20240603143003,187.15423
20240603144003,187.10162
20240603145003,186.98453
20240603150003,184.85519
20240603151003,184.33194
20240603152003,184.22874
20240603153003,184.15058
20240603154003,184.19771
20240603155003,184.25425
20240603160003,201.45324
20240603161003,197.26051
20240603162003,192.50467
20240603163003,192.10316
20240603164003,189.72631
20240603165003,190.76166
20240620090003,768.75396
20240620091003,302.81295
20240620092003,226.17357
20240620093003,512.36
20240620094003,363.35175
20240620095003,409.34877
20240620100003,658.34587
20240620101003,426.39792
20240620102003,385.01769
20240620103003,311.15055
20240620104003,472.85824
20240620105003,396.34055
20240620110003,383.80145
20240620111003,411.76402
20240620112003,391.8983
20240620113003,409.80471
20240620114003,588.33494
20240620115003,558.48796
20240620120003,515.11279
20240620121003,525.88335
20240620122003,342.2651
20240620123003,307.16564
20240620124003,289.89954
20240620125003,235.65015
20240620130003,219.98524
20240620131003,214.25615
20240620132003,212.58712
20240620133003,205.34633
20240620134003,198.86088
20240620135003,193.62299
20240620140003,189.44494
20240620141003,187.89143
20240620142003,187.59505
20240620143003,187.15423
20240620144003,187.10162
20240620145003,186.98453
20240620150003,184.85519
20240620151003,184.33194
20240620152003,184.22874
20240620153003,184.15058
20240620154003,184.19771
20240620155003,184.25425
20240620160003,201.45324
20240620161003,197.26051
20240620162003,192.50467
20240620163003,192.10316
20240620164003,189.72631
20240620165003,190.76166
20240420090004,898.99365
20240420091004,526.1081
20240420092004,570.64954
20240420093004,840.00459
20240420094004,683.36103
20240420095004,570.13449
20240420100004,827.91671
20240420101004,603.37643
20240420102004,345.6291
20240420103004,329.70456
20240420104004,476.21257
20240420105004,445.48107
20240420110004,383.80145
20240420111004,411.76402
20240420112004,391.8983
20240420113004,409.80471
20240420114004,588.33494
20240420115004,558.48796
20240420120004,515.11279
20240420121004,525.88335
20240420122004,342.2651
20240420123004,307.16564
20240420124004,289.89954
20240420125004,235.65015
20240420130004,219.98524
20240420131004,214.25615
20240420132004,212.58712
20240420133004,205.34633
20240420134004,198.86088
20240420135004,193.62299
20240420140004,189.44494
20240420141004,187.89143
20240420142004,187.59505
20240420143004,187.15423
20240420144004,187.10162
20240420145004,186.98453
20240420150004,184.85519
20240420151004,184.33194
20240420152004,184.22874
20240420153004,184.15058
20240420154004,184.19771
20240420155004,184.25425
20240420160004,201.45324
20240420161004,197.26051
20240420162004,192.50467
20240420163004,192.10316
20240420164004,189.72631
20240420165004,190.76166
20240422090004,783.26812
20240422091004,356.30068
20240422092004,252.49466
20240422093004,830.20973
20240422094004,553.30294
20240422095004,426.61523
20240422100004,830.89077
20240422101004,498.75877
20240422102004,393.72116
20240422103004,328.72883
20240422104004,472.97217
20240422105004,399.13043
20240422110004,383.80145
20240422111004,411.76402
20240422112004,391.8983
20240422113004,409.80471
20240422114004,588.33494
20240422115004,558.48796
20240422120004,515.11279
20240422121004,525.88335
20240422122004,342.2651
20240422123004,307.16564
20240422124004,289.89954
20240422125004,235.65015
20240422130004,219.98524
20240422131004,214.25615
20240422132004,212.58712
20240422133004,205.34633
20240422134004,198.86088
20240422135004,193.62299
20240422140004,189.44494
20240422141004,187.89143
20240422142004,187.59505
20240422143004,187.15423
20240422144004,187.10162
20240422145004,186.98453
20240422150004,184.85519
20240422151004,184.33194
20240422152004,184.22874
20240422153004,184.15058
20240422154004,184.19771
20240422155004,184.25425
20240422160004,201.45324
20240422161004,197.26051
20240422162004,192.50467
20240422163004,192.10316
20240422164004,189.72631
20240422165004,190.76166
20240513090004,189.88136
20240513091004,196.1712
20240513092004,305.77723
20240513093004,375.11007
20240513094004,353.03297
20240513095004,388.25384
20240513100004,428.08268
20240513101004,384.28419
20240513102004,396.32163
20240513103004,536.35964
20240513104004,537.61511
20240513105004,398.59504
20240513110004,383.80145
20240513111004,411.76402
20240513112004,391.8983
20240513113004,409.80471
20240513114004,588.33494
20240513115004,558.48796
20240513120004,515.11279
20240513121004,525.88335
20240513122004,342.2651
20240513123004,307.16564
20240513124004,289.89954
20240513125004,235.65015
20240513130004,219.98524
20240513131004,214.25615
20240513132004,212.58712
20240513133004,205.34633
20240513134004,198.86088
20240513135004,193.62299
20240513140004,189.44494
20240513141004,187.89143
20240513142004,187.59505
20240513143004,187.15423
20240513144004,187.10162
20240513145004,186.98453
20240513150004,184.85519
20240513151004,184.33194
20240513152004,184.22874
20240513153004,184.15058
20240513154004,184.19771
20240513155004,184.25425
20240513160004,201.45324
20240513161004,197.26051
20240513162004,192.50467
20240513163004,192.10316
20240513164004,189.72631
20240513165004,190.76166
20240515090004,747.28341
20240515091004,549.72901
20240515092004,274.71435
20240515093004,594.33685
20240515094004,257.56922
20240515095004,522.96406
20240515100004,856.12432
20240515101004,524.74169
20240515102004,392.66537
20240515103004,329.61337
20240515104004,448.21408
20240515105004,396.12695
20240515110004,383.80145
20240515111004,411.76402
20240515112004,391.8983
20240515113004,409.80471
20240515114004,588.33494
20240515115004,558.48796
20240515120004,515.11279
20240515121004,525.88335
20240515122004,342.2651
20240515123004,307.16564
20240515124004,289.89954
20240515125004,235.65015
20240515130004,219.98524
20240515131004,214.25615
20240515132004,212.58712
20240515133004,205.34633
20240515134004,198.86088
20240515135004,193.62299
20240515140004,189.44494
20240515141004,187.89143
20240515142004,187.59505
20240515143004,187.15423
20240515144004,187.10162
20240515145004,186.98453
20240515150004,184.85519
20240515151004,184.33194
20240515152004,184.22874
20240515153004,184.15058
20240515154004,184.19771
20240515155004,184.25425
20240515160004,201.45324
20240515161004,197.26051
20240515162004,192.50467
20240515163004,192.10316
20240515164004,189.72631
20240515165004,190.76166
20240629090004,704.97252
20240629091004,302.74998
20240629092004,294.31841
20240629093004,666.08741
20240629094004,397.43709
20240629095004,502.87168
20240629100004,676.21026
20240629101004,450.28369
20240629102004,382.25821
20240629103004,329.49966
20240629104004,546.20209
20240629105004,406.69146
20240629110004,383.80145
20240629111004,411.76402
20240629112004,391.8983
20240629113004,409.80471
20240629114004,588.33494
20240629115004,558.48796
20240629120004,515.11279
20240629121004,525.88335
20240629122004,342.2651
20240629123004,307.16564
20240629124004,289.89954
20240629125004,235.65015
20240629130004,219.98524
20240629131004,214.25615
20240629132004,212.58712
20240629133004,205.34633
20240629134004,198.86088
20240629135004,193.62299
20240629140004,189.44494
20240629141004,187.89143
20240629142004,187.59505
20240629143004,187.15423
20240629144004,187.10162
20240629145004,186.98453
20240629150004,184.85519
20240629151004,184.33194
20240629152004,184.22874
20240629153004,184.15058
20240629154004,184.19771
20240629155004,184.25425
20240629160004,201.45324
20240629161004,197.26051
20240629162004,192.50467
20240629163004,192.10316
20240629164004,189.72631
20240629165004,190.76166
20240704090004,793.04383
20240704091004,483.84962
20240704092004,496.99744
20240704093004,606.68015
20240704094004,531.05911
20240704095004,818.11513
20240704100004,845.01996
20240704101004,392.52924
20240704102004,380.91835
20240704103004,333.37454
20240704104004,605.27226
20240704105004,447.21721
20240704110004,383.80145
20240704111004,411.76402
20240704112004,391.8983
20240704113004,409.80471
20240704114004,588.33494
20240704115004,558.48796
20240704120004,515.11279
20240704121004,525.88335
20240704122004,342.2651
20240704123004,307.16564
20240704124004,289.89954
20240704125004,235.65015
20240704130004,219.98524
20240704131004,214.25615
20240704132004,212.58712
20240704133004,205.34633
20240704134004,198.86088
20240704135004,193.62299
20240704140004,189.44494
20240704141004,187.89143
20240704142004,187.59505
20240704143004,187.15423
20240704144004,187.10162
20240704145004,186.98453
20240704150004,184.85519
20240704151004,184.33194
20240704152004,184.22874
20240704153004,184.15058
20240704154004,184.19771
20240704155004,184.25425
20240704160004,201.45324
20240704161004,197.26051
20240704162004,192.50467
20240704163004,192.10316
20240704164004,189.72631
20240704165004,190.76166
20240509090005,230.07919
20240509091005,223.58868
20240509092005,229.2642
20240509093005,274.4463
20240509094005,322.40002
20240509095005,382.51429
20240509100005,612.90204
20240509101005,427.43462
20240509102005,455.29732
20240509103005,699.4632
20240509104005,521.86873
20240509105005,391.09385
20240509110005,383.80145
20240509111005,411.76402
20240509112005,391.8983
20240509113005,409.80471
20240509114005,588.33494
20240509115005,558.48796
20240509120005,515.11279
20240509121005,525.88335
20240509122005,342.2651
20240509123005,307.16564
20240509124005,289.89954
20240509125005,235.65015
20240509130005,219.98524
20240509131005,214.25615
20240509132005,212.58712
20240509133005,205.34633
20240509134005,198.86088
20240509135005,193.62299
20240509140005,189.44494
20240509141005,187.89143
20240509142005,187.59505
20240509143005,187.15423
20240509144005,187.10162
20240509145005,186.98453
20240509150005,184.85519
20240509151005,184.33194
20240509152005,184.22874
20240509153005,184.15058
20240509154005,184.19771
20240509155005,184.25425
20240509160005,201.45324
20240509161005,197.26051
20240509162005,192.50467
20240509163005,192.10316
20240509164005,189.72631
20240509165005,190.76166
20240514090005,240.60631
20240514091005,223.81489
20240514092005,255.36731
20240514093005,306.17789
20240514094005,304.13481
20240514095005,322.31423
20240514100005,627.53561
20240514101005,385.65764
20240514102005,457.78973
20240514103005,677.82454
20240514104005,521.83212
20240514105005,392.31597
20240514110005,383.80145
20240514111005,411.76402
20240514112005,391.8983
20240514113005,409.80471
20240514114005,588.33494
20240514115005,558.48796
20240514120005,515.11279
20240514121005,525.88335
20240514122005,342.2651
20240514123005,307.16564
20240514124005,289.89954
20240514125005,235.65015
20240514130005,219.98524
20240514131005,214.25615
20240514132005,212.58712
20240514133005,205.34633
20240514134005,198.86088
20240514135005,193.62299
20240514140005,189.44494
20240514141005,187.89143
20240514142005,187.59505
20240514143005,187.15423
20240514144005,187.10162
20240514145005,186.98453
20240514150005,184.85519
20240514151005,184.33194
20240514152005,184.22874
20240514153005,184.15058
20240514154005,184.19771
20240514155005,184.25425
20240514160005,201.45324
20240514161005,197.26051
20240514162005,192.50467
20240514163005,192.10316
20240514164005,189.72631
20240514165005,190.76166
20240615090005,464.74508
20240615091005,208.85121
20240615092005,213.13851
20240615093005,577.30527
20240615094005,513.6936
20240615095005,527.01337
20240615100005,774.64865
20240615101005,656.11845
20240615102005,368.08014
20240615103005,366.92622
20240615104005,519.98603
20240615105005,404.37914
20240615110005,383.80145
20240615111005,411.76402
20240615112005,391.8983
20240615113005,409.80471
20240615114005,588.33494
20240615115005,558.48796
20240615120005,515.11279
20240615121005,525.88335
20240615122005,342.2651
20240615123005,307.16564
20240615124005,289.89954
20240615125005,235.65015
20240615130005,219.98524
20240615131005,214.25615
20240615132005,212.58712
20240615133005,205.34633
20240615134005,198.86088
20240615135005,193.62299
20240615140005,189.44494
20240615141005,187.89143
20240615142005,187.59505
20240615143005,187.15423
20240615144005,187.10162
20240615145005,186.98453
20240615150005,184.85519
20240615151005,184.33194
20240615152005,184.22874
20240615153005,184.15058
20240615154005,184.19771
20240615155005,184.25425
20240615160005,201.45324
20240615161005,197.26051
20240615162005,192.50467
20240615163005,192.10316
20240615164005,189.72631
20240615165005,190.76166
20240620090005,349.69518
20240620091005,215.60711
20240620092005,208.39814
20240620093005,563.85366
20240620094005,435.44984
20240620095005,363.1848
20240620100005,778.88561
20240620101005,521.27834
20240620102005,359.2518
20240620103005,302.91194
20240620104005,471.58795
20240620105005,393.73775
20240620110005,383.80145
20240620111005,411.76402
20240620112005,391.8983
20240620113005,409.80471
20240620114005,588.33494
20240620115005,558.48796
20240620120005,515.11279
20240620121005,525.88335
20240620122005,342.2651
20240620123005,307.16564
20240620124005,289.89954
20240620125005,235.65015
20240620130005,219.98524
20240620131005,214.25615
20240620132005,212.58712
20240620133005,205.34633
20240620134005,198.86088
20240620135005,193.62299
20240620140005,189.44494
20240620141005,187.89143
20240620142005,187.59505
20240620143005,187.15423
20240620144005,187.10162
20240620145005,186.98453
20240620150005,184.85519
20240620151005,184.33194
20240620152005,184.22874
20240620153005,184.15058
20240620154005,184.19771
20240620155005,184.25425
20240620160005,201.45324
20240620161005,197.26051
20240620162005,192.50467
20240620163005,192.10316
20240620164005,189.72631
20240620165005,190.76166
20240706090005,329.6963
20240706091005,226.98697
20240706092005,290.8357
20240706093005,697.93841
20240706094005,673.97494
20240706095005,385.69077
20240706100005,842.691
20240706101005,907.07818
20240706102005,307.4631
20240706103005,312.1131
20240706104005,522.89976
20240706105005,447.80741
20240706110005,383.80145
20240706111005,411.76402
20240706112005,391.8983
20240706113005,409.80471
20240706114005,588.33494
20240706115005,558.48796
20240706120005,515.11279
20240706121005,525.88335
20240706122005,342.2651
20240706123005,307.16564
20240706124005,289.89954
20240706125005,235.65015
20240706130005,219.98524
20240706131005,214.25615
20240706132005,212.58712
20240706133005,205.34633
20240706134005,198.86088
20240706135005,193.62299
20240706140005,189.44494
20240706141005,187.89143
20240706142005,187.59505
20240706143005,187.15423
20240706144005,187.10162
20240706145005,186.98453
20240706150005,184.85519
20240706151005,184.33194
20240706152005,184.22874
20240706153005,184.15058
20240706154005,184.19771
20240706155005,184.25425
20240706160005,201.45324
20240706161005,197.26051
20240706162005,192.50467
20240706163005,192.10316
20240706164005,189.72631
20240706165005,190.76166
20240708090005,342.07241
20240708091005,203.75421
20240708092005,211.03643
20240708093005,598.53821
20240708094005,513.68855
20240708095005,496.96537
20240708100005,838.909
20240708101005,690.29937
20240708102005,334.83457
20240708103005,327.63498
20240708104005,517.60635
20240708105005,403.76023
20240708110005,383.80145
20240708111005,411.76402
20240708112005,391.8983
20240708113005,409.80471
20240708114005,588.33494
20240708115005,558.48796
20240708120005,515.11279
20240708121005,525.88335
20240708122005,342.2651
20240708123005,307.16564
20240708124005,289.89954
20240708125005,235.65015
20240708130005,219.98524
20240708131005,214.25615
20240708132005,212.58712
20240708133005,205.34633
20240708134005,198.86088
20240708135005,193.62299
20240708140005,189.44494
20240708141005,187.89143
20240708142005,187.59505
20240708143005,187.15423
20240708144005,187.10162
20240708145005,186.98453
20240708150005,184.85519
20240708151005,184.33194
20240708152005,184.22874
20240708153005,184.15058
20240708154005,184.19771
20240708155005,184.25425
20240708160005,201.45324
20240708161005,197.26051
20240708162005,192.50467
20240708163005,192.10316
20240708164005,189.72631
20240708165005,190.76166
20240520090006,443.27122
20240520091006,236.9198
20240520092006,232.90198
20240520093006,283.34689
20240520094006,249.94708
20240520095006,294.51905
20240520100006,698.73129
20240520101006,555.39804
20240520102006,512.87777
20240520103006,688.38041
20240520104006,526.74831
20240520105006,401.17293
20240520110006,383.80145
20240520111006,411.76402
20240520112006,391.8983
20240520113006,409.80471
20240520114006,588.33494
20240520115006,558.48796
20240520120006,515.11279
20240520121006,525.88335
20240520122006,342.2651
20240520123006,307.16564
20240520124006,289.89954
20240520125006,235.65015
20240520130006,219.98524
20240520131006,214.25615
20240520132006,212.58712
20240520133006,205.34633
20240520134006,198.86088
20240520135006,193.62299
20240520140006,189.44494
20240520141006,187.89143
20240520142006,187.59505
20240520143006,187.15423
20240520144006,187.10162
20240520145006,186.98453
20240520150006,184.85519
20240520151006,184.33194
20240520152006,184.22874
20240520153006,184.15058
20240520154006,184.19771
20240520155006,184.25425
20240520160006,201.45324
20240520161006,197.26051
20240520162006,192.50467
20240520163006,192.10316
20240520164006,189.72631
20240520165006,190.76166
20240527090006,387.25395
20240527091006,235.47939
20240527092006,250.77714
20240527093006,332.80094
20240527094006,392.25873
20240527095006,488.0065
20240527100006,763.52448
20240527101006,539.98916
20240527102006,426.70276
20240527103006,527.34894
20240527104006,473.25921
20240527105006,389.39823
20240527110006,383.80145
20240527111006,411.76402
20240527112006,391.8983
20240527113006,409.80471
20240527114006,588.33494
20240527115006,558.48796
20240527120006,515.11279
20240527121006,525.88335
20240527122006,342.2651
20240527123006,307.16564
20240527124006,289.89954
20240527125006,235.65015
20240527130006,219.98524
20240527131006,214.25615
20240527132006,212.58712
20240527133006,205.34633
20240527134006,198.86088
20240527135006,193.62299
20240527140006,189.44494
20240527141006,187.89143
20240527142006,187.59505
20240527143006,187.15423
20240527144006,187.10162
20240527145006,186.98453
20240527150006,184.85519
20240527151006,184.33194
20240527152006,184.22874
20240527153006,184.15058
20240527154006,184.19771
20240527155006,184.25425
20240527160006,201.45324
20240527161006,197.26051
20240527162006,192.50467
20240527163006,192.10316
20240527164006,189.72631
20240527165006,190.76166
20240625090006,620.07038
20240625091006,300.43657
20240625092006,341.98716
20240625093006,678.23009
20240625094006,574.50234
20240625095006,519.07288
20240625100006,774.91655
20240625101006,598.34179
20240625102006,384.09604
20240625103006,322.32692
20240625104006,540.07902
20240625105006,407.80997
20240625110006,383.80145
20240625111006,411.76402
20240625112006,391.8983
20240625113006,409.80471
20240625114006,588.33494
20240625115006,558.48796
20240625120006,515.11279
20240625121006,525.88335
20240625122006,342.2651
20240625123006,307.16564
20240625124006,289.89954
20240625125006,235.65015
20240625130006,219.98524
20240625131006,214.25615
20240625132006,212.58712
20240625133006,205.34633
20240625134006,198.86088
20240625135006,193.62299
20240625140006,189.44494
20240625141006,187.89143
20240625142006,187.59505
20240625143006,187.15423
20240625144006,187.10162
20240625145006,186.98453
20240625150006,184.85519
20240625151006,184.33194
20240625152006,184.22874
20240625153006,184.15058
20240625154006,184.19771
20240625155006,184.25425
20240625160006,201.45324
20240625161006,197.26051
20240625162006,192.50467
20240625163006,192.10316
20240625164006,189.72631
20240625165006,190.76166
20240629090006,632.80175
20240629091006,292.87967
20240629092006,352.49296
20240629093006,696.24217
20240629094006,494.24919
20240629095006,613.76152
20240629100006,758.34858
20240629101006,571.53991
20240629102006,377.12353
20240629103006,332.13012
20240629104006,549.73826
20240629105006,407.80748
20240629110006,383.80145
20240629111006,411.76402
20240629112006,391.8983
20240629113006,409.80471
20240629114006,588.33494
20240629115006,558.48796
20240629120006,515.11279
20240629121006,525.88335
20240629122006,342.2651
20240629123006,307.16564
20240629124006,289.89954
20240629125006,235.65015
20240629130006,219.98524
20240629131006,214.25615
20240629132006,212.58712
20240629133006,205.34633
20240629134006,198.86088
20240629135006,193.62299
20240629140006,189.44494
20240629141006,187.89143
20240629142006,187.59505
20240629143006,187.15423
20240629144006,187.10162
20240629145006,186.98453
20240629150006,184.85519
20240629151006,184.33194
20240629152006,184.22874
20240629153006,184.15058
20240629154006,184.19771
20240629155006,184.25425
20240629160006,201.45324
20240629161006,197.26051
20240629162006,192.50467
20240629163006,192.10316
20240629164006,189.72631
20240629165006,190.76166
20240706090006,695.85356
20240706091006,348.50126
20240706092006,340.56117
20240706093006,618.02213
20240706094006,693.30051
20240706095006,831.36721
20240706100006,843.05434
20240706101006,655.16262
20240706102006,338.2455
20240706103006,329.97039
20240706104006,569.17197
20240706105006,447.88385
20240706110006,383.80145
20240706111006,411.76402
20240706112006,391.8983
20240706113006,409.80471
20240706114006,588.33494
20240706115006,558.48796
20240706120006,515.11279
20240706121006,525.88335
20240706122006,342.2651
20240706123006,307.16564
20240706124006,289.89954
20240706125006,235.65015
20240706130006,219.98524
20240706131006,214.25615
20240706132006,212.58712
20240706133006,205.34633
20240706134006,198.86088
20240706135006,193.62299
20240706140006,189.44494
20240706141006,187.89143
20240706142006,187.59505
20240706143006,187.15423
20240706144006,187.10162
20240706145006,186.98453
20240706150006,184.85519
20240706151006,184.33194
20240706152006,184.22874
20240706153006,184.15058
20240706154006,184.19771
20240706155006,184.25425
20240706160006,201.45324
20240706161006,197.26051
20240706162006,192.50467
20240706163006,192.10316
20240706164006,189.72631
20240706165006,190.76166
20240722090006,688.85225
20240722091006,318.3962
20240722092006,320.76387
20240722093006,627.96555
20240722094006,579.96872
20240722095006,653.87039
20240722100006,802.90988
20240722101006,671.94531
20240722102006,376.87321
20240722103006,330.41924
20240722104006,558.93446
20240722105006,444.77219
20240722110006,383.80145
20240722111006,411.76402
20240722112006,391.8983
20240722113006,409.80471
20240722114006,588.33494
20240722115006,558.48796
20240722120006,515.11279
20240722121006,525.88335
20240722122006,342.2651
20240722123006,307.16564
20240722124006,289.89954
20240722125006,235.65015
20240722130006,219.98524
20240722131006,214.25615
20240722132006,212.58712
20240722133006,205.34633
20240722134006,198.86088
20240722135006,193.62299
20240722140006,189.44494
20240722141006,187.89143
20240722142006,187.59505
20240722143006,187.15423
20240722144006,187.10162
20240722145006,186.98453
20240722150006,184.85519
20240722151006,184.33194
20240722152006,184.22874
20240722153006,184.15058
20240722154006,184.19771
20240722155006,184.25425
20240722160006,201.45324
20240722161006,197.26051
20240722162006,192.50467
20240722163006,192.10316
20240722164006,189.72631
20240722165006,190.76166
20240526090007,280.04007
20240526091007,235.21024
20240526092007,233.08793
20240526093007,289.72782
20240526094007,232.57275
20240526095007,325.02949
20240526100007,654.88781
20240526101007,468.98296
20240526102007,429.77947
20240526103007,686.03269
20240526104007,517.76246
20240526105007,391.12351
20240526110007,383.80145
20240526111007,411.76402
20240526112007,391.8983
20240526113007,409.80471
20240526114007,588.33494
20240526115007,558.48796
20240526120007,515.11279
20240526121007,525.88335
20240526122007,342.2651
20240526123007,307.16564
20240526124007,289.89954
20240526125007,235.65015
20240526130007,219.98524
20240526131007,214.25615
20240526132007,212.58712
20240526133007,205.34633
20240526134007,198.86088
20240526135007,193.62299
20240526140007,189.44494
20240526141007,187.89143
20240526142007,187.59505
20240526143007,187.15423
20240526144007,187.10162
20240526145007,186.98453
20240526150007,184.85519
20240526151007,184.33194
20240526152007,184.22874
20240526153007,184.15058
20240526154007,184.19771
20240526155007,184.25425
20240526160007,201.45324
20240526161007,197.26051
20240526162007,192.50467
20240526163007,192.10316
20240526164007,189.72631
20240526165007,190.76166
20240612090007,620.80146
20240612091007,273.9921
20240612092007,379.65796
20240612093007,738.6105
20240612094007,418.86985
20240612095007,429.95728
20240612100007,658.91312
20240612101007,373.09943
20240612102007,536.6445
20240612103007,571.46389
20240612104007,610.36851
20240612105007,409.68249
20240612110007,383.80145
20240612111007,411.76402
20240612112007,391.8983
20240612113007,409.80471
20240612114007,588.33494
20240612115007,558.48796
20240612120007,515.11279
20240612121007,525.88335
20240612122007,342.2651
20240612123007,307.16564
20240612124007,289.89954
20240612125007,235.65015
20240612130007,219.98524
20240612131007,214.25615
20240612132007,212.58712
20240612133007,205.34633
20240612134007,198.86088
20240612135007,193.62299
20240612140007,189.44494
20240612141007,187.89143
20240612142007,187.59505
20240612143007,187.15423
20240612144007,187.10162
20240612145007,186.98453
20240612150007,184.85519
20240612151007,184.33194
20240612152007,184.22874
20240612153007,184.15058
20240612154007,184.19771
20240612155007,184.25425
20240612160007,201.45324
20240612161007,197.26051
20240612162007,192.50467
20240612163007,192.10316
20240612164007,189.72631
20240612165007,190.76166
20240615090007,718.35595
20240615091007,381.63341
20240615092007,336.23499
20240615093007,773.20842
20240615094007,391.88515
20240615095007,514.4378
20240615100007,782.55163
20240615101007,426.91007
20240615102007,381.42169
20240615103007,363.65548
20240615104007,545.39652
20240615105007,398.87757
20240615110007,383.80145
20240615111007,411.76402
20240615112007,391.8983
20240615113007,409.80471
20240615114007,588.33494
20240615115007,558.48796
20240615120007,515.11279
20240615121007,525.88335
20240615122007,342.2651
20240615123007,307.16564
20240615124007,289.89954
20240615125007,235.65015
20240615130007,219.98524
20240615131007,214.25615
20240615132007,212.58712
20240615133007,205.34633
20240615134007,198.86088
20240615135007,193.62299
20240615140007,189.44494
20240615141007,187.89143
20240615142007,187.59505
20240615143007,187.15423
20240615144007,187.10162
20240615145007,186.98453
20240615150007,184.85519
20240615151007,184.33194
20240615152007,184.22874
20240615153007,184.15058
20240615154007,184.19771
20240615155007,184.25425
20240615160007,201.45324
20240615161007,197.26051
20240615162007,192.50467
20240615163007,192.10316
20240615164007,189.72631
20240615165007,190.76166
20240717090007,760.44345
20240717091007,350.2034
20240717092007,408.57444
20240717093007,665.70121
20240717094007,436.37356
20240717095007,828.00304
20240717100007,865.67137
20240717101007,426.63469
20240717102007,392.02185
20240717103007,338.49315
20240717104007,580.05272
20240717105007,411.74033
20240717110007,383.80145
20240717111007,411.76402
20240717112007,391.8983
20240717113007,409.80471
20240717114007,588.33494
20240717115007,558.48796
20240717120007,515.11279
20240717121007,525.88335
20240717122007,342.2651
20240717123007,307.16564
20240717124007,289.89954
20240717125007,235.65015
20240717130007,219.98524
20240717131007,214.25615
20240717132007,212.58712
20240717133007,205.34633
20240717134007,198.86088
20240717135007,193.62299
20240717140007,189.44494
20240717141007,187.89143
20240717142007,187.59505
20240717143007,187.15423
20240717144007,187.10162
20240717145007,186.98453
20240717150007,184.85519
20240717151007,184.33194
20240717152007,184.22874
20240717153007,184.15058
20240717154007,184.19771
20240717155007,184.25425
20240717160007,201.45324
20240717161007,197.26051
20240717162007,192.50467
20240717163007,192.10316
20240717164007,189.72631
20240717165007,190.76166
20240124090008,189.68292
20240124091008,190.26276
20240124092008,196.30476
20240124093008,202.929
20240124094008,239.8361
20240124095008,333.59565
20240124100008,386.44019
20240124101008,382.00899
20240124102008,434.34731
20240124103008,510.46618
20240124104008,469.78031
20240124105008,392.09726
20240124110008,383.80145
20240124111008,411.76402
20240124112008,391.8983
20240124113008,409.80471
20240124114008,588.33494
20240124115008,558.48796
20240124120008,515.11279
20240124121008,525.88335
20240124122008,342.2651
20240124123008,307.16564
20240124124008,289.89954
20240124125008,235.65015
20240124130008,219.98524
20240124131008,214.25615
20240124132008,212.58712
20240124133008,205.34633
20240124134008,198.86088
20240124135008,193.62299
20240124140008,189.44494
20240124141008,187.89143
20240124142008,187.59505
20240124143008,187.15423
20240124144008,187.10162
20240124145008,186.98453
20240124150008,184.85519
20240124151008,184.33194
20240124152008,184.22874
20240124153008,184.15058
20240124154008,184.19771
20240124155008,184.25425
20240124160008,201.45324
20240124161008,197.26051
20240124162008,192.50467
20240124163008,192.10316
20240124164008,189.72631
20240124165008,190.76166
20240128090008,188.64035
20240128091008,189.21314
20240128092008,196.34963
20240128093008,203.33179
20240128094008,251.19026
20240128095008,304.49929
20240128100008,453.53435
20240128101008,426.36006
20240128102008,396.95452
20240128103008,461.80212
20240128104008,472.02355
20240128105008,391.51787
20240128110008,383.80145
20240128111008,411.76402
20240128112008,391.8983
20240128113008,409.80471
20240128114008,588.33494
20240128115008,558.48796
20240128120008,515.11279
20240128121008,525.88335
20240128122008,342.2651
20240128123008,307.16564
20240128124008,289.89954
20240128125008,235.65015
20240128130008,219.98524
20240128131008,214.25615
20240128132008,212.58712
20240128133008,205.34633
20240128134008,198.86088
20240128135008,193.62299
20240128140008,189.44494
20240128141008,187.89143
20240128142008,187.59505
20240128143008,187.15423
20240128144008,187.10162
20240128145008,186.98453
20240128150008,184.85519
20240128151008,184.33194
20240128152008,184.22874
20240128153008,184.15058
20240128154008,184.19771
20240128155008,184.25425
20240128160008,201.45324
20240128161008,197.26051
20240128162008,192.50467
20240128163008,192.10316
20240128164008,189.72631
20240128165008,190.76166
20240204090008,196.42912
20240204091008,196.50281
20240204092008,228.91653
20240204093008,233.00266
20240204094008,352.627
20240204095008,466.18607
20240204100008,519.92141
20240204101008,456.53735
20240204102008,431.98225
20240204103008,438.10022
20240204104008,483.02417
20240204105008,398.76389
20240204110008,383.80145
20240204111008,411.76402
20240204112008,391.8983
20240204113008,409.80471
20240204114008,588.33494
20240204115008,558.48796
20240204120008,515.11279
20240204121008,525.88335
20240204122008,342.2651
20240204123008,307.16564
20240204124008,289.89954
20240204125008,235.65015
20240204130008,219.98524
20240204131008,214.25615
20240204132008,212.58712
20240204133008,205.34633
20240204134008,198.86088
20240204135008,193.62299
20240204140008,189.44494
20240204141008,187.89143
20240204142008,187.59505
20240204143008,187.15423
20240204144008,187.10162
20240204145008,186.98453
20240204150008,184.85519
20240204151008,184.33194
20240204152008,184.22874
20240204153008,184.15058
20240204154008,184.19771
20240204155008,184.25425
20240204160008,201.45324
20240204161008,197.26051
20240204162008,192.50467
20240204163008,192.10316
20240204164008,189.72631
20240204165008,190.76166
20240218090008,192.40384
20240218091008,196.33152
20240218092008,241.56796
20240218093008,279.60495
20240218094008,339.77762
20240218095008,609.34901
20240218100008,473.91618
20240218101008,445.16743
20240218102008,437.30795
20240218103008,431.65133
20240218104008,512.97783
20240218105008,402.59101
20240218110008,383.80145
20240218111008,411.76402
20240218112008,391.8983
20240218113008,409.80471
20240218114008,588.33494
20240218115008,558.48796
20240218120008,515.11279
20240218121008,525.88335
20240218122008,342.2651
20240218123008,307.16564
20240218124008,289.89954
20240218125008,235.65015
20240218130008,219.98524
20240218131008,214.25615
20240218132008,212.58712
20240218133008,205.34633
20240218134008,198.86088
20240218135008,193.62299
20240218140008,189.44494
20240218141008,187.89143
20240218142008,187.59505
20240218143008,187.15423
20240218144008,187.10162
20240218145008,186.98453
20240218150008,184.85519
20240218151008,184.33194
20240218152008,184.22874
20240218153008,184.15058
20240218154008,184.19771
20240218155008,184.25425
20240218160008,201.45324
20240218161008,197.26051
20240218162008,192.50467
20240218163008,192.10316
20240218164008,189.72631
20240218165008,190.76166
20240305090008,196.58472
20240305091008,229.48564
20240305092008,252.88805
20240305093008,229.9834
20240305094008,235.04114
20240305095008,664.63442
20240305100008,751.40015
20240305101008,336.18568
20240305102008,329.19549
20240305103008,309.84521
20240305104008,566.09428
20240305105008,473.13528
20240305110008,383.80145
20240305111008,411.76402
20240305112008,391.8983
20240305113008,409.80471
20240305114008,588.33494
20240305115008,558.48796
20240305120008,515.11279
20240305121008,525.88335
20240305122008,342.2651
20240305123008,307.16564
20240305124008,289.89954
20240305125008,235.65015
20240305130008,219.98524
20240305131008,214.25615
20240305132008,212.58712
20240305133008,205.34633
20240305134008,198.86088
20240305135008,193.62299
20240305140008,189.44494
20240305141008,187.89143
20240305142008,187.59505
20240305143008,187.15423
20240305144008,187.10162
20240305145008,186.98453
20240305150008,184.85519
20240305151008,184.33194
20240305152008,184.22874
20240305153008,184.15058
20240305154008,184.19771
20240305155008,184.25425
20240305160008,201.45324
20240305161008,197.26051
20240305162008,192.50467
20240305163008,192.10316
20240305164008,189.72631
20240305165008,190.76166
20240325090008,196.74186
20240325091008,193.57351
20240325092008,211.7376
20240325093008,232.88122
20240325094008,323.62105
20240325095008,460.48023
20240325100008,463.37935
20240325101008,329.44124
20240325102008,416.78264
20240325103008,537.71583
20240325104008,541.35634
20240325105008,398.18523
20240325110008,383.80145
20240325111008,411.76402
20240325112008,391.8983
20240325113008,409.80471
20240325114008,588.33494
20240325115008,558.48796
20240325120008,515.11279
20240325121008,525.88335
20240325122008,342.2651
20240325123008,307.16564
20240325124008,289.89954
20240325125008,235.65015
20240325130008,219.98524
20240325131008,214.25615
20240325132008,212.58712
20240325133008,205.34633
20240325134008,198.86088
20240325135008,193.62299
20240325140008,189.44494
20240325141008,187.89143
20240325142008,187.59505
20240325143008,187.15423
20240325144008,187.10162
20240325145008,186.98453
20240325150008,184.85519
20240325151008,184.33194
20240325152008,184.22874
20240325153008,184.15058
20240325154008,184.19771
20240325155008,184.25425
20240325160008,201.45324
20240325161008,197.26051
20240325162008,192.50467
20240325163008,192.10316
20240325164008,189.72631
20240325165008,190.76166
20240518090008,192.95818
20240518091008,201.362
20240518092008,229.2294
20240518093008,298.74713
20240518094008,675.47277
20240518095008,627.6588
20240518100008,441.58285
20240518101008,383.57034
20240518102008,416.29187
20240518103008,589.52098
20240518104008,521.34481
20240518105008,394.00964
20240518110008,383.80145
20240518111008,411.76402
20240518112008,391.8983
20240518113008,409.80471
20240518114008,588.33494
20240518115008,558.48796
20240518120008,515.11279
20240518121008,525.88335
20240518122008,342.2651
20240518123008,307.16564
20240518124008,289.89954
20240518125008,235.65015
20240518130008,219.98524
20240518131008,214.25615
20240518132008,212.58712
20240518133008,205.34633
20240518134008,198.86088
20240518135008,193.62299
20240518140008,189.44494
20240518141008,187.89143
20240518142008,187.59505
20240518143008,187.15423
20240518144008,187.10162
20240518145008,186.98453
20240518150008,184.85519
20240518151008,184.33194
20240518152008,184.22874
20240518153008,184.15058
20240518154008,184.19771
20240518155008,184.25425
20240518160008,201.45324
20240518161008,197.26051
20240518162008,192.50467
20240518163008,192.10316
20240518164008,189.72631
20240518165008,190.76166
20240526090008,200.37863
20240526091008,207.16045
20240526092008,221.07871
20240526093008,238.06326
20240526094008,679.19459
20240526095008,585.41008
20240526100008,558.95437
20240526101008,528.58035
20240526102008,396.10492
20240526103008,627.33996
20240526104008,522.4947
20240526105008,392.96429
20240526110008,383.80145
20240526111008,411.76402
20240526112008,391.8983
20240526113008,409.80471
20240526114008,588.33494
20240526115008,558.48796
20240526120008,515.11279
20240526121008,525.88335
20240526122008,342.2651
20240526123008,307.16564
20240526124008,289.89954
20240526125008,235.65015
20240526130008,219.98524
20240526131008,214.25615
20240526132008,212.58712
20240526133008,205.34633
20240526134008,198.86088
20240526135008,193.62299
20240526140008,189.44494
20240526141008,187.89143
20240526142008,187.59505
20240526143008,187.15423
20240526144008,187.10162
20240526145008,186.98453
20240526150008,184.85519
20240526151008,184.33194
20240526152008,184.22874
20240526153008,184.15058
20240526154008,184.19771
20240526155008,184.25425
20240526160008,201.45324
20240526161008,197.26051
20240526162008,192.50467
20240526163008,192.10316
20240526164008,189.72631
20240526165008,190.76166
20240529090008,199.89514
20240529091008,203.1348
20240529092008,227.19499
20240529093008,253.14477
20240529094008,500.10234
20240529095008,533.47579
20240529100008,387.3718
20240529101008,366.4152
20240529102008,431.92178
20240529103008,655.18976
20240529104008,547.05836
20240529105008,398.62217
20240529110008,383.80145
20240529111008,411.76402
20240529112008,391.8983
20240529113008,409.80471
20240529114008,588.33494
20240529115008,558.48796
20240529120008,515.11279
20240529121008,525.88335
20240529122008,342.2651
20240529123008,307.16564
20240529124008,289.89954
20240529125008,235.65015
20240529130008,219.98524
20240529131008,214.25615
20240529132008,212.58712
20240529133008,205.34633
20240529134008,198.86088
20240529135008,193.62299
20240529140008,189.44494
20240529141008,187.89143
20240529142008,187.59505
20240529143008,187.15423
20240529144008,187.10162
20240529145008,186.98453
20240529150008,184.85519
20240529151008,184.33194
20240529152008,184.22874
20240529153008,184.15058
20240529154008,184.19771
20240529155008,184.25425
20240529160008,201.45324
20240529161008,197.26051
20240529162008,192.50467
20240529163008,192.10316
20240529164008,189.72631
20240529165008,190.76166
20240607090008,197.88066
20240607091008,202.3845
20240607092008,226.25372
20240607093008,230.85237
20240607094008,531.7976
20240607095008,624.26916
20240607100008,336.2264
20240607101008,303.55689
20240607102008,430.99983
20240607103008,566.00595
20240607104008,521.44637
20240607105008,396.39775
20240607110008,383.80145
20240607111008,411.76402
20240607112008,391.8983
20240607113008,409.80471
20240607114008,588.33494
20240607115008,558.48796
20240607120008,515.11279
20240607121008,525.88335
20240607122008,342.2651
20240607123008,307.16564
20240607124008,289.89954
20240607125008,235.65015
20240607130008,219.98524
20240607131008,214.25615
20240607132008,212.58712
20240607133008,205.34633
20240607134008,198.86088
20240607135008,193.62299
20240607140008,189.44494
20240607141008,187.89143
20240607142008,187.59505
20240607143008,187.15423
20240607144008,187.10162
20240607145008,186.98453
20240607150008,184.85519
20240607151008,184.33194
20240607152008,184.22874
20240607153008,184.15058
20240607154008,184.19771
20240607155008,184.25425
20240607160008,201.45324
20240607161008,197.26051
20240607162008,192.50467
20240607163008,192.10316
20240607164008,189.72631
20240607165008,190.76166
20240613090008,195.4175
20240613091008,197.29496
20240613092008,242.99455
20240613093008,228.29266
20240613094008,558.78321
20240613095008,599.78507
20240613100008,372.75279
20240613101008,322.61394
20240613102008,438.80622
20240613103008,605.26165
20240613104008,520.03261
20240613105008,392.449
20240613110008,383.80145
20240613111008,411.76402
20240613112008,391.8983
20240613113008,409.80471
20240613114008,588.33494
20240613115008,558.48796
20240613120008,515.11279
20240613121008,525.88335
20240613122008,342.2651
20240613123008,307.16564
20240613124008,289.89954
20240613125008,235.65015
20240613130008,219.98524
20240613131008,214.25615
20240613132008,212.58712
20240613133008,205.34633
20240613134008,198.86088
20240613135008,193.62299
20240613140008,189.44494
20240613141008,187.89143
20240613142008,187.59505
20240613143008,187.15423
20240613144008,187.10162
20240613145008,186.98453
20240613150008,184.85519
20240613151008,184.33194
20240613152008,184.22874
20240613153008,184.15058
20240613154008,184.19771
20240613155008,184.25425
20240613160008,201.45324
20240613161008,197.26051
20240613162008,192.50467
20240613163008,192.10316
20240613164008,189.72631
20240613165008,190.76166
20240628090008,207.13875
20240628091008,197.4678
20240628092008,231.04587
20240628093008,206.93215
20240628094008,367.95999
20240628095008,464.05219
20240628100008,705.80604
20240628101008,391.50261
20240628102008,363.00744
20240628103008,284.20337
20240628104008,406.34649
20240628105008,391.93524
20240628110008,383.80145
20240628111008,411.76402
20240628112008,391.8983
20240628113008,409.80471
20240628114008,588.33494
20240628115008,558.48796
20240628120008,515.11279
20240628121008,525.88335
20240628122008,342.2651
20240628123008,307.16564
20240628124008,289.89954
20240628125008,235.65015
20240628130008,219.98524
20240628131008,214.25615
20240628132008,212.58712
20240628133008,205.34633
20240628134008,198.86088
20240628135008,193.62299
20240628140008,189.44494
20240628141008,187.89143
20240628142008,187.59505
20240628143008,187.15423
20240628144008,187.10162
20240628145008,186.98453
20240628150008,184.85519
20240628151008,184.33194
20240628152008,184.22874
20240628153008,184.15058
20240628154008,184.19771
20240628155008,184.25425
20240628160008,201.45324
20240628161008,197.26051
20240628162008,192.50467
20240628163008,192.10316
20240628164008,189.72631
20240628165008,190.76166
20240705090008,199.49935
20240705091008,206.42878
20240705092008,240.99658
20240705093008,205.65862
20240705094008,358.24331
20240705095008,594.13728
20240705100008,847.37322
20240705101008,429.85855
20240705102008,317.53683
20240705103008,303.47632
20240705104008,470.27988
20240705105008,426.22223
20240705110008,383.80145
20240705111008,411.76402
20240705112008,391.8983
20240705113008,409.80471
20240705114008,588.33494
20240705115008,558.48796
20240705120008,515.11279
20240705121008,525.88335
20240705122008,342.2651
20240705123008,307.16564
20240705124008,289.89954
20240705125008,235.65015
20240705130008,219.98524
20240705131008,214.25615
20240705132008,212.58712
20240705133008,205.34633
20240705134008,198.86088
20240705135008,193.62299
20240705140008,189.44494
20240705141008,187.89143
20240705142008,187.59505
20240705143008,187.15423
20240705144008,187.10162
20240705145008,186.98453
20240705150008,184.85519
20240705151008,184.33194
20240705152008,184.22874
20240705153008,184.15058
20240705154008,184.19771
20240705155008,184.25425
20240705160008,201.45324
20240705161008,197.26051
20240705162008,192.50467
20240705163008,192.10316
20240705164008,189.72631
20240705165008,190.76166
20240709090008,205.12818
20240709091008,207.15794
20240709092008,207.54873
20240709093008,198.56147
20240709094008,227.87817
20240709095008,532.89786
20240709100008,782.33763
20240709101008,434.32786
20240709102008,326.6958
20240709103008,294.69795
20240709104008,450.72132
20240709105008,409.8046
20240709110008,383.80145
20240709111008,411.76402
20240709112008,391.8983
20240709113008,409.80471
20240709114008,588.33494
20240709115008,558.48796
20240709120008,515.11279
20240709121008,525.88335
20240709122008,342.2651
20240709123008,307.16564
20240709124008,289.89954
20240709125008,235.65015
20240709130008,219.98524
20240709131008,214.25615
20240709132008,212.58712
20240709133008,205.34633
20240709134008,198.86088
20240709135008,193.62299
20240709140008,189.44494
20240709141008,187.89143
20240709142008,187.59505
20240709143008,187.15423
20240709144008,187.10162
20240709145008,186.98453
20240709150008,184.85519
20240709151008,184.33194
20240709152008,184.22874
20240709153008,184.15058
20240709154008,184.19771
20240709155008,184.25425
20240709160008,201.45324
20240709161008,197.26051
20240709162008,192.50467
20240709163008,192.10316
20240709164008,189.72631
20240709165008,190.76166
20240715090008,203.17505
20240715091008,201.81822
20240715092008,223.57882
20240715093008,208.14231
20240715094008,385.0051
20240715095008,503.18555
20240715100008,708.48258
20240715101008,385.7197
20240715102008,338.45511
20240715103008,283.57057
20240715104008,407.3661
20240715105008,394.04837
20240715110008,383.80145
20240715111008,411.76402
20240715112008,391.8983
20240715113008,409.80471
20240715114008,588.33494
20240715115008,558.48796
20240715120008,515.11279
20240715121008,525.88335
20240715122008,342.2651
20240715123008,307.16564
20240715124008,289.89954
20240715125008,235.65015
20240715130008,219.98524
20240715131008,214.25615
20240715132008,212.58712
20240715133008,205.34633
20240715134008,198.86088
20240715135008,193.62299
20240715140008,189.44494
20240715141008,187.89143
20240715142008,187.59505
20240715143008,187.15423
20240715144008,187.10162
20240715145008,186.98453
20240715150008,184.85519
20240715151008,184.33194
20240715152008,184.22874
20240715153008,184.15058
20240715154008,184.19771
20240715155008,184.25425
20240715160008,201.45324
20240715161008,197.26051
20240715162008,192.50467
20240715163008,192.10316
20240715164008,189.72631
20240715165008,190.76166
20240719090008,202.96709
20240719091008,196.65374
20240719092008,229.62619
20240719093008,206.35097
20240719094008,301.3332
20240719095008,496.00885
20240719100008,780.83769
20240719101008,464.5425
20240719102008,327.07771
20240719103008,288.55814
20240719104008,449.13844
20240719105008,407.58612
20240719110008,383.80145
20240719111008,411.76402
20240719112008,391.8983
20240719113008,409.80471
20240719114008,588.33494
20240719115008,558.48796
20240719120008,515.11279
20240719121008,525.88335
20240719122008,342.2651
20240719123008,307.16564
20240719124008,289.89954
20240719125008,235.65015
20240719130008,219.98524
20240719131008,214.25615
20240719132008,212.58712
20240719133008,205.34633
20240719134008,198.86088
20240719135008,193.62299
20240719140008,189.44494
20240719141008,187.89143
20240719142008,187.59505
20240719143008,187.15423
20240719144008,187.10162
20240719145008,186.98453
20240719150008,184.85519
20240719151008,184.33194
20240719152008,184.22874
20240719153008,184.15058
20240719154008,184.19771
20240719155008,184.25425
20240719160008,201.45324
20240719161008,197.26051
20240719162008,192.50467
20240719163008,192.10316
20240719164008,189.72631
20240719165008,190.76166
20240309090009,193.89721
20240309091009,197.53085
20240309092009,206.52397
20240309093009,219.85914
20240309094009,273.66925
20240309095009,375.61225
20240309100009,525.8916
20240309101009,390.45607
20240309102009,461.75219
20240309103009,694.62726
20240309104009,517.22524
20240309105009,388.18139
20240309110009,383.80145
20240309111009,411.76402
20240309112009,391.8983
20240309113009,409.80471
20240309114009,588.33494
20240309115009,558.48796
20240309120009,515.11279
20240309121009,525.88335
20240309122009,342.2651
20240309123009,307.16564
20240309124009,289.89954
20240309125009,235.65015
20240309130009,219.98524
20240309131009,214.25615
20240309132009,212.58712
20240309133009,205.34633
20240309134009,198.86088
20240309135009,193.62299
20240309140009,189.44494
20240309141009,187.89143
20240309142009,187.59505
20240309143009,187.15423
20240309144009,187.10162
20240309145009,186.98453
20240309150009,184.85519
20240309151009,184.33194
20240309152009,184.22874
20240309153009,184.15058
20240309154009,184.19771
20240309155009,184.25425
20240309160009,201.45324
20240309161009,197.26051
20240309162009,192.50467
20240309163009,192.10316
20240309164009,189.72631
20240309165009,190.76166
20240314090009,188.40925
20240314091009,191.59536
20240314092009,197.21466
20240314093009,206.34647
20240314094009,279.11085
20240314095009,459.034
20240314100009,369.10986
20240314101009,374.53083
20240314102009,441.8571
20240314103009,654.20889
20240314104009,518.75546
20240314105009,387.82704
20240314110009,383.80145
20240314111009,411.76402
20240314112009,391.8983
20240314113009,409.80471
20240314114009,588.33494
20240314115009,558.48796
20240314120009,515.11279
20240314121009,525.88335
20240314122009,342.2651
20240314123009,307.16564
20240314124009,289.89954
20240314125009,235.65015
20240314130009,219.98524
20240314131009,214.25615
20240314132009,212.58712
20240314133009,205.34633
20240314134009,198.86088
20240314135009,193.62299
20240314140009,189.44494
20240314141009,187.89143
20240314142009,187.59505
20240314143009,187.15423
20240314144009,187.10162
20240314145009,186.98453
20240314150009,184.85519
20240314151009,184.33194
20240314152009,184.22874
20240314153009,184.15058
20240314154009,184.19771
20240314155009,184.25425
20240314160009,201.45324
20240314161009,197.26051
20240314162009,192.50467
20240314163009,192.10316
20240314164009,189.72631
20240314165009,190.76166
20240414090009,252.76185
20240414091009,215.1051
20240414092009,259.81749
20240414093009,238.79383
20240414094009,229.43674
20240414095009,372.00975
20240414100009,823.85679
20240414101009,534.04499
20240414102009,393.05585
20240414103009,297.89515
20240414104009,426.45605
20240414105009,383.70943
20240414110009,383.80145
20240414111009,411.76402
20240414112009,391.8983
20240414113009,409.80471
20240414114009,588.33494
20240414115009,558.48796
20240414120009,515.11279
20240414121009,525.88335
20240414122009,342.2651
20240414123009,307.16564
20240414124009,289.89954
20240414125009,235.65015
20240414130009,219.98524
20240414131009,214.25615
20240414132009,212.58712
20240414133009,205.34633
20240414134009,198.86088
20240414135009,193.62299
20240414140009,189.44494
20240414141009,187.89143
20240414142009,187.59505
20240414143009,187.15423
20240414144009,187.10162
20240414145009,186.98453
20240414150009,184.85519
20240414151009,184.33194
20240414152009,184.22874
20240414153009,184.15058
20240414154009,184.19771
20240414155009,184.25425
20240414160009,201.45324
20240414161009,197.26051
20240414162009,192.50467
20240414163009,192.10316
20240414164009,189.72631
20240414165009,190.76166
20240506090009,208.20599
20240506091009,205.88438
20240506092009,223.45651
20240506093009,305.69634
20240506094009,563.61804
20240506095009,370.91998
20240506100009,768.62505
20240506101009,427.28656
20240506102009,328.01351
20240506103009,300.54631
20240506104009,460.8117
20240506105009,400.50996
20240506110009,383.80145
20240506111009,411.76402
20240506112009,391.8983
20240506113009,409.80471
20240506114009,588.33494
20240506115009,558.48796
20240506120009,515.11279
20240506121009,525.88335
20240506122009,342.2651
20240506123009,307.16564
20240506124009,289.89954
20240506125009,235.65015
20240506130009,219.98524
20240506131009,214.25615
20240506132009,212.58712
20240506133009,205.34633
20240506134009,198.86088
20240506135009,193.62299
20240506140009,189.44494
20240506141009,187.89143
20240506142009,187.59505
20240506143009,187.15423
20240506144009,187.10162
20240506145009,186.98453
20240506150009,184.85519
20240506151009,184.33194
20240506152009,184.22874
20240506153009,184.15058
20240506154009,184.19771
20240506155009,184.25425
20240506160009,201.45324
20240506161009,197.26051
20240506162009,192.50467
20240506163009,192.10316
20240506164009,189.72631
20240506165009,190.76166
20240526090009,200.6466
20240526091009,201.99598
20240526092009,220.60903
20240526093009,219.41546
20240526094009,657.36654
20240526095009,555.90419
20240526100009,569.23886
20240526101009,516.31094
20240526102009,427.33233
20240526103009,654.28686
20240526104009,522.86262
20240526105009,392.10313
20240526110009,383.80145
20240526111009,411.76402
20240526112009,391.8983
20240526113009,409.80471
20240526114009,588.33494
20240526115009,558.48796
20240526120009,515.11279
20240526121009,525.88335
20240526122009,342.2651
20240526123009,307.16564
20240526124009,289.89954
20240526125009,235.65015
20240526130009,219.98524
20240526131009,214.25615
20240526132009,212.58712
20240526133009,205.34633
20240526134009,198.86088
20240526135009,193.62299
20240526140009,189.44494
20240526141009,187.89143
20240526142009,187.59505
20240526143009,187.15423
20240526144009,187.10162
20240526145009,186.98453
20240526150009,184.85519
20240526151009,184.33194
20240526152009,184.22874
20240526153009,184.15058
20240526154009,184.19771
20240526155009,184.25425
20240526160009,201.45324
20240526161009,197.26051
20240526162009,192.50467
20240526163009,192.10316
20240526164009,189.72631
20240526165009,190.76166
20240614090009,201.09068
20240614091009,199.92752
20240614092009,222.41036
20240614093009,250.56384
20240614094009,484.47037
20240614095009,535.65989
20240614100009,367.90954
20240614101009,319.20567
20240614102009,461.19074
20240614103009,627.22113
20240614104009,523.15536
20240614105009,391.33704
20240614110009,383.80145
20240614111009,411.76402
20240614112009,391.8983
20240614113009,409.80471
20240614114009,588.33494
20240614115009,558.48796
20240614120009,515.11279
20240614121009,525.88335
20240614122009,342.2651
20240614123009,307.16564
20240614124009,289.89954
20240614125009,235.65015
20240614130009,219.98524
20240614131009,214.25615
20240614132009,212.58712
20240614133009,205.34633
20240614134009,198.86088
20240614135009,193.62299
20240614140009,189.44494
20240614141009,187.89143
20240614142009,187.59505
20240614143009,187.15423
20240614144009,187.10162
20240614145009,186.98453
20240614150009,184.85519
20240614151009,184.33194
20240614152009,184.22874
20240614153009,184.15058
20240614154009,184.19771
20240614155009,184.25425
20240614160009,201.45324
20240614161009,197.26051
20240614162009,192.50467
20240614163009,192.10316
20240614164009,189.72631
20240614165009,190.76166
20240621090009,212.39959
20240621091009,213.33492
20240621092009,222.92099
20240621093009,208.98954
20240621094009,367.21203
20240621095009,317.41666
20240621100009,657.63167
20240621101009,386.67584
20240621102009,335.82767
20240621103009,283.20857
20240621104009,407.37985
20240621105009,397.13981
20240621110009,383.80145
20240621111009,411.76402
20240621112009,391.8983
20240621113009,409.80471
20240621114009,588.33494
20240621115009,558.48796
20240621120009,515.11279
20240621121009,525.88335
20240621122009,342.2651
20240621123009,307.16564
20240621124009,289.89954
20240621125009,235.65015
20240621130009,219.98524
20240621131009,214.25615
20240621132009,212.58712
20240621133009,205.34633
20240621134009,198.86088
20240621135009,193.62299
20240621140009,189.44494
20240621141009,187.89143
20240621142009,187.59505
20240621143009,187.15423
20240621144009,187.10162
20240621145009,186.98453
20240621150009,184.85519
20240621151009,184.33194
20240621152009,184.22874
20240621153009,184.15058
20240621154009,184.19771
20240621155009,184.25425
20240621160009,201.45324
20240621161009,197.26051
20240621162009,192.50467
20240621163009,192.10316
20240621164009,189.72631
20240621165009,190.76166
20240628090009,224.46697
20240628091009,206.89292
20240628092009,232.51405
20240628093009,222.35324
20240628094009,370.04807
20240628095009,319.24019
20240628100009,661.83157
20240628101009,394.83772
20240628102009,363.69936
20240628103009,282.5091
20240628104009,406.36612
20240628105009,388.74733
20240628110009,383.80145
20240628111009,411.76402
20240628112009,391.8983
20240628113009,409.80471
20240628114009,588.33494
20240628115009,558.48796
20240628120009,515.11279
20240628121009,525.88335
20240628122009,342.2651
20240628123009,307.16564
20240628124009,289.89954
20240628125009,235.65015
20240628130009,219.98524
20240628131009,214.25615
20240628132009,212.58712
20240628133009,205.34633
20240628134009,198.86088
20240628135009,193.62299
20240628140009,189.44494
20240628141009,187.89143
20240628142009,187.59505
20240628143009,187.15423
20240628144009,187.10162
20240628145009,186.98453
20240628150009,184.85519
20240628151009,184.33194
20240628152009,184.22874
20240628153009,184.15058
20240628154009,184.19771
20240628155009,184.25425
20240628160009,201.45324
20240628161009,197.26051
20240628162009,192.50467
20240628163009,192.10316
20240628164009,189.72631
20240628165009,190.76166
20240717090009,210.6437
20240717091009,200.93001
20240717092009,207.15069
20240717093009,213.31599
20240717094009,369.7359
20240717095009,456.29146
20240717100009,850.89806
20240717101009,531.07595
20240717102009,324.70746
20240717103009,297.64053
20240717104009,466.31226
20240717105009,406.09727
20240717110009,383.80145
20240717111009,411.76402
20240717112009,391.8983
20240717113009,409.80471
20240717114009,588.33494
20240717115009,558.48796
20240717120009,515.11279
20240717121009,525.88335
20240717122009,342.2651
20240717123009,307.16564
20240717124009,289.89954
20240717125009,235.65015
20240717130009,219.98524
20240717131009,214.25615
20240717132009,212.58712
20240717133009,205.34633
20240717134009,198.86088
20240717135009,193.62299
20240717140009,189.44494
20240717141009,187.89143
20240717142009,187.59505
20240717143009,187.15423
20240717144009,187.10162
20240717145009,186.98453
20240717150009,184.85519
20240717151009,184.33194
20240717152009,184.22874
20240717153009,184.15058
20240717154009,184.19771
20240717155009,184.25425
20240717160009,201.45324
20240717161009,197.26051
20240717162009,192.50467
20240717163009,192.10316
20240717164009,189.72631
20240717165009,190.76166
20240316090010,339.68877
20240316091010,231.62178
20240316092010,285.07833
20240316093010,389.57902
20240316094010,385.4425
20240316095010,351.34907
20240316100010,842.39331
20240316101010,547.84414
20240316102010,375.20813
20240316103010,297.02296
20240316104010,448.55704
20240316105010,390.15006
20240316110010,383.80145
20240316111010,411.76402
20240316112010,391.8983
20240316113010,409.80471
20240316114010,588.33494
20240316115010,558.48796
20240316120010,515.11279
20240316121010,525.88335
20240316122010,342.2651
20240316123010,307.16564
20240316124010,289.89954
20240316125010,235.65015
20240316130010,219.98524
20240316131010,214.25615
20240316132010,212.58712
20240316133010,205.34633
20240316134010,198.86088
20240316135010,193.62299
20240316140010,189.44494
20240316141010,187.89143
20240316142010,187.59505
20240316143010,187.15423
20240316144010,187.10162
20240316145010,186.98453
20240316150010,184.85519
20240316151010,184.33194
20240316152010,184.22874
20240316153010,184.15058
20240316154010,184.19771
20240316155010,184.25425
20240316160010,201.45324
20240316161010,197.26051
20240316162010,192.50467
20240316163010,192.10316
20240316164010,189.72631
20240316165010,190.76166
20240324090010,281.55191
20240324091010,231.89695
20240324092010,294.82693
20240324093010,422.12279
20240324094010,380.05089
20240324095010,291.1154
20240324100010,833.3338
20240324101010,556.81287
20240324102010,377.40585
20240324103010,303.81169
20240324104010,449.46449
20240324105010,389.5611
20240324110010,383.80145
20240324111010,411.76402
20240324112010,391.8983
20240324113010,409.80471
20240324114010,588.33494
20240324115010,558.48796
20240324120010,515.11279
20240324121010,525.88335
20240324122010,342.2651
20240324123010,307.16564
20240324124010,289.89954
20240324125010,235.65015
20240324130010,219.98524
20240324131010,214.25615
20240324132010,212.58712
20240324133010,205.34633
20240324134010,198.86088
20240324135010,193.62299
20240324140010,189.44494
20240324141010,187.89143
20240324142010,187.59505
20240324143010,187.15423
20240324144010,187.10162
20240324145010,186.98453
20240324150010,184.85519
20240324151010,184.33194
20240324152010,184.22874
20240324153010,184.15058
20240324154010,184.19771
20240324155010,184.25425
20240324160010,201.45324
20240324161010,197.26051
20240324162010,192.50467
20240324163010,192.10316
20240324164010,189.72631
20240324165010,190.76166
20240412090010,234.04941
20240412091010,249.77531
20240412092010,291.74533
20240412093010,392.77231
20240412094010,687.37226
20240412095010,618.42409
20240412100010,943.4702
20240412101010,746.97273
20240412102010,300.01594
20240412103010,301.86489
20240412104010,519.34
20240412105010,410.9518
20240412110010,383.80145
20240412111010,411.76402
20240412112010,391.8983
20240412113010,409.80471
20240412114010,588.33494
20240412115010,558.48796
20240412120010,515.11279
20240412121010,525.88335
20240412122010,342.2651
20240412123010,307.16564
20240412124010,289.89954
20240412125010,235.65015
20240412130010,219.98524
20240412131010,214.25615
20240412132010,212.58712
20240412133010,205.34633
20240412134010,198.86088
20240412135010,193.62299
20240412140010,189.44494
20240412141010,187.89143
20240412142010,187.59505
20240412143010,187.15423
20240412144010,187.10162
20240412145010,186.98453
20240412150010,184.85519
20240412151010,184.33194
20240412152010,184.22874
20240412153010,184.15058
20240412154010,184.19771
20240412155010,184.25425
20240412160010,201.45324
20240412161010,197.26051
20240412162010,192.50467
20240412163010,192.10316
20240412164010,189.72631
20240412165010,190.76166
20240419090010,213.57307
20240419091010,220.5512
20240419092010,226.718
20240419093010,247.67462
20240419094010,565.73759
20240419095010,535.9436
20240419100010,509.68574
20240419101010,433.48519
20240419102010,429.87038
20240419103010,673.91769
20240419104010,521.80179
20240419105010,392.47594
20240419110010,383.80145
20240419111010,411.76402
20240419112010,391.8983
20240419113010,409.80471
20240419114010,588.33494
20240419115010,558.48796
20240419120010,515.11279
20240419121010,525.88335
20240419122010,342.2651
20240419123010,307.16564
20240419124010,289.89954
20240419125010,235.65015
20240419130010,219.98524
20240419131010,214.25615
20240419132010,212.58712
20240419133010,205.34633
20240419134010,198.86088
20240419135010,193.62299
20240419140010,189.44494
20240419141010,187.89143
20240419142010,187.59505
20240419143010,187.15423
20240419144010,187.10162
20240419145010,186.98453
20240419150010,184.85519
20240419151010,184.33194
20240419152010,184.22874
20240419153010,184.15058
20240419154010,184.19771
20240419155010,184.25425
20240419160010,201.45324
20240419161010,197.26051
20240419162010,192.50467
20240419163010,192.10316
20240419164010,189.72631
20240419165010,190.76166
20240515090010,271.15448
20240515091010,210.81565
20240515092010,227.03196
20240515093010,295.83139
20240515094010,300.76467
20240515095010,322.36016
20240515100010,829.08253
20240515101010,516.20041
20240515102010,371.13706
20240515103010,302.83042
20240515104010,443.81731
20240515105010,389.74056
20240515110010,383.80145
20240515111010,411.76402
20240515112010,391.8983
20240515113010,409.80471
20240515114010,588.33494
20240515115010,558.48796
20240515120010,515.11279
20240515121010,525.88335
20240515122010,342.2651
20240515123010,307.16564
20240515124010,289.89954
20240515125010,235.65015
20240515130010,219.98524
20240515131010,214.25615
20240515132010,212.58712
20240515133010,205.34633
20240515134010,198.86088
20240515135010,193.62299
20240515140010,189.44494
20240515141010,187.89143
20240515142010,187.59505
20240515143010,187.15423
20240515144010,187.10162
20240515145010,186.98453
20240515150010,184.85519
20240515151010,184.33194
20240515152010,184.22874
20240515153010,184.15058
20240515154010,184.19771
20240515155010,184.25425
20240515160010,201.45324
20240515161010,197.26051
20240515162010,192.50467
20240515163010,192.10316
20240515164010,189.72631
20240515165010,190.76166
20240526090010,208.56468
20240526091010,206.15706
20240526092010,221.24851
20240526093010,228.55113
20240526094010,391.54001
20240526095010,425.57952
20240526100010,604.69231
20240526101010,458.05057
20240526102010,439.26447
20240526103010,698.30753
20240526104010,522.18777
20240526105010,390.99033
20240526110010,383.80145
20240526111010,411.76402
20240526112010,391.8983
20240526113010,409.80471
20240526114010,588.33494
20240526115010,558.48796
20240526120010,515.11279
20240526121010,525.88335
20240526122010,342.2651
20240526123010,307.16564
20240526124010,289.89954
20240526125010,235.65015
20240526130010,219.98524
20240526131010,214.25615
20240526132010,212.58712
20240526133010,205.34633
20240526134010,198.86088
20240526135010,193.62299
20240526140010,189.44494
20240526141010,187.89143
20240526142010,187.59505
20240526143010,187.15423
20240526144010,187.10162
20240526145010,186.98453
20240526150010,184.85519
20240526151010,184.33194
20240526152010,184.22874
20240526153010,184.15058
20240526154010,184.19771
20240526155010,184.25425
20240526160010,201.45324
20240526161010,197.26051
20240526162010,192.50467
20240526163010,192.10316
20240526164010,189.72631
20240526165010,190.76166
20240617090010,208.03848
20240617091010,210.2996
20240617092010,227.13366
20240617093010,303.92856
20240617094010,477.09676
20240617095010,501.19579
20240617100010,396.40399
20240617101010,325.30102
20240617102010,460.91436
20240617103010,645.18939
20240617104010,523.39011
20240617105010,390.52426
20240617110010,383.80145
20240617111010,411.76402
20240617112010,391.8983
20240617113010,409.80471
20240617114010,588.33494
20240617115010,558.48796
20240617120010,515.11279
20240617121010,525.88335
20240617122010,342.2651
20240617123010,307.16564
20240617124010,289.89954
20240617125010,235.65015
20240617130010,219.98524
20240617131010,214.25615
20240617132010,212.58712
20240617133010,205.34633
20240617134010,198.86088
20240617135010,193.62299
20240617140010,189.44494
20240617141010,187.89143
20240617142010,187.59505
20240617143010,187.15423
20240617144010,187.10162
20240617145010,186.98453
20240617150010,184.85519
20240617151010,184.33194
20240617152010,184.22874
20240617153010,184.15058
20240617154010,184.19771
20240617155010,184.25425
20240617160010,201.45324
20240617161010,197.26051
20240617162010,192.50467
20240617163010,192.10316
20240617164010,189.72631
20240617165010,190.76166
20240630090010,354.01928
20240630091010,308.67163
20240630092010,238.3652
20240630093010,327.36853
20240630094010,517.33824
20240630095010,675.585
20240630100010,820.90616
20240630101010,699.44031
20240630102010,321.10778
20240630103010,302.20209
20240630104010,522.26154
20240630105010,415.17471
20240630110010,383.80145
20240630111010,411.76402
20240630112010,391.8983
20240630113010,409.80471
20240630114010,588.33494
20240630115010,558.48796
20240630120010,515.11279
20240630121010,525.88335
20240630122010,342.2651
20240630123010,307.16564
20240630124010,289.89954
20240630125010,235.65015
20240630130010,219.98524
20240630131010,214.25615
20240630132010,212.58712
20240630133010,205.34633
20240630134010,198.86088
20240630135010,193.62299
20240630140010,189.44494
20240630141010,187.89143
20240630142010,187.59505
20240630143010,187.15423
20240630144010,187.10162
20240630145010,186.98453
20240630150010,184.85519
20240630151010,184.33194
20240630152010,184.22874
20240630153010,184.15058
20240630154010,184.19771
20240630155010,184.25425
20240630160010,201.45324
20240630161010,197.26051
20240630162010,192.50467
20240630163010,192.10316
20240630164010,189.72631
20240630165010,190.76166
20240714090010,377.23673
20240714091010,214.276
20240714092010,238.85009
20240714093010,601.94591
20240714094010,469.1415
20240714095010,397.71569
20240714100010,789.00591
20240714101010,566.68316
20240714102010,340.31518
20240714103010,307.25848
20240714104010,475.15973
20240714105010,392.28537
20240714110010,383.80145
20240714111010,411.76402
20240714112010,391.8983
20240714113010,409.80471
20240714114010,588.33494
20240714115010,558.48796
20240714120010,515.11279
20240714121010,525.88335
20240714122010,342.2651
20240714123010,307.16564
20240714124010,289.89954
20240714125010,235.65015
20240714130010,219.98524
20240714131010,214.25615
20240714132010,212.58712
20240714133010,205.34633
20240714134010,198.86088
20240714135010,193.62299
20240714140010,189.44494
20240714141010,187.89143
20240714142010,187.59505
20240714143010,187.15423
20240714144010,187.10162
20240714145010,186.98453
20240714150010,184.85519
20240714151010,184.33194
20240714152010,184.22874
20240714153010,184.15058
20240714154010,184.19771
20240714155010,184.25425
20240714160010,201.45324
20240714161010,197.26051
20240714162010,192.50467
20240714163010,192.10316
20240714164010,189.72631
20240714165010,190.76166
20240718090010,317.7131
20240718091010,213.13448
20240718092010,241.95138
20240718093010,730.76765
20240718094010,621.68464
20240718095010,377.75127
20240718100010,809.99765
20240718101010,826.92999
20240718102010,304.64331
20240718103010,314.55026
20240718104010,507.99734
20240718105010,409.14356
20240718110010,383.80145
20240718111010,411.76402
20240718112010,391.8983
20240718113010,409.80471
20240718114010,588.33494
20240718115010,558.48796
20240718120010,515.11279
20240718121010,525.88335
20240718122010,342.2651
20240718123010,307.16564
20240718124010,289.89954
20240718125010,235.65015
20240718130010,219.98524
20240718131010,214.25615
20240718132010,212.58712
20240718133010,205.34633
20240718134010,198.86088
20240718135010,193.62299
20240718140010,189.44494
20240718141010,187.89143
20240718142010,187.59505
20240718143010,187.15423
20240718144010,187.10162
20240718145010,186.98453
20240718150010,184.85519
20240718151010,184.33194
20240718152010,184.22874
20240718153010,184.15058
20240718154010,184.19771
20240718155010,184.25425
20240718160010,201.45324
20240718161010,197.26051
20240718162010,192.50467
20240718163010,192.10316
20240718164010,189.72631
20240718165010,190.76166
20240720090010,331.01117
20240720091010,203.2135
20240720092010,236.26509
20240720093010,697.2577
20240720094010,529.87805
20240720095010,414.3289
20240720100010,783.90161
20240720101010,744.75018
20240720102010,312.29604
20240720103010,313.31813
20240720104010,508.52628
20240720105010,399.68033
20240720110010,383.80145
20240720111010,411.76402
20240720112010,391.8983
20240720113010,409.80471
20240720114010,588.33494
20240720115010,558.48796
20240720120010,515.11279
20240720121010,525.88335
20240720122010,342.2651
20240720123010,307.16564
20240720124010,289.89954
20240720125010,235.65015
20240720130010,219.98524
20240720131010,214.25615
20240720132010,212.58712
20240720133010,205.34633
20240720134010,198.86088
20240720135010,193.62299
20240720140010,189.44494
20240720141010,187.89143
20240720142010,187.59505
20240720143010,187.15423
20240720144010,187.10162
20240720145010,186.98453
20240720150010,184.85519
20240720151010,184.33194
20240720152010,184.22874
20240720153010,184.15058
20240720154010,184.19771
20240720155010,184.25425
20240720160010,201.45324
20240720161010,197.26051
20240720162010,192.50467
20240720163010,192.10316
20240720164010,189.72631
20240720165010,190.76166
20240322090011,203.11637
20240322091011,202.85143
20240322092011,208.16886
20240322093011,232.07241
20240322094011,264.52843
20240322095011,327.50314
20240322100011,652.31063
20240322101011,439.29888
20240322102011,458.74407
20240322103011,688.04074
20240322104011,520.22326
20240322105011,386.81093
20240322110011,383.80145
20240322111011,411.76402
20240322112011,391.8983
20240322113011,409.80471
20240322114011,588.33494
20240322115011,558.48796
20240322120011,515.11279
20240322121011,525.88335
20240322122011,342.2651
20240322123011,307.16564
20240322124011,289.89954
20240322125011,235.65015
20240322130011,219.98524
20240322131011,214.25615
20240322132011,212.58712
20240322133011,205.34633
20240322134011,198.86088
20240322135011,193.62299
20240322140011,189.44494
20240322141011,187.89143
20240322142011,187.59505
20240322143011,187.15423
20240322144011,187.10162
20240322145011,186.98453
20240322150011,184.85519
20240322151011,184.33194
20240322152011,184.22874
20240322153011,184.15058
20240322154011,184.19771
20240322155011,184.25425
20240322160011,201.45324
20240322161011,197.26051
20240322162011,192.50467
20240322163011,192.10316
20240322164011,189.72631
20240322165011,190.76166
20240327090011,189.62602
20240327091011,192.52385
20240327092011,204.42665
20240327093011,218.70143
20240327094011,279.74739
20240327095011,462.75495
20240327100011,428.02469
20240327101011,381.36277
20240327102011,448.85909
20240327103011,668.00258
20240327104011,520.71285
20240327105011,387.86745
20240327110011,383.80145
20240327111011,411.76402
20240327112011,391.8983
20240327113011,409.80471
20240327114011,588.33494
20240327115011,558.48796
20240327120011,515.11279
20240327121011,525.88335
20240327122011,342.2651
20240327123011,307.16564
20240327124011,289.89954
20240327125011,235.65015
20240327130011,219.98524
20240327131011,214.25615
20240327132011,212.58712
20240327133011,205.34633
20240327134011,198.86088
20240327135011,193.62299
20240327140011,189.44494
20240327141011,187.89143
20240327142011,187.59505
20240327143011,187.15423
20240327144011,187.10162
20240327145011,186.98453
20240327150011,184.85519
20240327151011,184.33194
20240327152011,184.22874
20240327153011,184.15058
20240327154011,184.19771
20240327155011,184.25425
20240327160011,201.45324
20240327161011,197.26051
20240327162011,192.50467
20240327163011,192.10316
20240327164011,189.72631
20240327165011,190.76166
20240413090011,252.46351
20240413091011,231.26387
20240413092011,383.34477
20240413093011,318.61592
20240413094011,391.99147
20240413095011,397.81158
20240413100011,682.49344
20240413101011,427.42358
20240413102011,456.00358
20240413103011,635.92911
20240413104011,518.81369
20240413105011,391.00787
20240413110011,383.80145
20240413111011,411.76402
20240413112011,391.8983
20240413113011,409.80471
20240413114011,588.33494
20240413115011,558.48796
20240413120011,515.11279
20240413121011,525.88335
20240413122011,342.2651
20240413123011,307.16564
20240413124011,289.89954
20240413125011,235.65015
20240413130011,219.98524
20240413131011,214.25615
20240413132011,212.58712
20240413133011,205.34633
20240413134011,198.86088
20240413135011,193.62299
20240413140011,189.44494
20240413141011,187.89143
20240413142011,187.59505
20240413143011,187.15423
20240413144011,187.10162
20240413145011,186.98453
20240413150011,184.85519
20240413151011,184.33194
20240413152011,184.22874
20240413153011,184.15058
20240413154011,184.19771
20240413155011,184.25425
20240413160011,201.45324
20240413161011,197.26051
20240413162011,192.50467
20240413163011,192.10316
20240413164011,189.72631
20240413165011,190.76166
20240426090011,195.77595
20240426091011,194.0835
20240426092011,229.85055
20240426093011,201.47622
20240426094011,365.57235
20240426095011,461.98505
20240426100011,698.95027
20240426101011,491.39229
20240426102011,367.66355
20240426103011,292.50363
20240426104011,406.36877
20240426105011,393.65173
20240426110011,383.80145
20240426111011,411.76402
20240426112011,391.8983
20240426113011,409.80471
20240426114011,588.33494
20240426115011,558.48796
20240426120011,515.11279
20240426121011,525.88335
20240426122011,342.2651
20240426123011,307.16564
20240426124011,289.89954
20240426125011,235.65015
20240426130011,219.98524
20240426131011,214.25615
20240426132011,212.58712
20240426133011,205.34633
20240426134011,198.86088
20240426135011,193.62299
20240426140011,189.44494
20240426141011,187.89143
20240426142011,187.59505
20240426143011,187.15423
20240426144011,187.10162
20240426145011,186.98453
20240426150011,184.85519
20240426151011,184.33194
20240426152011,184.22874
20240426153011,184.15058
20240426154011,184.19771
20240426155011,184.25425
20240426160011,201.45324
20240426161011,197.26051
20240426162011,192.50467
20240426163011,192.10316
20240426164011,189.72631
20240426165011,190.76166
20240606090011,195.65354
20240606091011,197.47074
20240606092011,228.116
20240606093011,228.76199
20240606094011,542.55481
20240606095011,584.021
20240606100011,336.70488
20240606101011,317.55431
20240606102011,454.46319
20240606103011,604.12366
20240606104011,519.3229
20240606105011,391.62631
20240606110011,383.80145
20240606111011,411.76402
20240606112011,391.8983
20240606113011,409.80471
20240606114011,588.33494
20240606115011,558.48796
20240606120011,515.11279
20240606121011,525.88335
20240606122011,342.2651
20240606123011,307.16564
20240606124011,289.89954
20240606125011,235.65015
20240606130011,219.98524
20240606131011,214.25615
20240606132011,212.58712
20240606133011,205.34633
20240606134011,198.86088
20240606135011,193.62299
20240606140011,189.44494
20240606141011,187.89143
20240606142011,187.59505
20240606143011,187.15423
20240606144011,187.10162
20240606145011,186.98453
20240606150011,184.85519
20240606151011,184.33194
20240606152011,184.22874
20240606153011,184.15058
20240606154011,184.19771
20240606155011,184.25425
20240606160011,201.45324
20240606161011,197.26051
20240606162011,192.50467
20240606163011,192.10316
20240606164011,189.72631
20240606165011,190.76166
20240712090011,203.38076
20240712091011,293.23279
20240712092011,233.12487
20240712093011,210.49165
20240712094011,336.01409
20240712095011,639.76158
20240712100011,792.76561
20240712101011,393.19404
20240712102011,337.93331
20240712103011,288.89315
20240712104011,440.44626
20240712105011,399.00406
20240712110011,383.80145
20240712111011,411.76402
20240712112011,391.8983
20240712113011,409.80471
20240712114011,588.33494
20240712115011,558.48796
20240712120011,515.11279
20240712121011,525.88335
20240712122011,342.2651
20240712123011,307.16564
20240712124011,289.89954
20240712125011,235.65015
20240712130011,219.98524
20240712131011,214.25615
20240712132011,212.58712
20240712133011,205.34633
20240712134011,198.86088
20240712135011,193.62299
20240712140011,189.44494
20240712141011,187.89143
20240712142011,187.59505
20240712143011,187.15423
20240712144011,187.10162
20240712145011,186.98453
20240712150011,184.85519
20240712151011,184.33194
20240712152011,184.22874
20240712153011,184.15058
20240712154011,184.19771
20240712155011,184.25425
20240712160011,201.45324
20240712161011,197.26051
20240712162011,192.50467
20240712163011,192.10316
20240712164011,189.72631
20240712165011,190.76166
20240315090012,190.83187
20240315091012,196.90786
20240315092012,206.77875
20240315093012,230.44699
20240315094012,288.81734
20240315095012,460.00794
20240315100012,388.55617
20240315101012,336.39751
20240315102012,418.34294
20240315103012,613.58427
20240315104012,524.95741
20240315105012,393.0428
20240315110012,383.80145
20240315111012,411.76402
20240315112012,391.8983
20240315113012,409.80471
20240315114012,588.33494
20240315115012,558.48796
20240315120012,515.11279
20240315121012,525.88335
20240315122012,342.2651
20240315123012,307.16564
20240315124012,289.89954
20240315125012,235.65015
20240315130012,219.98524
20240315131012,214.25615
20240315132012,212.58712
20240315133012,205.34633
20240315134012,198.86088
20240315135012,193.62299
20240315140012,189.44494
20240315141012,187.89143
20240315142012,187.59505
20240315143012,187.15423
20240315144012,187.10162
20240315145012,186.98453
20240315150012,184.85519
20240315151012,184.33194
20240315152012,184.22874
20240315153012,184.15058
20240315154012,184.19771
20240315155012,184.25425
20240315160012,201.45324
20240315161012,197.26051
20240315162012,192.50467
20240315163012,192.10316
20240315164012,189.72631
20240315165012,190.76166
20240317090012,188.89973
20240317091012,191.43055
20240317092012,204.38388
20240317093012,225.65984
20240317094012,271.08113
20240317095012,470.31076
20240317100012,340.1485
20240317101012,333.95598
20240317102012,395.30063
20240317103012,604.83735
20240317104012,532.20325
20240317105012,394.23129
20240317110012,383.80145
20240317111012,411.76402
20240317112012,391.8983
20240317113012,409.80471
20240317114012,588.33494
20240317115012,558.48796
20240317120012,515.11279
20240317121012,525.88335
20240317122012,342.2651
20240317123012,307.16564
20240317124012,289.89954
20240317125012,235.65015
20240317130012,219.98524
20240317131012,214.25615
20240317132012,212.58712
20240317133012,205.34633
20240317134012,198.86088
20240317135012,193.62299
20240317140012,189.44494
20240317141012,187.89143
20240317142012,187.59505
20240317143012,187.15423
20240317144012,187.10162
20240317145012,186.98453
20240317150012,184.85519
20240317151012,184.33194
20240317152012,184.22874
20240317153012,184.15058
20240317154012,184.19771
20240317155012,184.25425
20240317160012,201.45324
20240317161012,197.26051
20240317162012,192.50467
20240317163012,192.10316
20240317164012,189.72631
20240317165012,190.76166
20240412090012,197.68548
20240412091012,198.03543
20240412092012,206.02122
20240412093012,202.74566
20240412094012,507.51724
20240412095012,733.57187
20240412100012,865.3733
20240412101012,495.76751
20240412102012,325.93011
20240412103012,305.04112
20240412104012,463.47101
20240412105012,412.32231
20240412110012,383.80145
20240412111012,411.76402
20240412112012,391.8983
20240412113012,409.80471
20240412114012,588.33494
20240412115012,558.48796
20240412120012,515.11279
20240412121012,525.88335
20240412122012,342.2651
20240412123012,307.16564
20240412124012,289.89954
20240412125012,235.65015
20240412130012,219.98524
20240412131012,214.25615
20240412132012,212.58712
20240412133012,205.34633
20240412134012,198.86088
20240412135012,193.62299
20240412140012,189.44494
20240412141012,187.89143
20240412142012,187.59505
20240412143012,187.15423
20240412144012,187.10162
20240412145012,186.98453
20240412150012,184.85519
20240412151012,184.33194
20240412152012,184.22874
20240412153012,184.15058
20240412154012,184.19771
20240412155012,184.25425
20240412160012,201.45324
20240412161012,197.26051
20240412162012,192.50467
20240412163012,192.10316
20240412164012,189.72631
20240412165012,190.76166
20240426090012,195.5029
20240426091012,206.28074
20240426092012,223.21588
20240426093012,206.81898
20240426094012,383.54867
20240426095012,508.71078
20240426100012,742.73979
20240426101012,495.26407
20240426102012,371.53718
20240426103012,294.59516
20240426104012,407.3818
20240426105012,393.64617
20240426110012,383.80145
20240426111012,411.76402
20240426112012,391.8983
20240426113012,409.80471
20240426114012,588.33494
20240426115012,558.48796
20240426120012,515.11279
20240426121012,525.88335
20240426122012,342.2651
20240426123012,307.16564
20240426124012,289.89954
20240426125012,235.65015
20240426130012,219.98524
20240426131012,214.25615
20240426132012,212.58712
20240426133012,205.34633
20240426134012,198.86088
20240426135012,193.62299
20240426140012,189.44494
20240426141012,187.89143
20240426142012,187.59505
20240426143012,187.15423
20240426144012,187.10162
20240426145012,186.98453
20240426150012,184.85519
20240426151012,184.33194
20240426152012,184.22874
20240426153012,184.15058
20240426154012,184.19771
20240426155012,184.25425
20240426160012,201.45324
20240426161012,197.26051
20240426162012,192.50467
20240426163012,192.10316
20240426164012,189.72631
20240426165012,190.76166
20240521090012,202.84203
20240521091012,208.17803
20240521092012,221.9434
20240521093012,232.84842
20240521094012,690.67682
20240521095012,586.80073
20240521100012,573.19245
20240521101012,529.87875
20240521102012,396.10492
20240521103012,628.67395
20240521104012,522.4947
20240521105012,392.96429
20240521110012,383.80145
20240521111012,411.76402
20240521112012,391.8983
20240521113012,409.80471
20240521114012,588.33494
20240521115012,558.48796
20240521120012,515.11279
20240521121012,525.88335
20240521122012,342.2651
20240521123012,307.16564
20240521124012,289.89954
20240521125012,235.65015
20240521130012,219.98524
20240521131012,214.25615
20240521132012,212.58712
20240521133012,205.34633
20240521134012,198.86088
20240521135012,193.62299
20240521140012,189.44494
20240521141012,187.89143
20240521142012,187.59505
20240521143012,187.15423
20240521144012,187.10162
20240521145012,186.98453
20240521150012,184.85519
20240521151012,184.33194
20240521152012,184.22874
20240521153012,184.15058
20240521154012,184.19771
20240521155012,184.25425
20240521160012,201.45324
20240521161012,197.26051
20240521162012,192.50467
20240521163012,192.10316
20240521164012,189.72631
20240521165012,190.76166
20240619090012,195.00451
20240619091012,197.4077
20240619092012,203.63517
20240619093012,198.589
20240619094012,270.81879
20240619095012,583.79551
20240619100012,743.76915
20240619101012,414.63258
20240619102012,329.0059
20240619103012,287.7915
20240619104012,440.16852
20240619105012,402.97927
20240619110012,383.80145
20240619111012,411.76402
20240619112012,391.8983
20240619113012,409.80471
20240619114012,588.33494
20240619115012,558.48796
20240619120012,515.11279
20240619121012,525.88335
20240619122012,342.2651
20240619123012,307.16564
20240619124012,289.89954
20240619125012,235.65015
20240619130012,219.98524
20240619131012,214.25615
20240619132012,212.58712
20240619133012,205.34633
20240619134012,198.86088
20240619135012,193.62299
20240619140012,189.44494
20240619141012,187.89143
20240619142012,187.59505
20240619143012,187.15423
20240619144012,187.10162
20240619145012,186.98453
20240619150012,184.85519
20240619151012,184.33194
20240619152012,184.22874
20240619153012,184.15058
20240619154012,184.19771
20240619155012,184.25425
20240619160012,201.45324
20240619161012,197.26051
20240619162012,192.50467
20240619163012,192.10316
20240619164012,189.72631
20240619165012,190.76166
20240621090012,194.90054
20240621091012,199.65003
20240621092012,210.38009
20240621093012,195.69362
20240621094012,276.6488
20240621095012,590.59918
20240621100012,773.14443
20240621101012,407.44795
20240621102012,331.46494
20240621103012,290.13413
20240621104012,407.2713
20240621105012,401.32511
20240621110012,383.80145
20240621111012,411.76402
20240621112012,391.8983
20240621113012,409.80471
20240621114012,588.33494
20240621115012,558.48796
20240621120012,515.11279
20240621121012,525.88335
20240621122012,342.2651
20240621123012,307.16564
20240621124012,289.89954
20240621125012,235.65015
20240621130012,219.98524
20240621131012,214.25615
20240621132012,212.58712
20240621133012,205.34633
20240621134012,198.86088
20240621135012,193.62299
20240621140012,189.44494
20240621141012,187.89143
20240621142012,187.59505
20240621143012,187.15423
20240621144012,187.10162
20240621145012,186.98453
20240621150012,184.85519
20240621151012,184.33194
20240621152012,184.22874
20240621153012,184.15058
20240621154012,184.19771
20240621155012,184.25425
20240621160012,201.45324
20240621161012,197.26051
20240621162012,192.50467
20240621163012,192.10316
20240621164012,189.72631
20240621165012,190.76166
20240705090012,194.57475
20240705091012,190.91686
20240705092012,216.24256
20240705093012,200.13721
20240705094012,247.67747
20240705095012,759.76817
20240705100012,880.76305
20240705101012,452.52127
20240705102012,320.01576
20240705103012,303.80987
20240705104012,471.17492
20240705105012,446.10673
20240705110012,383.80145
20240705111012,411.76402
20240705112012,391.8983
20240705113012,409.80471
20240705114012,588.33494
20240705115012,558.48796
20240705120012,515.11279
20240705121012,525.88335
20240705122012,342.2651
20240705123012,307.16564
20240705124012,289.89954
20240705125012,235.65015
20240705130012,219.98524
20240705131012,214.25615
20240705132012,212.58712
20240705133012,205.34633
20240705134012,198.86088
20240705135012,193.62299
20240705140012,189.44494
20240705141012,187.89143
20240705142012,187.59505
20240705143012,187.15423
20240705144012,187.10162
20240705145012,186.98453
20240705150012,184.85519
20240705151012,184.33194
20240705152012,184.22874
20240705153012,184.15058
20240705154012,184.19771
20240705155012,184.25425
20240705160012,201.45324
20240705161012,197.26051
20240705162012,192.50467
20240705163012,192.10316
20240705164012,189.72631
20240705165012,190.76166
20240713090012,194.73329
20240713091012,192.79946
20240713092012,202.91024
20240713093012,232.04995
20240713094012,639.78272
20240713095012,730.93745
20240713100012,512.41433
20240713101012,294.91726
20240713102012,436.11267
20240713103012,430.08596
20240713104012,510.52839
20240713105012,394.50779
20240713110012,383.80145
20240713111012,411.76402
20240713112012,391.8983
20240713113012,409.80471
20240713114012,588.33494
20240713115012,558.48796
20240713120012,515.11279
20240713121012,525.88335
20240713122012,342.2651
20240713123012,307.16564
20240713124012,289.89954
20240713125012,235.65015
20240713130012,219.98524
20240713131012,214.25615
20240713132012,212.58712
20240713133012,205.34633
20240713134012,198.86088
20240713135012,193.62299
20240713140012,189.44494
20240713141012,187.89143
20240713142012,187.59505
20240713143012,187.15423
20240713144012,187.10162
20240713145012,186.98453
20240713150012,184.85519
20240713151012,184.33194
20240713152012,184.22874
20240713153012,184.15058
20240713154012,184.19771
20240713155012,184.25425
20240713160012,201.45324
20240713161012,197.26051
20240713162012,192.50467
20240713163012,192.10316
20240713164012,189.72631
20240713165012,190.76166
20240214090013,342.80513
20240214091013,257.26125
20240214092013,343.45237
20240214093013,399.52853
20240214094013,580.71898
20240214095013,371.63112
20240214100013,792.50134
20240214101013,856.7546
20240214102013,310.38077
20240214103013,328.1261
20240214104013,470.08476
20240214105013,428.11511
20240214110013,383.80145
20240214111013,411.76402
20240214112013,391.8983
20240214113013,409.80471
20240214114013,588.33494
20240214115013,558.48796
20240214120013,515.11279
20240214121013,525.88335
20240214122013,342.2651
20240214123013,307.16564
20240214124013,289.89954
20240214125013,235.65015
20240214130013,219.98524
20240214131013,214.25615
20240214132013,212.58712
20240214133013,205.34633
20240214134013,198.86088
20240214135013,193.62299
20240214140013,189.44494
20240214141013,187.89143
20240214142013,187.59505
20240214143013,187.15423
20240214144013,187.10162
20240214145013,186.98453
20240214150013,184.85519
20240214151013,184.33194
20240214152013,184.22874
20240214153013,184.15058
20240214154013,184.19771
20240214155013,184.25425
20240214160013,201.45324
20240214161013,197.26051
20240214162013,192.50467
20240214163013,192.10316
20240214164013,189.72631
20240214165013,190.76166
20240221090013,374.03227
20240221091013,512.54793
20240221092013,392.05997
20240221093013,340.99156
20240221094013,512.42288
20240221095013,375.94201
20240221100013,656.87185
20240221101013,930.62453
20240221102013,331.82637
20240221103013,317.51291
20240221104013,474.86889
20240221105013,443.72731
20240221110013,383.80145
20240221111013,411.76402
20240221112013,391.8983
20240221113013,409.80471
20240221114013,588.33494
20240221115013,558.48796
20240221120013,515.11279
20240221121013,525.88335
20240221122013,342.2651
20240221123013,307.16564
20240221124013,289.89954
20240221125013,235.65015
20240221130013,219.98524
20240221131013,214.25615
20240221132013,212.58712
20240221133013,205.34633
20240221134013,198.86088
20240221135013,193.62299
20240221140013,189.44494
20240221141013,187.89143
20240221142013,187.59505
20240221143013,187.15423
20240221144013,187.10162
20240221145013,186.98453
20240221150013,184.85519
20240221151013,184.33194
20240221152013,184.22874
20240221153013,184.15058
20240221154013,184.19771
20240221155013,184.25425
20240221160013,201.45324
20240221161013,197.26051
20240221162013,192.50467
20240221163013,192.10316
20240221164013,189.72631
20240221165013,190.76166
20240314090013,189.42067
20240314091013,191.67157
20240314092013,201.54151
20240314093013,240.39753
20240314094013,371.36443
20240314095013,459.71693
20240314100013,333.19075
20240314101013,372.27425
20240314102013,431.2477
20240314103013,627.85045
20240314104013,519.1086
20240314105013,391.15809
20240314110013,383.80145
20240314111013,411.76402
20240314112013,391.8983
20240314113013,409.80471
20240314114013,588.33494
20240314115013,558.48796
20240314120013,515.11279
20240314121013,525.88335
20240314122013,342.2651
20240314123013,307.16564
20240314124013,289.89954
20240314125013,235.65015
20240314130013,219.98524
20240314131013,214.25615
20240314132013,212.58712
20240314133013,205.34633
20240314134013,198.86088
20240314135013,193.62299
20240314140013,189.44494
20240314141013,187.89143
20240314142013,187.59505
20240314143013,187.15423
20240314144013,187.10162
20240314145013,186.98453
20240314150013,184.85519
20240314151013,184.33194
20240314152013,184.22874
20240314153013,184.15058
20240314154013,184.19771
20240314155013,184.25425
20240314160013,201.45324
20240314161013,197.26051
20240314162013,192.50467
20240314163013,192.10316
20240314164013,189.72631
20240314165013,190.76166
20240316090013,430.74278
20240316091013,230.18277
20240316092013,239.94634
20240316093013,432.60099
20240316094013,383.22881
20240316095013,368.88094
20240316100013,915.34856
20240316101013,529.4251
20240316102013,385.78777
20240316103013,304.04836
20240316104013,449.2462
20240316105013,388.11447
20240316110013,383.80145
20240316111013,411.76402
20240316112013,391.8983
20240316113013,409.80471
20240316114013,588.33494
20240316115013,558.48796
20240316120013,515.11279
20240316121013,525.88335
20240316122013,342.2651
20240316123013,307.16564
20240316124013,289.89954
20240316125013,235.65015
20240316130013,219.98524
20240316131013,214.25615
20240316132013,212.58712
20240316133013,205.34633
20240316134013,198.86088
20240316135013,193.62299
20240316140013,189.44494
20240316141013,187.89143
20240316142013,187.59505
20240316143013,187.15423
20240316144013,187.10162
20240316145013,186.98453
20240316150013,184.85519
20240316151013,184.33194
20240316152013,184.22874
20240316153013,184.15058
20240316154013,184.19771
20240316155013,184.25425
20240316160013,201.45324
20240316161013,197.26051
20240316162013,192.50467
20240316163013,192.10316
20240316164013,189.72631
20240316165013,190.76166
20240328090013,307.29109
20240328091013,265.20393
20240328092013,262.7364
20240328093013,507.99205
20240328094013,524.10699
20240328095013,469.29201
20240328100013,912.51261
20240328101013,694.78037
20240328102013,348.38517
20240328103013,303.51322
20240328104013,488.32121
20240328105013,398.92648
20240328110013,383.80145
20240328111013,411.76402
20240328112013,391.8983
20240328113013,409.80471
20240328114013,588.33494
20240328115013,558.48796
20240328120013,515.11279
20240328121013,525.88335
20240328122013,342.2651
20240328123013,307.16564
20240328124013,289.89954
20240328125013,235.65015
20240328130013,219.98524
20240328131013,214.25615
20240328132013,212.58712
20240328133013,205.34633
20240328134013,198.86088
20240328135013,193.62299
20240328140013,189.44494
20240328141013,187.89143
20240328142013,187.59505
20240328143013,187.15423
20240328144013,187.10162
20240328145013,186.98453
20240328150013,184.85519
20240328151013,184.33194
20240328152013,184.22874
20240328153013,184.15058
20240328154013,184.19771
20240328155013,184.25425
20240328160013,201.45324
20240328161013,197.26051
20240328162013,192.50467
20240328163013,192.10316
20240328164013,189.72631
20240328165013,190.76166
20240412090013,283.1368
20240412091013,308.74307
20240412092013,311.88143
20240412093013,458.34393
20240412094013,664.18577
20240412095013,537.46658
20240412100013,937.36162
20240412101013,767.30943
20240412102013,317.96948
20240412103013,307.98442
20240412104013,534.22412
20240412105013,429.05836
20240412110013,383.80145
20240412111013,411.76402
20240412112013,391.8983
20240412113013,409.80471
20240412114013,588.33494
20240412115013,558.48796
20240412120013,515.11279
20240412121013,525.88335
20240412122013,342.2651
20240412123013,307.16564
20240412124013,289.89954
20240412125013,235.65015
20240412130013,219.98524
20240412131013,214.25615
20240412132013,212.58712
20240412133013,205.34633
20240412134013,198.86088
20240412135013,193.62299
20240412140013,189.44494
20240412141013,187.89143
20240412142013,187.59505
20240412143013,187.15423
20240412144013,187.10162
20240412145013,186.98453
20240412150013,184.85519
20240412151013,184.33194
20240412152013,184.22874
20240412153013,184.15058
20240412154013,184.19771
20240412155013,184.25425
20240412160013,201.45324
20240412161013,197.26051
20240412162013,192.50467
20240412163013,192.10316
20240412164013,189.72631
20240412165013,190.76166
20240619090013,555.11667
20240619091013,252.17283
20240619092013,226.08671
20240619093013,456.27079
20240619094013,429.62203
20240619095013,512.43231
20240619100013,825.20874
20240619101013,511.36699
20240619102013,346.16159
20240619103013,294.30319
20240619104013,473.50181
20240619105013,396.63473
20240619110013,383.80145
20240619111013,411.76402
20240619112013,391.8983
20240619113013,409.80471
20240619114013,588.33494
20240619115013,558.48796
20240619120013,515.11279
20240619121013,525.88335
20240619122013,342.2651
20240619123013,307.16564
20240619124013,289.89954
20240619125013,235.65015
20240619130013,219.98524
20240619131013,214.25615
20240619132013,212.58712
20240619133013,205.34633
20240619134013,198.86088
20240619135013,193.62299
20240619140013,189.44494
20240619141013,187.89143
20240619142013,187.59505
20240619143013,187.15423
20240619144013,187.10162
20240619145013,186.98453
20240619150013,184.85519
20240619151013,184.33194
20240619152013,184.22874
20240619153013,184.15058
20240619154013,184.19771
20240619155013,184.25425
20240619160013,201.45324
20240619161013,197.26051
20240619162013,192.50467
20240619163013,192.10316
20240619164013,189.72631
20240619165013,190.76166
20240225090014,189.77951
20240225091014,190.21883
20240225092014,208.29381
20240225093014,239.04584
20240225094014,290.01695
20240225095014,314.82184
20240225100014,459.48701
20240225101014,426.92233
20240225102014,387.93632
20240225103014,434.69146
20240225104014,510.12217
20240225105014,397.01429
20240225110014,383.80145
20240225111014,411.76402
20240225112014,391.8983
20240225113014,409.80471
20240225114014,588.33494
20240225115014,558.48796
20240225120014,515.11279
20240225121014,525.88335
20240225122014,342.2651
20240225123014,307.16564
20240225124014,289.89954
20240225125014,235.65015
20240225130014,219.98524
20240225131014,214.25615
20240225132014,212.58712
20240225133014,205.34633
20240225134014,198.86088
20240225135014,193.62299
20240225140014,189.44494
20240225141014,187.89143
20240225142014,187.59505
20240225143014,187.15423
20240225144014,187.10162
20240225145014,186.98453
20240225150014,184.85519
20240225151014,184.33194
20240225152014,184.22874
20240225153014,184.15058
20240225154014,184.19771
20240225155014,184.25425
20240225160014,201.45324
20240225161014,197.26051
20240225162014,192.50467
20240225163014,192.10316
20240225164014,189.72631
20240225165014,190.76166
20240227090014,232.78937
20240227091014,211.25044
20240227092014,276.79085
20240227093014,290.19033
20240227094014,324.42289
20240227095014,436.4791
20240227100014,427.96389
20240227101014,428.61439
20240227102014,440.02018
20240227103014,558.80459
20240227104014,465.57162
20240227105014,396.02182
20240227110014,383.80145
20240227111014,411.76402
20240227112014,391.8983
20240227113014,409.80471
20240227114014,588.33494
20240227115014,558.48796
20240227120014,515.11279
20240227121014,525.88335
20240227122014,342.2651
20240227123014,307.16564
20240227124014,289.89954
20240227125014,235.65015
20240227130014,219.98524
20240227131014,214.25615
20240227132014,212.58712
20240227133014,205.34633
20240227134014,198.86088
20240227135014,193.62299
20240227140014,189.44494
20240227141014,187.89143
20240227142014,187.59505
20240227143014,187.15423
20240227144014,187.10162
20240227145014,186.98453
20240227150014,184.85519
20240227151014,184.33194
20240227152014,184.22874
20240227153014,184.15058
20240227154014,184.19771
20240227155014,184.25425
20240227160014,201.45324
20240227161014,197.26051
20240227162014,192.50467
20240227163014,192.10316
20240227164014,189.72631
20240227165014,190.76166
20240327090014,225.88291
20240327091014,222.13082
20240327092014,228.93182
20240327093014,254.13485
20240327094014,330.97681
20240327095014,328.00356
20240327100014,622.68095
20240327101014,393.12478
20240327102014,439.38801
20240327103014,686.28137
20240327104014,511.75101
20240327105014,389.17873
20240327110014,383.80145
20240327111014,411.76402
20240327112014,391.8983
20240327113014,409.80471
20240327114014,588.33494
20240327115014,558.48796
20240327120014,515.11279
20240327121014,525.88335
20240327122014,342.2651
20240327123014,307.16564
20240327124014,289.89954
20240327125014,235.65015
20240327130014,219.98524
20240327131014,214.25615
20240327132014,212.58712
20240327133014,205.34633
20240327134014,198.86088
20240327135014,193.62299
20240327140014,189.44494
20240327141014,187.89143
20240327142014,187.59505
20240327143014,187.15423
20240327144014,187.10162
20240327145014,186.98453
20240327150014,184.85519
20240327151014,184.33194
20240327152014,184.22874
20240327153014,184.15058
20240327154014,184.19771
20240327155014,184.25425
20240327160014,201.45324
20240327161014,197.26051
20240327162014,192.50467
20240327163014,192.10316
20240327164014,189.72631
20240327165014,190.76166
20240417090014,355.1784
20240417091014,293.07129
20240417092014,258.01845
20240417093014,619.79355
20240417094014,678.02722
20240417095014,483.30106
20240417100014,840.8415
20240417101014,809.26109
20240417102014,325.79839
20240417103014,313.80776
20240417104014,502.49887
20240417105014,445.57915
20240417110014,383.80145
20240417111014,411.76402
20240417112014,391.8983
20240417113014,409.80471
20240417114014,588.33494
20240417115014,558.48796
20240417120014,515.11279
20240417121014,525.88335
20240417122014,342.2651
20240417123014,307.16564
20240417124014,289.89954
20240417125014,235.65015
20240417130014,219.98524
20240417131014,214.25615
20240417132014,212.58712
20240417133014,205.34633
20240417134014,198.86088
20240417135014,193.62299
20240417140014,189.44494
20240417141014,187.89143
20240417142014,187.59505
20240417143014,187.15423
20240417144014,187.10162
20240417145014,186.98453
20240417150014,184.85519
20240417151014,184.33194
20240417152014,184.22874
20240417153014,184.15058
20240417154014,184.19771
20240417155014,184.25425
20240417160014,201.45324
20240417161014,197.26051
20240417162014,192.50467
20240417163014,192.10316
20240417164014,189.72631
20240417165014,190.76166
20240517090014,666.5305
20240517091014,290.37487
20240517092014,582.28344
20240517093014,383.7405
20240517094014,549.2287
20240517095014,697.53411
20240517100014,613.26703
20240517101014,321.09689
20240517102014,462.54827
20240517103014,514.68202
20240517104014,547.37185
20240517105014,406.70643
20240517110014,383.80145
20240517111014,411.76402
20240517112014,391.8983
20240517113014,409.80471
20240517114014,588.33494
20240517115014,558.48796
20240517120014,515.11279
20240517121014,525.88335
20240517122014,342.2651
20240517123014,307.16564
20240517124014,289.89954
20240517125014,235.65015
20240517130014,219.98524
20240517131014,214.25615
20240517132014,212.58712
20240517133014,205.34633
20240517134014,198.86088
20240517135014,193.62299
20240517140014,189.44494
20240517141014,187.89143
20240517142014,187.59505
20240517143014,187.15423
20240517144014,187.10162
20240517145014,186.98453
20240517150014,184.85519
20240517151014,184.33194
20240517152014,184.22874
20240517153014,184.15058
20240517154014,184.19771
20240517155014,184.25425
20240517160014,201.45324
20240517161014,197.26051
20240517162014,192.50467
20240517163014,192.10316
20240517164014,189.72631
20240517165014,190.76166
20240704090014,681.46256
20240704091014,386.24457
20240704092014,264.98715
20240704093014,454.25809
20240704094014,552.5196
20240704095014,727.23079
20240704100014,844.36534
20240704101014,507.33486
20240704102014,333.76636
20240704103014,312.55704
20240704104014,534.49337
20240704105014,445.93668
20240704110014,383.80145
20240704111014,411.76402
20240704112014,391.8983
20240704113014,409.80471
20240704114014,588.33494
20240704115014,558.48796
20240704120014,515.11279
20240704121014,525.88335
20240704122014,342.2651
20240704123014,307.16564
20240704124014,289.89954
20240704125014,235.65015
20240704130014,219.98524
20240704131014,214.25615
20240704132014,212.58712
20240704133014,205.34633
20240704134014,198.86088
20240704135014,193.62299
20240704140014,189.44494
20240704141014,187.89143
20240704142014,187.59505
20240704143014,187.15423
20240704144014,187.10162
20240704145014,186.98453
20240704150014,184.85519
20240704151014,184.33194
20240704152014,184.22874
20240704153014,184.15058
20240704154014,184.19771
20240704155014,184.25425
20240704160014,201.45324
20240704161014,197.26051
20240704162014,192.50467
20240704163014,192.10316
20240704164014,189.72631
20240704165014,190.76166
20240715090014,647.86056
20240715091014,239.96452
20240715092014,232.36802
20240715093014,392.82691
20240715094014,282.63761
20240715095014,427.90018
20240715100014,846.35369
20240715101014,429.07708
20240715102014,384.01072
20240715103014,294.19702
20240715104014,452.99526
20240715105014,391.21601
20240715110014,383.80145
20240715111014,411.76402
20240715112014,391.8983
20240715113014,409.80471
20240715114014,588.33494
20240715115014,558.48796
20240715120014,515.11279
20240715121014,525.88335
20240715122014,342.2651
20240715123014,307.16564
20240715124014,289.89954
20240715125014,235.65015
20240715130014,219.98524
20240715131014,214.25615
20240715132014,212.58712
20240715133014,205.34633
20240715134014,198.86088
20240715135014,193.62299
20240715140014,189.44494
20240715141014,187.89143
20240715142014,187.59505
20240715143014,187.15423
20240715144014,187.10162
20240715145014,186.98453
20240715150014,184.85519
20240715151014,184.33194
20240715152014,184.22874
20240715153014,184.15058
20240715154014,184.19771
20240715155014,184.25425
20240715160014,201.45324
20240715161014,197.26051
20240715162014,192.50467
20240715163014,192.10316
20240715164014,189.72631
20240715165014,190.76166
20240215090015,253.73503
20240215091015,396.58181
20240215092015,498.91401
20240215093015,397.41627
20240215094015,463.19242
20240215095015,459.35322
20240215100015,766.70155
20240215101015,702.04062
20240215102015,339.99922
20240215103015,308.25418
20240215104015,449.81007
20240215105015,406.15809
20240215110015,383.80145
20240215111015,411.76402
20240215112015,391.8983
20240215113015,409.80471
20240215114015,588.33494
20240215115015,558.48796
20240215120015,515.11279
20240215121015,525.88335
20240215122015,342.2651
20240215123015,307.16564
20240215124015,289.89954
20240215125015,235.65015
20240215130015,219.98524
20240215131015,214.25615
20240215132015,212.58712
20240215133015,205.34633
20240215134015,198.86088
20240215135015,193.62299
20240215140015,189.44494
20240215141015,187.89143
20240215142015,187.59505
20240215143015,187.15423
20240215144015,187.10162
20240215145015,186.98453
20240215150015,184.85519
20240215151015,184.33194
20240215152015,184.22874
20240215153015,184.15058
20240215154015,184.19771
20240215155015,184.25425
20240215160015,201.45324
20240215161015,197.26051
20240215162015,192.50467
20240215163015,192.10316
20240215164015,189.72631
20240215165015,190.76166
20240218090015,227.31865
20240218091015,222.15526
20240218092015,231.32813
20240218093015,254.08495
20240218094015,463.65028
20240218095015,680.96714
20240218100015,596.8007
20240218101015,624.27797
20240218102015,473.38622
20240218103015,516.49686
20240218104015,476.00396
20240218105015,400.56861
20240218110015,383.80145
20240218111015,411.76402
20240218112015,391.8983
20240218113015,409.80471
20240218114015,588.33494
20240218115015,558.48796
20240218120015,515.11279
20240218121015,525.88335
20240218122015,342.2651
20240218123015,307.16564
20240218124015,289.89954
20240218125015,235.65015
20240218130015,219.98524
20240218131015,214.25615
20240218132015,212.58712
20240218133015,205.34633
20240218134015,198.86088
20240218135015,193.62299
20240218140015,189.44494
20240218141015,187.89143
20240218142015,187.59505
20240218143015,187.15423
20240218144015,187.10162
20240218145015,186.98453
20240218150015,184.85519
20240218151015,184.33194
20240218152015,184.22874
20240218153015,184.15058
20240218154015,184.19771
20240218155015,184.25425
20240218160015,201.45324
20240218161015,197.26051
20240218162015,192.50467
20240218163015,192.10316
20240218164015,189.72631
20240218165015,190.76166
20240314090015,188.96131
20240314091015,194.54496
20240314092015,200.76598
20240314093015,219.36888
20240314094015,292.16732
20240314095015,454.69002
20240314100015,368.75318
20240314101015,374.77435
20240314102015,437.11005
20240314103015,652.81797
20240314104015,519.13706
20240314105015,386.66067
20240314110015,383.80145
20240314111015,411.76402
20240314112015,391.8983
20240314113015,409.80471
20240314114015,588.33494
20240314115015,558.48796
20240314120015,515.11279
20240314121015,525.88335
20240314122015,342.2651
20240314123015,307.16564
20240314124015,289.89954
20240314125015,235.65015
20240314130015,219.98524
20240314131015,214.25615
20240314132015,212.58712
20240314133015,205.34633
20240314134015,198.86088
20240314135015,193.62299
20240314140015,189.44494
20240314141015,187.89143
20240314142015,187.59505
20240314143015,187.15423
20240314144015,187.10162
20240314145015,186.98453
20240314150015,184.85519
20240314151015,184.33194
20240314152015,184.22874
20240314153015,184.15058
20240314154015,184.19771
20240314155015,184.25425
20240314160015,201.45324
20240314161015,197.26051
20240314162015,192.50467
20240314163015,192.10316
20240314164015,189.72631
20240314165015,190.76166
20240317090015,240.31838
20240317091015,231.92813
20240317092015,262.79949
20240317093015,408.73672
20240317094015,467.44263
20240317095015,390.98442
20240317100015,693.29416
20240317101015,450.16494
20240317102015,440.51425
20240317103015,637.25658
20240317104015,522.40193
20240317105015,393.48412
20240317110015,383.80145
20240317111015,411.76402
20240317112015,391.8983
20240317113015,409.80471
20240317114015,588.33494
20240317115015,558.48796
20240317120015,515.11279
20240317121015,525.88335
20240317122015,342.2651
20240317123015,307.16564
20240317124015,289.89954
20240317125015,235.65015
20240317130015,219.98524
20240317131015,214.25615
20240317132015,212.58712
20240317133015,205.34633
20240317134015,198.86088
20240317135015,193.62299
20240317140015,189.44494
20240317141015,187.89143
20240317142015,187.59505
20240317143015,187.15423
20240317144015,187.10162
20240317145015,186.98453
20240317150015,184.85519
20240317151015,184.33194
20240317152015,184.22874
20240317153015,184.15058
20240317154015,184.19771
20240317155015,184.25425
20240317160015,201.45324
20240317161015,197.26051
20240317162015,192.50467
20240317163015,192.10316
20240317164015,189.72631
20240317165015,190.76166
20240412090015,789.41404
20240412091015,443.75678
20240412092015,441.4491
20240412093015,294.64111
20240412094015,702.33072
20240412095015,600.98209
20240412100015,935.42264
20240412101015,541.2042
20240412102015,333.43781
20240412103015,328.74646
20240412104015,550.16191
20240412105015,430.73822
20240412110015,383.80145
20240412111015,411.76402
20240412112015,391.8983
20240412113015,409.80471
20240412114015,588.33494
20240412115015,558.48796
20240412120015,515.11279
20240412121015,525.88335
20240412122015,342.2651
20240412123015,307.16564
20240412124015,289.89954
20240412125015,235.65015
20240412130015,219.98524
20240412131015,214.25615
20240412132015,212.58712
20240412133015,205.34633
20240412134015,198.86088
20240412135015,193.62299
20240412140015,189.44494
20240412141015,187.89143
20240412142015,187.59505
20240412143015,187.15423
20240412144015,187.10162
20240412145015,186.98453
20240412150015,184.85519
20240412151015,184.33194
20240412152015,184.22874
20240412153015,184.15058
20240412154015,184.19771
20240412155015,184.25425
20240412160015,201.45324
20240412161015,197.26051
20240412162015,192.50467
20240412163015,192.10316
20240412164015,189.72631
20240412165015,190.76166
20240518090015,714.2649
20240518091015,378.90464
20240518092015,276.62347
20240518093015,378.56974
20240518094015,638.87488
20240518095015,331.91692
20240518100015,661.13899
20240518101015,457.95935
20240518102015,459.14669
20240518103015,648.89561
20240518104015,516.5691
20240518105015,402.12951
20240518110015,383.80145
20240518111015,411.76402
20240518112015,391.8983
20240518113015,409.80471
20240518114015,588.33494
20240518115015,558.48796
20240518120015,515.11279
20240518121015,525.88335
20240518122015,342.2651
20240518123015,307.16564
20240518124015,289.89954
20240518125015,235.65015
20240518130015,219.98524
20240518131015,214.25615
20240518132015,212.58712
20240518133015,205.34633
20240518134015,198.86088
20240518135015,193.62299
20240518140015,189.44494
20240518141015,187.89143
20240518142015,187.59505
20240518143015,187.15423
20240518144015,187.10162
20240518145015,186.98453
20240518150015,184.85519
20240518151015,184.33194
20240518152015,184.22874
20240518153015,184.15058
20240518154015,184.19771
20240518155015,184.25425
20240518160015,201.45324
20240518161015,197.26051
20240518162015,192.50467
20240518163015,192.10316
20240518164015,189.72631
20240518165015,190.76166
20240530090015,709.40397
20240530091015,295.36799
20240530092015,286.07716
20240530093015,457.66977
20240530094015,596.49147
20240530095015,323.9116
20240530100015,532.26809
20240530101015,449.58849
20240530102015,562.0894
20240530103015,561.91292
20240530104015,534.13322
20240530105015,448.75925
20240530110015,383.80145
20240530111015,411.76402
20240530112015,391.8983
20240530113015,409.80471
20240530114015,588.33494
20240530115015,558.48796
20240530120015,515.11279
20240530121015,525.88335
20240530122015,342.2651
20240530123015,307.16564
20240530124015,289.89954
20240530125015,235.65015
20240530130015,219.98524
20240530131015,214.25615
20240530132015,212.58712
20240530133015,205.34633
20240530134015,198.86088
20240530135015,193.62299
20240530140015,189.44494
20240530141015,187.89143
20240530142015,187.59505
20240530143015,187.15423
20240530144015,187.10162
20240530145015,186.98453
20240530150015,184.85519
20240530151015,184.33194
20240530152015,184.22874
20240530153015,184.15058
20240530154015,184.19771
20240530155015,184.25425
20240530160015,201.45324
20240530161015,197.26051
20240530162015,192.50467
20240530163015,192.10316
20240530164015,189.72631
20240530165015,190.76166
20240605090015,424.1009
20240605091015,231.80211
20240605092015,222.06379
20240605093015,594.39011
20240605094015,660.61605
20240605095015,330.74699
20240605100015,508.24216
20240605101015,380.89236
20240605102015,454.83949
20240605103015,622.22772
20240605104015,521.64951
20240605105015,392.13634
20240605110015,383.80145
20240605111015,411.76402
20240605112015,391.8983
20240605113015,409.80471
20240605114015,588.33494
20240605115015,558.48796
20240605120015,515.11279
20240605121015,525.88335
20240605122015,342.2651
20240605123015,307.16564
20240605124015,289.89954
20240605125015,235.65015
20240605130015,219.98524
20240605131015,214.25615
20240605132015,212.58712
20240605133015,205.34633
20240605134015,198.86088
20240605135015,193.62299
20240605140015,189.44494
20240605141015,187.89143
20240605142015,187.59505
20240605143015,187.15423
20240605144015,187.10162
20240605145015,186.98453
20240605150015,184.85519
20240605151015,184.33194
20240605152015,184.22874
20240605153015,184.15058
20240605154015,184.19771
20240605155015,184.25425
20240605160015,201.45324
20240605161015,197.26051
20240605162015,192.50467
20240605163015,192.10316
20240605164015,189.72631
20240605165015,190.76166
20240704090015,867.13959
20240704091015,586.88237
20240704092015,631.62484
20240704093015,574.32101
20240704094015,495.03558
20240704095015,747.81286
20240704100015,784.72892
20240704101015,372.07519
20240704102015,375.00413
20240704103015,343.79672
20240704104015,609.49451
20240704105015,446.25065
20240704110015,383.80145
20240704111015,411.76402
20240704112015,391.8983
20240704113015,409.80471
20240704114015,588.33494
20240704115015,558.48796
20240704120015,515.11279
20240704121015,525.88335
20240704122015,342.2651
20240704123015,307.16564
20240704124015,289.89954
20240704125015,235.65015
20240704130015,219.98524
20240704131015,214.25615
20240704132015,212.58712
20240704133015,205.34633
20240704134015,198.86088
20240704135015,193.62299
20240704140015,189.44494
20240704141015,187.89143
20240704142015,187.59505
20240704143015,187.15423
20240704144015,187.10162
20240704145015,186.98453
20240704150015,184.85519
20240704151015,184.33194
20240704152015,184.22874
20240704153015,184.15058
20240704154015,184.19771
20240704155015,184.25425
20240704160015,201.45324
20240704161015,197.26051
20240704162015,192.50467
20240704163015,192.10316
20240704164015,189.72631
20240704165015,190.76166
20240316090016,592.21206
20240316091016,283.43941
20240316092016,284.93401
20240316093016,433.486
20240316094016,461.03291
20240316095016,381.62958
20240316100016,905.96845
20240316101016,475.43318
20240316102016,393.45603
20240316103016,310.55244
20240316104016,447.01227
20240316105016,389.94207
20240316110016,383.80145
20240316111016,411.76402
20240316112016,391.8983
20240316113016,409.80471
20240316114016,588.33494
20240316115016,558.48796
20240316120016,515.11279
20240316121016,525.88335
20240316122016,342.2651
20240316123016,307.16564
20240316124016,289.89954
20240316125016,235.65015
20240316130016,219.98524
20240316131016,214.25615
20240316132016,212.58712
20240316133016,205.34633
20240316134016,198.86088
20240316135016,193.62299
20240316140016,189.44494
20240316141016,187.89143
20240316142016,187.59505
20240316143016,187.15423
20240316144016,187.10162
20240316145016,186.98453
20240316150016,184.85519
20240316151016,184.33194
20240316152016,184.22874
20240316153016,184.15058
20240316154016,184.19771
20240316155016,184.25425
20240316160016,201.45324
20240316161016,197.26051
20240316162016,192.50467
20240316163016,192.10316
20240316164016,189.72631
20240316165016,190.76166
20240322090016,314.88895
20240322091016,245.34522
20240322092016,235.25294
20240322093016,354.2595
20240322094016,290.60149
20240322095016,293.89328
20240322100016,634.78974
20240322101016,541.75183
20240322102016,438.04107
20240322103016,663.81372
20240322104016,510.75033
20240322105016,392.56434
20240322110016,383.80145
20240322111016,411.76402
20240322112016,391.8983
20240322113016,409.80471
20240322114016,588.33494
20240322115016,558.48796
20240322120016,515.11279
20240322121016,525.88335
20240322122016,342.2651
20240322123016,307.16564
20240322124016,289.89954
20240322125016,235.65015
20240322130016,219.98524
20240322131016,214.25615
20240322132016,212.58712
20240322133016,205.34633
20240322134016,198.86088
20240322135016,193.62299
20240322140016,189.44494
20240322141016,187.89143
20240322142016,187.59505
20240322143016,187.15423
20240322144016,187.10162
20240322145016,186.98453
20240322150016,184.85519
20240322151016,184.33194
20240322152016,184.22874
20240322153016,184.15058
20240322154016,184.19771
20240322155016,184.25425
20240322160016,201.45324
20240322161016,197.26051
20240322162016,192.50467
20240322163016,192.10316
20240322164016,189.72631
20240322165016,190.76166
20240414090016,740.79985
20240414091016,381.86849
20240414092016,420.7081
20240414093016,737.65955
20240414094016,282.35189
20240414095016,411.30799
20240414100016,920.48542
20240414101016,457.06119
20240414102016,386.88189
20240414103016,342.90437
20240414104016,440.9124
20240414105016,390.19625
20240414110016,383.80145
20240414111016,411.76402
20240414112016,391.8983
20240414113016,409.80471
20240414114016,588.33494
20240414115016,558.48796
20240414120016,515.11279
20240414121016,525.88335
20240414122016,342.2651
20240414123016,307.16564
20240414124016,289.89954
20240414125016,235.65015
20240414130016,219.98524
20240414131016,214.25615
20240414132016,212.58712
20240414133016,205.34633
20240414134016,198.86088
20240414135016,193.62299
20240414140016,189.44494
20240414141016,187.89143
20240414142016,187.59505
20240414143016,187.15423
20240414144016,187.10162
20240414145016,186.98453
20240414150016,184.85519
20240414151016,184.33194
20240414152016,184.22874
20240414153016,184.15058
20240414154016,184.19771
20240414155016,184.25425
20240414160016,201.45324
20240414161016,197.26051
20240414162016,192.50467
20240414163016,192.10316
20240414164016,189.72631
20240414165016,190.76166
20240422090016,689.03251
20240422091016,396.44712
20240422092016,238.66465
20240422093016,833.7601
20240422094016,392.97697
20240422095016,393.39034
20240422100016,904.57421
20240422101016,457.74451
20240422102016,390.52416
20240422103016,334.16137
20240422104016,467.14088
20240422105016,396.68035
20240422110016,383.80145
20240422111016,411.76402
20240422112016,391.8983
20240422113016,409.80471
20240422114016,588.33494
20240422115016,558.48796
20240422120016,515.11279
20240422121016,525.88335
20240422122016,342.2651
20240422123016,307.16564
20240422124016,289.89954
20240422125016,235.65015
20240422130016,219.98524
20240422131016,214.25615
20240422132016,212.58712
20240422133016,205.34633
20240422134016,198.86088
20240422135016,193.62299
20240422140016,189.44494
20240422141016,187.89143
20240422142016,187.59505
20240422143016,187.15423
20240422144016,187.10162
20240422145016,186.98453
20240422150016,184.85519
20240422151016,184.33194
20240422152016,184.22874
20240422153016,184.15058
20240422154016,184.19771
20240422155016,184.25425
20240422160016,201.45324
20240422161016,197.26051
20240422162016,192.50467
20240422163016,192.10316
20240422164016,189.72631
20240422165016,190.76166
20240513090016,189.32978
20240513091016,198.892
20240513092016,206.9348
20240513093016,276.66949
20240513094016,530.85647
20240513095016,514.8024
20240513100016,463.7908
20240513101016,426.8333
20240513102016,394.66302
20240513103016,575.05926
20240513104016,519.65532
20240513105016,392.07619
20240513110016,383.80145
20240513111016,411.76402
20240513112016,391.8983
20240513113016,409.80471
20240513114016,588.33494
20240513115016,558.48796
20240513120016,515.11279
20240513121016,525.88335
20240513122016,342.2651
20240513123016,307.16564
20240513124016,289.89954
20240513125016,235.65015
20240513130016,219.98524
20240513131016,214.25615
20240513132016,212.58712
20240513133016,205.34633
20240513134016,198.86088
20240513135016,193.62299
20240513140016,189.44494
20240513141016,187.89143
20240513142016,187.59505
20240513143016,187.15423
20240513144016,187.10162
20240513145016,186.98453
20240513150016,184.85519
20240513151016,184.33194
20240513152016,184.22874
20240513153016,184.15058
20240513154016,184.19771
20240513155016,184.25425
20240513160016,201.45324
20240513161016,197.26051
20240513162016,192.50467
20240513163016,192.10316
20240513164016,189.72631
20240513165016,190.76166
20240517090016,780.85862
20240517091016,396.61396
20240517092016,769.15331
20240517093016,573.47634
20240517094016,768.61587
20240517095016,679.81622
20240517100016,682.06282
20240517101016,339.91696
20240517102016,504.03032
20240517103016,431.25419
20240517104016,563.99473
20240517105016,447.91981
20240517110016,383.80145
20240517111016,411.76402
20240517112016,391.8983
20240517113016,409.80471
20240517114016,588.33494
20240517115016,558.48796
20240517120016,515.11279
20240517121016,525.88335
20240517122016,342.2651
20240517123016,307.16564
20240517124016,289.89954
20240517125016,235.65015
20240517130016,219.98524
20240517131016,214.25615
20240517132016,212.58712
20240517133016,205.34633
20240517134016,198.86088
20240517135016,193.62299
20240517140016,189.44494
20240517141016,187.89143
20240517142016,187.59505
20240517143016,187.15423
20240517144016,187.10162
20240517145016,186.98453
20240517150016,184.85519
20240517151016,184.33194
20240517152016,184.22874
20240517153016,184.15058
20240517154016,184.19771
20240517155016,184.25425
20240517160016,201.45324
20240517161016,197.26051
20240517162016,192.50467
20240517163016,192.10316
20240517164016,189.72631
20240517165016,190.76166
20240519090016,237.3383
20240519091016,223.07546
20240519092016,233.83146
20240519093016,238.66902
20240519094016,453.51691
20240519095016,393.84147
20240519100016,659.17614
20240519101016,470.0746
20240519102016,434.18571
20240519103016,691.1041
20240519104016,522.20994
20240519105016,391.40684
20240519110016,383.80145
20240519111016,411.76402
20240519112016,391.8983
20240519113016,409.80471
20240519114016,588.33494
20240519115016,558.48796
20240519120016,515.11279
20240519121016,525.88335
20240519122016,342.2651
20240519123016,307.16564
20240519124016,289.89954
20240519125016,235.65015
20240519130016,219.98524
20240519131016,214.25615
20240519132016,212.58712
20240519133016,205.34633
20240519134016,198.86088
20240519135016,193.62299
20240519140016,189.44494
20240519141016,187.89143
20240519142016,187.59505
20240519143016,187.15423
20240519144016,187.10162
20240519145016,186.98453
20240519150016,184.85519
20240519151016,184.33194
20240519152016,184.22874
20240519153016,184.15058
20240519154016,184.19771
20240519155016,184.25425
20240519160016,201.45324
20240519161016,197.26051
20240519162016,192.50467
20240519163016,192.10316
20240519164016,189.72631
20240519165016,190.76166
20240608090016,686.7625
20240608091016,246.11883
20240608092016,236.63959
20240608093016,430.2354
20240608094016,541.99734
20240608095016,513.46071
20240608100016,532.26338
20240608101016,390.23426
20240608102016,437.14734
20240608103016,530.436
20240608104016,476.44347
20240608105016,396.48085
20240608110016,383.80145
20240608111016,411.76402
20240608112016,391.8983
20240608113016,409.80471
20240608114016,588.33494
20240608115016,558.48796
20240608120016,515.11279
20240608121016,525.88335
20240608122016,342.2651
20240608123016,307.16564
20240608124016,289.89954
20240608125016,235.65015
20240608130016,219.98524
20240608131016,214.25615
20240608132016,212.58712
20240608133016,205.34633
20240608134016,198.86088
20240608135016,193.62299
20240608140016,189.44494
20240608141016,187.89143
20240608142016,187.59505
20240608143016,187.15423
20240608144016,187.10162
20240608145016,186.98453
20240608150016,184.85519
20240608151016,184.33194
20240608152016,184.22874
20240608153016,184.15058
20240608154016,184.19771
20240608155016,184.25425
20240608160016,201.45324
20240608161016,197.26051
20240608162016,192.50467
20240608163016,192.10316
20240608164016,189.72631
20240608165016,190.76166
20240629090016,905.17225
20240629091016,830.76636
20240629092016,665.84759
20240629093016,643.65558
20240629094016,383.56135
20240629095016,501.97246
20240629100016,613.98209
20240629101016,354.33636
20240629102016,383.11818
20240629103016,335.90604
20240629104016,538.3564
20240629105016,405.11743
20240629110016,383.80145
20240629111016,411.76402
20240629112016,391.8983
20240629113016,409.80471
20240629114016,588.33494
20240629115016,558.48796
20240629120016,515.11279
20240629121016,525.88335
20240629122016,342.2651
20240629123016,307.16564
20240629124016,289.89954
20240629125016,235.65015
20240629130016,219.98524
20240629131016,214.25615
20240629132016,212.58712
20240629133016,205.34633
20240629134016,198.86088
20240629135016,193.62299
20240629140016,189.44494
20240629141016,187.89143
20240629142016,187.59505
20240629143016,187.15423
20240629144016,187.10162
20240629145016,186.98453
20240629150016,184.85519
20240629151016,184.33194
20240629152016,184.22874
20240629153016,184.15058
20240629154016,184.19771
20240629155016,184.25425
20240629160016,201.45324
20240629161016,197.26051
20240629162016,192.50467
20240629163016,192.10316
20240629164016,189.72631
20240629165016,190.76166
20240123090017,193.29754
20240123091017,192.69805
20240123092017,205.81572
20240123093017,210.18277
20240123094017,258.68817
20240123095017,392.94014
20240123100017,423.74384
20240123101017,425.10879
20240123102017,460.92131
20240123103017,544.116
20240123104017,470.58733
20240123105017,392.50081
20240123110017,383.80145
20240123111017,411.76402
20240123112017,391.8983
20240123113017,409.80471
20240123114017,588.33494
20240123115017,558.48796
20240123120017,515.11279
20240123121017,525.88335
20240123122017,342.2651
20240123123017,307.16564
20240123124017,289.89954
20240123125017,235.65015
20240123130017,219.98524
20240123131017,214.25615
20240123132017,212.58712
20240123133017,205.34633
20240123134017,198.86088
20240123135017,193.62299
20240123140017,189.44494
20240123141017,187.89143
20240123142017,187.59505
20240123143017,187.15423
20240123144017,187.10162
20240123145017,186.98453
20240123150017,184.85519
20240123151017,184.33194
20240123152017,184.22874
20240123153017,184.15058
20240123154017,184.19771
20240123155017,184.25425
20240123160017,201.45324
20240123161017,197.26051
20240123162017,192.50467
20240123163017,192.10316
20240123164017,189.72631
20240123165017,190.76166
20240129090017,191.93116
20240129091017,195.09354
20240129092017,205.33976
20240129093017,217.79919
20240129094017,281.55814
20240129095017,374.23196
20240129100017,507.28152
20240129101017,455.03775
20240129102017,430.27003
20240129103017,524.10485
20240129104017,471.19207
20240129105017,391.68013
20240129110017,383.80145
20240129111017,411.76402
20240129112017,391.8983
20240129113017,409.80471
20240129114017,588.33494
20240129115017,558.48796
20240129120017,515.11279
20240129121017,525.88335
20240129122017,342.2651
20240129123017,307.16564
20240129124017,289.89954
20240129125017,235.65015
20240129130017,219.98524
20240129131017,214.25615
20240129132017,212.58712
20240129133017,205.34633
20240129134017,198.86088
20240129135017,193.62299
20240129140017,189.44494
20240129141017,187.89143
20240129142017,187.59505
20240129143017,187.15423
20240129144017,187.10162
20240129145017,186.98453
20240129150017,184.85519
20240129151017,184.33194
20240129152017,184.22874
20240129153017,184.15058
20240129154017,184.19771
20240129155017,184.25425
20240129160017,201.45324
20240129161017,197.26051
20240129162017,192.50467
20240129163017,192.10316
20240129164017,189.72631
20240129165017,190.76166
20240215090017,727.9037
20240215091017,745.30076
20240215092017,698.48634
20240215093017,734.08922
20240215094017,547.50228
20240215095017,518.29097
20240215100017,800.62421
20240215101017,784.76978
20240215102017,338.51481
20240215103017,314.2944
20240215104017,472.46628
20240215105017,408.00102
20240215110017,383.80145
20240215111017,411.76402
20240215112017,391.8983
20240215113017,409.80471
20240215114017,588.33494
20240215115017,558.48796
20240215120017,515.11279
20240215121017,525.88335
20240215122017,342.2651
20240215123017,307.16564
20240215124017,289.89954
20240215125017,235.65015
20240215130017,219.98524
20240215131017,214.25615
20240215132017,212.58712
20240215133017,205.34633
20240215134017,198.86088
20240215135017,193.62299
20240215140017,189.44494
20240215141017,187.89143
20240215142017,187.59505
20240215143017,187.15423
20240215144017,187.10162
20240215145017,186.98453
20240215150017,184.85519
20240215151017,184.33194
20240215152017,184.22874
20240215153017,184.15058
20240215154017,184.19771
20240215155017,184.25425
20240215160017,201.45324
20240215161017,197.26051
20240215162017,192.50467
20240215163017,192.10316
20240215164017,189.72631
20240215165017,190.76166
20240218090017,210.64812
20240218091017,206.7377
20240218092017,220.63618
20240218093017,236.95798
20240218094017,475.7013
20240218095017,729.18223
20240218100017,647.86081
20240218101017,626.20627
20240218102017,466.01511
20240218103017,511.41517
20240218104017,482.81131
20240218105017,400.62544
20240218110017,383.80145
20240218111017,411.76402
20240218112017,391.8983
20240218113017,409.80471
20240218114017,588.33494
20240218115017,558.48796
20240218120017,515.11279
20240218121017,525.88335
20240218122017,342.2651
20240218123017,307.16564
20240218124017,289.89954
20240218125017,235.65015
20240218130017,219.98524
20240218131017,214.25615
20240218132017,212.58712
20240218133017,205.34633
20240218134017,198.86088
20240218135017,193.62299
20240218140017,189.44494
20240218141017,187.89143
20240218142017,187.59505
20240218143017,187.15423
20240218144017,187.10162
20240218145017,186.98453
20240218150017,184.85519
20240218151017,184.33194
20240218152017,184.22874
20240218153017,184.15058
20240218154017,184.19771
20240218155017,184.25425
20240218160017,201.45324
20240218161017,197.26051
20240218162017,192.50467
20240218163017,192.10316
20240218164017,189.72631
20240218165017,190.76166
20240305090017,896.77855
20240305091017,598.38331
20240305092017,780.23666
20240305093017,473.17989
20240305094017,683.78644
20240305095017,568.4842
20240305100017,610.64548
20240305101017,319.67506
20240305102017,425.46434
20240305103017,449.47282
20240305104017,642.16753
20240305105017,449.46935
20240305110017,383.80145
20240305111017,411.76402
20240305112017,391.8983
20240305113017,409.80471
20240305114017,588.33494
20240305115017,558.48796
20240305120017,515.11279
20240305121017,525.88335
20240305122017,342.2651
20240305123017,307.16564
20240305124017,289.89954
20240305125017,235.65015
20240305130017,219.98524
20240305131017,214.25615
20240305132017,212.58712
20240305133017,205.34633
20240305134017,198.86088
20240305135017,193.62299
20240305140017,189.44494
20240305141017,187.89143
20240305142017,187.59505
20240305143017,187.15423
20240305144017,187.10162
20240305145017,186.98453
20240305150017,184.85519
20240305151017,184.33194
20240305152017,184.22874
20240305153017,184.15058
20240305154017,184.19771
20240305155017,184.25425
20240305160017,201.45324
20240305161017,197.26051
20240305162017,192.50467
20240305163017,192.10316
20240305164017,189.72631
20240305165017,190.76166
20240309090017,199.50725
20240309091017,204.45382
20240309092017,210.6832
20240309093017,227.7338
20240309094017,275.14166
20240309095017,382.73019
20240309100017,623.97152
20240309101017,425.44384
20240309102017,461.45502
20240309103017,685.93447
20240309104017,515.58096
20240309105017,386.35496
20240309110017,383.80145
20240309111017,411.76402
20240309112017,391.8983
20240309113017,409.80471
20240309114017,588.33494
20240309115017,558.48796
20240309120017,515.11279
20240309121017,525.88335
20240309122017,342.2651
20240309123017,307.16564
20240309124017,289.89954
20240309125017,235.65015
20240309130017,219.98524
20240309131017,214.25615
20240309132017,212.58712
20240309133017,205.34633
20240309134017,198.86088
20240309135017,193.62299
20240309140017,189.44494
20240309141017,187.89143
20240309142017,187.59505
20240309143017,187.15423
20240309144017,187.10162
20240309145017,186.98453
20240309150017,184.85519
20240309151017,184.33194
20240309152017,184.22874
20240309153017,184.15058
20240309154017,184.19771
20240309155017,184.25425
20240309160017,201.45324
20240309161017,197.26051
20240309162017,192.50467
20240309163017,192.10316
20240309164017,189.72631
20240309165017,190.76166
20240311090017,207.36184
20240311091017,207.60481
20240311092017,215.32603
20240311093017,239.74099
20240311094017,319.93808
20240311095017,358.88989
20240311100017,601.1202
20240311101017,425.03721
20240311102017,454.10059
20240311103017,685.15203
20240311104017,518.01552
20240311105017,387.78445
20240311110017,383.80145
20240311111017,411.76402
20240311112017,391.8983
20240311113017,409.80471
20240311114017,588.33494
20240311115017,558.48796
20240311120017,515.11279
20240311121017,525.88335
20240311122017,342.2651
20240311123017,307.16564
20240311124017,289.89954
20240311125017,235.65015
20240311130017,219.98524
20240311131017,214.25615
20240311132017,212.58712
20240311133017,205.34633
20240311134017,198.86088
20240311135017,193.62299
20240311140017,189.44494
20240311141017,187.89143
20240311142017,187.59505
20240311143017,187.15423
20240311144017,187.10162
20240311145017,186.98453
20240311150017,184.85519
20240311151017,184.33194
20240311152017,184.22874
20240311153017,184.15058
20240311154017,184.19771
20240311155017,184.25425
20240311160017,201.45324
20240311161017,197.26051
20240311162017,192.50467
20240311163017,192.10316
20240311164017,189.72631
20240311165017,190.76166
20240403090017,802.08221
20240403091017,568.11177
20240403092017,473.16548
20240403093017,433.41892
20240403094017,625.12787
20240403095017,592.95103
20240403100017,774.86766
20240403101017,452.72239
20240403102017,345.70248
20240403103017,382.99838
20240403104017,580.95143
20240403105017,410.80913
20240403110017,383.80145
20240403111017,411.76402
20240403112017,391.8983
20240403113017,409.80471
20240403114017,588.33494
20240403115017,558.48796
20240403120017,515.11279
20240403121017,525.88335
20240403122017,342.2651
20240403123017,307.16564
20240403124017,289.89954
20240403125017,235.65015
20240403130017,219.98524
20240403131017,214.25615
20240403132017,212.58712
20240403133017,205.34633
20240403134017,198.86088
20240403135017,193.62299
20240403140017,189.44494
20240403141017,187.89143
20240403142017,187.59505
20240403143017,187.15423
20240403144017,187.10162
20240403145017,186.98453
20240403150017,184.85519
20240403151017,184.33194
20240403152017,184.22874
20240403153017,184.15058
20240403154017,184.19771
20240403155017,184.25425
20240403160017,201.45324
20240403161017,197.26051
20240403162017,192.50467
20240403163017,192.10316
20240403164017,189.72631
20240403165017,190.76166
20240507090017,806.35601
20240507091017,630.8771
20240507092017,740.8065
20240507093017,459.14953
20240507094017,577.66671
20240507095017,589.50188
20240507100017,563.38733
20240507101017,326.16346
20240507102017,392.34198
20240507103017,445.35715
20240507104017,571.66107
20240507105017,409.179
20240507110017,383.80145
20240507111017,411.76402
20240507112017,391.8983
20240507113017,409.80471
20240507114017,588.33494
20240507115017,558.48796
20240507120017,515.11279
20240507121017,525.88335
20240507122017,342.2651
20240507123017,307.16564
20240507124017,289.89954
20240507125017,235.65015
20240507130017,219.98524
20240507131017,214.25615
20240507132017,212.58712
20240507133017,205.34633
20240507134017,198.86088
20240507135017,193.62299
20240507140017,189.44494
20240507141017,187.89143
20240507142017,187.59505
20240507143017,187.15423
20240507144017,187.10162
20240507145017,186.98453
20240507150017,184.85519
20240507151017,184.33194
20240507152017,184.22874
20240507153017,184.15058
20240507154017,184.19771
20240507155017,184.25425
20240507160017,201.45324
20240507161017,197.26051
20240507162017,192.50467
20240507163017,192.10316
20240507164017,189.72631
20240507165017,190.76166
20240528090017,187.7634
20240528091017,196.56788
20240528092017,206.39324
20240528093017,270.58969
20240528094017,528.25902
20240528095017,527.95745
20240528100017,460.00552
20240528101017,426.64379
20240528102017,394.19875
20240528103017,569.51914
20240528104017,519.84494
20240528105017,391.65867
20240528110017,383.80145
20240528111017,411.76402
20240528112017,391.8983
20240528113017,409.80471
20240528114017,588.33494
20240528115017,558.48796
20240528120017,515.11279
20240528121017,525.88335
20240528122017,342.2651
20240528123017,307.16564
20240528124017,289.89954
20240528125017,235.65015
20240528130017,219.98524
20240528131017,214.25615
20240528132017,212.58712
20240528133017,205.34633
20240528134017,198.86088
20240528135017,193.62299
20240528140017,189.44494
20240528141017,187.89143
20240528142017,187.59505
20240528143017,187.15423
20240528144017,187.10162
20240528145017,186.98453
20240528150017,184.85519
20240528151017,184.33194
20240528152017,184.22874
20240528153017,184.15058
20240528154017,184.19771
20240528155017,184.25425
20240528160017,201.45324
20240528161017,197.26051
20240528162017,192.50467
20240528163017,192.10316
20240528164017,189.72631
20240528165017,190.76166
20240614090017,204.2233
20240614091017,203.81111
20240614092017,227.0588
20240614093017,241.59376
20240614094017,528.13853
20240614095017,587.99083
20240614100017,325.27304
20240614101017,302.30188
20240614102017,430.93595
20240614103017,567.38963
20240614104017,521.44637
20240614105017,394.08978
20240614110017,383.80145
20240614111017,411.76402
20240614112017,391.8983
20240614113017,409.80471
20240614114017,588.33494
20240614115017,558.48796
20240614120017,515.11279
20240614121017,525.88335
20240614122017,342.2651
20240614123017,307.16564
20240614124017,289.89954
20240614125017,235.65015
20240614130017,219.98524
20240614131017,214.25615
20240614132017,212.58712
20240614133017,205.34633
20240614134017,198.86088
20240614135017,193.62299
20240614140017,189.44494
20240614141017,187.89143
20240614142017,187.59505
20240614143017,187.15423
20240614144017,187.10162
20240614145017,186.98453
20240614150017,184.85519
20240614151017,184.33194
20240614152017,184.22874
20240614153017,184.15058
20240614154017,184.19771
20240614155017,184.25425
20240614160017,201.45324
20240614161017,197.26051
20240614162017,192.50467
20240614163017,192.10316
20240614164017,189.72631
20240614165017,190.76166
20240619090017,416.30992
20240619091017,290.87836
20240619092017,218.63232
20240619093017,374.54854
20240619094017,363.71482
20240619095017,414.09595
20240619100017,626.08143
20240619101017,454.43857
20240619102017,341.46902
20240619103017,303.87977
20240619104017,472.29541
20240619105017,397.7358
20240619110017,383.80145
20240619111017,411.76402
20240619112017,391.8983
20240619113017,409.80471
20240619114017,588.33494
20240619115017,558.48796
20240619120017,515.11279
20240619121017,525.88335
20240619122017,342.2651
20240619123017,307.16564
20240619124017,289.89954
20240619125017,235.65015
20240619130017,219.98524
20240619131017,214.25615
20240619132017,212.58712
20240619133017,205.34633
20240619134017,198.86088
20240619135017,193.62299
20240619140017,189.44494
20240619141017,187.89143
20240619142017,187.59505
20240619143017,187.15423
20240619144017,187.10162
20240619145017,186.98453
20240619150017,184.85519
20240619151017,184.33194
20240619152017,184.22874
20240619153017,184.15058
20240619154017,184.19771
20240619155017,184.25425
20240619160017,201.45324
20240619161017,197.26051
20240619162017,192.50467
20240619163017,192.10316
20240619164017,189.72631
20240619165017,190.76166
20240627090017,745.62806
20240627091017,356.12704
20240627092017,317.96016
20240627093017,555.2113
20240627094017,386.53758
20240627095017,414.80123
20240627100017,652.7727
20240627101017,508.59397
20240627102017,334.83835
20240627103017,341.37209
20240627104017,528.24776
20240627105017,399.42491
20240627110017,383.80145
20240627111017,411.76402
20240627112017,391.8983
20240627113017,409.80471
20240627114017,588.33494
20240627115017,558.48796
20240627120017,515.11279
20240627121017,525.88335
20240627122017,342.2651
20240627123017,307.16564
20240627124017,289.89954
20240627125017,235.65015
20240627130017,219.98524
20240627131017,214.25615
20240627132017,212.58712
20240627133017,205.34633
20240627134017,198.86088
20240627135017,193.62299
20240627140017,189.44494
20240627141017,187.89143
20240627142017,187.59505
20240627143017,187.15423
20240627144017,187.10162
20240627145017,186.98453
20240627150017,184.85519
20240627151017,184.33194
20240627152017,184.22874
20240627153017,184.15058
20240627154017,184.19771
20240627155017,184.25425
20240627160017,201.45324
20240627161017,197.26051
20240627162017,192.50467
20240627163017,192.10316
20240627164017,189.72631
20240627165017,190.76166
20240629090017,704.49723
20240629091017,352.15566
20240629092017,345.12804
20240629093017,562.34206
20240629094017,384.86024
20240629095017,384.74778
20240629100017,617.81412
20240629101017,521.69186
20240629102017,329.37303
20240629103017,356.61516
20240629104017,568.98964
20240629105017,408.65038
20240629110017,383.80145
20240629111017,411.76402
20240629112017,391.8983
20240629113017,409.80471
20240629114017,588.33494
20240629115017,558.48796
20240629120017,515.11279
20240629121017,525.88335
20240629122017,342.2651
20240629123017,307.16564
20240629124017,289.89954
20240629125017,235.65015
20240629130017,219.98524
20240629131017,214.25615
20240629132017,212.58712
20240629133017,205.34633
20240629134017,198.86088
20240629135017,193.62299
20240629140017,189.44494
20240629141017,187.89143
20240629142017,187.59505
20240629143017,187.15423
20240629144017,187.10162
20240629145017,186.98453
20240629150017,184.85519
20240629151017,184.33194
20240629152017,184.22874
20240629153017,184.15058
20240629154017,184.19771
20240629155017,184.25425
20240629160017,201.45324
20240629161017,197.26051
20240629162017,192.50467
20240629163017,192.10316
20240629164017,189.72631
20240629165017,190.76166
20240704090017,805.33291
20240704091017,495.68824
20240704092017,443.71352
20240704093017,543.79073
20240704094017,553.27898
20240704095017,633.26933
20240704100017,706.47683
20240704101017,515.19454
20240704102017,322.53441
20240704103017,364.13294
20240704104017,614.56126
20240704105017,447.74874
20240704110017,383.80145
20240704111017,411.76402
20240704112017,391.8983
20240704113017,409.80471
20240704114017,588.33494
20240704115017,558.48796
20240704120017,515.11279
20240704121017,525.88335
20240704122017,342.2651
20240704123017,307.16564
20240704124017,289.89954
20240704125017,235.65015
20240704130017,219.98524
20240704131017,214.25615
20240704132017,212.58712
20240704133017,205.34633
20240704134017,198.86088
20240704135017,193.62299
20240704140017,189.44494
20240704141017,187.89143
20240704142017,187.59505
20240704143017,187.15423
20240704144017,187.10162
20240704145017,186.98453
20240704150017,184.85519
20240704151017,184.33194
20240704152017,184.22874
20240704153017,184.15058
20240704154017,184.19771
20240704155017,184.25425
20240704160017,201.45324
20240704161017,197.26051
20240704162017,192.50467
20240704163017,192.10316
20240704164017,189.72631
20240704165017,190.76166
20240706090017,804.06976
20240706091017,492.78617
20240706092017,445.18355
20240706093017,549.73354
20240706094017,555.12091
20240706095017,644.23917
20240706100017,704.59081
20240706101017,510.28858
20240706102017,322.92439
20240706103017,364.44498
20240706104017,615.02468
20240706105017,447.74874
20240706110017,383.80145
20240706111017,411.76402
20240706112017,391.8983
20240706113017,409.80471
20240706114017,588.33494
20240706115017,558.48796
20240706120017,515.11279
20240706121017,525.88335
20240706122017,342.2651
20240706123017,307.16564
20240706124017,289.89954
20240706125017,235.65015
20240706130017,219.98524
20240706131017,214.25615
20240706132017,212.58712
20240706133017,205.34633
20240706134017,198.86088
20240706135017,193.62299
20240706140017,189.44494
20240706141017,187.89143
20240706142017,187.59505
20240706143017,187.15423
20240706144017,187.10162
20240706145017,186.98453
20240706150017,184.85519
20240706151017,184.33194
20240706152017,184.22874
20240706153017,184.15058
20240706154017,184.19771
20240706155017,184.25425
20240706160017,201.45324
20240706161017,197.26051
20240706162017,192.50467
20240706163017,192.10316
20240706164017,189.72631
20240706165017,190.76166
20240328090008,205.58018
20240328091008,195.14474
20240328092008,205.12156
20240328093008,208.05872
20240328094008,578.1831
20240328095008,495.14924
20240328100008,782.04017
20240328101008,430.21709
20240328102008,333.04941
20240328103008,304.21849
20240328104008,443.48876
20240328105008,410.48889
20240328110008,383.80145
20240328111008,411.76402
20240328112008,391.8983
20240328113008,409.80471
20240328114008,588.33494
20240328115008,558.48796
20240328120008,515.11279
20240328121008,525.88335
20240328122008,342.2651
20240328123008,307.16564
20240328124008,289.89954
20240328125008,235.65015
20240328130008,219.98524
20240328131008,214.25615
20240328132008,212.58712
20240328133008,205.34633
20240328134008,198.86088
20240328135008,193.62299
20240328140008,189.44494
20240328141008,187.89143
20240328142008,187.59505
20240328143008,187.15423
20240328144008,187.10162
20240328145008,186.98453
20240328150008,184.85519
20240328151008,184.33194
20240328152008,184.22874
20240328153008,184.15058
20240328154008,184.19771
20240328155008,184.25425
20240328160008,201.45324
20240328161008,197.26051
20240328162008,192.50467
20240328163008,192.10316
20240328164008,189.72631
20240328165008,190.76166
20240508090008,211.99452
20240508091008,212.62385
20240508092008,221.14073
20240508093008,225.72656
20240508094008,599.79665
20240508095008,532.13428
20240508100008,555.84949
20240508101008,470.11594
20240508102008,429.90382
20240508103008,676.63112
20240508104008,521.86713
20240508105008,392.70071
20240508110008,383.80145
20240508111008,411.76402
20240508112008,391.8983
20240508113008,409.80471
20240508114008,588.33494
20240508115008,558.48796
20240508120008,515.11279
20240508121008,525.88335
20240508122008,342.2651
20240508123008,307.16564
20240508124008,289.89954
20240508125008,235.65015
20240508130008,219.98524
20240508131008,214.25615
20240508132008,212.58712
20240508133008,205.34633
20240508134008,198.86088
20240508135008,193.62299
20240508140008,189.44494
20240508141008,187.89143
20240508142008,187.59505
20240508143008,187.15423
20240508144008,187.10162
20240508145008,186.98453
20240508150008,184.85519
20240508151008,184.33194
20240508152008,184.22874
20240508153008,184.15058
20240508154008,184.19771
20240508155008,184.25425
20240508160008,201.45324
20240508161008,197.26051
20240508162008,192.50467
20240508163008,192.10316
20240508164008,189.72631
20240508165008,190.76166
20240521090008,205.40298
20240521091008,208.63418
20240521092008,222.43526
20240521093008,252.69259
20240521094008,671.35952
20240521095008,575.12934
20240521100008,554.18687
20240521101008,511.93435
20240521102008,396.10492
20240521103008,636.75361
20240521104008,522.4947
20240521105008,392.45022
20240521110008,383.80145
20240521111008,411.76402
20240521112008,391.8983
20240521113008,409.80471
20240521114008,588.33494
20240521115008,558.48796
20240521120008,515.11279
20240521121008,525.88335
20240521122008,342.2651
20240521123008,307.16564
20240521124008,289.89954
20240521125008,235.65015
20240521130008,219.98524
20240521131008,214.25615
20240521132008,212.58712
20240521133008,205.34633
20240521134008,198.86088
20240521135008,193.62299
20240521140008,189.44494
20240521141008,187.89143
20240521142008,187.59505
20240521143008,187.15423
20240521144008,187.10162
20240521145008,186.98453
20240521150008,184.85519
20240521151008,184.33194
20240521152008,184.22874
20240521153008,184.15058
20240521154008,184.19771
20240521155008,184.25425
20240521160008,201.45324
20240521161008,197.26051
20240521162008,192.50467
20240521163008,192.10316
20240521164008,189.72631
20240521165008,190.76166
20240618090008,221.3575
20240618091008,210.16005
20240618092008,221.68106
20240618093008,280.64765
20240618094008,496.39439
20240618095008,386.3711
20240618100008,394.65453
20240618101008,338.42366
20240618102008,452.70092
20240618103008,672.97219
20240618104008,521.15887
20240618105008,388.21988
20240618110008,383.80145
20240618111008,411.76402
20240618112008,391.8983
20240618113008,409.80471
20240618114008,588.33494
20240618115008,558.48796
20240618120008,515.11279
20240618121008,525.88335
20240618122008,342.2651
20240618123008,307.16564
20240618124008,289.89954
20240618125008,235.65015
20240618130008,219.98524
20240618131008,214.25615
20240618132008,212.58712
20240618133008,205.34633
20240618134008,198.86088
20240618135008,193.62299
20240618140008,189.44494
20240618141008,187.89143
20240618142008,187.59505
20240618143008,187.15423
20240618144008,187.10162
20240618145008,186.98453
20240618150008,184.85519
20240618151008,184.33194
20240618152008,184.22874
20240618153008,184.15058
20240618154008,184.19771
20240618155008,184.25425
20240618160008,201.45324
20240618161008,197.26051
20240618162008,192.50467
20240618163008,192.10316
20240618164008,189.72631
20240618165008,190.76166
20240630090008,197.76619
20240630091008,192.98849
20240630092008,206.71688
20240630093008,200.14548
20240630094008,227.40508
20240630095008,725.15364
20240630100008,848.89136
20240630101008,461.65619
20240630102008,325.92809
20240630103008,297.85801
20240630104008,465.75685
20240630105008,413.43185
20240630110008,383.80145
20240630111008,411.76402
20240630112008,391.8983
20240630113008,409.80471
20240630114008,588.33494
20240630115008,558.48796
20240630120008,515.11279
20240630121008,525.88335
20240630122008,342.2651
20240630123008,307.16564
20240630124008,289.89954
20240630125008,235.65015
20240630130008,219.98524
20240630131008,214.25615
20240630132008,212.58712
20240630133008,205.34633
20240630134008,198.86088
20240630135008,193.62299
20240630140008,189.44494
20240630141008,187.89143
20240630142008,187.59505
20240630143008,187.15423
20240630144008,187.10162
20240630145008,186.98453
20240630150008,184.85519
20240630151008,184.33194
20240630152008,184.22874
20240630153008,184.15058
20240630154008,184.19771
20240630155008,184.25425
20240630160008,201.45324
20240630161008,197.26051
20240630162008,192.50467
20240630163008,192.10316
20240630164008,189.72631
20240630165008,190.76166
20240702090008,195.71227
20240702091008,196.5651
20240702092008,232.47746
20240702093008,197.0227
20240702094008,252.60234
20240702095008,658.75316
20240702100008,776.88528
20240702101008,433.03422
20240702102008,330.38782
20240702103008,289.19201
20240702104008,443.14879
20240702105008,410.00451
20240702110008,383.80145
20240702111008,411.76402
20240702112008,391.8983
20240702113008,409.80471
20240702114008,588.33494
20240702115008,558.48796
20240702120008,515.11279
20240702121008,525.88335
20240702122008,342.2651
20240702123008,307.16564
20240702124008,289.89954
20240702125008,235.65015
20240702130008,219.98524
20240702131008,214.25615
20240702132008,212.58712
20240702133008,205.34633
20240702134008,198.86088
20240702135008,193.62299
20240702140008,189.44494
20240702141008,187.89143
20240702142008,187.59505
20240702143008,187.15423
20240702144008,187.10162
20240702145008,186.98453
20240702150008,184.85519
20240702151008,184.33194
20240702152008,184.22874
20240702153008,184.15058
20240702154008,184.19771
20240702155008,184.25425
20240702160008,201.45324
20240702161008,197.26051
20240702162008,192.50467
20240702163008,192.10316
20240702164008,189.72631
20240702165008,190.76166
20240812090008,195.95502
20240812091008,191.39825
20240812092008,220.32337
20240812093008,198.02711
20240812094008,238.07536
20240812095008,673.66432
20240812100008,788.60034
20240812101008,453.09062
20240812102008,329.68958
20240812103008,292.60284
20240812104008,447.85215
20240812105008,411.92137
20240812110008,383.80145
20240812111008,411.76402
20240812112008,391.8983
20240812113008,409.80471
20240812114008,588.33494
20240812115008,558.48796
20240812120008,515.11279
20240812121008,525.88335
20240812122008,342.2651
20240812123008,307.16564
20240812124008,289.89954
20240812125008,235.65015
20240812130008,219.98524
20240812131008,214.25615
20240812132008,212.58712
20240812133008,205.34633
20240812134008,198.86088
20240812135008,193.62299
20240812140008,189.44494
20240812141008,187.89143
20240812142008,187.59505
20240812143008,187.15423
20240812144008,187.10162
20240812145008,186.98453
20240812150008,184.85519
20240812151008,184.33194
20240812152008,184.22874
20240812153008,184.15058
20240812154008,184.19771
20240812155008,184.25425
20240812160008,201.45324
20240812161008,197.26051
20240812162008,192.50467
20240812163008,192.10316
20240812164008,189.72631
20240812165008,190.76166
20240828090008,196.36263
20240828091008,192.31881
20240828092008,209.30722
20240828093008,198.16968
20240828094008,227.84768
20240828095008,732.11612
20240828100008,811.84634
20240828101008,456.59839
20240828102008,329.84466
20240828103008,294.69281
20240828104008,448.35028
20240828105008,412.34264
20240828110008,383.80145
20240828111008,411.76402
20240828112008,391.8983
20240828113008,409.80471
20240828114008,588.33494
20240828115008,558.48796
20240828120008,515.11279
20240828121008,525.88335
20240828122008,342.2651
20240828123008,307.16564
20240828124008,289.89954
20240828125008,235.65015
20240828130008,219.98524
20240828131008,214.25615
20240828132008,212.58712
20240828133008,205.34633
20240828134008,198.86088
20240828135008,193.62299
20240828140008,189.44494
20240828141008,187.89143
20240828142008,187.59505
20240828143008,187.15423
20240828144008,187.10162
20240828145008,186.98453
20240828150008,184.85519
20240828151008,184.33194
20240828152008,184.22874
20240828153008,184.15058
20240828154008,184.19771
20240828155008,184.25425
20240828160008,201.45324
20240828161008,197.26051
20240828162008,192.50467
20240828163008,192.10316
20240828164008,189.72631
20240828165008,190.76166
20240307090010,188.81014
20240307091010,190.91254
20240307092010,199.99313
20240307093010,249.35711
20240307094010,473.4628
20240307095010,468.04161
20240307100010,336.08444
20240307101010,376.08839
20240307102010,415.72686
20240307103010,579.98754
20240307104010,519.38378
20240307105010,391.46651
20240307110010,383.80145
20240307111010,411.76402
20240307112010,391.8983
20240307113010,409.80471
20240307114010,588.33494
20240307115010,558.48796
20240307120010,515.11279
20240307121010,525.88335
20240307122010,342.2651
20240307123010,307.16564
20240307124010,289.89954
20240307125010,235.65015
20240307130010,219.98524
20240307131010,214.25615
20240307132010,212.58712
20240307133010,205.34633
20240307134010,198.86088
20240307135010,193.62299
20240307140010,189.44494
20240307141010,187.89143
20240307142010,187.59505
20240307143010,187.15423
20240307144010,187.10162
20240307145010,186.98453
20240307150010,184.85519
20240307151010,184.33194
20240307152010,184.22874
20240307153010,184.15058
20240307154010,184.19771
20240307155010,184.25425
20240307160010,201.45324
20240307161010,197.26051
20240307162010,192.50467
20240307163010,192.10316
20240307164010,189.72631
20240307165010,190.76166
20240310090010,188.35556
20240310091010,191.17314
20240310092010,196.97612
20240310093010,206.39193
20240310094010,277.66162
20240310095010,430.97713
20240310100010,329.50997
20240310101010,350.721
20240310102010,441.98662
20240310103010,653.01344
20240310104010,518.2441
20240310105010,391.5746
20240310110010,383.80145
20240310111010,411.76402
20240310112010,391.8983
20240310113010,409.80471
20240310114010,588.33494
20240310115010,558.48796
20240310120010,515.11279
20240310121010,525.88335
20240310122010,342.2651
20240310123010,307.16564
20240310124010,289.89954
20240310125010,235.65015
20240310130010,219.98524
20240310131010,214.25615
20240310132010,212.58712
20240310133010,205.34633
20240310134010,198.86088
20240310135010,193.62299
20240310140010,189.44494
20240310141010,187.89143
20240310142010,187.59505
20240310143010,187.15423
20240310144010,187.10162
20240310145010,186.98453
20240310150010,184.85519
20240310151010,184.33194
20240310152010,184.22874
20240310153010,184.15058
20240310154010,184.19771
20240310155010,184.25425
20240310160010,201.45324
20240310161010,197.26051
20240310162010,192.50467
20240310163010,192.10316
20240310164010,189.72631
20240310165010,190.76166
20240423090010,213.71215
20240423091010,221.35319
20240423092010,215.42249
20240423093010,255.6271
20240423094010,602.08535
20240423095010,656.89483
20240423100010,531.26376
20240423101010,435.6069
20240423102010,395.7008
20240423103010,653.79201
20240423104010,523.84618
20240423105010,393.91565
20240423110010,383.80145
20240423111010,411.76402
20240423112010,391.8983
20240423113010,409.80471
20240423114010,588.33494
20240423115010,558.48796
20240423120010,515.11279
20240423121010,525.88335
20240423122010,342.2651
20240423123010,307.16564
20240423124010,289.89954
20240423125010,235.65015
20240423130010,219.98524
20240423131010,214.25615
20240423132010,212.58712
20240423133010,205.34633
20240423134010,198.86088
20240423135010,193.62299
20240423140010,189.44494
20240423141010,187.89143
20240423142010,187.59505
20240423143010,187.15423
20240423144010,187.10162
20240423145010,186.98453
20240423150010,184.85519
20240423151010,184.33194
20240423152010,184.22874
20240423153010,184.15058
20240423154010,184.19771
20240423155010,184.25425
20240423160010,201.45324
20240423161010,197.26051
20240423162010,192.50467
20240423163010,192.10316
20240423164010,189.72631
20240423165010,190.76166
20240519090010,211.24387
20240519091010,220.78694
20240519092010,221.85899
20240519093010,251.68741
20240519094010,666.04103
20240519095010,563.57036
20240519100010,567.08155
20240519101010,529.9231
20240519102010,399.74127
20240519103010,657.03216
20240519104010,521.99558
20240519105010,393.63356
20240519110010,383.80145
20240519111010,411.76402
20240519112010,391.8983
20240519113010,409.80471
20240519114010,588.33494
20240519115010,558.48796
20240519120010,515.11279
20240519121010,525.88335
20240519122010,342.2651
20240519123010,307.16564
20240519124010,289.89954
20240519125010,235.65015
20240519130010,219.98524
20240519131010,214.25615
20240519132010,212.58712
20240519133010,205.34633
20240519134010,198.86088
20240519135010,193.62299
20240519140010,189.44494
20240519141010,187.89143
20240519142010,187.59505
20240519143010,187.15423
20240519144010,187.10162
20240519145010,186.98453
20240519150010,184.85519
20240519151010,184.33194
20240519152010,184.22874
20240519153010,184.15058
20240519154010,184.19771
20240519155010,184.25425
20240519160010,201.45324
20240519161010,197.26051
20240519162010,192.50467
20240519163010,192.10316
20240519164010,189.72631
20240519165010,190.76166
20240619090010,305.1528
20240619091010,235.18272
20240619092010,209.06069
20240619093010,307.31069
20240619094010,337.98045
20240619095010,427.32088
20240619100010,696.99635
20240619101010,454.29448
20240619102010,332.44468
20240619103010,287.61055
20240619104010,471.08321
20240619105010,395.91982
20240619110010,383.80145
20240619111010,411.76402
20240619112010,391.8983
20240619113010,409.80471
20240619114010,588.33494
20240619115010,558.48796
20240619120010,515.11279
20240619121010,525.88335
20240619122010,342.2651
20240619123010,307.16564
20240619124010,289.89954
20240619125010,235.65015
20240619130010,219.98524
20240619131010,214.25615
20240619132010,212.58712
20240619133010,205.34633
20240619134010,198.86088
20240619135010,193.62299
20240619140010,189.44494
20240619141010,187.89143
20240619142010,187.59505
20240619143010,187.15423
20240619144010,187.10162
20240619145010,186.98453
20240619150010,184.85519
20240619151010,184.33194
20240619152010,184.22874
20240619153010,184.15058
20240619154010,184.19771
20240619155010,184.25425
20240619160010,201.45324
20240619161010,197.26051
20240619162010,192.50467
20240619163010,192.10316
20240619164010,189.72631
20240619165010,190.76166
20240711090010,307.74229
20240711091010,217.70948
20240711092010,234.51078
20240711093010,518.68737
20240711094010,643.13848
20240711095010,376.65763
20240711100010,817.9918
20240711101010,832.82649
20240711102010,311.46804
20240711103010,325.03578
20240711104010,517.51682
20240711105010,444.17784
20240711110010,383.80145
20240711111010,411.76402
20240711112010,391.8983
20240711113010,409.80471
20240711114010,588.33494
20240711115010,558.48796
20240711120010,515.11279
20240711121010,525.88335
20240711122010,342.2651
20240711123010,307.16564
20240711124010,289.89954
20240711125010,235.65015
20240711130010,219.98524
20240711131010,214.25615
20240711132010,212.58712
20240711133010,205.34633
20240711134010,198.86088
20240711135010,193.62299
20240711140010,189.44494
20240711141010,187.89143
20240711142010,187.59505
20240711143010,187.15423
20240711144010,187.10162
20240711145010,186.98453
20240711150010,184.85519
20240711151010,184.33194
20240711152010,184.22874
20240711153010,184.15058
20240711154010,184.19771
20240711155010,184.25425
20240711160010,201.45324
20240711161010,197.26051
20240711162010,192.50467
20240711163010,192.10316
20240711164010,189.72631
20240711165010,190.76166
20240207090017,201.77239
20240207091017,221.18686
20240207092017,225.66746
20240207093017,265.80581
20240207094017,460.1725
20240207095017,603.09963
20240207100017,555.80183
20240207101017,500.56033
20240207102017,427.98615
20240207103017,512.66309
20240207104017,483.10006
20240207105017,397.72455
20240207110017,383.80145
20240207111017,411.76402
20240207112017,391.8983
20240207113017,409.80471
20240207114017,588.33494
20240207115017,558.48796
20240207120017,515.11279
20240207121017,525.88335
20240207122017,342.2651
20240207123017,307.16564
20240207124017,289.89954
20240207125017,235.65015
20240207130017,219.98524
20240207131017,214.25615
20240207132017,212.58712
20240207133017,205.34633
20240207134017,198.86088
20240207135017,193.62299
20240207140017,189.44494
20240207141017,187.89143
20240207142017,187.59505
20240207143017,187.15423
20240207144017,187.10162
20240207145017,186.98453
20240207150017,184.85519
20240207151017,184.33194
20240207152017,184.22874
20240207153017,184.15058
20240207154017,184.19771
20240207155017,184.25425
20240207160017,201.45324
20240207161017,197.26051
20240207162017,192.50467
20240207163017,192.10316
20240207164017,189.72631
20240207165017,190.76166
20240224090017,196.87531
20240224091017,196.56591
20240224092017,211.03838
20240224093017,221.62959
20240224094017,313.05263
20240224095017,405.0505
20240224100017,555.41684
20240224101017,514.44769
20240224102017,432.25559
20240224103017,526.59137
20240224104017,469.90553
20240224105017,391.61785
20240224110017,383.80145
20240224111017,411.76402
20240224112017,391.8983
20240224113017,409.80471
20240224114017,588.33494
20240224115017,558.48796
20240224120017,515.11279
20240224121017,525.88335
20240224122017,342.2651
20240224123017,307.16564
20240224124017,289.89954
20240224125017,235.65015
20240224130017,219.98524
20240224131017,214.25615
20240224132017,212.58712
20240224133017,205.34633
20240224134017,198.86088
20240224135017,193.62299
20240224140017,189.44494
20240224141017,187.89143
20240224142017,187.59505
20240224143017,187.15423
20240224144017,187.10162
20240224145017,186.98453
20240224150017,184.85519
20240224151017,184.33194
20240224152017,184.22874
20240224153017,184.15058
20240224154017,184.19771
20240224155017,184.25425
20240224160017,201.45324
20240224161017,197.26051
20240224162017,192.50467
20240224163017,192.10316
20240224164017,189.72631
20240224165017,190.76166
20240318090017,190.34033
20240318091017,195.87542
20240318092017,205.87054
20240318093017,225.98649
20240318094017,326.90081
20240318095017,456.57094
20240318100017,392.51612
20240318101017,382.80832
20240318102017,435.19444
20240318103017,655.38285
20240318104017,519.67185
20240318105017,387.90321
20240318110017,383.80145
20240318111017,411.76402
20240318112017,391.8983
20240318113017,409.80471
20240318114017,588.33494
20240318115017,558.48796
20240318120017,515.11279
20240318121017,525.88335
20240318122017,342.2651
20240318123017,307.16564
20240318124017,289.89954
20240318125017,235.65015
20240318130017,219.98524
20240318131017,214.25615
20240318132017,212.58712
20240318133017,205.34633
20240318134017,198.86088
20240318135017,193.62299
20240318140017,189.44494
20240318141017,187.89143
20240318142017,187.59505
20240318143017,187.15423
20240318144017,187.10162
20240318145017,186.98453
20240318150017,184.85519
20240318151017,184.33194
20240318152017,184.22874
20240318153017,184.15058
20240318154017,184.19771
20240318155017,184.25425
20240318160017,201.45324
20240318161017,197.26051
20240318162017,192.50467
20240318163017,192.10316
20240318164017,189.72631
20240318165017,190.76166
20240509090017,200.99608
20240509091017,215.78377
20240509092017,219.36075
20240509093017,247.73542
20240509094017,501.96083
20240509095017,500.48089
20240509100017,497.91332
20240509101017,424.85781
20240509102017,430.46171
20240509103017,684.49424
20240509104017,521.47951
20240509105017,391.61353
20240509110017,383.80145
20240509111017,411.76402
20240509112017,391.8983
20240509113017,409.80471
20240509114017,588.33494
20240509115017,558.48796
20240509120017,515.11279
20240509121017,525.88335
20240509122017,342.2651
20240509123017,307.16564
20240509124017,289.89954
20240509125017,235.65015
20240509130017,219.98524
20240509131017,214.25615
20240509132017,212.58712
20240509133017,205.34633
20240509134017,198.86088
20240509135017,193.62299
20240509140017,189.44494
20240509141017,187.89143
20240509142017,187.59505
20240509143017,187.15423
20240509144017,187.10162
20240509145017,186.98453
20240509150017,184.85519
20240509151017,184.33194
20240509152017,184.22874
20240509153017,184.15058
20240509154017,184.19771
20240509155017,184.25425
20240509160017,201.45324
20240509161017,197.26051
20240509162017,192.50467
20240509163017,192.10316
20240509164017,189.72631
20240509165017,190.76166
20240602090017,199.13674
20240602091017,198.4644
20240602092017,219.98073
20240602093017,231.17318
20240602094017,514.91666
20240602095017,431.19174
20240602100017,433.94869
20240602101017,323.84579
20240602102017,430.01825
20240602103017,592.44557
20240602104017,513.618
20240602105017,391.22996
20240602110017,383.80145
20240602111017,411.76402
20240602112017,391.8983
20240602113017,409.80471
20240602114017,588.33494
20240602115017,558.48796
20240602120017,515.11279
20240602121017,525.88335
20240602122017,342.2651
20240602123017,307.16564
20240602124017,289.89954
20240602125017,235.65015
20240602130017,219.98524
20240602131017,214.25615
20240602132017,212.58712
20240602133017,205.34633
20240602134017,198.86088
20240602135017,193.62299
20240602140017,189.44494
20240602141017,187.89143
20240602142017,187.59505
20240602143017,187.15423
20240602144017,187.10162
20240602145017,186.98453
20240602150017,184.85519
20240602151017,184.33194
20240602152017,184.22874
20240602153017,184.15058
20240602154017,184.19771
20240602155017,184.25425
20240602160017,201.45324
20240602161017,197.26051
20240602162017,192.50467
20240602163017,192.10316
20240602164017,189.72631
20240602165017,190.76166
20240604090017,521.11026
20240604091017,285.25495
20240604092017,238.21662
20240604093017,702.94776
20240604094017,427.68752
20240604095017,289.27552
20240604100017,605.23039
20240604101017,513.27044
20240604102017,393.75837
20240604103017,654.51877
20240604104017,532.13927
20240604105017,391.90921
20240604110017,383.80145
20240604111017,411.76402
20240604112017,391.8983
20240604113017,409.80471
20240604114017,588.33494
20240604115017,558.48796
20240604120017,515.11279
20240604121017,525.88335
20240604122017,342.2651
20240604123017,307.16564
20240604124017,289.89954
20240604125017,235.65015
20240604130017,219.98524
20240604131017,214.25615
20240604132017,212.58712
20240604133017,205.34633
20240604134017,198.86088
20240604135017,193.62299
20240604140017,189.44494
20240604141017,187.89143
20240604142017,187.59505
20240604143017,187.15423
20240604144017,187.10162
20240604145017,186.98453
20240604150017,184.85519
20240604151017,184.33194
20240604152017,184.22874
20240604153017,184.15058
20240604154017,184.19771
20240604155017,184.25425
20240604160017,201.45324
20240604161017,197.26051
20240604162017,192.50467
20240604163017,192.10316
20240604164017,189.72631
20240604165017,190.76166
20240609090017,663.28239
20240609091017,257.7179
20240609092017,256.18685
20240609093017,555.12579
20240609094017,324.85911
20240609095017,305.82983
20240609100017,678.07263
20240609101017,432.09337
20240609102017,368.6696
20240609103017,347.05507
20240609104017,518.57109
20240609105017,398.99008
20240609110017,383.80145
20240609111017,411.76402
20240609112017,391.8983
20240609113017,409.80471
20240609114017,588.33494
20240609115017,558.48796
20240609120017,515.11279
20240609121017,525.88335
20240609122017,342.2651
20240609123017,307.16564
20240609124017,289.89954
20240609125017,235.65015
20240609130017,219.98524
20240609131017,214.25615
20240609132017,212.58712
20240609133017,205.34633
20240609134017,198.86088
20240609135017,193.62299
20240609140017,189.44494
20240609141017,187.89143
20240609142017,187.59505
20240609143017,187.15423
20240609144017,187.10162
20240609145017,186.98453
20240609150017,184.85519
20240609151017,184.33194
20240609152017,184.22874
20240609153017,184.15058
20240609154017,184.19771
20240609155017,184.25425
20240609160017,201.45324
20240609161017,197.26051
20240609162017,192.50467
20240609163017,192.10316
20240609164017,189.72631
20240609165017,190.76166
20240709090017,711.29063
20240709091017,396.47103
20240709092017,376.37168
20240709093017,590.85328
20240709094017,438.70155
20240709095017,543.53963
20240709100017,705.31055
20240709101017,520.20482
20240709102017,329.24499
20240709103017,347.0452
20240709104017,583.5639
20240709105017,443.78989
20240709110017,383.80145
20240709111017,411.76402
20240709112017,391.8983
20240709113017,409.80471
20240709114017,588.33494
20240709115017,558.48796
20240709120017,515.11279
20240709121017,525.88335
20240709122017,342.2651
20240709123017,307.16564
20240709124017,289.89954
20240709125017,235.65015
20240709130017,219.98524
20240709131017,214.25615
20240709132017,212.58712
20240709133017,205.34633
20240709134017,198.86088
20240709135017,193.62299
20240709140017,189.44494
20240709141017,187.89143
20240709142017,187.59505
20240709143017,187.15423
20240709144017,187.10162
20240709145017,186.98453
20240709150017,184.85519
20240709151017,184.33194
20240709152017,184.22874
20240709153017,184.15058
20240709154017,184.19771
20240709155017,184.25425
20240709160017,201.45324
20240709161017,197.26051
20240709162017,192.50467
20240709163017,192.10316
20240709164017,189.72631
20240709165017,190.76166
20240106090001,553.97423
20240106091001,545.56171
20240106092001,769.47424
20240106093001,688.82754
20240106094001,495.86218
20240106095001,382.05508
20240106100001,605.79173
20240106101001,693.78867
20240106102001,331.04838
20240106103001,331.52827
20240106104001,470.30478
20240106105001,410.73625
20240106110001,383.80145
20240106111001,411.76402
20240106112001,391.8983
20240106113001,409.80471
20240106114001,588.33494
20240106115001,558.48796
20240106120001,515.11279
20240106121001,525.88335
20240106122001,342.2651
20240106123001,307.16564
20240106124001,289.89954
20240106125001,235.65015
20240106130001,219.98524
20240106131001,214.25615
20240106132001,212.58712
20240106133001,205.34633
20240106134001,198.86088
20240106135001,193.62299
20240106140001,189.44494
20240106141001,187.89143
20240106142001,187.59505
20240106143001,187.15423
20240106144001,187.10162
20240106145001,186.98453
20240106150001,184.85519
20240106151001,184.33194
20240106152001,184.22874
20240106153001,184.15058
20240106154001,184.19771
20240106155001,184.25425
20240106160001,201.45324
20240106161001,197.26051
20240106162001,192.50467
20240106163001,192.10316
20240106164001,189.72631
20240106165001,190.76166
20240111090001,199.10281
20240111091001,199.24663
20240111092001,211.08185
20240111093001,226.332
20240111094001,280.08729
20240111095001,390.76444
20240111100001,506.02189
20240111101001,413.62074
20240111102001,430.35239
20240111103001,539.56413
20240111104001,470.92159
20240111105001,392.50081
20240111110001,383.80145
20240111111001,411.76402
20240111112001,391.8983
20240111113001,409.80471
20240111114001,588.33494
20240111115001,558.48796
20240111120001,515.11279
20240111121001,525.88335
20240111122001,342.2651
20240111123001,307.16564
20240111124001,289.89954
20240111125001,235.65015
20240111130001,219.98524
20240111131001,214.25615
20240111132001,212.58712
20240111133001,205.34633
20240111134001,198.86088
20240111135001,193.62299
20240111140001,189.44494
20240111141001,187.89143
20240111142001,187.59505
20240111143001,187.15423
20240111144001,187.10162
20240111145001,186.98453
20240111150001,184.85519
20240111151001,184.33194
20240111152001,184.22874
20240111153001,184.15058
20240111154001,184.19771
20240111155001,184.25425
20240111160001,201.45324
20240111161001,197.26051
20240111162001,192.50467
20240111163001,192.10316
20240111164001,189.72631
20240111165001,190.76166
20240213090001,834.59364
20240213091001,523.06688
20240213092001,649.59841
20240213093001,452.85323
20240213094001,471.89017
20240213095001,555.01482
20240213100001,526.01697
20240213101001,519.56526
20240213102001,394.6698
20240213103001,432.00215
20240213104001,533.54596
20240213105001,447.04275
20240213110001,383.80145
20240213111001,411.76402
20240213112001,391.8983
20240213113001,409.80471
20240213114001,588.33494
20240213115001,558.48796
20240213120001,515.11279
20240213121001,525.88335
20240213122001,342.2651
20240213123001,307.16564
20240213124001,289.89954
20240213125001,235.65015
20240213130001,219.98524
20240213131001,214.25615
20240213132001,212.58712
20240213133001,205.34633
20240213134001,198.86088
20240213135001,193.62299
20240213140001,189.44494
20240213141001,187.89143
20240213142001,187.59505
20240213143001,187.15423
20240213144001,187.10162
20240213145001,186.98453
20240213150001,184.85519
20240213151001,184.33194
20240213152001,184.22874
20240213153001,184.15058
20240213154001,184.19771
20240213155001,184.25425
20240213160001,201.45324
20240213161001,197.26051
20240213162001,192.50467
20240213163001,192.10316
20240213164001,189.72631
20240213165001,190.76166
20240508090001,303.65642
20240508091001,236.36596
20240508092001,234.11999
20240508093001,280.68714
20240508094001,298.3523
20240508095001,327.85424
20240508100001,676.59855
20240508101001,461.21474
20240508102001,432.43441
20240508103001,684.81422
20240508104001,512.19073
20240508105001,392.31597
20240508110001,383.80145
20240508111001,411.76402
20240508112001,391.8983
20240508113001,409.80471
20240508114001,588.33494
20240508115001,558.48796
20240508120001,515.11279
20240508121001,525.88335
20240508122001,342.2651
20240508123001,307.16564
20240508124001,289.89954
20240508125001,235.65015
20240508130001,219.98524
20240508131001,214.25615
20240508132001,212.58712
20240508133001,205.34633
20240508134001,198.86088
20240508135001,193.62299
20240508140001,189.44494
20240508141001,187.89143
20240508142001,187.59505
20240508143001,187.15423
20240508144001,187.10162
20240508145001,186.98453
20240508150001,184.85519
20240508151001,184.33194
20240508152001,184.22874
20240508153001,184.15058
20240508154001,184.19771
20240508155001,184.25425
20240508160001,201.45324
20240508161001,197.26051
20240508162001,192.50467
20240508163001,192.10316
20240508164001,189.72631
20240508165001,190.76166
20240510090001,383.02375
20240510091001,242.98481
20240510092001,249.76648
20240510093001,386.85678
20240510094001,576.28261
20240510095001,428.14943
20240510100001,595.0912
20240510101001,427.20919
20240510102001,459.22622
20240510103001,696.61814
20240510104001,508.07497
20240510105001,396.58606
20240510110001,383.80145
20240510111001,411.76402
20240510112001,391.8983
20240510113001,409.80471
20240510114001,588.33494
20240510115001,558.48796
20240510120001,515.11279
20240510121001,525.88335
20240510122001,342.2651
20240510123001,307.16564
20240510124001,289.89954
20240510125001,235.65015
20240510130001,219.98524
20240510131001,214.25615
20240510132001,212.58712
20240510133001,205.34633
20240510134001,198.86088
20240510135001,193.62299
20240510140001,189.44494
20240510141001,187.89143
20240510142001,187.59505
20240510143001,187.15423
20240510144001,187.10162
20240510145001,186.98453
20240510150001,184.85519
20240510151001,184.33194
20240510152001,184.22874
20240510153001,184.15058
20240510154001,184.19771
20240510155001,184.25425
20240510160001,201.45324
20240510161001,197.26051
20240510162001,192.50467
20240510163001,192.10316
20240510164001,189.72631
20240510165001,190.76166
20240524090001,235.04453
20240524091001,217.72653
20240524092001,229.19302
20240524093001,270.1914
20240524094001,645.84615
20240524095001,524.5711
20240524100001,603.41827
20240524101001,530.76405
20240524102001,414.61415
20240524103001,660.66957
20240524104001,521.25925
20240524105001,393.9907
20240524110001,383.80145
20240524111001,411.76402
20240524112001,391.8983
20240524113001,409.80471
20240524114001,588.33494
20240524115001,558.48796
20240524120001,515.11279
20240524121001,525.88335
20240524122001,342.2651
20240524123001,307.16564
20240524124001,289.89954
20240524125001,235.65015
20240524130001,219.98524
20240524131001,214.25615
20240524132001,212.58712
20240524133001,205.34633
20240524134001,198.86088
20240524135001,193.62299
20240524140001,189.44494
20240524141001,187.89143
20240524142001,187.59505
20240524143001,187.15423
20240524144001,187.10162
20240524145001,186.98453
20240524150001,184.85519
20240524151001,184.33194
20240524152001,184.22874
20240524153001,184.15058
20240524154001,184.19771
20240524155001,184.25425
20240524160001,201.45324
20240524161001,197.26051
20240524162001,192.50467
20240524163001,192.10316
20240524164001,189.72631
20240524165001,190.76166
20240623090001,710.55565
20240623091001,441.24438
20240623092001,401.35497
20240623093001,526.02489
20240623094001,564.53495
20240623095001,649.88595
20240623100001,779.59149
20240623101001,601.6085
20240623102001,318.05322
20240623103001,349.07869
20240623104001,608.12612
20240623105001,450.00364
20240623110001,383.80145
20240623111001,411.76402
20240623112001,391.8983
20240623113001,409.80471
20240623114001,588.33494
20240623115001,558.48796
20240623120001,515.11279
20240623121001,525.88335
20240623122001,342.2651
20240623123001,307.16564
20240623124001,289.89954
20240623125001,235.65015
20240623130001,219.98524
20240623131001,214.25615
20240623132001,212.58712
20240623133001,205.34633
20240623134001,198.86088
20240623135001,193.62299
20240623140001,189.44494
20240623141001,187.89143
20240623142001,187.59505
20240623143001,187.15423
20240623144001,187.10162
20240623145001,186.98453
20240623150001,184.85519
20240623151001,184.33194
20240623152001,184.22874
20240623153001,184.15058
20240623154001,184.19771
20240623155001,184.25425
20240623160001,201.45324
20240623161001,197.26051
20240623162001,192.50467
20240623163001,192.10316
20240623164001,189.72631
20240623165001,190.76166
20240627090001,694.61518
20240627091001,337.39608
20240627092001,268.93339
20240627093001,577.22425
20240627094001,416.16579
20240627095001,460.76347
20240627100001,676.56024
20240627101001,525.48244
20240627102001,365.56969
20240627103001,331.54104
20240627104001,520.24676
20240627105001,398.42996
20240627110001,383.80145
20240627111001,411.76402
20240627112001,391.8983
20240627113001,409.80471
20240627114001,588.33494
20240627115001,558.48796
20240627120001,515.11279
20240627121001,525.88335
20240627122001,342.2651
20240627123001,307.16564
20240627124001,289.89954
20240627125001,235.65015
20240627130001,219.98524
20240627131001,214.25615
20240627132001,212.58712
20240627133001,205.34633
20240627134001,198.86088
20240627135001,193.62299
20240627140001,189.44494
20240627141001,187.89143
20240627142001,187.59505
20240627143001,187.15423
20240627144001,187.10162
20240627145001,186.98453
20240627150001,184.85519
20240627151001,184.33194
20240627152001,184.22874
20240627153001,184.15058
20240627154001,184.19771
20240627155001,184.25425
20240627160001,201.45324
20240627161001,197.26051
20240627162001,192.50467
20240627163001,192.10316
20240627164001,189.72631
20240627165001,190.76166
20240713090001,570.86347
20240713091001,233.06961
20240713092001,227.89385
20240713093001,568.89948
20240713094001,560.22746
20240713095001,804.87522
20240713100001,655.00571
20240713101001,379.17464
20240713102001,455.90665
20240713103001,544.13768
20240713104001,486.23008
20240713105001,393.24766
20240713110001,383.80145
20240713111001,411.76402
20240713112001,391.8983
20240713113001,409.80471
20240713114001,588.33494
20240713115001,558.48796
20240713120001,515.11279
20240713121001,525.88335
20240713122001,342.2651
20240713123001,307.16564
20240713124001,289.89954
20240713125001,235.65015
20240713130001,219.98524
20240713131001,214.25615
20240713132001,212.58712
20240713133001,205.34633
20240713134001,198.86088
20240713135001,193.62299
20240713140001,189.44494
20240713141001,187.89143
20240713142001,187.59505
20240713143001,187.15423
20240713144001,187.10162
20240713145001,186.98453
20240713150001,184.85519
20240713151001,184.33194
20240713152001,184.22874
20240713153001,184.15058
20240713154001,184.19771
20240713155001,184.25425
20240713160001,201.45324
20240713161001,197.26051
20240713162001,192.50467
20240713163001,192.10316
20240713164001,189.72631
20240713165001,190.76166
20240715090001,693.0649
20240715091001,233.96691
20240715092001,225.85677
20240715093001,530.66709
20240715094001,242.93084
20240715095001,428.68549
20240715100001,850.16213
20240715101001,429.77775
20240715102001,376.84793
20240715103001,313.8451
20240715104001,467.1438
20240715105001,391.52585
20240715110001,383.80145
20240715111001,411.76402
20240715112001,391.8983
20240715113001,409.80471
20240715114001,588.33494
20240715115001,558.48796
20240715120001,515.11279
20240715121001,525.88335
20240715122001,342.2651
20240715123001,307.16564
20240715124001,289.89954
20240715125001,235.65015
20240715130001,219.98524
20240715131001,214.25615
20240715132001,212.58712
20240715133001,205.34633
20240715134001,198.86088
20240715135001,193.62299
20240715140001,189.44494
20240715141001,187.89143
20240715142001,187.59505
20240715143001,187.15423
20240715144001,187.10162
20240715145001,186.98453
20240715150001,184.85519
20240715151001,184.33194
20240715152001,184.22874
20240715153001,184.15058
20240715154001,184.19771
20240715155001,184.25425
20240715160001,201.45324
20240715161001,197.26051
20240715162001,192.50467
20240715163001,192.10316
20240715164001,189.72631
20240715165001,190.76166
20240927090004,729.18809
20240927091004,246.89674
20240927092004,315.95738
20240927093004,382.13233
20240927094004,661.0979
20240927095004,378.01
20240927100004,671.91995
20240927101004,425.18298
20240927102004,438.85642
20240927103004,513.96214
20240927104004,521.65992
20240927105004,406.88107
20240927110004,383.80145
20240927111004,411.76402
20240927112004,391.8983
20240927113004,409.80471
20240927114004,588.33494
20240927115004,558.48796
20240927120004,515.11279
20240927121004,525.88335
20240927122004,342.2651
20240927123004,307.16564
20240927124004,289.89954
20240927125004,235.65015
20240927130004,219.98524
20240927131004,214.25615
20240927132004,212.58712
20240927133004,205.34633
20240927134004,198.86088
20240927135004,193.62299
20240927140004,189.44494
20240927141004,187.89143
20240927142004,187.59505
20240927143004,187.15423
20240927144004,187.10162
20240927145004,186.98453
20240927150004,184.85519
20240927151004,184.33194
20240927152004,184.22874
20240927153004,184.15058
20240927154004,184.19771
20240927155004,184.25425
20240927160004,201.45324
20240927161004,197.26051
20240927162004,192.50467
20240927163004,192.10316
20240927164004,189.72631
20240927165004,190.76166
20241018090004,793.0617
20241018091004,487.68546
20241018092004,397.52476
20241018093004,597.25252
20241018094004,686.14096
20241018095004,498.70719
20241018100004,827.64156
20241018101004,509.11838
20241018102004,325.42901
20241018103004,328.49281
20241018104004,529.98041
20241018105004,409.02162
20241018110004,383.80145
20241018111004,411.76402
20241018112004,391.8983
20241018113004,409.80471
20241018114004,588.33494
20241018115004,558.48796
20241018120004,515.11279
20241018121004,525.88335
20241018122004,342.2651
20241018123004,307.16564
20241018124004,289.89954
20241018125004,235.65015
20241018130004,219.98524
20241018131004,214.25615
20241018132004,212.58712
20241018133004,205.34633
20241018134004,198.86088
20241018135004,193.62299
20241018140004,189.44494
20241018141004,187.89143
20241018142004,187.59505
20241018143004,187.15423
20241018144004,187.10162
20241018145004,186.98453
20241018150004,184.85519
20241018151004,184.33194
20241018152004,184.22874
20241018153004,184.15058
20241018154004,184.19771
20241018155004,184.25425
20241018160004,201.45324
20241018161004,197.26051
20241018162004,192.50467
20241018163004,192.10316
20241018164004,189.72631
20241018165004,190.76166
20240918090007,192.17715
20240918091007,202.33297
20240918092007,241.62876
20240918093007,322.2202
20240918094007,680.17812
20240918095007,607.43997
20240918100007,464.27767
20240918101007,453.56232
20240918102007,388.46125
20240918103007,537.40959
20240918104007,525.72882
20240918105007,397.03408
20240918110007,383.80145
20240918111007,411.76402
20240918112007,391.8983
20240918113007,409.80471
20240918114007,588.33494
20240918115007,558.48796
20240918120007,515.11279
20240918121007,525.88335
20240918122007,342.2651
20240918123007,307.16564
20240918124007,289.89954
20240918125007,235.65015
20240918130007,219.98524
20240918131007,214.25615
20240918132007,212.58712
20240918133007,205.34633
20240918134007,198.86088
20240918135007,193.62299
20240918140007,189.44494
20240918141007,187.89143
20240918142007,187.59505
20240918143007,187.15423
20240918144007,187.10162
20240918145007,186.98453
20240918150007,184.85519
20240918151007,184.33194
20240918152007,184.22874
20240918153007,184.15058
20240918154007,184.19771
20240918155007,184.25425
20240918160007,201.45324
20240918161007,197.26051
20240918162007,192.50467
20240918163007,192.10316
20240918164007,189.72631
20240918165007,190.76166
20240920090007,881.25963
20240920091007,845.04018
20240920092007,771.39575
20240920093007,611.33411
20240920094007,617.11347
20240920095007,504.21315
20240920100007,816.94703
20240920101007,425.38966
20240920102007,337.28416
20240920103007,335.8554
20240920104007,534.85463
20240920105007,433.06975
20240920110007,383.80145
20240920111007,411.76402
20240920112007,391.8983
20240920113007,409.80471
20240920114007,588.33494
20240920115007,558.48796
20240920120007,515.11279
20240920121007,525.88335
20240920122007,342.2651
20240920123007,307.16564
20240920124007,289.89954
20240920125007,235.65015
20240920130007,219.98524
20240920131007,214.25615
20240920132007,212.58712
20240920133007,205.34633
20240920134007,198.86088
20240920135007,193.62299
20240920140007,189.44494
20240920141007,187.89143
20240920142007,187.59505
20240920143007,187.15423
20240920144007,187.10162
20240920145007,186.98453
20240920150007,184.85519
20240920151007,184.33194
20240920152007,184.22874
20240920153007,184.15058
20240920154007,184.19771
20240920155007,184.25425
20240920160007,201.45324
20240920161007,197.26051
20240920162007,192.50467
20240920163007,192.10316
20240920164007,189.72631
20240920165007,190.76166
20241016090007,940.33014
20241016091007,939.82928
20241016092007,678.77802
20241016093007,926.84929
20241016094007,562.78462
20241016095007,504.0854
20241016100007,695.00802
20241016101007,392.65231
20241016102007,376.88446
20241016103007,331.66362
20241016104007,474.95805
20241016105007,408.22385
20241016110007,383.80145
20241016111007,411.76402
20241016112007,391.8983
20241016113007,409.80471
20241016114007,588.33494
20241016115007,558.48796
20241016120007,515.11279
20241016121007,525.88335
20241016122007,342.2651
20241016123007,307.16564
20241016124007,289.89954
20241016125007,235.65015
20241016130007,219.98524
20241016131007,214.25615
20241016132007,212.58712
20241016133007,205.34633
20241016134007,198.86088
20241016135007,193.62299
20241016140007,189.44494
20241016141007,187.89143
20241016142007,187.59505
20241016143007,187.15423
20241016144007,187.10162
20241016145007,186.98453
20241016150007,184.85519
20241016151007,184.33194
20241016152007,184.22874
20241016153007,184.15058
20241016154007,184.19771
20241016155007,184.25425
20241016160007,201.45324
20241016161007,197.26051
20241016162007,192.50467
20241016163007,192.10316
20241016164007,189.72631
20241016165007,190.76166
20240922090008,216.57785
20240922091008,205.3304
20240922092008,222.14665
20240922093008,221.50634
20240922094008,605.96222
20240922095008,600.1796
20240922100008,733.91218
20240922101008,599.70878
20240922102008,428.66994
20240922103008,613.11059
20240922104008,509.93729
20240922105008,390.9792
20240922110008,383.80145
20240922111008,411.76402
20240922112008,391.8983
20240922113008,409.80471
20240922114008,588.33494
20240922115008,558.48796
20240922120008,515.11279
20240922121008,525.88335
20240922122008,342.2651
20240922123008,307.16564
20240922124008,289.89954
20240922125008,235.65015
20240922130008,219.98524
20240922131008,214.25615
20240922132008,212.58712
20240922133008,205.34633
20240922134008,198.86088
20240922135008,193.62299
20240922140008,189.44494
20240922141008,187.89143
20240922142008,187.59505
20240922143008,187.15423
20240922144008,187.10162
20240922145008,186.98453
20240922150008,184.85519
20240922151008,184.33194
20240922152008,184.22874
20240922153008,184.15058
20240922154008,184.19771
20240922155008,184.25425
20240922160008,201.45324
20240922161008,197.26051
20240922162008,192.50467
20240922163008,192.10316
20240922164008,189.72631
20240922165008,190.76166
20240928090008,206.5627
20240928091008,214.85014
20240928092008,221.85525
20240928093008,237.95514
20240928094008,798.80579
20240928095008,691.36519
20240928100008,560.46409
20240928101008,594.2075
20240928102008,393.41237
20240928103008,568.88379
20240928104008,523.85073
20240928105008,397.93919
20240928110008,383.80145
20240928111008,411.76402
20240928112008,391.8983
20240928113008,409.80471
20240928114008,588.33494
20240928115008,558.48796
20240928120008,515.11279
20240928121008,525.88335
20240928122008,342.2651
20240928123008,307.16564
20240928124008,289.89954
20240928125008,235.65015
20240928130008,219.98524
20240928131008,214.25615
20240928132008,212.58712
20240928133008,205.34633
20240928134008,198.86088
20240928135008,193.62299
20240928140008,189.44494
20240928141008,187.89143
20240928142008,187.59505
20240928143008,187.15423
20240928144008,187.10162
20240928145008,186.98453
20240928150008,184.85519
20240928151008,184.33194
20240928152008,184.22874
20240928153008,184.15058
20240928154008,184.19771
20240928155008,184.25425
20240928160008,201.45324
20240928161008,197.26051
20240928162008,192.50467
20240928163008,192.10316
20240928164008,189.72631
20240928165008,190.76166
20241011090008,202.27722
20241011091008,226.99765
20241011092008,221.51789
20241011093008,330.3508
20241011094008,770.71994
20241011095008,658.82419
20241011100008,527.84493
20241011101008,527.14963
20241011102008,387.57187
20241011103008,605.00103
20241011104008,523.51215
20241011105008,398.12289
20241011110008,383.80145
20241011111008,411.76402
20241011112008,391.8983
20241011113008,409.80471
20241011114008,588.33494
20241011115008,558.48796
20241011120008,515.11279
20241011121008,525.88335
20241011122008,342.2651
20241011123008,307.16564
20241011124008,289.89954
20241011125008,235.65015
20241011130008,219.98524
20241011131008,214.25615
20241011132008,212.58712
20241011133008,205.34633
20241011134008,198.86088
20241011135008,193.62299
20241011140008,189.44494
20241011141008,187.89143
20241011142008,187.59505
20241011143008,187.15423
20241011144008,187.10162
20241011145008,186.98453
20241011150008,184.85519
20241011151008,184.33194
20241011152008,184.22874
20241011153008,184.15058
20241011154008,184.19771
20241011155008,184.25425
20241011160008,201.45324
20241011161008,197.26051
20241011162008,192.50467
20241011163008,192.10316
20241011164008,189.72631
20241011165008,190.76166
20241016090008,197.72807
20241016091008,204.31455
20241016092008,220.6612
20241016093008,207.94761
20241016094008,494.33378
20241016095008,664.40503
20241016100008,818.80653
20241016101008,456.56571
20241016102008,327.67028
20241016103008,298.27799
20241016104008,447.50992
20241016105008,407.09712
20241016110008,383.80145
20241016111008,411.76402
20241016112008,391.8983
20241016113008,409.80471
20241016114008,588.33494
20241016115008,558.48796
20241016120008,515.11279
20241016121008,525.88335
20241016122008,342.2651
20241016123008,307.16564
20241016124008,289.89954
20241016125008,235.65015
20241016130008,219.98524
20241016131008,214.25615
20241016132008,212.58712
20241016133008,205.34633
20241016134008,198.86088
20241016135008,193.62299
20241016140008,189.44494
20241016141008,187.89143
20241016142008,187.59505
20241016143008,187.15423
20241016144008,187.10162
20241016145008,186.98453
20241016150008,184.85519
20241016151008,184.33194
20241016152008,184.22874
20241016153008,184.15058
20241016154008,184.19771
20241016155008,184.25425
20241016160008,201.45324
20241016161008,197.26051
20241016162008,192.50467
20241016163008,192.10316
20241016164008,189.72631
20241016165008,190.76166
20241018090008,196.10911
20241018091008,198.47013
20241018092008,230.69468
20241018093008,206.69907
20241018094008,529.13259
20241018095008,835.77561
20241018100008,937.19164
20241018101008,547.5938
20241018102008,311.08207
20241018103008,305.11924
20241018104008,471.6643
20241018105008,413.13428
20241018110008,383.80145
20241018111008,411.76402
20241018112008,391.8983
20241018113008,409.80471
20241018114008,588.33494
20241018115008,558.48796
20241018120008,515.11279
20241018121008,525.88335
20241018122008,342.2651
20241018123008,307.16564
20241018124008,289.89954
20241018125008,235.65015
20241018130008,219.98524
20241018131008,214.25615
20241018132008,212.58712
20241018133008,205.34633
20241018134008,198.86088
20241018135008,193.62299
20241018140008,189.44494
20241018141008,187.89143
20241018142008,187.59505
20241018143008,187.15423
20241018144008,187.10162
20241018145008,186.98453
20241018150008,184.85519
20241018151008,184.33194
20241018152008,184.22874
20241018153008,184.15058
20241018154008,184.19771
20241018155008,184.25425
20241018160008,201.45324
20241018161008,197.26051
20241018162008,192.50467
20241018163008,192.10316
20241018164008,189.72631
20241018165008,190.76166
20241028090008,207.74501
20241028091008,207.65947
20241028092008,209.89095
20241028093008,248.27555
20241028094008,680.41387
20241028095008,665.51141
20241028100008,687.03412
20241028101008,508.52807
20241028102008,429.13965
20241028103008,530.46611
20241028104008,512.58668
20241028105008,393.01711
20241028110008,383.80145
20241028111008,411.76402
20241028112008,391.8983
20241028113008,409.80471
20241028114008,588.33494
20241028115008,558.48796
20241028120008,515.11279
20241028121008,525.88335
20241028122008,342.2651
20241028123008,307.16564
20241028124008,289.89954
20241028125008,235.65015
20241028130008,219.98524
20241028131008,214.25615
20241028132008,212.58712
20241028133008,205.34633
20241028134008,198.86088
20241028135008,193.62299
20241028140008,189.44494
20241028141008,187.89143
20241028142008,187.59505
20241028143008,187.15423
20241028144008,187.10162
20241028145008,186.98453
20241028150008,184.85519
20241028151008,184.33194
20241028152008,184.22874
20241028153008,184.15058
20241028154008,184.19771
20241028155008,184.25425
20241028160008,201.45324
20241028161008,197.26051
20241028162008,192.50467
20241028163008,192.10316
20241028164008,189.72631
20241028165008,190.76166
20240922090009,243.27648
20240922091009,223.7183
20240922092009,236.02582
20240922093009,249.69432
20240922094009,459.862
20240922095009,431.95756
20240922100009,686.54916
20240922101009,600.10574
20240922102009,433.90214
20240922103009,677.26001
20240922104009,504.86157
20240922105009,390.3696
20240922110009,383.80145
20240922111009,411.76402
20240922112009,391.8983
20240922113009,409.80471
20240922114009,588.33494
20240922115009,558.48796
20240922120009,515.11279
20240922121009,525.88335
20240922122009,342.2651
20240922123009,307.16564
20240922124009,289.89954
20240922125009,235.65015
20240922130009,219.98524
20240922131009,214.25615
20240922132009,212.58712
20240922133009,205.34633
20240922134009,198.86088
20240922135009,193.62299
20240922140009,189.44494
20240922141009,187.89143
20240922142009,187.59505
20240922143009,187.15423
20240922144009,187.10162
20240922145009,186.98453
20240922150009,184.85519
20240922151009,184.33194
20240922152009,184.22874
20240922153009,184.15058
20240922154009,184.19771
20240922155009,184.25425
20240922160009,201.45324
20240922161009,197.26051
20240922162009,192.50467
20240922163009,192.10316
20240922164009,189.72631
20240922165009,190.76166
20240928090009,344.40655
20240928091009,231.89902
20240928092009,277.81756
20240928093009,272.07443
20240928094009,429.02706
20240928095009,338.07569
20240928100009,745.16207
20240928101009,512.04763
20240928102009,394.52773
20240928103009,621.24265
20240928104009,521.65166
20240928105009,393.80221
20240928110009,383.80145
20240928111009,411.76402
20240928112009,391.8983
20240928113009,409.80471
20240928114009,588.33494
20240928115009,558.48796
20240928120009,515.11279
20240928121009,525.88335
20240928122009,342.2651
20240928123009,307.16564
20240928124009,289.89954
20240928125009,235.65015
20240928130009,219.98524
20240928131009,214.25615
20240928132009,212.58712
20240928133009,205.34633
20240928134009,198.86088
20240928135009,193.62299
20240928140009,189.44494
20240928141009,187.89143
20240928142009,187.59505
20240928143009,187.15423
20240928144009,187.10162
20240928145009,186.98453
20240928150009,184.85519
20240928151009,184.33194
20240928152009,184.22874
20240928153009,184.15058
20240928154009,184.19771
20240928155009,184.25425
20240928160009,201.45324
20240928161009,197.26051
20240928162009,192.50467
20240928163009,192.10316
20240928164009,189.72631
20240928165009,190.76166
20240920090010,499.92139
20240920091010,332.5499
20240920092010,382.03704
20240920093010,432.43246
20240920094010,433.65986
20240920095010,373.76814
20240920100010,680.81414
20240920101010,774.36519
20240920102010,327.18563
20240920103010,327.76622
20240920104010,530.14991
20240920105010,427.2685
20240920110010,383.80145
20240920111010,411.76402
20240920112010,391.8983
20240920113010,409.80471
20240920114010,588.33494
20240920115010,558.48796
20240920120010,515.11279
20240920121010,525.88335
20240920122010,342.2651
20240920123010,307.16564
20240920124010,289.89954
20240920125010,235.65015
20240920130010,219.98524
20240920131010,214.25615
20240920132010,212.58712
20240920133010,205.34633
20240920134010,198.86088
20240920135010,193.62299
20240920140010,189.44494
20240920141010,187.89143
20240920142010,187.59505
20240920143010,187.15423
20240920144010,187.10162
20240920145010,186.98453
20240920150010,184.85519
20240920151010,184.33194
20240920152010,184.22874
20240920153010,184.15058
20240920154010,184.19771
20240920155010,184.25425
20240920160010,201.45324
20240920161010,197.26051
20240920162010,192.50467
20240920163010,192.10316
20240920164010,189.72631
20240920165010,190.76166
20240928090010,291.75961
20240928091010,224.46231
20240928092010,236.47187
20240928093010,282.28151
20240928094010,539.32283
20240928095010,535.53699
20240928100010,651.24877
20240928101010,558.44529
20240928102010,412.98542
20240928103010,570.74054
20240928104010,521.25787
20240928105010,398.32463
20240928110010,383.80145
20240928111010,411.76402
20240928112010,391.8983
20240928113010,409.80471
20240928114010,588.33494
20240928115010,558.48796
20240928120010,515.11279
20240928121010,525.88335
20240928122010,342.2651
20240928123010,307.16564
20240928124010,289.89954
20240928125010,235.65015
20240928130010,219.98524
20240928131010,214.25615
20240928132010,212.58712
20240928133010,205.34633
20240928134010,198.86088
20240928135010,193.62299
20240928140010,189.44494
20240928141010,187.89143
20240928142010,187.59505
20240928143010,187.15423
20240928144010,187.10162
20240928145010,186.98453
20240928150010,184.85519
20240928151010,184.33194
20240928152010,184.22874
20240928153010,184.15058
20240928154010,184.19771
20240928155010,184.25425
20240928160010,201.45324
20240928161010,197.26051
20240928162010,192.50467
20240928163010,192.10316
20240928164010,189.72631
20240928165010,190.76166
20240919090012,196.25544
20240919091012,204.03544
20240919092012,222.85484
20240919093012,222.42422
20240919094012,761.91893
20240919095012,801.72563
20240919100012,803.64536
20240919101012,506.41434
20240919102012,328.79766
20240919103012,322.25754
20240919104012,524.46161
20240919105012,412.56689
20240919110012,383.80145
20240919111012,411.76402
20240919112012,391.8983
20240919113012,409.80471
20240919114012,588.33494
20240919115012,558.48796
20240919120012,515.11279
20240919121012,525.88335
20240919122012,342.2651
20240919123012,307.16564
20240919124012,289.89954
20240919125012,235.65015
20240919130012,219.98524
20240919131012,214.25615
20240919132012,212.58712
20240919133012,205.34633
20240919134012,198.86088
20240919135012,193.62299
20240919140012,189.44494
20240919141012,187.89143
20240919142012,187.59505
20240919143012,187.15423
20240919144012,187.10162
20240919145012,186.98453
20240919150012,184.85519
20240919151012,184.33194
20240919152012,184.22874
20240919153012,184.15058
20240919154012,184.19771
20240919155012,184.25425
20240919160012,201.45324
20240919161012,197.26051
20240919162012,192.50467
20240919163012,192.10316
20240919164012,189.72631
20240919165012,190.76166
20240923090012,200.87196
20240923091012,207.36196
20240923092012,226.51503
20240923093012,359.11073
20240923094012,808.23183
20240923095012,760.65033
20240923100012,535.36695
20240923101012,539.86468
20240923102012,386.9669
20240923103012,529.45005
20240923104012,538.47991
20240923105012,401.37243
20240923110012,383.80145
20240923111012,411.76402
20240923112012,391.8983
20240923113012,409.80471
20240923114012,588.33494
20240923115012,558.48796
20240923120012,515.11279
20240923121012,525.88335
20240923122012,342.2651
20240923123012,307.16564
20240923124012,289.89954
20240923125012,235.65015
20240923130012,219.98524
20240923131012,214.25615
20240923132012,212.58712
20240923133012,205.34633
20240923134012,198.86088
20240923135012,193.62299
20240923140012,189.44494
20240923141012,187.89143
20240923142012,187.59505
20240923143012,187.15423
20240923144012,187.10162
20240923145012,186.98453
20240923150012,184.85519
20240923151012,184.33194
20240923152012,184.22874
20240923153012,184.15058
20240923154012,184.19771
20240923155012,184.25425
20240923160012,201.45324
20240923161012,197.26051
20240923162012,192.50467
20240923163012,192.10316
20240923164012,189.72631
20240923165012,190.76166
20241002090012,194.45973
20241002091012,208.27767
20241002092012,222.76159
20241002093012,278.89066
20241002094012,662.16464
20241002095012,530.95166
20241002100012,534.57024
20241002101012,502.19687
20241002102012,396.50067
20241002103012,611.32124
20241002104012,519.655
20241002105012,392.02542
20241002110012,383.80145
20241002111012,411.76402
20241002112012,391.8983
20241002113012,409.80471
20241002114012,588.33494
20241002115012,558.48796
20241002120012,515.11279
20241002121012,525.88335
20241002122012,342.2651
20241002123012,307.16564
20241002124012,289.89954
20241002125012,235.65015
20241002130012,219.98524
20241002131012,214.25615
20241002132012,212.58712
20241002133012,205.34633
20241002134012,198.86088
20241002135012,193.62299
20241002140012,189.44494
20241002141012,187.89143
20241002142012,187.59505
20241002143012,187.15423
20241002144012,187.10162
20241002145012,186.98453
20241002150012,184.85519
20241002151012,184.33194
20241002152012,184.22874
20241002153012,184.15058
20241002154012,184.19771
20241002155012,184.25425
20241002160012,201.45324
20241002161012,197.26051
20241002162012,192.50467
20241002163012,192.10316
20241002164012,189.72631
20241002165012,190.76166
