序號,答案
20240117090001,231.43053
20240117091001,222.32018
20240117092001,228.6639
20240117093001,222.66922
20240117094001,225.76422
20240117095001,223.42922
20240117100001,224.12103
20240117101001,232.5891
20240117102001,241.28172
20240117103001,255.2355
20240117104001,293.33679
20240117105001,322.72931
20240117110001,328.82211
20240117111001,326.8193
20240117112001,315.56663
20240117113001,303.69064
20240117114001,299.78501
20240117115001,288.20975
20240117120001,252.03991
20240117121001,241.83578
20240117122001,235.54654
20240117123001,232.06244
20240117124001,227.56649
20240117125001,225.49557
20240117130001,212.59048
20240117131001,213.30056
20240117132001,210.11708
20240117133001,209.55011
20240117134001,209.35365
20240117135001,207.22041
20240117140001,203.8199
20240117141001,202.24021
20240117142001,200.97479
20240117143001,200.61126
20240117144001,199.13119
20240117145001,201.1333
20240117150001,197.40741
20240117151001,194.03066
20240117152001,193.54457
20240117153001,193.69191
20240117154001,193.61548
20240117155001,192.23467
20240117160001,303.90293
20240117161001,358.22146
20240117162001,405.42137
20240117163001,470.96444
20240117164001,540.40923
20240117165001,577.97265
20240119090001,242.79789
20240119091001,242.24128
20240119092001,226.79788
20240119093001,212.38242
20240119094001,221.08121
20240119095001,230.35283
20240119100001,229.4595
20240119101001,235.53054
20240119102001,235.90874
20240119103001,251.32138
20240119104001,286.61481
20240119105001,322.64662
20240119110001,328.82211
20240119111001,326.8193
20240119112001,315.56663
20240119113001,303.69064
20240119114001,299.78501
20240119115001,288.20975
20240119120001,252.03991
20240119121001,241.83578
20240119122001,235.54654
20240119123001,232.06244
20240119124001,227.56649
20240119125001,225.49557
20240119130001,212.59048
20240119131001,213.30056
20240119132001,210.11708
20240119133001,209.55011
20240119134001,209.35365
20240119135001,207.22041
20240119140001,203.8199
20240119141001,202.24021
20240119142001,200.97479
20240119143001,200.61126
20240119144001,199.13119
20240119145001,201.1333
20240119150001,197.40741
20240119151001,194.03066
20240119152001,193.54457
20240119153001,193.69191
20240119154001,193.61548
20240119155001,192.23467
20240119160001,303.90293
20240119161001,358.22146
20240119162001,405.42137
20240119163001,470.96444
20240119164001,540.40923
20240119165001,577.97265
20240224090001,222.55661
20240224091001,221.25313
20240224092001,229.5697
20240224093001,223.86274
20240224094001,222.78235
20240224095001,223.66013
20240224100001,222.93709
20240224101001,229.85861
20240224102001,242.90335
20240224103001,263.77535
20240224104001,294.0841
20240224105001,322.39053
20240224110001,328.82211
20240224111001,326.8193
20240224112001,315.56663
20240224113001,303.69064
20240224114001,299.78501
20240224115001,288.20975
20240224120001,252.03991
20240224121001,241.83578
20240224122001,235.54654
20240224123001,232.06244
20240224124001,227.56649
20240224125001,225.49557
20240224130001,212.59048
20240224131001,213.30056
20240224132001,210.11708
20240224133001,209.55011
20240224134001,209.35365
20240224135001,207.22041
20240224140001,203.8199
20240224141001,202.24021
20240224142001,200.97479
20240224143001,200.61126
20240224144001,199.13119
20240224145001,201.1333
20240224150001,197.40741
20240224151001,194.03066
20240224152001,193.54457
20240224153001,193.69191
20240224154001,193.61548
20240224155001,192.23467
20240224160001,303.90293
20240224161001,358.22146
20240224162001,405.42137
20240224163001,470.96444
20240224164001,540.40923
20240224165001,577.97265
20240226090001,207.32389
20240226091001,208.52041
20240226092001,222.43495
20240226093001,221.77934
20240226094001,229.08016
20240226095001,223.09908
20240226100001,222.03642
20240226101001,229.0799
20240226102001,241.67607
20240226103001,261.19503
20240226104001,293.90424
20240226105001,322.71335
20240226110001,328.82211
20240226111001,326.8193
20240226112001,315.56663
20240226113001,303.69064
20240226114001,299.78501
20240226115001,288.20975
20240226120001,252.03991
20240226121001,241.83578
20240226122001,235.54654
20240226123001,232.06244
20240226124001,227.56649
20240226125001,225.49557
20240226130001,212.59048
20240226131001,213.30056
20240226132001,210.11708
20240226133001,209.55011
20240226134001,209.35365
20240226135001,207.22041
20240226140001,203.8199
20240226141001,202.24021
20240226142001,200.97479
20240226143001,200.61126
20240226144001,199.13119
20240226145001,201.1333
20240226150001,197.40741
20240226151001,194.03066
20240226152001,193.54457
20240226153001,193.69191
20240226154001,193.61548
20240226155001,192.23467
20240226160001,303.90293
20240226161001,358.22146
20240226162001,405.42137
20240226163001,470.96444
20240226164001,540.40923
20240226165001,577.97265
20240327090001,280.80202
20240327091001,234.00228
20240327092001,263.14787
20240327093001,221.0471
20240327094001,211.22347
20240327095001,222.91256
20240327100001,230.50645
20240327101001,233.76258
20240327102001,249.68905
20240327103001,256.47082
20240327104001,290.06681
20240327105001,321.96175
20240327110001,328.82211
20240327111001,326.8193
20240327112001,315.56663
20240327113001,303.69064
20240327114001,299.78501
20240327115001,288.20975
20240327120001,252.03991
20240327121001,241.83578
20240327122001,235.54654
20240327123001,232.06244
20240327124001,227.56649
20240327125001,225.49557
20240327130001,212.59048
20240327131001,213.30056
20240327132001,210.11708
20240327133001,209.55011
20240327134001,209.35365
20240327135001,207.22041
20240327140001,203.8199
20240327141001,202.24021
20240327142001,200.97479
20240327143001,200.61126
20240327144001,199.13119
20240327145001,201.1333
20240327150001,197.40741
20240327151001,194.03066
20240327152001,193.54457
20240327153001,193.69191
20240327154001,193.61548
20240327155001,192.23467
20240327160001,303.90293
20240327161001,358.22146
20240327162001,405.42137
20240327163001,470.96444
20240327164001,540.40923
20240327165001,577.97265
20240329090001,200.59866
20240329091001,225.66156
20240329092001,276.34711
20240329093001,223.01733
20240329094001,209.81697
20240329095001,222.33483
20240329100001,223.69087
20240329101001,230.48043
20240329102001,242.76694
20240329103001,255.73755
20240329104001,290.77444
20240329105001,321.98891
20240329110001,328.82211
20240329111001,326.8193
20240329112001,315.56663
20240329113001,303.69064
20240329114001,299.78501
20240329115001,288.20975
20240329120001,252.03991
20240329121001,241.83578
20240329122001,235.54654
20240329123001,232.06244
20240329124001,227.56649
20240329125001,225.49557
20240329130001,212.59048
20240329131001,213.30056
20240329132001,210.11708
20240329133001,209.55011
20240329134001,209.35365
20240329135001,207.22041
20240329140001,203.8199
20240329141001,202.24021
20240329142001,200.97479
20240329143001,200.61126
20240329144001,199.13119
20240329145001,201.1333
20240329150001,197.40741
20240329151001,194.03066
20240329152001,193.54457
20240329153001,193.69191
20240329154001,193.61548
20240329155001,192.23467
20240329160001,303.90293
20240329161001,358.22146
20240329162001,405.42137
20240329163001,470.96444
20240329164001,540.40923
20240329165001,577.97265
20240428090001,454.72423
20240428091001,234.11243
20240428092001,233.65562
20240428093001,227.08351
20240428094001,222.30315
20240428095001,229.90873
20240428100001,234.81328
20240428101001,234.91713
20240428102001,244.48169
20240428103001,252.93972
20240428104001,289.67351
20240428105001,321.11749
20240428110001,328.82211
20240428111001,326.8193
20240428112001,315.56663
20240428113001,303.69064
20240428114001,299.78501
20240428115001,288.20975
20240428120001,252.03991
20240428121001,241.83578
20240428122001,235.54654
20240428123001,232.06244
20240428124001,227.56649
20240428125001,225.49557
20240428130001,212.59048
20240428131001,213.30056
20240428132001,210.11708
20240428133001,209.55011
20240428134001,209.35365
20240428135001,207.22041
20240428140001,203.8199
20240428141001,202.24021
20240428142001,200.97479
20240428143001,200.61126
20240428144001,199.13119
20240428145001,201.1333
20240428150001,197.40741
20240428151001,194.03066
20240428152001,193.54457
20240428153001,193.69191
20240428154001,193.61548
20240428155001,192.23467
20240428160001,303.90293
20240428161001,358.22146
20240428162001,405.42137
20240428163001,470.96444
20240428164001,540.40923
20240428165001,577.97265
20240430090001,735.59566
20240430091001,287.58627
20240430092001,443.18951
20240430093001,395.56053
20240430094001,308.31285
20240430095001,226.70171
20240430100001,252.51799
20240430101001,234.51782
20240430102001,241.73866
20240430103001,242.99431
20240430104001,281.65575
20240430105001,320.96133
20240430110001,328.82211
20240430111001,326.8193
20240430112001,315.56663
20240430113001,303.69064
20240430114001,299.78501
20240430115001,288.20975
20240430120001,252.03991
20240430121001,241.83578
20240430122001,235.54654
20240430123001,232.06244
20240430124001,227.56649
20240430125001,225.49557
20240430130001,212.59048
20240430131001,213.30056
20240430132001,210.11708
20240430133001,209.55011
20240430134001,209.35365
20240430135001,207.22041
20240430140001,203.8199
20240430141001,202.24021
20240430142001,200.97479
20240430143001,200.61126
20240430144001,199.13119
20240430145001,201.1333
20240430150001,197.40741
20240430151001,194.03066
20240430152001,193.54457
20240430153001,193.69191
20240430154001,193.61548
20240430155001,192.23467
20240430160001,303.90293
20240430161001,358.22146
20240430162001,405.42137
20240430163001,470.96444
20240430164001,540.40923
20240430165001,577.97265
20240515090001,769.38813
20240515091001,247.60908
20240515092001,497.65762
20240515093001,346.96227
20240515094001,243.75428
20240515095001,278.00616
20240515100001,242.3459
20240515101001,243.11422
20240515102001,248.83035
20240515103001,250.7987
20240515104001,283.5462
20240515105001,321.07066
20240515110001,328.82211
20240515111001,326.8193
20240515112001,315.56663
20240515113001,303.69064
20240515114001,299.78501
20240515115001,288.20975
20240515120001,252.03991
20240515121001,241.83578
20240515122001,235.54654
20240515123001,232.06244
20240515124001,227.56649
20240515125001,225.49557
20240515130001,212.59048
20240515131001,213.30056
20240515132001,210.11708
20240515133001,209.55011
20240515134001,209.35365
20240515135001,207.22041
20240515140001,203.8199
20240515141001,202.24021
20240515142001,200.97479
20240515143001,200.61126
20240515144001,199.13119
20240515145001,201.1333
20240515150001,197.40741
20240515151001,194.03066
20240515152001,193.54457
20240515153001,193.69191
20240515154001,193.61548
20240515155001,192.23467
20240515160001,303.90293
20240515161001,358.22146
20240515162001,405.42137
20240515163001,470.96444
20240515164001,540.40923
20240515165001,577.97265
20240520090001,473.22309
20240520091001,251.67902
20240520092001,263.91599
20240520093001,228.2054
20240520094001,223.01351
20240520095001,240.62747
20240520100001,254.24444
20240520101001,250.70678
20240520102001,252.09584
20240520103001,255.7612
20240520104001,287.44233
20240520105001,320.55437
20240520110001,328.82211
20240520111001,326.8193
20240520112001,315.56663
20240520113001,303.69064
20240520114001,299.78501
20240520115001,288.20975
20240520120001,252.03991
20240520121001,241.83578
20240520122001,235.54654
20240520123001,232.06244
20240520124001,227.56649
20240520125001,225.49557
20240520130001,212.59048
20240520131001,213.30056
20240520132001,210.11708
20240520133001,209.55011
20240520134001,209.35365
20240520135001,207.22041
20240520140001,203.8199
20240520141001,202.24021
20240520142001,200.97479
20240520143001,200.61126
20240520144001,199.13119
20240520145001,201.1333
20240520150001,197.40741
20240520151001,194.03066
20240520152001,193.54457
20240520153001,193.69191
20240520154001,193.61548
20240520155001,192.23467
20240520160001,303.90293
20240520161001,358.22146
20240520162001,405.42137
20240520163001,470.96444
20240520164001,540.40923
20240520165001,577.97265
20240613090001,227.12775
20240613091001,225.82016
20240613092001,329.5511
20240613093001,234.88898
20240613094001,210.75126
20240613095001,223.6851
20240613100001,229.14749
20240613101001,233.17173
20240613102001,247.75617
20240613103001,254.23581
20240613104001,289.67351
20240613105001,320.44694
20240613110001,328.82211
20240613111001,326.8193
20240613112001,315.56663
20240613113001,303.69064
20240613114001,299.78501
20240613115001,288.20975
20240613120001,252.03991
20240613121001,241.83578
20240613122001,235.54654
20240613123001,232.06244
20240613124001,227.56649
20240613125001,225.49557
20240613130001,212.59048
20240613131001,213.30056
20240613132001,210.11708
20240613133001,209.55011
20240613134001,209.35365
20240613135001,207.22041
20240613140001,203.8199
20240613141001,202.24021
20240613142001,200.97479
20240613143001,200.61126
20240613144001,199.13119
20240613145001,201.1333
20240613150001,197.40741
20240613151001,194.03066
20240613152001,193.54457
20240613153001,193.69191
20240613154001,193.61548
20240613155001,192.23467
20240613160001,303.90293
20240613161001,358.22146
20240613162001,405.42137
20240613163001,470.96444
20240613164001,540.40923
20240613165001,577.97265
20240615090001,666.71866
20240615091001,311.24679
20240615092001,475.05519
20240615093001,472.98727
20240615094001,324.77423
20240615095001,276.95538
20240615100001,289.76939
20240615101001,234.4321
20240615102001,244.2668
20240615103001,242.80902
20240615104001,284.11074
20240615105001,320.02936
20240615110001,328.82211
20240615111001,326.8193
20240615112001,315.56663
20240615113001,303.69064
20240615114001,299.78501
20240615115001,288.20975
20240615120001,252.03991
20240615121001,241.83578
20240615122001,235.54654
20240615123001,232.06244
20240615124001,227.56649
20240615125001,225.49557
20240615130001,212.59048
20240615131001,213.30056
20240615132001,210.11708
20240615133001,209.55011
20240615134001,209.35365
20240615135001,207.22041
20240615140001,203.8199
20240615141001,202.24021
20240615142001,200.97479
20240615143001,200.61126
20240615144001,199.13119
20240615145001,201.1333
20240615150001,197.40741
20240615151001,194.03066
20240615152001,193.54457
20240615153001,193.69191
20240615154001,193.61548
20240615155001,192.23467
20240615160001,303.90293
20240615161001,358.22146
20240615162001,405.42137
20240615163001,470.96444
20240615164001,540.40923
20240615165001,577.97265
20240703090001,650.04114
20240703091001,452.85069
20240703092001,407.5874
20240703093001,473.77793
20240703094001,310.83407
20240703095001,286.98545
20240703100001,291.85714
20240703101001,229.3435
20240703102001,242.21409
20240703103001,240.59204
20240703104001,281.44956
20240703105001,320.67012
20240703110001,328.82211
20240703111001,326.8193
20240703112001,315.56663
20240703113001,303.69064
20240703114001,299.78501
20240703115001,288.20975
20240703120001,252.03991
20240703121001,241.83578
20240703122001,235.54654
20240703123001,232.06244
20240703124001,227.56649
20240703125001,225.49557
20240703130001,212.59048
20240703131001,213.30056
20240703132001,210.11708
20240703133001,209.55011
20240703134001,209.35365
20240703135001,207.22041
20240703140001,203.8199
20240703141001,202.24021
20240703142001,200.97479
20240703143001,200.61126
20240703144001,199.13119
20240703145001,201.1333
20240703150001,197.40741
20240703151001,194.03066
20240703152001,193.54457
20240703153001,193.69191
20240703154001,193.61548
20240703155001,192.23467
20240703160001,303.90293
20240703161001,358.22146
20240703162001,405.42137
20240703163001,470.96444
20240703164001,540.40923
20240703165001,577.97265
20240707090001,666.97239
20240707091001,325.3806
20240707092001,445.6729
20240707093001,495.33855
20240707094001,305.32164
20240707095001,261.56462
20240707100001,265.03276
20240707101001,232.82134
20240707102001,244.03132
20240707103001,241.00481
20240707104001,280.66026
20240707105001,320.16122
20240707110001,328.82211
20240707111001,326.8193
20240707112001,315.56663
20240707113001,303.69064
20240707114001,299.78501
20240707115001,288.20975
20240707120001,252.03991
20240707121001,241.83578
20240707122001,235.54654
20240707123001,232.06244
20240707124001,227.56649
20240707125001,225.49557
20240707130001,212.59048
20240707131001,213.30056
20240707132001,210.11708
20240707133001,209.55011
20240707134001,209.35365
20240707135001,207.22041
20240707140001,203.8199
20240707141001,202.24021
20240707142001,200.97479
20240707143001,200.61126
20240707144001,199.13119
20240707145001,201.1333
20240707150001,197.40741
20240707151001,194.03066
20240707152001,193.54457
20240707153001,193.69191
20240707154001,193.61548
20240707155001,192.23467
20240707160001,303.90293
20240707161001,358.22146
20240707162001,405.42137
20240707163001,470.96444
20240707164001,540.40923
20240707165001,577.97265
20240125090002,192.14044
20240125091002,196.46454
20240125092002,215.50614
20240125093002,206.48736
20240125094002,211.61719
20240125095002,221.46844
20240125100002,214.99933
20240125101002,230.32459
20240125102002,243.18895
20240125103002,255.25123
20240125104002,291.21897
20240125105002,322.71335
20240125110002,328.82211
20240125111002,326.8193
20240125112002,315.56663
20240125113002,303.69064
20240125114002,299.78501
20240125115002,288.20975
20240125120002,252.03991
20240125121002,241.83578
20240125122002,235.54654
20240125123002,232.06244
20240125124002,227.56649
20240125125002,225.49557
20240125130002,212.59048
20240125131002,213.30056
20240125132002,210.11708
20240125133002,209.55011
20240125134002,209.35365
20240125135002,207.22041
20240125140002,203.8199
20240125141002,202.24021
20240125142002,200.97479
20240125143002,200.61126
20240125144002,199.13119
20240125145002,201.1333
20240125150002,197.40741
20240125151002,194.03066
20240125152002,193.54457
20240125153002,193.69191
20240125154002,193.61548
20240125155002,192.23467
20240125160002,303.90293
20240125161002,358.22146
20240125162002,405.42137
20240125163002,470.96444
20240125164002,540.40923
20240125165002,577.97265
20240128090002,189.19868
20240128091002,195.97424
20240128092002,212.27315
20240128093002,208.37463
20240128094002,228.64309
20240128095002,213.23512
20240128100002,211.21472
20240128101002,224.87649
20240128102002,240.78693
20240128103002,254.90719
20240128104002,291.40278
20240128105002,322.62188
20240128110002,328.82211
20240128111002,326.8193
20240128112002,315.56663
20240128113002,303.69064
20240128114002,299.78501
20240128115002,288.20975
20240128120002,252.03991
20240128121002,241.83578
20240128122002,235.54654
20240128123002,232.06244
20240128124002,227.56649
20240128125002,225.49557
20240128130002,212.59048
20240128131002,213.30056
20240128132002,210.11708
20240128133002,209.55011
20240128134002,209.35365
20240128135002,207.22041
20240128140002,203.8199
20240128141002,202.24021
20240128142002,200.97479
20240128143002,200.61126
20240128144002,199.13119
20240128145002,201.1333
20240128150002,197.40741
20240128151002,194.03066
20240128152002,193.54457
20240128153002,193.69191
20240128154002,193.61548
20240128155002,192.23467
20240128160002,303.90293
20240128161002,358.22146
20240128162002,405.42137
20240128163002,470.96444
20240128164002,540.40923
20240128165002,577.97265
20240213090002,441.48008
20240213091002,212.81801
20240213092002,225.98581
20240213093002,230.99534
20240213094002,241.78568
20240213095002,231.22933
20240213100002,222.30655
20240213101002,228.09834
20240213102002,234.50254
20240213103002,241.74296
20240213104002,280.35054
20240213105002,322.27203
20240213110002,328.82211
20240213111002,326.8193
20240213112002,315.56663
20240213113002,303.69064
20240213114002,299.78501
20240213115002,288.20975
20240213120002,252.03991
20240213121002,241.83578
20240213122002,235.54654
20240213123002,232.06244
20240213124002,227.56649
20240213125002,225.49557
20240213130002,212.59048
20240213131002,213.30056
20240213132002,210.11708
20240213133002,209.55011
20240213134002,209.35365
20240213135002,207.22041
20240213140002,203.8199
20240213141002,202.24021
20240213142002,200.97479
20240213143002,200.61126
20240213144002,199.13119
20240213145002,201.1333
20240213150002,197.40741
20240213151002,194.03066
20240213152002,193.54457
20240213153002,193.69191
20240213154002,193.61548
20240213155002,192.23467
20240213160002,303.90293
20240213161002,358.22146
20240213162002,405.42137
20240213163002,470.96444
20240213164002,540.40923
20240213165002,577.97265
20240226090002,207.09466
20240226091002,203.80857
20240226092002,220.29627
20240226093002,207.80162
20240226094002,214.33235
20240226095002,221.99046
20240226100002,222.38525
20240226101002,231.45884
20240226102002,243.43139
20240226103002,256.44829
20240226104002,292.42999
20240226105002,322.71335
20240226110002,328.82211
20240226111002,326.8193
20240226112002,315.56663
20240226113002,303.69064
20240226114002,299.78501
20240226115002,288.20975
20240226120002,252.03991
20240226121002,241.83578
20240226122002,235.54654
20240226123002,232.06244
20240226124002,227.56649
20240226125002,225.49557
20240226130002,212.59048
20240226131002,213.30056
20240226132002,210.11708
20240226133002,209.55011
20240226134002,209.35365
20240226135002,207.22041
20240226140002,203.8199
20240226141002,202.24021
20240226142002,200.97479
20240226143002,200.61126
20240226144002,199.13119
20240226145002,201.1333
20240226150002,197.40741
20240226151002,194.03066
20240226152002,193.54457
20240226153002,193.69191
20240226154002,193.61548
20240226155002,192.23467
20240226160002,303.90293
20240226161002,358.22146
20240226162002,405.42137
20240226163002,470.96444
20240226164002,540.40923
20240226165002,577.97265
20240319090002,204.12757
20240319091002,206.14893
20240319092002,239.56536
20240319093002,220.70629
20240319094002,211.58116
20240319095002,211.69462
20240319100002,214.51124
20240319101002,225.18487
20240319102002,243.38384
20240319103002,256.21943
20240319104002,292.37632
20240319105002,322.20607
20240319110002,328.82211
20240319111002,326.8193
20240319112002,315.56663
20240319113002,303.69064
20240319114002,299.78501
20240319115002,288.20975
20240319120002,252.03991
20240319121002,241.83578
20240319122002,235.54654
20240319123002,232.06244
20240319124002,227.56649
20240319125002,225.49557
20240319130002,212.59048
20240319131002,213.30056
20240319132002,210.11708
20240319133002,209.55011
20240319134002,209.35365
20240319135002,207.22041
20240319140002,203.8199
20240319141002,202.24021
20240319142002,200.97479
20240319143002,200.61126
20240319144002,199.13119
20240319145002,201.1333
20240319150002,197.40741
20240319151002,194.03066
20240319152002,193.54457
20240319153002,193.69191
20240319154002,193.61548
20240319155002,192.23467
20240319160002,303.90293
20240319161002,358.22146
20240319162002,405.42137
20240319163002,470.96444
20240319164002,540.40923
20240319165002,577.97265
20240427090002,250.34837
20240427091002,225.75241
20240427092002,241.45859
20240427093002,223.20452
20240427094002,211.61043
20240427095002,222.91339
20240427100002,229.36929
20240427101002,234.2154
20240427102002,243.40441
20240427103002,256.57663
20240427104002,291.49588
20240427105002,321.33542
20240427110002,328.82211
20240427111002,326.8193
20240427112002,315.56663
20240427113002,303.69064
20240427114002,299.78501
20240427115002,288.20975
20240427120002,252.03991
20240427121002,241.83578
20240427122002,235.54654
20240427123002,232.06244
20240427124002,227.56649
20240427125002,225.49557
20240427130002,212.59048
20240427131002,213.30056
20240427132002,210.11708
20240427133002,209.55011
20240427134002,209.35365
20240427135002,207.22041
20240427140002,203.8199
20240427141002,202.24021
20240427142002,200.97479
20240427143002,200.61126
20240427144002,199.13119
20240427145002,201.1333
20240427150002,197.40741
20240427151002,194.03066
20240427152002,193.54457
20240427153002,193.69191
20240427154002,193.61548
20240427155002,192.23467
20240427160002,303.90293
20240427161002,358.22146
20240427162002,405.42137
20240427163002,470.96444
20240427164002,540.40923
20240427165002,577.97265
20240508090002,256.87394
20240508091002,225.02894
20240508092002,232.63579
20240508093002,228.10994
20240508094002,221.18848
20240508095002,234.16265
20240508100002,249.83348
20240508101002,240.94215
20240508102002,244.4804
20240508103002,253.7637
20240508104002,289.69525
20240508105002,321.02977
20240508110002,328.82211
20240508111002,326.8193
20240508112002,315.56663
20240508113002,303.69064
20240508114002,299.78501
20240508115002,288.20975
20240508120002,252.03991
20240508121002,241.83578
20240508122002,235.54654
20240508123002,232.06244
20240508124002,227.56649
20240508125002,225.49557
20240508130002,212.59048
20240508131002,213.30056
20240508132002,210.11708
20240508133002,209.55011
20240508134002,209.35365
20240508135002,207.22041
20240508140002,203.8199
20240508141002,202.24021
20240508142002,200.97479
20240508143002,200.61126
20240508144002,199.13119
20240508145002,201.1333
20240508150002,197.40741
20240508151002,194.03066
20240508152002,193.54457
20240508153002,193.69191
20240508154002,193.61548
20240508155002,192.23467
20240508160002,303.90293
20240508161002,358.22146
20240508162002,405.42137
20240508163002,470.96444
20240508164002,540.40923
20240508165002,577.97265
20240705090002,598.07903
20240705091002,288.87437
20240705092002,363.11792
20240705093002,431.40388
20240705094002,283.96555
20240705095002,240.29204
20240705100002,257.21222
20240705101002,228.29242
20240705102002,240.2328
20240705103002,236.94597
20240705104002,280.49867
20240705105002,320.64958
20240705110002,328.82211
20240705111002,326.8193
20240705112002,315.56663
20240705113002,303.69064
20240705114002,299.78501
20240705115002,288.20975
20240705120002,252.03991
20240705121002,241.83578
20240705122002,235.54654
20240705123002,232.06244
20240705124002,227.56649
20240705125002,225.49557
20240705130002,212.59048
20240705131002,213.30056
20240705132002,210.11708
20240705133002,209.55011
20240705134002,209.35365
20240705135002,207.22041
20240705140002,203.8199
20240705141002,202.24021
20240705142002,200.97479
20240705143002,200.61126
20240705144002,199.13119
20240705145002,201.1333
20240705150002,197.40741
20240705151002,194.03066
20240705152002,193.54457
20240705153002,193.69191
20240705154002,193.61548
20240705155002,192.23467
20240705160002,303.90293
20240705161002,358.22146
20240705162002,405.42137
20240705163002,470.96444
20240705164002,540.40923
20240705165002,577.97265
20240707090002,570.51094
20240707091002,277.96277
20240707092002,357.86758
20240707093002,392.49253
20240707094002,296.84466
20240707095002,240.81974
20240707100002,279.48605
20240707101002,229.99706
20240707102002,240.02434
20240707103002,240.03095
20240707104002,281.87877
20240707105002,320.61087
20240707110002,328.82211
20240707111002,326.8193
20240707112002,315.56663
20240707113002,303.69064
20240707114002,299.78501
20240707115002,288.20975
20240707120002,252.03991
20240707121002,241.83578
20240707122002,235.54654
20240707123002,232.06244
20240707124002,227.56649
20240707125002,225.49557
20240707130002,212.59048
20240707131002,213.30056
20240707132002,210.11708
20240707133002,209.55011
20240707134002,209.35365
20240707135002,207.22041
20240707140002,203.8199
20240707141002,202.24021
20240707142002,200.97479
20240707143002,200.61126
20240707144002,199.13119
20240707145002,201.1333
20240707150002,197.40741
20240707151002,194.03066
20240707152002,193.54457
20240707153002,193.69191
20240707154002,193.61548
20240707155002,192.23467
20240707160002,303.90293
20240707161002,358.22146
20240707162002,405.42137
20240707163002,470.96444
20240707164002,540.40923
20240707165002,577.97265
20240317090003,703.47408
20240317091003,288.73953
20240317092003,369.87893
20240317093003,241.91253
20240317094003,222.8025
20240317095003,229.4598
20240317100003,233.68138
20240317101003,250.49132
20240317102003,250.27836
20240317103003,255.36437
20240317104003,284.22618
20240317105003,318.34786
20240317110003,328.82211
20240317111003,326.8193
20240317112003,315.56663
20240317113003,303.69064
20240317114003,299.78501
20240317115003,288.20975
20240317120003,252.03991
20240317121003,241.83578
20240317122003,235.54654
20240317123003,232.06244
20240317124003,227.56649
20240317125003,225.49557
20240317130003,212.59048
20240317131003,213.30056
20240317132003,210.11708
20240317133003,209.55011
20240317134003,209.35365
20240317135003,207.22041
20240317140003,203.8199
20240317141003,202.24021
20240317142003,200.97479
20240317143003,200.61126
20240317144003,199.13119
20240317145003,201.1333
20240317150003,197.40741
20240317151003,194.03066
20240317152003,193.54457
20240317153003,193.69191
20240317154003,193.61548
20240317155003,192.23467
20240317160003,303.90293
20240317161003,358.22146
20240317162003,405.42137
20240317163003,470.96444
20240317164003,540.40923
20240317165003,577.97265
20240414090003,893.15829
20240414091003,371.47648
20240414092003,536.16962
20240414093003,282.48673
20240414094003,231.47211
20240414095003,231.80041
20240414100003,222.92412
20240414101003,234.11544
20240414102003,250.12578
20240414103003,252.82044
20240414104003,286.29499
20240414105003,321.83797
20240414110003,328.82211
20240414111003,326.8193
20240414112003,315.56663
20240414113003,303.69064
20240414114003,299.78501
20240414115003,288.20975
20240414120003,252.03991
20240414121003,241.83578
20240414122003,235.54654
20240414123003,232.06244
20240414124003,227.56649
20240414125003,225.49557
20240414130003,212.59048
20240414131003,213.30056
20240414132003,210.11708
20240414133003,209.55011
20240414134003,209.35365
20240414135003,207.22041
20240414140003,203.8199
20240414141003,202.24021
20240414142003,200.97479
20240414143003,200.61126
20240414144003,199.13119
20240414145003,201.1333
20240414150003,197.40741
20240414151003,194.03066
20240414152003,193.54457
20240414153003,193.69191
20240414154003,193.61548
20240414155003,192.23467
20240414160003,303.90293
20240414161003,358.22146
20240414162003,405.42137
20240414163003,470.96444
20240414164003,540.40923
20240414165003,577.97265
20240524090003,293.33999
20240524091003,224.94911
20240524092003,232.23109
20240524093003,228.07315
20240524094003,222.85026
20240524095003,229.02811
20240524100003,230.27091
20240524101003,233.16216
20240524102003,245.18069
20240524103003,255.04174
20240524104003,289.92698
20240524105003,321.11749
20240524110003,328.82211
20240524111003,326.8193
20240524112003,315.56663
20240524113003,303.69064
20240524114003,299.78501
20240524115003,288.20975
20240524120003,252.03991
20240524121003,241.83578
20240524122003,235.54654
20240524123003,232.06244
20240524124003,227.56649
20240524125003,225.49557
20240524130003,212.59048
20240524131003,213.30056
20240524132003,210.11708
20240524133003,209.55011
20240524134003,209.35365
20240524135003,207.22041
20240524140003,203.8199
20240524141003,202.24021
20240524142003,200.97479
20240524143003,200.61126
20240524144003,199.13119
20240524145003,201.1333
20240524150003,197.40741
20240524151003,194.03066
20240524152003,193.54457
20240524153003,193.69191
20240524154003,193.61548
20240524155003,192.23467
20240524160003,303.90293
20240524161003,358.22146
20240524162003,405.42137
20240524163003,470.96444
20240524164003,540.40923
20240524165003,577.97265
20240526090003,248.32646
20240526091003,215.56308
20240526092003,233.77293
20240526093003,222.52449
20240526094003,220.3703
20240526095003,229.47101
20240526100003,232.86902
20240526101003,234.29721
20240526102003,250.1378
20240526103003,255.19817
20240526104003,289.75828
20240526105003,321.02977
20240526110003,328.82211
20240526111003,326.8193
20240526112003,315.56663
20240526113003,303.69064
20240526114003,299.78501
20240526115003,288.20975
20240526120003,252.03991
20240526121003,241.83578
20240526122003,235.54654
20240526123003,232.06244
20240526124003,227.56649
20240526125003,225.49557
20240526130003,212.59048
20240526131003,213.30056
20240526132003,210.11708
20240526133003,209.55011
20240526134003,209.35365
20240526135003,207.22041
20240526140003,203.8199
20240526141003,202.24021
20240526142003,200.97479
20240526143003,200.61126
20240526144003,199.13119
20240526145003,201.1333
20240526150003,197.40741
20240526151003,194.03066
20240526152003,193.54457
20240526153003,193.69191
20240526154003,193.61548
20240526155003,192.23467
20240526160003,303.90293
20240526161003,358.22146
20240526162003,405.42137
20240526163003,470.96444
20240526164003,540.40923
20240526165003,577.97265
20240603090003,266.64301
20240603091003,224.54778
20240603092003,339.02036
20240603093003,246.76264
20240603094003,211.78241
20240603095003,224.05211
20240603100003,224.41593
20240603101003,229.50392
20240603102003,248.02159
20240603103003,253.15538
20240603104003,289.71899
20240603105003,320.93156
20240603110003,328.82211
20240603111003,326.8193
20240603112003,315.56663
20240603113003,303.69064
20240603114003,299.78501
20240603115003,288.20975
20240603120003,252.03991
20240603121003,241.83578
20240603122003,235.54654
20240603123003,232.06244
20240603124003,227.56649
20240603125003,225.49557
20240603130003,212.59048
20240603131003,213.30056
20240603132003,210.11708
20240603133003,209.55011
20240603134003,209.35365
20240603135003,207.22041
20240603140003,203.8199
20240603141003,202.24021
20240603142003,200.97479
20240603143003,200.61126
20240603144003,199.13119
20240603145003,201.1333
20240603150003,197.40741
20240603151003,194.03066
20240603152003,193.54457
20240603153003,193.69191
20240603154003,193.61548
20240603155003,192.23467
20240603160003,303.90293
20240603161003,358.22146
20240603162003,405.42137
20240603163003,470.96444
20240603164003,540.40923
20240603165003,577.97265
20240620090003,880.68609
20240620091003,300.42258
20240620092003,482.73381
20240620093003,507.25905
20240620094003,279.84187
20240620095003,232.96805
20240620100003,278.92356
20240620101003,234.28219
20240620102003,243.74746
20240620103003,243.52975
20240620104003,283.77641
20240620105003,320.02936
20240620110003,328.82211
20240620111003,326.8193
20240620112003,315.56663
20240620113003,303.69064
20240620114003,299.78501
20240620115003,288.20975
20240620120003,252.03991
20240620121003,241.83578
20240620122003,235.54654
20240620123003,232.06244
20240620124003,227.56649
20240620125003,225.49557
20240620130003,212.59048
20240620131003,213.30056
20240620132003,210.11708
20240620133003,209.55011
20240620134003,209.35365
20240620135003,207.22041
20240620140003,203.8199
20240620141003,202.24021
20240620142003,200.97479
20240620143003,200.61126
20240620144003,199.13119
20240620145003,201.1333
20240620150003,197.40741
20240620151003,194.03066
20240620152003,193.54457
20240620153003,193.69191
20240620154003,193.61548
20240620155003,192.23467
20240620160003,303.90293
20240620161003,358.22146
20240620162003,405.42137
20240620163003,470.96444
20240620164003,540.40923
20240620165003,577.97265
20240420090004,906.64089
20240420091004,232.64714
20240420092004,339.56964
20240420093004,505.5114
20240420094004,335.86039
20240420095004,227.99699
20240420100004,249.96011
20240420101004,227.92046
20240420102004,229.90386
20240420103004,236.15454
20240420104004,279.74823
20240420105004,321.24585
20240420110004,328.82211
20240420111004,326.8193
20240420112004,315.56663
20240420113004,303.69064
20240420114004,299.78501
20240420115004,288.20975
20240420120004,252.03991
20240420121004,241.83578
20240420122004,235.54654
20240420123004,232.06244
20240420124004,227.56649
20240420125004,225.49557
20240420130004,212.59048
20240420131004,213.30056
20240420132004,210.11708
20240420133004,209.55011
20240420134004,209.35365
20240420135004,207.22041
20240420140004,203.8199
20240420141004,202.24021
20240420142004,200.97479
20240420143004,200.61126
20240420144004,199.13119
20240420145004,201.1333
20240420150004,197.40741
20240420151004,194.03066
20240420152004,193.54457
20240420153004,193.69191
20240420154004,193.61548
20240420155004,192.23467
20240420160004,303.90293
20240420161004,358.22146
20240420162004,405.42137
20240420163004,470.96444
20240420164004,540.40923
20240420165004,577.97265
20240422090004,839.39768
20240422091004,282.34718
20240422092004,510.38891
20240422093004,461.72867
20240422094004,332.51621
20240422095004,276.18949
20240422100004,280.08347
20240422101004,235.39167
20240422102004,241.44295
20240422103004,243.7838
20240422104004,281.35494
20240422105004,320.67279
20240422110004,328.82211
20240422111004,326.8193
20240422112004,315.56663
20240422113004,303.69064
20240422114004,299.78501
20240422115004,288.20975
20240422120004,252.03991
20240422121004,241.83578
20240422122004,235.54654
20240422123004,232.06244
20240422124004,227.56649
20240422125004,225.49557
20240422130004,212.59048
20240422131004,213.30056
20240422132004,210.11708
20240422133004,209.55011
20240422134004,209.35365
20240422135004,207.22041
20240422140004,203.8199
20240422141004,202.24021
20240422142004,200.97479
20240422143004,200.61126
20240422144004,199.13119
20240422145004,201.1333
20240422150004,197.40741
20240422151004,194.03066
20240422152004,193.54457
20240422153004,193.69191
20240422154004,193.61548
20240422155004,192.23467
20240422160004,303.90293
20240422161004,358.22146
20240422162004,405.42137
20240422163004,470.96444
20240422164004,540.40923
20240422165004,577.97265
20240513090004,196.72565
20240513091004,203.25624
20240513092004,262.16415
20240513093004,227.92512
20240513094004,210.11631
20240513095004,218.81863
20240513100004,223.42291
20240513101004,225.72062
20240513102004,240.66042
20240513103004,254.09815
20240513104004,290.93594
20240513105004,321.36258
20240513110004,328.82211
20240513111004,326.8193
20240513112004,315.56663
20240513113004,303.69064
20240513114004,299.78501
20240513115004,288.20975
20240513120004,252.03991
20240513121004,241.83578
20240513122004,235.54654
20240513123004,232.06244
20240513124004,227.56649
20240513125004,225.49557
20240513130004,212.59048
20240513131004,213.30056
20240513132004,210.11708
20240513133004,209.55011
20240513134004,209.35365
20240513135004,207.22041
20240513140004,203.8199
20240513141004,202.24021
20240513142004,200.97479
20240513143004,200.61126
20240513144004,199.13119
20240513145004,201.1333
20240513150004,197.40741
20240513151004,194.03066
20240513152004,193.54457
20240513153004,193.69191
20240513154004,193.61548
20240513155004,192.23467
20240513160004,303.90293
20240513161004,358.22146
20240513162004,405.42137
20240513163004,470.96444
20240513164004,540.40923
20240513165004,577.97265
20240515090004,921.04006
20240515091004,285.91149
20240515092004,521.69049
20240515093004,387.00919
20240515094004,231.0601
20240515095004,282.93999
20240515100004,241.90108
20240515101004,235.78902
20240515102004,242.28574
20240515103004,250.82313
20240515104004,281.28104
20240515105004,321.1781
20240515110004,328.82211
20240515111004,326.8193
20240515112004,315.56663
20240515113004,303.69064
20240515114004,299.78501
20240515115004,288.20975
20240515120004,252.03991
20240515121004,241.83578
20240515122004,235.54654
20240515123004,232.06244
20240515124004,227.56649
20240515125004,225.49557
20240515130004,212.59048
20240515131004,213.30056
20240515132004,210.11708
20240515133004,209.55011
20240515134004,209.35365
20240515135004,207.22041
20240515140004,203.8199
20240515141004,202.24021
20240515142004,200.97479
20240515143004,200.61126
20240515144004,199.13119
20240515145004,201.1333
20240515150004,197.40741
20240515151004,194.03066
20240515152004,193.54457
20240515153004,193.69191
20240515154004,193.61548
20240515155004,192.23467
20240515160004,303.90293
20240515161004,358.22146
20240515162004,405.42137
20240515163004,470.96444
20240515164004,540.40923
20240515165004,577.97265
20240629090004,805.40969
20240629091004,297.77889
20240629092004,463.99646
20240629093004,531.18568
20240629094004,293.26812
20240629095004,278.45249
20240629100004,274.05742
20240629101004,234.34736
20240629102004,244.9656
20240629103004,240.67112
20240629104004,280.18114
20240629105004,319.90513
20240629110004,328.82211
20240629111004,326.8193
20240629112004,315.56663
20240629113004,303.69064
20240629114004,299.78501
20240629115004,288.20975
20240629120004,252.03991
20240629121004,241.83578
20240629122004,235.54654
20240629123004,232.06244
20240629124004,227.56649
20240629125004,225.49557
20240629130004,212.59048
20240629131004,213.30056
20240629132004,210.11708
20240629133004,209.55011
20240629134004,209.35365
20240629135004,207.22041
20240629140004,203.8199
20240629141004,202.24021
20240629142004,200.97479
20240629143004,200.61126
20240629144004,199.13119
20240629145004,201.1333
20240629150004,197.40741
20240629151004,194.03066
20240629152004,193.54457
20240629153004,193.69191
20240629154004,193.61548
20240629155004,192.23467
20240629160004,303.90293
20240629161004,358.22146
20240629162004,405.42137
20240629163004,470.96444
20240629164004,540.40923
20240629165004,577.97265
20240704090004,787.61466
20240704091004,318.83233
20240704092004,460.3872
20240704093004,521.95028
20240704094004,271.06193
20240704095004,279.13385
20240704100004,240.70527
20240704101004,233.63159
20240704102004,250.72679
20240704103004,235.61739
20240704104004,279.61101
20240704105004,320.02803
20240704110004,328.82211
20240704111004,326.8193
20240704112004,315.56663
20240704113004,303.69064
20240704114004,299.78501
20240704115004,288.20975
20240704120004,252.03991
20240704121004,241.83578
20240704122004,235.54654
20240704123004,232.06244
20240704124004,227.56649
20240704125004,225.49557
20240704130004,212.59048
20240704131004,213.30056
20240704132004,210.11708
20240704133004,209.55011
20240704134004,209.35365
20240704135004,207.22041
20240704140004,203.8199
20240704141004,202.24021
20240704142004,200.97479
20240704143004,200.61126
20240704144004,199.13119
20240704145004,201.1333
20240704150004,197.40741
20240704151004,194.03066
20240704152004,193.54457
20240704153004,193.69191
20240704154004,193.61548
20240704155004,192.23467
20240704160004,303.90293
20240704161004,358.22146
20240704162004,405.42137
20240704163004,470.96444
20240704164004,540.40923
20240704165004,577.97265
20240509090005,289.33541
20240509091005,233.53253
20240509092005,276.64017
20240509093005,217.67422
20240509094005,209.8988
20240509095005,223.29723
20240509100005,230.09661
20240509101005,239.47176
20240509102005,251.05754
20240509103005,256.18267
20240509104005,289.63561
20240509105005,321.11749
20240509110005,328.82211
20240509111005,326.8193
20240509112005,315.56663
20240509113005,303.69064
20240509114005,299.78501
20240509115005,288.20975
20240509120005,252.03991
20240509121005,241.83578
20240509122005,235.54654
20240509123005,232.06244
20240509124005,227.56649
20240509125005,225.49557
20240509130005,212.59048
20240509131005,213.30056
20240509132005,210.11708
20240509133005,209.55011
20240509134005,209.35365
20240509135005,207.22041
20240509140005,203.8199
20240509141005,202.24021
20240509142005,200.97479
20240509143005,200.61126
20240509144005,199.13119
20240509145005,201.1333
20240509150005,197.40741
20240509151005,194.03066
20240509152005,193.54457
20240509153005,193.69191
20240509154005,193.61548
20240509155005,192.23467
20240509160005,303.90293
20240509161005,358.22146
20240509162005,405.42137
20240509163005,470.96444
20240509164005,540.40923
20240509165005,577.97265
20240514090005,287.48834
20240514091005,224.35145
20240514092005,312.70259
20240514093005,221.07107
20240514094005,209.3645
20240514095005,228.41133
20240514100005,230.17462
20240514101005,235.99725
20240514102005,250.66625
20240514103005,254.23756
20240514104005,289.35003
20240514105005,321.11749
20240514110005,328.82211
20240514111005,326.8193
20240514112005,315.56663
20240514113005,303.69064
20240514114005,299.78501
20240514115005,288.20975
20240514120005,252.03991
20240514121005,241.83578
20240514122005,235.54654
20240514123005,232.06244
20240514124005,227.56649
20240514125005,225.49557
20240514130005,212.59048
20240514131005,213.30056
20240514132005,210.11708
20240514133005,209.55011
20240514134005,209.35365
20240514135005,207.22041
20240514140005,203.8199
20240514141005,202.24021
20240514142005,200.97479
20240514143005,200.61126
20240514144005,199.13119
20240514145005,201.1333
20240514150005,197.40741
20240514151005,194.03066
20240514152005,193.54457
20240514153005,193.69191
20240514154005,193.61548
20240514155005,192.23467
20240514160005,303.90293
20240514161005,358.22146
20240514162005,405.42137
20240514163005,470.96444
20240514164005,540.40923
20240514165005,577.97265
20240615090005,551.19831
20240615091005,308.32449
20240615092005,504.05845
20240615093005,435.32949
20240615094005,307.32431
20240615095005,229.04225
20240615100005,304.12151
20240615101005,237.33727
20240615102005,241.7465
20240615103005,243.48376
20240615104005,286.70293
20240615105005,320.69908
20240615110005,328.82211
20240615111005,326.8193
20240615112005,315.56663
20240615113005,303.69064
20240615114005,299.78501
20240615115005,288.20975
20240615120005,252.03991
20240615121005,241.83578
20240615122005,235.54654
20240615123005,232.06244
20240615124005,227.56649
20240615125005,225.49557
20240615130005,212.59048
20240615131005,213.30056
20240615132005,210.11708
20240615133005,209.55011
20240615134005,209.35365
20240615135005,207.22041
20240615140005,203.8199
20240615141005,202.24021
20240615142005,200.97479
20240615143005,200.61126
20240615144005,199.13119
20240615145005,201.1333
20240615150005,197.40741
20240615151005,194.03066
20240615152005,193.54457
20240615153005,193.69191
20240615154005,193.61548
20240615155005,192.23467
20240615160005,303.90293
20240615161005,358.22146
20240615162005,405.42137
20240615163005,470.96444
20240615164005,540.40923
20240615165005,577.97265
20240620090005,508.48663
20240620091005,231.78149
20240620092005,434.41891
20240620093005,427.85559
20240620094005,269.03113
20240620095005,211.95196
20240620100005,283.14869
20240620101005,237.25835
20240620102005,240.20934
20240620103005,248.16498
20240620104005,287.69221
20240620105005,321.32541
20240620110005,328.82211
20240620111005,326.8193
20240620112005,315.56663
20240620113005,303.69064
20240620114005,299.78501
20240620115005,288.20975
20240620120005,252.03991
20240620121005,241.83578
20240620122005,235.54654
20240620123005,232.06244
20240620124005,227.56649
20240620125005,225.49557
20240620130005,212.59048
20240620131005,213.30056
20240620132005,210.11708
20240620133005,209.55011
20240620134005,209.35365
20240620135005,207.22041
20240620140005,203.8199
20240620141005,202.24021
20240620142005,200.97479
20240620143005,200.61126
20240620144005,199.13119
20240620145005,201.1333
20240620150005,197.40741
20240620151005,194.03066
20240620152005,193.54457
20240620153005,193.69191
20240620154005,193.61548
20240620155005,192.23467
20240620160005,303.90293
20240620161005,358.22146
20240620162005,405.42137
20240620163005,470.96444
20240620164005,540.40923
20240620165005,577.97265
20240706090005,519.19896
20240706091005,294.53068
20240706092005,459.25
20240706093005,481.44373
20240706094005,361.62951
20240706095005,211.60153
20240706100005,278.02163
20240706101005,233.05334
20240706102005,230.80623
20240706103005,242.52245
20240706104005,284.53878
20240706105005,321.84626
20240706110005,328.82211
20240706111005,326.8193
20240706112005,315.56663
20240706113005,303.69064
20240706114005,299.78501
20240706115005,288.20975
20240706120005,252.03991
20240706121005,241.83578
20240706122005,235.54654
20240706123005,232.06244
20240706124005,227.56649
20240706125005,225.49557
20240706130005,212.59048
20240706131005,213.30056
20240706132005,210.11708
20240706133005,209.55011
20240706134005,209.35365
20240706135005,207.22041
20240706140005,203.8199
20240706141005,202.24021
20240706142005,200.97479
20240706143005,200.61126
20240706144005,199.13119
20240706145005,201.1333
20240706150005,197.40741
20240706151005,194.03066
20240706152005,193.54457
20240706153005,193.69191
20240706154005,193.61548
20240706155005,192.23467
20240706160005,303.90293
20240706161005,358.22146
20240706162005,405.42137
20240706163005,470.96444
20240706164005,540.40923
20240706165005,577.97265
20240708090005,517.4473
20240708091005,323.31289
20240708092005,510.27802
20240708093005,465.2061
20240708094005,331.00641
20240708095005,211.53098
20240708100005,300.55125
20240708101005,236.35805
20240708102005,236.18422
20240708103005,243.49415
20240708104005,288.66836
20240708105005,321.32541
20240708110005,328.82211
20240708111005,326.8193
20240708112005,315.56663
20240708113005,303.69064
20240708114005,299.78501
20240708115005,288.20975
20240708120005,252.03991
20240708121005,241.83578
20240708122005,235.54654
20240708123005,232.06244
20240708124005,227.56649
20240708125005,225.49557
20240708130005,212.59048
20240708131005,213.30056
20240708132005,210.11708
20240708133005,209.55011
20240708134005,209.35365
20240708135005,207.22041
20240708140005,203.8199
20240708141005,202.24021
20240708142005,200.97479
20240708143005,200.61126
20240708144005,199.13119
20240708145005,201.1333
20240708150005,197.40741
20240708151005,194.03066
20240708152005,193.54457
20240708153005,193.69191
20240708154005,193.61548
20240708155005,192.23467
20240708160005,303.90293
20240708161005,358.22146
20240708162005,405.42137
20240708163005,470.96444
20240708164005,540.40923
20240708165005,577.97265
20240520090006,493.81272
20240520091006,277.01344
20240520092006,310.06706
20240520093006,229.90267
20240520094006,224.13097
20240520095006,241.04745
20240520100006,243.76503
20240520101006,250.5333
20240520102006,254.67166
20240520103006,263.9308
20240520104006,286.41265
20240520105006,317.67537
20240520110006,328.82211
20240520111006,326.8193
20240520112006,315.56663
20240520113006,303.69064
20240520114006,299.78501
20240520115006,288.20975
20240520120006,252.03991
20240520121006,241.83578
20240520122006,235.54654
20240520123006,232.06244
20240520124006,227.56649
20240520125006,225.49557
20240520130006,212.59048
20240520131006,213.30056
20240520132006,210.11708
20240520133006,209.55011
20240520134006,209.35365
20240520135006,207.22041
20240520140006,203.8199
20240520141006,202.24021
20240520142006,200.97479
20240520143006,200.61126
20240520144006,199.13119
20240520145006,201.1333
20240520150006,197.40741
20240520151006,194.03066
20240520152006,193.54457
20240520153006,193.69191
20240520154006,193.61548
20240520155006,192.23467
20240520160006,303.90293
20240520161006,358.22146
20240520162006,405.42137
20240520163006,470.96444
20240520164006,540.40923
20240520165006,577.97265
20240527090006,479.02633
20240527091006,367.46523
20240527092006,427.77703
20240527093006,234.18347
20240527094006,230.29786
20240527095006,247.1982
20240527100006,241.15711
20240527101006,244.19229
20240527102006,251.82867
20240527103006,252.87013
20240527104006,286.52571
20240527105006,321.07066
20240527110006,328.82211
20240527111006,326.8193
20240527112006,315.56663
20240527113006,303.69064
20240527114006,299.78501
20240527115006,288.20975
20240527120006,252.03991
20240527121006,241.83578
20240527122006,235.54654
20240527123006,232.06244
20240527124006,227.56649
20240527125006,225.49557
20240527130006,212.59048
20240527131006,213.30056
20240527132006,210.11708
20240527133006,209.55011
20240527134006,209.35365
20240527135006,207.22041
20240527140006,203.8199
20240527141006,202.24021
20240527142006,200.97479
20240527143006,200.61126
20240527144006,199.13119
20240527145006,201.1333
20240527150006,197.40741
20240527151006,194.03066
20240527152006,193.54457
20240527153006,193.69191
20240527154006,193.61548
20240527155006,192.23467
20240527160006,303.90293
20240527161006,358.22146
20240527162006,405.42137
20240527163006,470.96444
20240527164006,540.40923
20240527165006,577.97265
20240625090006,664.43023
20240625091006,327.02305
20240625092006,464.43633
20240625093006,495.19043
20240625094006,314.43658
20240625095006,270.72548
20240625100006,290.92693
20240625101006,233.42639
20240625102006,242.42562
20240625103006,242.20745
20240625104006,281.90064
20240625105006,320.39343
20240625110006,328.82211
20240625111006,326.8193
20240625112006,315.56663
20240625113006,303.69064
20240625114006,299.78501
20240625115006,288.20975
20240625120006,252.03991
20240625121006,241.83578
20240625122006,235.54654
20240625123006,232.06244
20240625124006,227.56649
20240625125006,225.49557
20240625130006,212.59048
20240625131006,213.30056
20240625132006,210.11708
20240625133006,209.55011
20240625134006,209.35365
20240625135006,207.22041
20240625140006,203.8199
20240625141006,202.24021
20240625142006,200.97479
20240625143006,200.61126
20240625144006,199.13119
20240625145006,201.1333
20240625150006,197.40741
20240625151006,194.03066
20240625152006,193.54457
20240625153006,193.69191
20240625154006,193.61548
20240625155006,192.23467
20240625160006,303.90293
20240625161006,358.22146
20240625162006,405.42137
20240625163006,470.96444
20240625164006,540.40923
20240625165006,577.97265
20240629090006,690.68393
20240629091006,339.18155
20240629092006,471.4828
20240629093006,519.90608
20240629094006,314.44845
20240629095006,270.9461
20240629100006,294.28028
20240629101006,233.76646
20240629102006,244.47404
20240629103006,242.08144
20240629104006,281.45225
20240629105006,319.95219
20240629110006,328.82211
20240629111006,326.8193
20240629112006,315.56663
20240629113006,303.69064
20240629114006,299.78501
20240629115006,288.20975
20240629120006,252.03991
20240629121006,241.83578
20240629122006,235.54654
20240629123006,232.06244
20240629124006,227.56649
20240629125006,225.49557
20240629130006,212.59048
20240629131006,213.30056
20240629132006,210.11708
20240629133006,209.55011
20240629134006,209.35365
20240629135006,207.22041
20240629140006,203.8199
20240629141006,202.24021
20240629142006,200.97479
20240629143006,200.61126
20240629144006,199.13119
20240629145006,201.1333
20240629150006,197.40741
20240629151006,194.03066
20240629152006,193.54457
20240629153006,193.69191
20240629154006,193.61548
20240629155006,192.23467
20240629160006,303.90293
20240629161006,358.22146
20240629162006,405.42137
20240629163006,470.96444
20240629164006,540.40923
20240629165006,577.97265
20240706090006,718.76071
20240706091006,332.52541
20240706092006,430.02187
20240706093006,486.96132
20240706094006,303.56478
20240706095006,251.16463
20240706100006,256.3603
20240706101006,231.23196
20240706102006,242.6433
20240706103006,240.60457
20240706104006,279.91435
20240706105006,320.52535
20240706110006,328.82211
20240706111006,326.8193
20240706112006,315.56663
20240706113006,303.69064
20240706114006,299.78501
20240706115006,288.20975
20240706120006,252.03991
20240706121006,241.83578
20240706122006,235.54654
20240706123006,232.06244
20240706124006,227.56649
20240706125006,225.49557
20240706130006,212.59048
20240706131006,213.30056
20240706132006,210.11708
20240706133006,209.55011
20240706134006,209.35365
20240706135006,207.22041
20240706140006,203.8199
20240706141006,202.24021
20240706142006,200.97479
20240706143006,200.61126
20240706144006,199.13119
20240706145006,201.1333
20240706150006,197.40741
20240706151006,194.03066
20240706152006,193.54457
20240706153006,193.69191
20240706154006,193.61548
20240706155006,192.23467
20240706160006,303.90293
20240706161006,358.22146
20240706162006,405.42137
20240706163006,470.96444
20240706164006,540.40923
20240706165006,577.97265
20240722090006,717.35706
20240722091006,359.39566
20240722092006,465.47366
20240722093006,488.30146
20240722094006,305.88423
20240722095006,279.91801
20240722100006,283.89179
20240722101006,232.14393
20240722102006,243.52196
20240722103006,242.45128
20240722104006,281.07098
20240722105006,320.48664
20240722110006,328.82211
20240722111006,326.8193
20240722112006,315.56663
20240722113006,303.69064
20240722114006,299.78501
20240722115006,288.20975
20240722120006,252.03991
20240722121006,241.83578
20240722122006,235.54654
20240722123006,232.06244
20240722124006,227.56649
20240722125006,225.49557
20240722130006,212.59048
20240722131006,213.30056
20240722132006,210.11708
20240722133006,209.55011
20240722134006,209.35365
20240722135006,207.22041
20240722140006,203.8199
20240722141006,202.24021
20240722142006,200.97479
20240722143006,200.61126
20240722144006,199.13119
20240722145006,201.1333
20240722150006,197.40741
20240722151006,194.03066
20240722152006,193.54457
20240722153006,193.69191
20240722154006,193.61548
20240722155006,192.23467
20240722160006,303.90293
20240722161006,358.22146
20240722162006,405.42137
20240722163006,470.96444
20240722164006,540.40923
20240722165006,577.97265
20240526090007,309.80149
20240526091007,225.97413
20240526092007,272.67768
20240526093007,221.94704
20240526094007,212.49937
20240526095007,229.08472
20240526100007,234.17733
20240526101007,241.80784
20240526102007,251.99238
20240526103007,261.08478
20240526104007,289.60946
20240526105007,321.02977
20240526110007,328.82211
20240526111007,326.8193
20240526112007,315.56663
20240526113007,303.69064
20240526114007,299.78501
20240526115007,288.20975
20240526120007,252.03991
20240526121007,241.83578
20240526122007,235.54654
20240526123007,232.06244
20240526124007,227.56649
20240526125007,225.49557
20240526130007,212.59048
20240526131007,213.30056
20240526132007,210.11708
20240526133007,209.55011
20240526134007,209.35365
20240526135007,207.22041
20240526140007,203.8199
20240526141007,202.24021
20240526142007,200.97479
20240526143007,200.61126
20240526144007,199.13119
20240526145007,201.1333
20240526150007,197.40741
20240526151007,194.03066
20240526152007,193.54457
20240526153007,193.69191
20240526154007,193.61548
20240526155007,192.23467
20240526160007,303.90293
20240526161007,358.22146
20240526162007,405.42137
20240526163007,470.96444
20240526164007,540.40923
20240526165007,577.97265
20240612090007,643.30813
20240612091007,290.47138
20240612092007,466.57404
20240612093007,454.0251
20240612094007,223.14495
20240612095007,229.45119
20240612100007,232.99238
20240612101007,280.67481
20240612102007,271.99761
20240612103007,255.19894
20240612104007,281.45711
20240612105007,312.7925
20240612110007,328.82211
20240612111007,326.8193
20240612112007,315.56663
20240612113007,303.69064
20240612114007,299.78501
20240612115007,288.20975
20240612120007,252.03991
20240612121007,241.83578
20240612122007,235.54654
20240612123007,232.06244
20240612124007,227.56649
20240612125007,225.49557
20240612130007,212.59048
20240612131007,213.30056
20240612132007,210.11708
20240612133007,209.55011
20240612134007,209.35365
20240612135007,207.22041
20240612140007,203.8199
20240612141007,202.24021
20240612142007,200.97479
20240612143007,200.61126
20240612144007,199.13119
20240612145007,201.1333
20240612150007,197.40741
20240612151007,194.03066
20240612152007,193.54457
20240612153007,193.69191
20240612154007,193.61548
20240612155007,192.23467
20240612160007,303.90293
20240612161007,358.22146
20240612162007,405.42137
20240612163007,470.96444
20240612164007,540.40923
20240612165007,577.97265
20240615090007,782.0789
20240615091007,326.81738
20240615092007,538.43405
20240615093007,494.22845
20240615094007,276.85682
20240615095007,367.23211
20240615100007,291.50089
20240615101007,236.1572
20240615102007,253.03732
20240615103007,241.5854
20240615104007,281.38303
20240615105007,319.90513
20240615110007,328.82211
20240615111007,326.8193
20240615112007,315.56663
20240615113007,303.69064
20240615114007,299.78501
20240615115007,288.20975
20240615120007,252.03991
20240615121007,241.83578
20240615122007,235.54654
20240615123007,232.06244
20240615124007,227.56649
20240615125007,225.49557
20240615130007,212.59048
20240615131007,213.30056
20240615132007,210.11708
20240615133007,209.55011
20240615134007,209.35365
20240615135007,207.22041
20240615140007,203.8199
20240615141007,202.24021
20240615142007,200.97479
20240615143007,200.61126
20240615144007,199.13119
20240615145007,201.1333
20240615150007,197.40741
20240615151007,194.03066
20240615152007,193.54457
20240615153007,193.69191
20240615154007,193.61548
20240615155007,192.23467
20240615160007,303.90293
20240615161007,358.22146
20240615162007,405.42137
20240615163007,470.96444
20240615164007,540.40923
20240615165007,577.97265
20240717090007,780.05886
20240717091007,322.70783
20240717092007,507.91417
20240717093007,505.81537
20240717094007,263.46435
20240717095007,327.56962
20240717100007,265.27686
20240717101007,234.95682
20240717102007,250.72075
20240717103007,236.1471
20240717104007,279.90059
20240717105007,320.5253
20240717110007,328.82211
20240717111007,326.8193
20240717112007,315.56663
20240717113007,303.69064
20240717114007,299.78501
20240717115007,288.20975
20240717120007,252.03991
20240717121007,241.83578
20240717122007,235.54654
20240717123007,232.06244
20240717124007,227.56649
20240717125007,225.49557
20240717130007,212.59048
20240717131007,213.30056
20240717132007,210.11708
20240717133007,209.55011
20240717134007,209.35365
20240717135007,207.22041
20240717140007,203.8199
20240717141007,202.24021
20240717142007,200.97479
20240717143007,200.61126
20240717144007,199.13119
20240717145007,201.1333
20240717150007,197.40741
20240717151007,194.03066
20240717152007,193.54457
20240717153007,193.69191
20240717154007,193.61548
20240717155007,192.23467
20240717160007,303.90293
20240717161007,358.22146
20240717162007,405.42137
20240717163007,470.96444
20240717164007,540.40923
20240717165007,577.97265
20240124090008,189.11472
20240124091008,191.80012
20240124092008,219.87314
20240124093008,207.00928
20240124094008,211.52481
20240124095008,222.46325
20240124100008,215.47215
20240124101008,230.00669
20240124102008,244.3967
20240124103008,260.75026
20240124104008,290.56142
20240124105008,322.71335
20240124110008,328.82211
20240124111008,326.8193
20240124112008,315.56663
20240124113008,303.69064
20240124114008,299.78501
20240124115008,288.20975
20240124120008,252.03991
20240124121008,241.83578
20240124122008,235.54654
20240124123008,232.06244
20240124124008,227.56649
20240124125008,225.49557
20240124130008,212.59048
20240124131008,213.30056
20240124132008,210.11708
20240124133008,209.55011
20240124134008,209.35365
20240124135008,207.22041
20240124140008,203.8199
20240124141008,202.24021
20240124142008,200.97479
20240124143008,200.61126
20240124144008,199.13119
20240124145008,201.1333
20240124150008,197.40741
20240124151008,194.03066
20240124152008,193.54457
20240124153008,193.69191
20240124154008,193.61548
20240124155008,192.23467
20240124160008,303.90293
20240124161008,358.22146
20240124162008,405.42137
20240124163008,470.96444
20240124164008,540.40923
20240124165008,577.97265
20240128090008,188.83806
20240128091008,192.61191
20240128092008,211.38901
20240128093008,207.62234
20240128094008,220.80587
20240128095008,221.54822
20240128100008,212.41012
20240128101008,224.78986
20240128102008,242.84079
20240128103008,257.5006
20240128104008,291.40278
20240128105008,322.71335
20240128110008,328.82211
20240128111008,326.8193
20240128112008,315.56663
20240128113008,303.69064
20240128114008,299.78501
20240128115008,288.20975
20240128120008,252.03991
20240128121008,241.83578
20240128122008,235.54654
20240128123008,232.06244
20240128124008,227.56649
20240128125008,225.49557
20240128130008,212.59048
20240128131008,213.30056
20240128132008,210.11708
20240128133008,209.55011
20240128134008,209.35365
20240128135008,207.22041
20240128140008,203.8199
20240128141008,202.24021
20240128142008,200.97479
20240128143008,200.61126
20240128144008,199.13119
20240128145008,201.1333
20240128150008,197.40741
20240128151008,194.03066
20240128152008,193.54457
20240128153008,193.69191
20240128154008,193.61548
20240128155008,192.23467
20240128160008,303.90293
20240128161008,358.22146
20240128162008,405.42137
20240128163008,470.96444
20240128164008,540.40923
20240128165008,577.97265
20240204090008,199.22706
20240204091008,196.97757
20240204092008,221.54028
20240204093008,216.59416
20240204094008,227.37964
20240204095008,226.40293
20240204100008,214.32491
20240204101008,230.8922
20240204102008,239.3802
20240204103008,252.4614
20240204104008,290.35741
20240204105008,322.63632
20240204110008,328.82211
20240204111008,326.8193
20240204112008,315.56663
20240204113008,303.69064
20240204114008,299.78501
20240204115008,288.20975
20240204120008,252.03991
20240204121008,241.83578
20240204122008,235.54654
20240204123008,232.06244
20240204124008,227.56649
20240204125008,225.49557
20240204130008,212.59048
20240204131008,213.30056
20240204132008,210.11708
20240204133008,209.55011
20240204134008,209.35365
20240204135008,207.22041
20240204140008,203.8199
20240204141008,202.24021
20240204142008,200.97479
20240204143008,200.61126
20240204144008,199.13119
20240204145008,201.1333
20240204150008,197.40741
20240204151008,194.03066
20240204152008,193.54457
20240204153008,193.69191
20240204154008,193.61548
20240204155008,192.23467
20240204160008,303.90293
20240204161008,358.22146
20240204162008,405.42137
20240204163008,470.96444
20240204164008,540.40923
20240204165008,577.97265
20240218090008,235.74864
20240218091008,211.68699
20240218092008,241.82432
20240218093008,211.68347
20240218094008,212.38816
20240218095008,227.80821
20240218100008,224.11417
20240218101008,233.55338
20240218102008,241.12194
20240218103008,252.49643
20240218104008,288.45065
20240218105008,323.05919
20240218110008,328.82211
20240218111008,326.8193
20240218112008,315.56663
20240218113008,303.69064
20240218114008,299.78501
20240218115008,288.20975
20240218120008,252.03991
20240218121008,241.83578
20240218122008,235.54654
20240218123008,232.06244
20240218124008,227.56649
20240218125008,225.49557
20240218130008,212.59048
20240218131008,213.30056
20240218132008,210.11708
20240218133008,209.55011
20240218134008,209.35365
20240218135008,207.22041
20240218140008,203.8199
20240218141008,202.24021
20240218142008,200.97479
20240218143008,200.61126
20240218144008,199.13119
20240218145008,201.1333
20240218150008,197.40741
20240218151008,194.03066
20240218152008,193.54457
20240218153008,193.69191
20240218154008,193.61548
20240218155008,192.23467
20240218160008,303.90293
20240218161008,358.22146
20240218162008,405.42137
20240218163008,470.96444
20240218164008,540.40923
20240218165008,577.97265
20240305090008,194.12907
20240305091008,242.17105
20240305092008,213.87103
20240305093008,234.20907
20240305094008,211.65973
20240305095008,207.91596
20240305100008,213.48463
20240305101008,225.18012
20240305102008,228.28433
20240305103008,241.80333
20240305104008,281.01193
20240305105008,322.52286
20240305110008,328.82211
20240305111008,326.8193
20240305112008,315.56663
20240305113008,303.69064
20240305114008,299.78501
20240305115008,288.20975
20240305120008,252.03991
20240305121008,241.83578
20240305122008,235.54654
20240305123008,232.06244
20240305124008,227.56649
20240305125008,225.49557
20240305130008,212.59048
20240305131008,213.30056
20240305132008,210.11708
20240305133008,209.55011
20240305134008,209.35365
20240305135008,207.22041
20240305140008,203.8199
20240305141008,202.24021
20240305142008,200.97479
20240305143008,200.61126
20240305144008,199.13119
20240305145008,201.1333
20240305150008,197.40741
20240305151008,194.03066
20240305152008,193.54457
20240305153008,193.69191
20240305154008,193.61548
20240305155008,192.23467
20240305160008,303.90293
20240305161008,358.22146
20240305162008,405.42137
20240305163008,470.96444
20240305164008,540.40923
20240305165008,577.97265
20240325090008,200.06074
20240325091008,230.75473
20240325092008,316.73439
20240325093008,213.5149
20240325094008,208.285
20240325095008,225.04058
20240325100008,224.1055
20240325101008,230.94464
20240325102008,242.77099
20240325103008,252.90325
20240325104008,289.69525
20240325105008,321.96175
20240325110008,328.82211
20240325111008,326.8193
20240325112008,315.56663
20240325113008,303.69064
20240325114008,299.78501
20240325115008,288.20975
20240325120008,252.03991
20240325121008,241.83578
20240325122008,235.54654
20240325123008,232.06244
20240325124008,227.56649
20240325125008,225.49557
20240325130008,212.59048
20240325131008,213.30056
20240325132008,210.11708
20240325133008,209.55011
20240325134008,209.35365
20240325135008,207.22041
20240325140008,203.8199
20240325141008,202.24021
20240325142008,200.97479
20240325143008,200.61126
20240325144008,199.13119
20240325145008,201.1333
20240325150008,197.40741
20240325151008,194.03066
20240325152008,193.54457
20240325153008,193.69191
20240325154008,193.61548
20240325155008,192.23467
20240325160008,303.90293
20240325161008,358.22146
20240325162008,405.42137
20240325163008,470.96444
20240325164008,540.40923
20240325165008,577.97265
20240518090008,193.65673
20240518091008,208.51273
20240518092008,294.10492
20240518093008,223.13356
20240518094008,226.66611
20240518095008,228.88899
20240518100008,223.20869
20240518101008,229.02803
20240518102008,244.15826
20240518103008,252.96364
20240518104008,290.80969
20240518105008,322.20607
20240518110008,328.82211
20240518111008,326.8193
20240518112008,315.56663
20240518113008,303.69064
20240518114008,299.78501
20240518115008,288.20975
20240518120008,252.03991
20240518121008,241.83578
20240518122008,235.54654
20240518123008,232.06244
20240518124008,227.56649
20240518125008,225.49557
20240518130008,212.59048
20240518131008,213.30056
20240518132008,210.11708
20240518133008,209.55011
20240518134008,209.35365
20240518135008,207.22041
20240518140008,203.8199
20240518141008,202.24021
20240518142008,200.97479
20240518143008,200.61126
20240518144008,199.13119
20240518145008,201.1333
20240518150008,197.40741
20240518151008,194.03066
20240518152008,193.54457
20240518153008,193.69191
20240518154008,193.61548
20240518155008,192.23467
20240518160008,303.90293
20240518161008,358.22146
20240518162008,405.42137
20240518163008,470.96444
20240518164008,540.40923
20240518165008,577.97265
20240526090008,204.76767
20240526091008,206.87349
20240526092008,232.63497
20240526093008,223.41733
20240526094008,221.22194
20240526095008,223.05297
20240526100008,224.27634
20240526101008,229.64707
20240526102008,245.20312
20240526103008,256.01019
20240526104008,290.58453
20240526105008,321.33542
20240526110008,328.82211
20240526111008,326.8193
20240526112008,315.56663
20240526113008,303.69064
20240526114008,299.78501
20240526115008,288.20975
20240526120008,252.03991
20240526121008,241.83578
20240526122008,235.54654
20240526123008,232.06244
20240526124008,227.56649
20240526125008,225.49557
20240526130008,212.59048
20240526131008,213.30056
20240526132008,210.11708
20240526133008,209.55011
20240526134008,209.35365
20240526135008,207.22041
20240526140008,203.8199
20240526141008,202.24021
20240526142008,200.97479
20240526143008,200.61126
20240526144008,199.13119
20240526145008,201.1333
20240526150008,197.40741
20240526151008,194.03066
20240526152008,193.54457
20240526153008,193.69191
20240526154008,193.61548
20240526155008,192.23467
20240526160008,303.90293
20240526161008,358.22146
20240526162008,405.42137
20240526163008,470.96444
20240526164008,540.40923
20240526165008,577.97265
20240529090008,201.55442
20240529091008,206.33221
20240529092008,243.68943
20240529093008,215.22225
20240529094008,211.29627
20240529095008,228.36266
20240529100008,229.12147
20240529101008,235.0698
20240529102008,243.75808
20240529103008,252.60626
20240529104008,288.08092
20240529105008,321.02977
20240529110008,328.82211
20240529111008,326.8193
20240529112008,315.56663
20240529113008,303.69064
20240529114008,299.78501
20240529115008,288.20975
20240529120008,252.03991
20240529121008,241.83578
20240529122008,235.54654
20240529123008,232.06244
20240529124008,227.56649
20240529125008,225.49557
20240529130008,212.59048
20240529131008,213.30056
20240529132008,210.11708
20240529133008,209.55011
20240529134008,209.35365
20240529135008,207.22041
20240529140008,203.8199
20240529141008,202.24021
20240529142008,200.97479
20240529143008,200.61126
20240529144008,199.13119
20240529145008,201.1333
20240529150008,197.40741
20240529151008,194.03066
20240529152008,193.54457
20240529153008,193.69191
20240529154008,193.61548
20240529155008,192.23467
20240529160008,303.90293
20240529161008,358.22146
20240529162008,405.42137
20240529163008,470.96444
20240529164008,540.40923
20240529165008,577.97265
20240607090008,206.26525
20240607091008,213.90189
20240607092008,340.28577
20240607093008,233.75025
20240607094008,207.68265
20240607095008,214.04254
20240607100008,224.58885
20240607101008,231.13482
20240607102008,243.48997
20240607103008,254.09855
20240607104008,289.78202
20240607105008,320.58914
20240607110008,328.82211
20240607111008,326.8193
20240607112008,315.56663
20240607113008,303.69064
20240607114008,299.78501
20240607115008,288.20975
20240607120008,252.03991
20240607121008,241.83578
20240607122008,235.54654
20240607123008,232.06244
20240607124008,227.56649
20240607125008,225.49557
20240607130008,212.59048
20240607131008,213.30056
20240607132008,210.11708
20240607133008,209.55011
20240607134008,209.35365
20240607135008,207.22041
20240607140008,203.8199
20240607141008,202.24021
20240607142008,200.97479
20240607143008,200.61126
20240607144008,199.13119
20240607145008,201.1333
20240607150008,197.40741
20240607151008,194.03066
20240607152008,193.54457
20240607153008,193.69191
20240607154008,193.61548
20240607155008,192.23467
20240607160008,303.90293
20240607161008,358.22146
20240607162008,405.42137
20240607163008,470.96444
20240607164008,540.40923
20240607165008,577.97265
20240613090008,199.90119
20240613091008,209.92147
20240613092008,326.85148
20240613093008,232.74422
20240613094008,208.05604
20240613095008,214.06696
20240613100008,224.61795
20240613101008,230.93652
20240613102008,250.3155
20240613103008,255.54437
20240613104008,289.78202
20240613105008,320.92606
20240613110008,328.82211
20240613111008,326.8193
20240613112008,315.56663
20240613113008,303.69064
20240613114008,299.78501
20240613115008,288.20975
20240613120008,252.03991
20240613121008,241.83578
20240613122008,235.54654
20240613123008,232.06244
20240613124008,227.56649
20240613125008,225.49557
20240613130008,212.59048
20240613131008,213.30056
20240613132008,210.11708
20240613133008,209.55011
20240613134008,209.35365
20240613135008,207.22041
20240613140008,203.8199
20240613141008,202.24021
20240613142008,200.97479
20240613143008,200.61126
20240613144008,199.13119
20240613145008,201.1333
20240613150008,197.40741
20240613151008,194.03066
20240613152008,193.54457
20240613153008,193.69191
20240613154008,193.61548
20240613155008,192.23467
20240613160008,303.90293
20240613161008,358.22146
20240613162008,405.42137
20240613163008,470.96444
20240613164008,540.40923
20240613165008,577.97265
20240628090008,207.93771
20240628091008,208.10081
20240628092008,429.62357
20240628093008,273.30662
20240628094008,215.76171
20240628095008,207.52855
20240628100008,221.73922
20240628101008,229.37909
20240628102008,241.30309
20240628103008,250.65519
20240628104008,290.13119
20240628105008,322.08907
20240628110008,328.82211
20240628111008,326.8193
20240628112008,315.56663
20240628113008,303.69064
20240628114008,299.78501
20240628115008,288.20975
20240628120008,252.03991
20240628121008,241.83578
20240628122008,235.54654
20240628123008,232.06244
20240628124008,227.56649
20240628125008,225.49557
20240628130008,212.59048
20240628131008,213.30056
20240628132008,210.11708
20240628133008,209.55011
20240628134008,209.35365
20240628135008,207.22041
20240628140008,203.8199
20240628141008,202.24021
20240628142008,200.97479
20240628143008,200.61126
20240628144008,199.13119
20240628145008,201.1333
20240628150008,197.40741
20240628151008,194.03066
20240628152008,193.54457
20240628153008,193.69191
20240628154008,193.61548
20240628155008,192.23467
20240628160008,303.90293
20240628161008,358.22146
20240628162008,405.42137
20240628163008,470.96444
20240628164008,540.40923
20240628165008,577.97265
20240705090008,202.09861
20240705091008,200.63717
20240705092008,290.24042
20240705093008,389.10324
20240705094008,322.69068
20240705095008,207.33199
20240705100008,242.42771
20240705101008,227.40048
20240705102008,230.35883
20240705103008,241.84999
20240705104008,286.6721
20240705105008,322.24386
20240705110008,328.82211
20240705111008,326.8193
20240705112008,315.56663
20240705113008,303.69064
20240705114008,299.78501
20240705115008,288.20975
20240705120008,252.03991
20240705121008,241.83578
20240705122008,235.54654
20240705123008,232.06244
20240705124008,227.56649
20240705125008,225.49557
20240705130008,212.59048
20240705131008,213.30056
20240705132008,210.11708
20240705133008,209.55011
20240705134008,209.35365
20240705135008,207.22041
20240705140008,203.8199
20240705141008,202.24021
20240705142008,200.97479
20240705143008,200.61126
20240705144008,199.13119
20240705145008,201.1333
20240705150008,197.40741
20240705151008,194.03066
20240705152008,193.54457
20240705153008,193.69191
20240705154008,193.61548
20240705155008,192.23467
20240705160008,303.90293
20240705161008,358.22146
20240705162008,405.42137
20240705163008,470.96444
20240705164008,540.40923
20240705165008,577.97265
20240709090008,203.21587
20240709091008,205.37826
20240709092008,280.51833
20240709093008,370.16043
20240709094008,295.42887
20240709095008,206.54107
20240709100008,249.66297
20240709101008,226.40056
20240709102008,230.68319
20240709103008,242.33895
20240709104008,287.59562
20240709105008,322.70929
20240709110008,328.82211
20240709111008,326.8193
20240709112008,315.56663
20240709113008,303.69064
20240709114008,299.78501
20240709115008,288.20975
20240709120008,252.03991
20240709121008,241.83578
20240709122008,235.54654
20240709123008,232.06244
20240709124008,227.56649
20240709125008,225.49557
20240709130008,212.59048
20240709131008,213.30056
20240709132008,210.11708
20240709133008,209.55011
20240709134008,209.35365
20240709135008,207.22041
20240709140008,203.8199
20240709141008,202.24021
20240709142008,200.97479
20240709143008,200.61126
20240709144008,199.13119
20240709145008,201.1333
20240709150008,197.40741
20240709151008,194.03066
20240709152008,193.54457
20240709153008,193.69191
20240709154008,193.61548
20240709155008,192.23467
20240709160008,303.90293
20240709161008,358.22146
20240709162008,405.42137
20240709163008,470.96444
20240709164008,540.40923
20240709165008,577.97265
20240715090008,211.39487
20240715091008,204.66085
20240715092008,383.40944
20240715093008,283.37471
20240715094008,223.70376
20240715095008,207.85522
20240715100008,232.44916
20240715101008,229.24585
20240715102008,237.49557
20240715103008,245.03349
20240715104008,289.71407
20240715105008,322.08907
20240715110008,328.82211
20240715111008,326.8193
20240715112008,315.56663
20240715113008,303.69064
20240715114008,299.78501
20240715115008,288.20975
20240715120008,252.03991
20240715121008,241.83578
20240715122008,235.54654
20240715123008,232.06244
20240715124008,227.56649
20240715125008,225.49557
20240715130008,212.59048
20240715131008,213.30056
20240715132008,210.11708
20240715133008,209.55011
20240715134008,209.35365
20240715135008,207.22041
20240715140008,203.8199
20240715141008,202.24021
20240715142008,200.97479
20240715143008,200.61126
20240715144008,199.13119
20240715145008,201.1333
20240715150008,197.40741
20240715151008,194.03066
20240715152008,193.54457
20240715153008,193.69191
20240715154008,193.61548
20240715155008,192.23467
20240715160008,303.90293
20240715161008,358.22146
20240715162008,405.42137
20240715163008,470.96444
20240715164008,540.40923
20240715165008,577.97265
20240719090008,215.35665
20240719091008,206.71165
20240719092008,321.66464
20240719093008,363.26556
20240719094008,327.23029
20240719095008,208.03769
20240719100008,255.90066
20240719101008,227.87035
20240719102008,231.13645
20240719103008,243.07626
20240719104008,289.26613
20240719105008,322.30651
20240719110008,328.82211
20240719111008,326.8193
20240719112008,315.56663
20240719113008,303.69064
20240719114008,299.78501
20240719115008,288.20975
20240719120008,252.03991
20240719121008,241.83578
20240719122008,235.54654
20240719123008,232.06244
20240719124008,227.56649
20240719125008,225.49557
20240719130008,212.59048
20240719131008,213.30056
20240719132008,210.11708
20240719133008,209.55011
20240719134008,209.35365
20240719135008,207.22041
20240719140008,203.8199
20240719141008,202.24021
20240719142008,200.97479
20240719143008,200.61126
20240719144008,199.13119
20240719145008,201.1333
20240719150008,197.40741
20240719151008,194.03066
20240719152008,193.54457
20240719153008,193.69191
20240719154008,193.61548
20240719155008,192.23467
20240719160008,303.90293
20240719161008,358.22146
20240719162008,405.42137
20240719163008,470.96444
20240719164008,540.40923
20240719165008,577.97265
20240309090009,201.86253
20240309091009,212.06756
20240309092009,304.95694
20240309093009,210.00037
20240309094009,208.28751
20240309095009,215.20321
20240309100009,223.08574
20240309101009,230.46736
20240309102009,250.50021
20240309103009,263.56853
20240309104009,290.06004
20240309105009,322.19163
20240309110009,328.82211
20240309111009,326.8193
20240309112009,315.56663
20240309113009,303.69064
20240309114009,299.78501
20240309115009,288.20975
20240309120009,252.03991
20240309121009,241.83578
20240309122009,235.54654
20240309123009,232.06244
20240309124009,227.56649
20240309125009,225.49557
20240309130009,212.59048
20240309131009,213.30056
20240309132009,210.11708
20240309133009,209.55011
20240309134009,209.35365
20240309135009,207.22041
20240309140009,203.8199
20240309141009,202.24021
20240309142009,200.97479
20240309143009,200.61126
20240309144009,199.13119
20240309145009,201.1333
20240309150009,197.40741
20240309151009,194.03066
20240309152009,193.54457
20240309153009,193.69191
20240309154009,193.61548
20240309155009,192.23467
20240309160009,303.90293
20240309161009,358.22146
20240309162009,405.42137
20240309163009,470.96444
20240309164009,540.40923
20240309165009,577.97265
20240314090009,189.61603
20240314091009,197.52008
20240314092009,274.73355
20240314093009,208.13838
20240314094009,207.29272
20240314095009,211.77082
20240314100009,215.024
20240314101009,224.61202
20240314102009,250.56259
20240314103009,263.65984
20240314104009,290.64202
20240314105009,322.20607
20240314110009,328.82211
20240314111009,326.8193
20240314112009,315.56663
20240314113009,303.69064
20240314114009,299.78501
20240314115009,288.20975
20240314120009,252.03991
20240314121009,241.83578
20240314122009,235.54654
20240314123009,232.06244
20240314124009,227.56649
20240314125009,225.49557
20240314130009,212.59048
20240314131009,213.30056
20240314132009,210.11708
20240314133009,209.55011
20240314134009,209.35365
20240314135009,207.22041
20240314140009,203.8199
20240314141009,202.24021
20240314142009,200.97479
20240314143009,200.61126
20240314144009,199.13119
20240314145009,201.1333
20240314150009,197.40741
20240314151009,194.03066
20240314152009,193.54457
20240314153009,193.69191
20240314154009,193.61548
20240314155009,192.23467
20240314160009,303.90293
20240314161009,358.22146
20240314162009,405.42137
20240314163009,470.96444
20240314164009,540.40923
20240314165009,577.97265
20240414090009,439.3165
20240414091009,287.51912
20240414092009,390.49049
20240414093009,222.37931
20240414094009,221.91179
20240414095009,211.88306
20240414100009,213.30121
20240414101009,235.48345
20240414102009,248.01211
20240414103009,251.51622
20240414104009,289.43551
20240414105009,322.55704
20240414110009,328.82211
20240414111009,326.8193
20240414112009,315.56663
20240414113009,303.69064
20240414114009,299.78501
20240414115009,288.20975
20240414120009,252.03991
20240414121009,241.83578
20240414122009,235.54654
20240414123009,232.06244
20240414124009,227.56649
20240414125009,225.49557
20240414130009,212.59048
20240414131009,213.30056
20240414132009,210.11708
20240414133009,209.55011
20240414134009,209.35365
20240414135009,207.22041
20240414140009,203.8199
20240414141009,202.24021
20240414142009,200.97479
20240414143009,200.61126
20240414144009,199.13119
20240414145009,201.1333
20240414150009,197.40741
20240414151009,194.03066
20240414152009,193.54457
20240414153009,193.69191
20240414154009,193.61548
20240414155009,192.23467
20240414160009,303.90293
20240414161009,358.22146
20240414162009,405.42137
20240414163009,470.96444
20240414164009,540.40923
20240414165009,577.97265
20240506090009,250.99941
20240506091009,284.11567
20240506092009,374.6655
20240506093009,252.09459
20240506094009,241.91846
20240506095009,211.3675
20240506100009,235.31916
20240506101009,235.42925
20240506102009,235.41372
20240506103009,244.10416
20240506104009,287.83469
20240506105009,322.73675
20240506110009,328.82211
20240506111009,326.8193
20240506112009,315.56663
20240506113009,303.69064
20240506114009,299.78501
20240506115009,288.20975
20240506120009,252.03991
20240506121009,241.83578
20240506122009,235.54654
20240506123009,232.06244
20240506124009,227.56649
20240506125009,225.49557
20240506130009,212.59048
20240506131009,213.30056
20240506132009,210.11708
20240506133009,209.55011
20240506134009,209.35365
20240506135009,207.22041
20240506140009,203.8199
20240506141009,202.24021
20240506142009,200.97479
20240506143009,200.61126
20240506144009,199.13119
20240506145009,201.1333
20240506150009,197.40741
20240506151009,194.03066
20240506152009,193.54457
20240506153009,193.69191
20240506154009,193.61548
20240506155009,192.23467
20240506160009,303.90293
20240506161009,358.22146
20240506162009,405.42137
20240506163009,470.96444
20240506164009,540.40923
20240506165009,577.97265
20240526090009,205.39967
20240526091009,207.0974
20240526092009,231.81901
20240526093009,221.74797
20240526094009,212.96973
20240526095009,223.38758
20240526100009,224.84235
20240526101009,231.13714
20240526102009,250.33827
20240526103009,256.57252
20240526104009,289.81867
20240526105009,321.11749
20240526110009,328.82211
20240526111009,326.8193
20240526112009,315.56663
20240526113009,303.69064
20240526114009,299.78501
20240526115009,288.20975
20240526120009,252.03991
20240526121009,241.83578
20240526122009,235.54654
20240526123009,232.06244
20240526124009,227.56649
20240526125009,225.49557
20240526130009,212.59048
20240526131009,213.30056
20240526132009,210.11708
20240526133009,209.55011
20240526134009,209.35365
20240526135009,207.22041
20240526140009,203.8199
20240526141009,202.24021
20240526142009,200.97479
20240526143009,200.61126
20240526144009,199.13119
20240526145009,201.1333
20240526150009,197.40741
20240526151009,194.03066
20240526152009,193.54457
20240526153009,193.69191
20240526154009,193.61548
20240526155009,192.23467
20240526160009,303.90293
20240526161009,358.22146
20240526162009,405.42137
20240526163009,470.96444
20240526164009,540.40923
20240526165009,577.97265
20240614090009,204.06622
20240614091009,243.76768
20240614092009,393.3062
20240614093009,222.23364
20240614094009,207.51105
20240614095009,213.90179
20240614100009,224.89568
20240614101009,234.41086
20240614102009,250.0871
20240614103009,255.81232
20240614104009,289.29446
20240614105009,320.55613
20240614110009,328.82211
20240614111009,326.8193
20240614112009,315.56663
20240614113009,303.69064
20240614114009,299.78501
20240614115009,288.20975
20240614120009,252.03991
20240614121009,241.83578
20240614122009,235.54654
20240614123009,232.06244
20240614124009,227.56649
20240614125009,225.49557
20240614130009,212.59048
20240614131009,213.30056
20240614132009,210.11708
20240614133009,209.55011
20240614134009,209.35365
20240614135009,207.22041
20240614140009,203.8199
20240614141009,202.24021
20240614142009,200.97479
20240614143009,200.61126
20240614144009,199.13119
20240614145009,201.1333
20240614150009,197.40741
20240614151009,194.03066
20240614152009,193.54457
20240614153009,193.69191
20240614154009,193.61548
20240614155009,192.23467
20240614160009,303.90293
20240614161009,358.22146
20240614162009,405.42137
20240614163009,470.96444
20240614164009,540.40923
20240614165009,577.97265
20240621090009,227.23121
20240621091009,213.82935
20240621092009,377.80039
20240621093009,274.13948
20240621094009,222.866
20240621095009,209.07788
20240621100009,241.0883
20240621101009,229.14283
20240621102009,235.63538
20240621103009,243.73042
20240621104009,289.70883
20240621105009,322.51932
20240621110009,328.82211
20240621111009,326.8193
20240621112009,315.56663
20240621113009,303.69064
20240621114009,299.78501
20240621115009,288.20975
20240621120009,252.03991
20240621121009,241.83578
20240621122009,235.54654
20240621123009,232.06244
20240621124009,227.56649
20240621125009,225.49557
20240621130009,212.59048
20240621131009,213.30056
20240621132009,210.11708
20240621133009,209.55011
20240621134009,209.35365
20240621135009,207.22041
20240621140009,203.8199
20240621141009,202.24021
20240621142009,200.97479
20240621143009,200.61126
20240621144009,199.13119
20240621145009,201.1333
20240621150009,197.40741
20240621151009,194.03066
20240621152009,193.54457
20240621153009,193.69191
20240621154009,193.61548
20240621155009,192.23467
20240621160009,303.90293
20240621161009,358.22146
20240621162009,405.42137
20240621163009,470.96444
20240621164009,540.40923
20240621165009,577.97265
20240628090009,264.04406
20240628091009,214.51438
20240628092009,392.06607
20240628093009,214.32872
20240628094009,211.6346
20240628095009,210.99032
20240628100009,220.91382
20240628101009,232.85088
20240628102009,242.42485
20240628103009,250.68696
20240628104009,289.70883
20240628105009,322.43879
20240628110009,328.82211
20240628111009,326.8193
20240628112009,315.56663
20240628113009,303.69064
20240628114009,299.78501
20240628115009,288.20975
20240628120009,252.03991
20240628121009,241.83578
20240628122009,235.54654
20240628123009,232.06244
20240628124009,227.56649
20240628125009,225.49557
20240628130009,212.59048
20240628131009,213.30056
20240628132009,210.11708
20240628133009,209.55011
20240628134009,209.35365
20240628135009,207.22041
20240628140009,203.8199
20240628141009,202.24021
20240628142009,200.97479
20240628143009,200.61126
20240628144009,199.13119
20240628145009,201.1333
20240628150009,197.40741
20240628151009,194.03066
20240628152009,193.54457
20240628153009,193.69191
20240628154009,193.61548
20240628155009,192.23467
20240628160009,303.90293
20240628161009,358.22146
20240628162009,405.42137
20240628163009,470.96444
20240628164009,540.40923
20240628165009,577.97265
20240717090009,241.0395
20240717091009,209.564
20240717092009,306.65028
20240717093009,327.93914
20240717094009,292.43911
20240717095009,210.86381
20240717100009,264.40834
20240717101009,226.52119
20240717102009,232.61178
20240717103009,241.13282
20240717104009,286.73693
20240717105009,321.82587
20240717110009,328.82211
20240717111009,326.8193
20240717112009,315.56663
20240717113009,303.69064
20240717114009,299.78501
20240717115009,288.20975
20240717120009,252.03991
20240717121009,241.83578
20240717122009,235.54654
20240717123009,232.06244
20240717124009,227.56649
20240717125009,225.49557
20240717130009,212.59048
20240717131009,213.30056
20240717132009,210.11708
20240717133009,209.55011
20240717134009,209.35365
20240717135009,207.22041
20240717140009,203.8199
20240717141009,202.24021
20240717142009,200.97479
20240717143009,200.61126
20240717144009,199.13119
20240717145009,201.1333
20240717150009,197.40741
20240717151009,194.03066
20240717152009,193.54457
20240717153009,193.69191
20240717154009,193.61548
20240717155009,192.23467
20240717160009,303.90293
20240717161009,358.22146
20240717162009,405.42137
20240717163009,470.96444
20240717164009,540.40923
20240717165009,577.97265
20240316090010,633.38387
20240316091010,380.30271
20240316092010,429.85198
20240316093010,221.90127
20240316094010,213.16472
20240316095010,210.98727
20240316100010,222.07838
20240316101010,236.16382
20240316102010,242.29242
20240316103010,248.9692
20240316104010,287.44233
20240316105010,322.46131
20240316110010,328.82211
20240316111010,326.8193
20240316112010,315.56663
20240316113010,303.69064
20240316114010,299.78501
20240316115010,288.20975
20240316120010,252.03991
20240316121010,241.83578
20240316122010,235.54654
20240316123010,232.06244
20240316124010,227.56649
20240316125010,225.49557
20240316130010,212.59048
20240316131010,213.30056
20240316132010,210.11708
20240316133010,209.55011
20240316134010,209.35365
20240316135010,207.22041
20240316140010,203.8199
20240316141010,202.24021
20240316142010,200.97479
20240316143010,200.61126
20240316144010,199.13119
20240316145010,201.1333
20240316150010,197.40741
20240316151010,194.03066
20240316152010,193.54457
20240316153010,193.69191
20240316154010,193.61548
20240316155010,192.23467
20240316160010,303.90293
20240316161010,358.22146
20240316162010,405.42137
20240316163010,470.96444
20240316164010,540.40923
20240316165010,577.97265
20240324090010,570.84648
20240324091010,357.38822
20240324092010,462.45231
20240324093010,235.86412
20240324094010,211.5042
20240324095010,211.96423
20240324100010,224.34943
20240324101010,244.38258
20240324102010,243.17126
20240324103010,250.95434
20240324104010,287.44233
20240324105010,322.37156
20240324110010,328.82211
20240324111010,326.8193
20240324112010,315.56663
20240324113010,303.69064
20240324114010,299.78501
20240324115010,288.20975
20240324120010,252.03991
20240324121010,241.83578
20240324122010,235.54654
20240324123010,232.06244
20240324124010,227.56649
20240324125010,225.49557
20240324130010,212.59048
20240324131010,213.30056
20240324132010,210.11708
20240324133010,209.55011
20240324134010,209.35365
20240324135010,207.22041
20240324140010,203.8199
20240324141010,202.24021
20240324142010,200.97479
20240324143010,200.61126
20240324144010,199.13119
20240324145010,201.1333
20240324150010,197.40741
20240324151010,194.03066
20240324152010,193.54457
20240324153010,193.69191
20240324154010,193.61548
20240324155010,192.23467
20240324160010,303.90293
20240324161010,358.22146
20240324162010,405.42137
20240324163010,470.96444
20240324164010,540.40923
20240324165010,577.97265
20240412090010,403.24376
20240412091010,278.65059
20240412092010,321.28741
20240412093010,349.40966
20240412094010,319.3273
20240412095010,220.80764
20240412100010,274.16637
20240412101010,230.31286
20240412102010,234.67038
20240412103010,239.61324
20240412104010,281.16075
20240412105010,322.09058
20240412110010,328.82211
20240412111010,326.8193
20240412112010,315.56663
20240412113010,303.69064
20240412114010,299.78501
20240412115010,288.20975
20240412120010,252.03991
20240412121010,241.83578
20240412122010,235.54654
20240412123010,232.06244
20240412124010,227.56649
20240412125010,225.49557
20240412130010,212.59048
20240412131010,213.30056
20240412132010,210.11708
20240412133010,209.55011
20240412134010,209.35365
20240412135010,207.22041
20240412140010,203.8199
20240412141010,202.24021
20240412142010,200.97479
20240412143010,200.61126
20240412144010,199.13119
20240412145010,201.1333
20240412150010,197.40741
20240412151010,194.03066
20240412152010,193.54457
20240412153010,193.69191
20240412154010,193.61548
20240412155010,192.23467
20240412160010,303.90293
20240412161010,358.22146
20240412162010,405.42137
20240412163010,470.96444
20240412164010,540.40923
20240412165010,577.97265
20240419090010,254.3373
20240419091010,214.57713
20240419092010,237.75088
20240419093010,221.82882
20240419094010,211.97825
20240419095010,223.40115
20240419100010,229.05492
20240419101010,233.36627
20240419102010,248.20165
20240419103010,254.89302
20240419104010,289.81867
20240419105010,321.96175
20240419110010,328.82211
20240419111010,326.8193
20240419112010,315.56663
20240419113010,303.69064
20240419114010,299.78501
20240419115010,288.20975
20240419120010,252.03991
20240419121010,241.83578
20240419122010,235.54654
20240419123010,232.06244
20240419124010,227.56649
20240419125010,225.49557
20240419130010,212.59048
20240419131010,213.30056
20240419132010,210.11708
20240419133010,209.55011
20240419134010,209.35365
20240419135010,207.22041
20240419140010,203.8199
20240419141010,202.24021
20240419142010,200.97479
20240419143010,200.61126
20240419144010,199.13119
20240419145010,201.1333
20240419150010,197.40741
20240419151010,194.03066
20240419152010,193.54457
20240419153010,193.69191
20240419154010,193.61548
20240419155010,192.23467
20240419160010,303.90293
20240419161010,358.22146
20240419162010,405.42137
20240419163010,470.96444
20240419164010,540.40923
20240419165010,577.97265
20240515090010,384.1535
20240515091010,255.81402
20240515092010,479.47782
20240515093010,222.80976
20240515094010,224.25839
20240515095010,217.83248
20240515100010,231.4546
20240515101010,265.52741
20240515102010,244.64536
20240515103010,250.8274
20240515104010,287.72421
20240515105010,322.37156
20240515110010,328.82211
20240515111010,326.8193
20240515112010,315.56663
20240515113010,303.69064
20240515114010,299.78501
20240515115010,288.20975
20240515120010,252.03991
20240515121010,241.83578
20240515122010,235.54654
20240515123010,232.06244
20240515124010,227.56649
20240515125010,225.49557
20240515130010,212.59048
20240515131010,213.30056
20240515132010,210.11708
20240515133010,209.55011
20240515134010,209.35365
20240515135010,207.22041
20240515140010,203.8199
20240515141010,202.24021
20240515142010,200.97479
20240515143010,200.61126
20240515144010,199.13119
20240515145010,201.1333
20240515150010,197.40741
20240515151010,194.03066
20240515152010,193.54457
20240515153010,193.69191
20240515154010,193.61548
20240515155010,192.23467
20240515160010,303.90293
20240515161010,358.22146
20240515162010,405.42137
20240515163010,470.96444
20240515164010,540.40923
20240515165010,577.97265
20240526090010,218.93793
20240526091010,212.37792
20240526092010,250.23928
20240526093010,216.25318
20240526094010,211.90931
20240526095010,227.07388
20240526100010,229.02612
20240526101010,234.3808
20240526102010,250.9064
20240526103010,261.16944
20240526104010,289.8215
20240526105010,321.11749
20240526110010,328.82211
20240526111010,326.8193
20240526112010,315.56663
20240526113010,303.69064
20240526114010,299.78501
20240526115010,288.20975
20240526120010,252.03991
20240526121010,241.83578
20240526122010,235.54654
20240526123010,232.06244
20240526124010,227.56649
20240526125010,225.49557
20240526130010,212.59048
20240526131010,213.30056
20240526132010,210.11708
20240526133010,209.55011
20240526134010,209.35365
20240526135010,207.22041
20240526140010,203.8199
20240526141010,202.24021
20240526142010,200.97479
20240526143010,200.61126
20240526144010,199.13119
20240526145010,201.1333
20240526150010,197.40741
20240526151010,194.03066
20240526152010,193.54457
20240526153010,193.69191
20240526154010,193.61548
20240526155010,192.23467
20240526160010,303.90293
20240526161010,358.22146
20240526162010,405.42137
20240526163010,470.96444
20240526164010,540.40923
20240526165010,577.97265
20240617090010,221.7008
20240617091010,242.92686
20240617092010,374.79905
20240617093010,223.40969
20240617094010,207.35157
20240617095010,214.52408
20240617100010,229.69068
20240617101010,235.00953
20240617102010,250.22337
20240617103010,255.43213
20240617104010,289.20204
20240617105010,319.96163
20240617110010,328.82211
20240617111010,326.8193
20240617112010,315.56663
20240617113010,303.69064
20240617114010,299.78501
20240617115010,288.20975
20240617120010,252.03991
20240617121010,241.83578
20240617122010,235.54654
20240617123010,232.06244
20240617124010,227.56649
20240617125010,225.49557
20240617130010,212.59048
20240617131010,213.30056
20240617132010,210.11708
20240617133010,209.55011
20240617134010,209.35365
20240617135010,207.22041
20240617140010,203.8199
20240617141010,202.24021
20240617142010,200.97479
20240617143010,200.61126
20240617144010,199.13119
20240617145010,201.1333
20240617150010,197.40741
20240617151010,194.03066
20240617152010,193.54457
20240617153010,193.69191
20240617154010,193.61548
20240617155010,192.23467
20240617160010,303.90293
20240617161010,358.22146
20240617162010,405.42137
20240617163010,470.96444
20240617164010,540.40923
20240617165010,577.97265
20240630090010,486.0471
20240630091010,237.08062
20240630092010,371.05162
20240630093010,393.88286
20240630094010,322.30749
20240630095010,226.67017
20240630100010,280.3887
20240630101010,232.71008
20240630102010,236.01421
20240630103010,242.26041
20240630104010,284.39528
20240630105010,320.61087
20240630110010,328.82211
20240630111010,326.8193
20240630112010,315.56663
20240630113010,303.69064
20240630114010,299.78501
20240630115010,288.20975
20240630120010,252.03991
20240630121010,241.83578
20240630122010,235.54654
20240630123010,232.06244
20240630124010,227.56649
20240630125010,225.49557
20240630130010,212.59048
20240630131010,213.30056
20240630132010,210.11708
20240630133010,209.55011
20240630134010,209.35365
20240630135010,207.22041
20240630140010,203.8199
20240630141010,202.24021
20240630142010,200.97479
20240630143010,200.61126
20240630144010,199.13119
20240630145010,201.1333
20240630150010,197.40741
20240630151010,194.03066
20240630152010,193.54457
20240630153010,193.69191
20240630154010,193.61548
20240630155010,192.23467
20240630160010,303.90293
20240630161010,358.22146
20240630162010,405.42137
20240630163010,470.96444
20240630164010,540.40923
20240630165010,577.97265
20240714090010,510.27513
20240714091010,248.83811
20240714092010,461.234
20240714093010,369.43941
20240714094010,237.54276
20240714095010,212.65163
20240714100010,291.92749
20240714101010,243.23692
20240714102010,236.3209
20240714103010,245.33489
20240714104010,287.66681
20240714105010,321.56973
20240714110010,328.82211
20240714111010,326.8193
20240714112010,315.56663
20240714113010,303.69064
20240714114010,299.78501
20240714115010,288.20975
20240714120010,252.03991
20240714121010,241.83578
20240714122010,235.54654
20240714123010,232.06244
20240714124010,227.56649
20240714125010,225.49557
20240714130010,212.59048
20240714131010,213.30056
20240714132010,210.11708
20240714133010,209.55011
20240714134010,209.35365
20240714135010,207.22041
20240714140010,203.8199
20240714141010,202.24021
20240714142010,200.97479
20240714143010,200.61126
20240714144010,199.13119
20240714145010,201.1333
20240714150010,197.40741
20240714151010,194.03066
20240714152010,193.54457
20240714153010,193.69191
20240714154010,193.61548
20240714155010,192.23467
20240714160010,303.90293
20240714161010,358.22146
20240714162010,405.42137
20240714163010,470.96444
20240714164010,540.40923
20240714165010,577.97265
20240718090010,480.13811
20240718091010,235.46237
20240718092010,427.40664
20240718093010,480.60608
20240718094010,334.91684
20240718095010,212.07475
20240718100010,284.91634
20240718101010,235.17483
20240718102010,230.19074
20240718103010,242.61611
20240718104010,287.73591
20240718105010,322.09058
20240718110010,328.82211
20240718111010,326.8193
20240718112010,315.56663
20240718113010,303.69064
20240718114010,299.78501
20240718115010,288.20975
20240718120010,252.03991
20240718121010,241.83578
20240718122010,235.54654
20240718123010,232.06244
20240718124010,227.56649
20240718125010,225.49557
20240718130010,212.59048
20240718131010,213.30056
20240718132010,210.11708
20240718133010,209.55011
20240718134010,209.35365
20240718135010,207.22041
20240718140010,203.8199
20240718141010,202.24021
20240718142010,200.97479
20240718143010,200.61126
20240718144010,199.13119
20240718145010,201.1333
20240718150010,197.40741
20240718151010,194.03066
20240718152010,193.54457
20240718153010,193.69191
20240718154010,193.61548
20240718155010,192.23467
20240718160010,303.90293
20240718161010,358.22146
20240718162010,405.42137
20240718163010,470.96444
20240718164010,540.40923
20240718165010,577.97265
20240720090010,466.55463
20240720091010,236.80764
20240720092010,433.98697
20240720093010,465.83211
20240720094010,310.22851
20240720095010,211.8056
20240720100010,299.20735
20240720101010,239.72399
20240720102010,233.06316
20240720103010,243.055
20240720104010,288.01779
20240720105010,321.53107
20240720110010,328.82211
20240720111010,326.8193
20240720112010,315.56663
20240720113010,303.69064
20240720114010,299.78501
20240720115010,288.20975
20240720120010,252.03991
20240720121010,241.83578
20240720122010,235.54654
20240720123010,232.06244
20240720124010,227.56649
20240720125010,225.49557
20240720130010,212.59048
20240720131010,213.30056
20240720132010,210.11708
20240720133010,209.55011
20240720134010,209.35365
20240720135010,207.22041
20240720140010,203.8199
20240720141010,202.24021
20240720142010,200.97479
20240720143010,200.61126
20240720144010,199.13119
20240720145010,201.1333
20240720150010,197.40741
20240720151010,194.03066
20240720152010,193.54457
20240720153010,193.69191
20240720154010,193.61548
20240720155010,192.23467
20240720160010,303.90293
20240720161010,358.22146
20240720162010,405.42137
20240720163010,470.96444
20240720164010,540.40923
20240720165010,577.97265
20240322090011,220.22643
20240322091011,212.72984
20240322092011,321.16884
20240322093011,209.15009
20240322094011,208.68542
20240322095011,220.80327
20240322100011,223.31331
20240322101011,234.19711
20240322102011,251.02966
20240322103011,264.27383
20240322104011,289.62191
20240322105011,321.94731
20240322110011,328.82211
20240322111011,326.8193
20240322112011,315.56663
20240322113011,303.69064
20240322114011,299.78501
20240322115011,288.20975
20240322120011,252.03991
20240322121011,241.83578
20240322122011,235.54654
20240322123011,232.06244
20240322124011,227.56649
20240322125011,225.49557
20240322130011,212.59048
20240322131011,213.30056
20240322132011,210.11708
20240322133011,209.55011
20240322134011,209.35365
20240322135011,207.22041
20240322140011,203.8199
20240322141011,202.24021
20240322142011,200.97479
20240322143011,200.61126
20240322144011,199.13119
20240322145011,201.1333
20240322150011,197.40741
20240322151011,194.03066
20240322152011,193.54457
20240322153011,193.69191
20240322154011,193.61548
20240322155011,192.23467
20240322160011,303.90293
20240322161011,358.22146
20240322162011,405.42137
20240322163011,470.96444
20240322164011,540.40923
20240322165011,577.97265
20240327090011,193.92829
20240327091011,204.35051
20240327092011,276.49106
20240327093011,208.99905
20240327094011,206.90378
20240327095011,212.3218
20240327100011,223.87679
20240327101011,229.01622
20240327102011,250.72253
20240327103011,263.65984
20240327104011,289.97107
20240327105011,321.96175
20240327110011,328.82211
20240327111011,326.8193
20240327112011,315.56663
20240327113011,303.69064
20240327114011,299.78501
20240327115011,288.20975
20240327120011,252.03991
20240327121011,241.83578
20240327122011,235.54654
20240327123011,232.06244
20240327124011,227.56649
20240327125011,225.49557
20240327130011,212.59048
20240327131011,213.30056
20240327132011,210.11708
20240327133011,209.55011
20240327134011,209.35365
20240327135011,207.22041
20240327140011,203.8199
20240327141011,202.24021
20240327142011,200.97479
20240327143011,200.61126
20240327144011,199.13119
20240327145011,201.1333
20240327150011,197.40741
20240327151011,194.03066
20240327152011,193.54457
20240327153011,193.69191
20240327154011,193.61548
20240327155011,192.23467
20240327160011,303.90293
20240327161011,358.22146
20240327162011,405.42137
20240327163011,470.96444
20240327164011,540.40923
20240327165011,577.97265
20240413090011,246.8683
20240413091011,268.71717
20240413092011,305.85909
20240413093011,223.38249
20240413094011,221.21868
20240413095011,233.78104
20240413100011,241.82728
20240413101011,241.01796
20240413102011,250.31765
20240413103011,253.99609
20240413104011,289.67482
20240413105011,321.33542
20240413110011,328.82211
20240413111011,326.8193
20240413112011,315.56663
20240413113011,303.69064
20240413114011,299.78501
20240413115011,288.20975
20240413120011,252.03991
20240413121011,241.83578
20240413122011,235.54654
20240413123011,232.06244
20240413124011,227.56649
20240413125011,225.49557
20240413130011,212.59048
20240413131011,213.30056
20240413132011,210.11708
20240413133011,209.55011
20240413134011,209.35365
20240413135011,207.22041
20240413140011,203.8199
20240413141011,202.24021
20240413142011,200.97479
20240413143011,200.61126
20240413144011,199.13119
20240413145011,201.1333
20240413150011,197.40741
20240413151011,194.03066
20240413152011,193.54457
20240413153011,193.69191
20240413154011,193.61548
20240413155011,192.23467
20240413160011,303.90293
20240413161011,358.22146
20240413162011,405.42137
20240413163011,470.96444
20240413164011,540.40923
20240413165011,577.97265
20240426090011,276.2122
20240426091011,209.21987
20240426092011,366.57873
20240426093011,267.70135
20240426094011,222.57302
20240426095011,206.92339
20240426100011,209.85867
20240426101011,229.38505
20240426102011,242.40197
20240426103011,250.45204
20240426104011,289.70883
20240426105011,322.60907
20240426110011,328.82211
20240426111011,326.8193
20240426112011,315.56663
20240426113011,303.69064
20240426114011,299.78501
20240426115011,288.20975
20240426120011,252.03991
20240426121011,241.83578
20240426122011,235.54654
20240426123011,232.06244
20240426124011,227.56649
20240426125011,225.49557
20240426130011,212.59048
20240426131011,213.30056
20240426132011,210.11708
20240426133011,209.55011
20240426134011,209.35365
20240426135011,207.22041
20240426140011,203.8199
20240426141011,202.24021
20240426142011,200.97479
20240426143011,200.61126
20240426144011,199.13119
20240426145011,201.1333
20240426150011,197.40741
20240426151011,194.03066
20240426152011,193.54457
20240426153011,193.69191
20240426154011,193.61548
20240426155011,192.23467
20240426160011,303.90293
20240426161011,358.22146
20240426162011,405.42137
20240426163011,470.96444
20240426164011,540.40923
20240426165011,577.97265
20240606090011,205.07046
20240606091011,208.63599
20240606092011,328.55978
20240606093011,230.09661
20240606094011,207.48749
20240606095011,213.59263
20240606100011,223.59987
20240606101011,229.6295
20240606102011,250.06246
20240606103011,255.23348
20240606104011,289.71899
20240606105011,320.90554
20240606110011,328.82211
20240606111011,326.8193
20240606112011,315.56663
20240606113011,303.69064
20240606114011,299.78501
20240606115011,288.20975
20240606120011,252.03991
20240606121011,241.83578
20240606122011,235.54654
20240606123011,232.06244
20240606124011,227.56649
20240606125011,225.49557
20240606130011,212.59048
20240606131011,213.30056
20240606132011,210.11708
20240606133011,209.55011
20240606134011,209.35365
20240606135011,207.22041
20240606140011,203.8199
20240606141011,202.24021
20240606142011,200.97479
20240606143011,200.61126
20240606144011,199.13119
20240606145011,201.1333
20240606150011,197.40741
20240606151011,194.03066
20240606152011,193.54457
20240606153011,193.69191
20240606154011,193.61548
20240606155011,192.23467
20240606160011,303.90293
20240606161011,358.22146
20240606162011,405.42137
20240606163011,470.96444
20240606164011,540.40923
20240606165011,577.97265
20240712090011,208.75006
20240712091011,215.71
20240712092011,428.43985
20240712093011,383.86575
20240712094011,242.27863
20240712095011,207.11529
20240712100011,231.69883
20240712101011,224.62875
20240712102011,236.65869
20240712103011,244.51624
20240712104011,290.38341
20240712105011,322.08907
20240712110011,328.82211
20240712111011,326.8193
20240712112011,315.56663
20240712113011,303.69064
20240712114011,299.78501
20240712115011,288.20975
20240712120011,252.03991
20240712121011,241.83578
20240712122011,235.54654
20240712123011,232.06244
20240712124011,227.56649
20240712125011,225.49557
20240712130011,212.59048
20240712131011,213.30056
20240712132011,210.11708
20240712133011,209.55011
20240712134011,209.35365
20240712135011,207.22041
20240712140011,203.8199
20240712141011,202.24021
20240712142011,200.97479
20240712143011,200.61126
20240712144011,199.13119
20240712145011,201.1333
20240712150011,197.40741
20240712151011,194.03066
20240712152011,193.54457
20240712153011,193.69191
20240712154011,193.61548
20240712155011,192.23467
20240712160011,303.90293
20240712161011,358.22146
20240712162011,405.42137
20240712163011,470.96444
20240712164011,540.40923
20240712165011,577.97265
20240315090012,199.33672
20240315091012,221.4196
20240315092012,286.61056
20240315093012,208.36882
20240315094012,206.54186
20240315095012,211.99349
20240315100012,222.60912
20240315101012,230.61179
20240315102012,242.79689
20240315103012,255.2355
20240315104012,289.78619
20240315105012,322.20607
20240315110012,328.82211
20240315111012,326.8193
20240315112012,315.56663
20240315113012,303.69064
20240315114012,299.78501
20240315115012,288.20975
20240315120012,252.03991
20240315121012,241.83578
20240315122012,235.54654
20240315123012,232.06244
20240315124012,227.56649
20240315125012,225.49557
20240315130012,212.59048
20240315131012,213.30056
20240315132012,210.11708
20240315133012,209.55011
20240315134012,209.35365
20240315135012,207.22041
20240315140012,203.8199
20240315141012,202.24021
20240315142012,200.97479
20240315143012,200.61126
20240315144012,199.13119
20240315145012,201.1333
20240315150012,197.40741
20240315151012,194.03066
20240315152012,193.54457
20240315153012,193.69191
20240315154012,193.61548
20240315155012,192.23467
20240315160012,303.90293
20240315161012,358.22146
20240315162012,405.42137
20240315163012,470.96444
20240315164012,540.40923
20240315165012,577.97265
20240317090012,193.45614
20240317091012,204.71443
20240317092012,276.67932
20240317093012,209.01217
20240317094012,204.7952
20240317095012,211.58593
20240317100012,218.33635
20240317101012,228.9973
20240317102012,242.7722
20240317103012,256.41951
20240317104012,289.65994
20240317105012,321.98891
20240317110012,328.82211
20240317111012,326.8193
20240317112012,315.56663
20240317113012,303.69064
20240317114012,299.78501
20240317115012,288.20975
20240317120012,252.03991
20240317121012,241.83578
20240317122012,235.54654
20240317123012,232.06244
20240317124012,227.56649
20240317125012,225.49557
20240317130012,212.59048
20240317131012,213.30056
20240317132012,210.11708
20240317133012,209.55011
20240317134012,209.35365
20240317135012,207.22041
20240317140012,203.8199
20240317141012,202.24021
20240317142012,200.97479
20240317143012,200.61126
20240317144012,199.13119
20240317145012,201.1333
20240317150012,197.40741
20240317151012,194.03066
20240317152012,193.54457
20240317153012,193.69191
20240317154012,193.61548
20240317155012,192.23467
20240317160012,303.90293
20240317161012,358.22146
20240317162012,405.42137
20240317163012,470.96444
20240317164012,540.40923
20240317165012,577.97265
20240412090012,206.79474
20240412091012,272.67357
20240412092012,273.39799
20240412093012,302.93078
20240412094012,282.78096
20240412095012,204.17768
20240412100012,232.14015
20240412101012,217.75496
20240412102012,230.33632
20240412103012,241.05242
20240412104012,282.01608
20240412105012,323.02884
20240412110012,328.82211
20240412111012,326.8193
20240412112012,315.56663
20240412113012,303.69064
20240412114012,299.78501
20240412115012,288.20975
20240412120012,252.03991
20240412121012,241.83578
20240412122012,235.54654
20240412123012,232.06244
20240412124012,227.56649
20240412125012,225.49557
20240412130012,212.59048
20240412131012,213.30056
20240412132012,210.11708
20240412133012,209.55011
20240412134012,209.35365
20240412135012,207.22041
20240412140012,203.8199
20240412141012,202.24021
20240412142012,200.97479
20240412143012,200.61126
20240412144012,199.13119
20240412145012,201.1333
20240412150012,197.40741
20240412151012,194.03066
20240412152012,193.54457
20240412153012,193.69191
20240412154012,193.61548
20240412155012,192.23467
20240412160012,303.90293
20240412161012,358.22146
20240412162012,405.42137
20240412163012,470.96444
20240412164012,540.40923
20240412165012,577.97265
20240426090012,305.86314
20240426091012,209.79213
20240426092012,337.33068
20240426093012,250.13124
20240426094012,223.60799
20240426095012,207.29306
20240426100012,209.92123
20240426101012,229.36336
20240426102012,241.91244
20240426103012,250.45204
20240426104012,289.70883
20240426105012,322.60907
20240426110012,328.82211
20240426111012,326.8193
20240426112012,315.56663
20240426113012,303.69064
20240426114012,299.78501
20240426115012,288.20975
20240426120012,252.03991
20240426121012,241.83578
20240426122012,235.54654
20240426123012,232.06244
20240426124012,227.56649
20240426125012,225.49557
20240426130012,212.59048
20240426131012,213.30056
20240426132012,210.11708
20240426133012,209.55011
20240426134012,209.35365
20240426135012,207.22041
20240426140012,203.8199
20240426141012,202.24021
20240426142012,200.97479
20240426143012,200.61126
20240426144012,199.13119
20240426145012,201.1333
20240426150012,197.40741
20240426151012,194.03066
20240426152012,193.54457
20240426153012,193.69191
20240426154012,193.61548
20240426155012,192.23467
20240426160012,303.90293
20240426161012,358.22146
20240426162012,405.42137
20240426163012,470.96444
20240426164012,540.40923
20240426165012,577.97265
20240521090012,207.89499
20240521091012,209.00776
20240521092012,232.56794
20240521093012,223.56794
20240521094012,221.02246
20240521095012,222.72814
20240521100012,224.64989
20240521101012,230.76776
20240521102012,245.20312
20240521103012,256.01019
20240521104012,290.23719
20240521105012,321.33542
20240521110012,328.82211
20240521111012,326.8193
20240521112012,315.56663
20240521113012,303.69064
20240521114012,299.78501
20240521115012,288.20975
20240521120012,252.03991
20240521121012,241.83578
20240521122012,235.54654
20240521123012,232.06244
20240521124012,227.56649
20240521125012,225.49557
20240521130012,212.59048
20240521131012,213.30056
20240521132012,210.11708
20240521133012,209.55011
20240521134012,209.35365
20240521135012,207.22041
20240521140012,203.8199
20240521141012,202.24021
20240521142012,200.97479
20240521143012,200.61126
20240521144012,199.13119
20240521145012,201.1333
20240521150012,197.40741
20240521151012,194.03066
20240521152012,193.54457
20240521153012,193.69191
20240521154012,193.61548
20240521155012,192.23467
20240521160012,303.90293
20240521161012,358.22146
20240521162012,405.42137
20240521163012,470.96444
20240521164012,540.40923
20240521165012,577.97265
20240619090012,198.12553
20240619091012,211.36303
20240619092012,427.75872
20240619093012,433.66682
20240619094012,251.1328
20240619095012,204.54574
20240619100012,243.50163
20240619101012,217.20123
20240619102012,233.87448
20240619103012,243.87751
20240619104012,289.83916
20240619105012,322.77541
20240619110012,328.82211
20240619111012,326.8193
20240619112012,315.56663
20240619113012,303.69064
20240619114012,299.78501
20240619115012,288.20975
20240619120012,252.03991
20240619121012,241.83578
20240619122012,235.54654
20240619123012,232.06244
20240619124012,227.56649
20240619125012,225.49557
20240619130012,212.59048
20240619131012,213.30056
20240619132012,210.11708
20240619133012,209.55011
20240619134012,209.35365
20240619135012,207.22041
20240619140012,203.8199
20240619141012,202.24021
20240619142012,200.97479
20240619143012,200.61126
20240619144012,199.13119
20240619145012,201.1333
20240619150012,197.40741
20240619151012,194.03066
20240619152012,193.54457
20240619153012,193.69191
20240619154012,193.61548
20240619155012,192.23467
20240619160012,303.90293
20240619161012,358.22146
20240619162012,405.42137
20240619163012,470.96444
20240619164012,540.40923
20240619165012,577.97265
20240621090012,194.31131
20240621091012,210.69967
20240621092012,454.4194
20240621093012,383.23999
20240621094012,229.25187
20240621095012,204.18352
20240621100012,233.80626
20240621101012,217.09046
20240621102012,235.233
20240621103012,243.83996
20240621104012,289.84167
20240621105012,322.51932
20240621110012,328.82211
20240621111012,326.8193
20240621112012,315.56663
20240621113012,303.69064
20240621114012,299.78501
20240621115012,288.20975
20240621120012,252.03991
20240621121012,241.83578
20240621122012,235.54654
20240621123012,232.06244
20240621124012,227.56649
20240621125012,225.49557
20240621130012,212.59048
20240621131012,213.30056
20240621132012,210.11708
20240621133012,209.55011
20240621134012,209.35365
20240621135012,207.22041
20240621140012,203.8199
20240621141012,202.24021
20240621142012,200.97479
20240621143012,200.61126
20240621144012,199.13119
20240621145012,201.1333
20240621150012,197.40741
20240621151012,194.03066
20240621152012,193.54457
20240621153012,193.69191
20240621154012,193.61548
20240621155012,192.23467
20240621160012,303.90293
20240621161012,358.22146
20240621162012,405.42137
20240621163012,470.96444
20240621164012,540.40923
20240621165012,577.97265
20240705090012,193.05558
20240705091012,197.25447
20240705092012,287.61294
20240705093012,428.16823
20240705094012,337.5618
20240705095012,204.2169
20240705100012,234.53732
20240705101012,227.47417
20240705102012,230.50707
20240705103012,242.96563
20240705104012,286.58922
20240705105012,322.35172
20240705110012,328.82211
20240705111012,326.8193
20240705112012,315.56663
20240705113012,303.69064
20240705114012,299.78501
20240705115012,288.20975
20240705120012,252.03991
20240705121012,241.83578
20240705122012,235.54654
20240705123012,232.06244
20240705124012,227.56649
20240705125012,225.49557
20240705130012,212.59048
20240705131012,213.30056
20240705132012,210.11708
20240705133012,209.55011
20240705134012,209.35365
20240705135012,207.22041
20240705140012,203.8199
20240705141012,202.24021
20240705142012,200.97479
20240705143012,200.61126
20240705144012,199.13119
20240705145012,201.1333
20240705150012,197.40741
20240705151012,194.03066
20240705152012,193.54457
20240705153012,193.69191
20240705154012,193.61548
20240705155012,192.23467
20240705160012,303.90293
20240705161012,358.22146
20240705162012,405.42137
20240705163012,470.96444
20240705164012,540.40923
20240705165012,577.97265
20240713090012,198.42423
20240713091012,234.21971
20240713092012,550.56275
20240713093012,325.02965
20240713094012,220.19248
20240713095012,210.30254
20240713100012,224.06881
20240713101012,225.99877
20240713102012,243.488
20240713103012,252.37573
20240713104012,291.23431
20240713105012,320.47601
20240713110012,328.82211
20240713111012,326.8193
20240713112012,315.56663
20240713113012,303.69064
20240713114012,299.78501
20240713115012,288.20975
20240713120012,252.03991
20240713121012,241.83578
20240713122012,235.54654
20240713123012,232.06244
20240713124012,227.56649
20240713125012,225.49557
20240713130012,212.59048
20240713131012,213.30056
20240713132012,210.11708
20240713133012,209.55011
20240713134012,209.35365
20240713135012,207.22041
20240713140012,203.8199
20240713141012,202.24021
20240713142012,200.97479
20240713143012,200.61126
20240713144012,199.13119
20240713145012,201.1333
20240713150012,197.40741
20240713151012,194.03066
20240713152012,193.54457
20240713153012,193.69191
20240713154012,193.61548
20240713155012,192.23467
20240713160012,303.90293
20240713161012,358.22146
20240713162012,405.42137
20240713163012,470.96444
20240713164012,540.40923
20240713165012,577.97265
20240214090013,811.41758
20240214091013,530.66561
20240214092013,389.26029
20240214093013,282.02419
20240214094013,308.06736
20240214095013,234.25659
20240214100013,253.89131
20240214101013,228.96508
20240214102013,231.92287
20240214103013,235.84828
20240214104013,280.40995
20240214105013,323.03635
20240214110013,328.82211
20240214111013,326.8193
20240214112013,315.56663
20240214113013,303.69064
20240214114013,299.78501
20240214115013,288.20975
20240214120013,252.03991
20240214121013,241.83578
20240214122013,235.54654
20240214123013,232.06244
20240214124013,227.56649
20240214125013,225.49557
20240214130013,212.59048
20240214131013,213.30056
20240214132013,210.11708
20240214133013,209.55011
20240214134013,209.35365
20240214135013,207.22041
20240214140013,203.8199
20240214141013,202.24021
20240214142013,200.97479
20240214143013,200.61126
20240214144013,199.13119
20240214145013,201.1333
20240214150013,197.40741
20240214151013,194.03066
20240214152013,193.54457
20240214153013,193.69191
20240214154013,193.61548
20240214155013,192.23467
20240214160013,303.90293
20240214161013,358.22146
20240214162013,405.42137
20240214163013,470.96444
20240214164013,540.40923
20240214165013,577.97265
20240221090013,748.86045
20240221091013,525.9513
20240221092013,429.55984
20240221093013,333.82083
20240221094013,354.20885
20240221095013,269.10635
20240221100013,272.89508
20240221101013,228.12043
20240221102013,231.25796
20240221103013,235.53805
20240221104013,280.38584
20240221105013,322.9466
20240221110013,328.82211
20240221111013,326.8193
20240221112013,315.56663
20240221113013,303.69064
20240221114013,299.78501
20240221115013,288.20975
20240221120013,252.03991
20240221121013,241.83578
20240221122013,235.54654
20240221123013,232.06244
20240221124013,227.56649
20240221125013,225.49557
20240221130013,212.59048
20240221131013,213.30056
20240221132013,210.11708
20240221133013,209.55011
20240221134013,209.35365
20240221135013,207.22041
20240221140013,203.8199
20240221141013,202.24021
20240221142013,200.97479
20240221143013,200.61126
20240221144013,199.13119
20240221145013,201.1333
20240221150013,197.40741
20240221151013,194.03066
20240221152013,193.54457
20240221153013,193.69191
20240221154013,193.61548
20240221155013,192.23467
20240221160013,303.90293
20240221161013,358.22146
20240221162013,405.42137
20240221163013,470.96444
20240221164013,540.40923
20240221165013,577.97265
20240314090013,189.44552
20240314091013,196.86158
20240314092013,273.95143
20240314093013,210.82512
20240314094013,207.91817
20240314095013,211.7602
20240314100013,214.07283
20240314101013,224.67805
20240314102013,244.17867
20240314103013,256.57873
20240314104013,291.64828
20240314105013,322.20607
20240314110013,328.82211
20240314111013,326.8193
20240314112013,315.56663
20240314113013,303.69064
20240314114013,299.78501
20240314115013,288.20975
20240314120013,252.03991
20240314121013,241.83578
20240314122013,235.54654
20240314123013,232.06244
20240314124013,227.56649
20240314125013,225.49557
20240314130013,212.59048
20240314131013,213.30056
20240314132013,210.11708
20240314133013,209.55011
20240314134013,209.35365
20240314135013,207.22041
20240314140013,203.8199
20240314141013,202.24021
20240314142013,200.97479
20240314143013,200.61126
20240314144013,199.13119
20240314145013,201.1333
20240314150013,197.40741
20240314151013,194.03066
20240314152013,193.54457
20240314153013,193.69191
20240314154013,193.61548
20240314155013,192.23467
20240314160013,303.90293
20240314161013,358.22146
20240314162013,405.42137
20240314163013,470.96444
20240314164013,540.40923
20240314165013,577.97265
20240316090013,627.92346
20240316091013,399.96571
20240316092013,455.91474
20240316093013,213.27617
20240316094013,222.75515
20240316095013,215.41674
20240316100013,221.43167
20240316101013,241.41088
20240316102013,243.52392
20240316103013,250.65822
20240316104013,287.44233
20240316105013,322.46131
20240316110013,328.82211
20240316111013,326.8193
20240316112013,315.56663
20240316113013,303.69064
20240316114013,299.78501
20240316115013,288.20975
20240316120013,252.03991
20240316121013,241.83578
20240316122013,235.54654
20240316123013,232.06244
20240316124013,227.56649
20240316125013,225.49557
20240316130013,212.59048
20240316131013,213.30056
20240316132013,210.11708
20240316133013,209.55011
20240316134013,209.35365
20240316135013,207.22041
20240316140013,203.8199
20240316141013,202.24021
20240316142013,200.97479
20240316143013,200.61126
20240316144013,199.13119
20240316145013,201.1333
20240316150013,197.40741
20240316151013,194.03066
20240316152013,193.54457
20240316153013,193.69191
20240316154013,193.61548
20240316155013,192.23467
20240316160013,303.90293
20240316161013,358.22146
20240316162013,405.42137
20240316163013,470.96444
20240316164013,540.40923
20240316165013,577.97265
20240328090013,571.25065
20240328091013,337.05669
20240328092013,377.3905
20240328093013,307.13904
20240328094013,296.8546
20240328095013,226.21101
20240328100013,275.37434
20240328101013,235.28899
20240328102013,239.33032
20240328103013,240.61114
20240328104013,281.80662
20240328105013,322.09058
20240328110013,328.82211
20240328111013,326.8193
20240328112013,315.56663
20240328113013,303.69064
20240328114013,299.78501
20240328115013,288.20975
20240328120013,252.03991
20240328121013,241.83578
20240328122013,235.54654
20240328123013,232.06244
20240328124013,227.56649
20240328125013,225.49557
20240328130013,212.59048
20240328131013,213.30056
20240328132013,210.11708
20240328133013,209.55011
20240328134013,209.35365
20240328135013,207.22041
20240328140013,203.8199
20240328141013,202.24021
20240328142013,200.97479
20240328143013,200.61126
20240328144013,199.13119
20240328145013,201.1333
20240328150013,197.40741
20240328151013,194.03066
20240328152013,193.54457
20240328153013,193.69191
20240328154013,193.61548
20240328155013,192.23467
20240328160013,303.90293
20240328161013,358.22146
20240328162013,405.42137
20240328163013,470.96444
20240328164013,540.40923
20240328165013,577.97265
20240412090013,537.12294
20240412091013,298.67669
20240412092013,323.43835
20240412093013,383.82168
20240412094013,340.43297
20240412095013,229.23063
20240412100013,255.15577
20240412101013,229.67145
20240412102013,235.18407
20240412103013,236.19347
20240412104013,280.17616
20240412105013,321.84626
20240412110013,328.82211
20240412111013,326.8193
20240412112013,315.56663
20240412113013,303.69064
20240412114013,299.78501
20240412115013,288.20975
20240412120013,252.03991
20240412121013,241.83578
20240412122013,235.54654
20240412123013,232.06244
20240412124013,227.56649
20240412125013,225.49557
20240412130013,212.59048
20240412131013,213.30056
20240412132013,210.11708
20240412133013,209.55011
20240412134013,209.35365
20240412135013,207.22041
20240412140013,203.8199
20240412141013,202.24021
20240412142013,200.97479
20240412143013,200.61126
20240412144013,199.13119
20240412145013,201.1333
20240412150013,197.40741
20240412151013,194.03066
20240412152013,193.54457
20240412153013,193.69191
20240412154013,193.61548
20240412155013,192.23467
20240412160013,303.90293
20240412161013,358.22146
20240412162013,405.42137
20240412163013,470.96444
20240412164013,540.40923
20240412165013,577.97265
20240619090013,552.49916
20240619091013,267.21471
20240619092013,399.37159
20240619093013,371.25693
20240619094013,280.79552
20240619095013,239.96085
20240619100013,284.75611
20240619101013,231.556
20240619102013,241.84791
20240619103013,242.80739
20240619104013,286.58747
20240619105013,320.69908
20240619110013,328.82211
20240619111013,326.8193
20240619112013,315.56663
20240619113013,303.69064
20240619114013,299.78501
20240619115013,288.20975
20240619120013,252.03991
20240619121013,241.83578
20240619122013,235.54654
20240619123013,232.06244
20240619124013,227.56649
20240619125013,225.49557
20240619130013,212.59048
20240619131013,213.30056
20240619132013,210.11708
20240619133013,209.55011
20240619134013,209.35365
20240619135013,207.22041
20240619140013,203.8199
20240619141013,202.24021
20240619142013,200.97479
20240619143013,200.61126
20240619144013,199.13119
20240619145013,201.1333
20240619150013,197.40741
20240619151013,194.03066
20240619152013,193.54457
20240619153013,193.69191
20240619154013,193.61548
20240619155013,192.23467
20240619160013,303.90293
20240619161013,358.22146
20240619162013,405.42137
20240619163013,470.96444
20240619164013,540.40923
20240619165013,577.97265
20240225090014,189.94019
20240225091014,197.48725
20240225092014,222.13271
20240225093014,215.09497
20240225094014,231.50557
20240225095014,212.63968
20240225100014,210.89124
20240225101014,224.84411
20240225102014,237.97088
20240225103014,253.14121
20240225104014,290.71863
20240225105014,322.20607
20240225110014,328.82211
20240225111014,326.8193
20240225112014,315.56663
20240225113014,303.69064
20240225114014,299.78501
20240225115014,288.20975
20240225120014,252.03991
20240225121014,241.83578
20240225122014,235.54654
20240225123014,232.06244
20240225124014,227.56649
20240225125014,225.49557
20240225130014,212.59048
20240225131014,213.30056
20240225132014,210.11708
20240225133014,209.55011
20240225134014,209.35365
20240225135014,207.22041
20240225140014,203.8199
20240225141014,202.24021
20240225142014,200.97479
20240225143014,200.61126
20240225144014,199.13119
20240225145014,201.1333
20240225150014,197.40741
20240225151014,194.03066
20240225152014,193.54457
20240225153014,193.69191
20240225154014,193.61548
20240225155014,192.23467
20240225160014,303.90293
20240225161014,358.22146
20240225162014,405.42137
20240225163014,470.96444
20240225164014,540.40923
20240225165014,577.97265
20240227090014,295.83426
20240227091014,222.39344
20240227092014,233.49146
20240227093014,220.93264
20240227094014,220.50386
20240227095014,228.8665
20240227100014,229.09807
20240227101014,235.70849
20240227102014,243.75686
20240227103014,256.05069
20240227104014,290.86559
20240227105014,322.71335
20240227110014,328.82211
20240227111014,326.8193
20240227112014,315.56663
20240227113014,303.69064
20240227114014,299.78501
20240227115014,288.20975
20240227120014,252.03991
20240227121014,241.83578
20240227122014,235.54654
20240227123014,232.06244
20240227124014,227.56649
20240227125014,225.49557
20240227130014,212.59048
20240227131014,213.30056
20240227132014,210.11708
20240227133014,209.55011
20240227134014,209.35365
20240227135014,207.22041
20240227140014,203.8199
20240227141014,202.24021
20240227142014,200.97479
20240227143014,200.61126
20240227144014,199.13119
20240227145014,201.1333
20240227150014,197.40741
20240227151014,194.03066
20240227152014,193.54457
20240227153014,193.69191
20240227154014,193.61548
20240227155014,192.23467
20240227160014,303.90293
20240227161014,358.22146
20240227162014,405.42137
20240227163014,470.96444
20240227164014,540.40923
20240227165014,577.97265
20240327090014,238.70101
20240327091014,262.82143
20240327092014,296.23007
20240327093014,220.92086
20240327094014,208.57895
20240327095014,222.45172
20240327100014,229.2269
20240327101014,234.46607
20240327102014,250.12753
20240327103014,262.44792
20240327104014,289.89811
20240327105014,321.96175
20240327110014,328.82211
20240327111014,326.8193
20240327112014,315.56663
20240327113014,303.69064
20240327114014,299.78501
20240327115014,288.20975
20240327120014,252.03991
20240327121014,241.83578
20240327122014,235.54654
20240327123014,232.06244
20240327124014,227.56649
20240327125014,225.49557
20240327130014,212.59048
20240327131014,213.30056
20240327132014,210.11708
20240327133014,209.55011
20240327134014,209.35365
20240327135014,207.22041
20240327140014,203.8199
20240327141014,202.24021
20240327142014,200.97479
20240327143014,200.61126
20240327144014,199.13119
20240327145014,201.1333
20240327150014,197.40741
20240327151014,194.03066
20240327152014,193.54457
20240327153014,193.69191
20240327154014,193.61548
20240327155014,192.23467
20240327160014,303.90293
20240327161014,358.22146
20240327162014,405.42137
20240327163014,470.96444
20240327164014,540.40923
20240327165014,577.97265
20240417090014,608.96845
20240417091014,235.15964
20240417092014,234.79794
20240417093014,413.10352
20240417094014,358.16821
20240417095014,220.40565
20240417100014,263.9046
20240417101014,227.40153
20240417102014,232.45127
20240417103014,239.46941
20240417104014,281.03608
20240417105014,322.21784
20240417110014,328.82211
20240417111014,326.8193
20240417112014,315.56663
20240417113014,303.69064
20240417114014,299.78501
20240417115014,288.20975
20240417120014,252.03991
20240417121014,241.83578
20240417122014,235.54654
20240417123014,232.06244
20240417124014,227.56649
20240417125014,225.49557
20240417130014,212.59048
20240417131014,213.30056
20240417132014,210.11708
20240417133014,209.55011
20240417134014,209.35365
20240417135014,207.22041
20240417140014,203.8199
20240417141014,202.24021
20240417142014,200.97479
20240417143014,200.61126
20240417144014,199.13119
20240417145014,201.1333
20240417150014,197.40741
20240417151014,194.03066
20240417152014,193.54457
20240417153014,193.69191
20240417154014,193.61548
20240417155014,192.23467
20240417160014,303.90293
20240417161014,358.22146
20240417162014,405.42137
20240417163014,470.96444
20240417164014,540.40923
20240417165014,577.97265
20240517090014,591.33641
20240517091014,293.02665
20240517092014,305.23008
20240517093014,290.83377
20240517094014,254.32416
20240517095014,272.41424
20240517100014,243.26041
20240517101014,241.3984
20240517102014,244.06386
20240517103014,250.48438
20240517104014,281.37739
20240517105014,321.04013
20240517110014,328.82211
20240517111014,326.8193
20240517112014,315.56663
20240517113014,303.69064
20240517114014,299.78501
20240517115014,288.20975
20240517120014,252.03991
20240517121014,241.83578
20240517122014,235.54654
20240517123014,232.06244
20240517124014,227.56649
20240517125014,225.49557
20240517130014,212.59048
20240517131014,213.30056
20240517132014,210.11708
20240517133014,209.55011
20240517134014,209.35365
20240517135014,207.22041
20240517140014,203.8199
20240517141014,202.24021
20240517142014,200.97479
20240517143014,200.61126
20240517144014,199.13119
20240517145014,201.1333
20240517150014,197.40741
20240517151014,194.03066
20240517152014,193.54457
20240517153014,193.69191
20240517154014,193.61548
20240517155014,192.23467
20240517160014,303.90293
20240517161014,358.22146
20240517162014,405.42137
20240517163014,470.96444
20240517164014,540.40923
20240517165014,577.97265
20240704090014,645.32719
20240704091014,289.58649
20240704092014,358.56817
20240704093014,482.6624
20240704094014,290.309
20240704095014,231.13037
20240704100014,253.58585
20240704101014,229.94501
20240704102014,241.68199
20240704103014,235.61302
20240704104014,279.84069
20240704105014,320.67012
20240704110014,328.82211
20240704111014,326.8193
20240704112014,315.56663
20240704113014,303.69064
20240704114014,299.78501
20240704115014,288.20975
20240704120014,252.03991
20240704121014,241.83578
20240704122014,235.54654
20240704123014,232.06244
20240704124014,227.56649
20240704125014,225.49557
20240704130014,212.59048
20240704131014,213.30056
20240704132014,210.11708
20240704133014,209.55011
20240704134014,209.35365
20240704135014,207.22041
20240704140014,203.8199
20240704141014,202.24021
20240704142014,200.97479
20240704143014,200.61126
20240704144014,199.13119
20240704145014,201.1333
20240704150014,197.40741
20240704151014,194.03066
20240704152014,193.54457
20240704153014,193.69191
20240704154014,193.61548
20240704155014,192.23467
20240704160014,303.90293
20240704161014,358.22146
20240704162014,405.42137
20240704163014,470.96444
20240704164014,540.40923
20240704165014,577.97265
20240715090014,619.11011
20240715091014,257.63874
20240715092014,462.95047
20240715093014,299.21801
20240715094014,229.4481
20240715095014,233.86293
20240715100014,242.79255
20240715101014,231.44067
20240715102014,241.64726
20240715103014,243.98376
20240715104014,287.28885
20240715105014,321.72301
20240715110014,328.82211
20240715111014,326.8193
20240715112014,315.56663
20240715113014,303.69064
20240715114014,299.78501
20240715115014,288.20975
20240715120014,252.03991
20240715121014,241.83578
20240715122014,235.54654
20240715123014,232.06244
20240715124014,227.56649
20240715125014,225.49557
20240715130014,212.59048
20240715131014,213.30056
20240715132014,210.11708
20240715133014,209.55011
20240715134014,209.35365
20240715135014,207.22041
20240715140014,203.8199
20240715141014,202.24021
20240715142014,200.97479
20240715143014,200.61126
20240715144014,199.13119
20240715145014,201.1333
20240715150014,197.40741
20240715151014,194.03066
20240715152014,193.54457
20240715153014,193.69191
20240715154014,193.61548
20240715155014,192.23467
20240715160014,303.90293
20240715161014,358.22146
20240715162014,405.42137
20240715163014,470.96444
20240715164014,540.40923
20240715165014,577.97265
20240215090015,439.82701
20240215091015,506.64397
20240215092015,291.5451
20240215093015,221.65917
20240215094015,239.8827
20240215095015,220.87995
20240215100015,241.45509
20240215101015,233.81101
20240215102015,233.92265
20240215103015,240.95014
20240215104015,280.48166
20240215105015,323.29832
20240215110015,328.82211
20240215111015,326.8193
20240215112015,315.56663
20240215113015,303.69064
20240215114015,299.78501
20240215115015,288.20975
20240215120015,252.03991
20240215121015,241.83578
20240215122015,235.54654
20240215123015,232.06244
20240215124015,227.56649
20240215125015,225.49557
20240215130015,212.59048
20240215131015,213.30056
20240215132015,210.11708
20240215133015,209.55011
20240215134015,209.35365
20240215135015,207.22041
20240215140015,203.8199
20240215141015,202.24021
20240215142015,200.97479
20240215143015,200.61126
20240215144015,199.13119
20240215145015,201.1333
20240215150015,197.40741
20240215151015,194.03066
20240215152015,193.54457
20240215153015,193.69191
20240215154015,193.61548
20240215155015,192.23467
20240215160015,303.90293
20240215161015,358.22146
20240215162015,405.42137
20240215163015,470.96444
20240215164015,540.40923
20240215165015,577.97265
20240218090015,272.01997
20240218091015,273.74743
20240218092015,249.98945
20240218093015,221.47125
20240218094015,222.50737
20240218095015,235.09907
20240218100015,229.64706
20240218101015,242.99557
20240218102015,245.01508
20240218103015,254.09409
20240218104015,287.87163
20240218105015,322.71335
20240218110015,328.82211
20240218111015,326.8193
20240218112015,315.56663
20240218113015,303.69064
20240218114015,299.78501
20240218115015,288.20975
20240218120015,252.03991
20240218121015,241.83578
20240218122015,235.54654
20240218123015,232.06244
20240218124015,227.56649
20240218125015,225.49557
20240218130015,212.59048
20240218131015,213.30056
20240218132015,210.11708
20240218133015,209.55011
20240218134015,209.35365
20240218135015,207.22041
20240218140015,203.8199
20240218141015,202.24021
20240218142015,200.97479
20240218143015,200.61126
20240218144015,199.13119
20240218145015,201.1333
20240218150015,197.40741
20240218151015,194.03066
20240218152015,193.54457
20240218153015,193.69191
20240218154015,193.61548
20240218155015,192.23467
20240218160015,303.90293
20240218161015,358.22146
20240218162015,405.42137
20240218163015,470.96444
20240218164015,540.40923
20240218165015,577.97265
20240314090015,190.3061
20240314091015,201.61051
20240314092015,263.3123
20240314093015,210.75641
20240314094015,207.22331
20240314095015,211.75713
20240314100015,215.09259
20240314101015,227.38667
20240314102015,250.29168
20240314103015,262.54757
20240314104015,290.27795
20240314105015,322.20607
20240314110015,328.82211
20240314111015,326.8193
20240314112015,315.56663
20240314113015,303.69064
20240314114015,299.78501
20240314115015,288.20975
20240314120015,252.03991
20240314121015,241.83578
20240314122015,235.54654
20240314123015,232.06244
20240314124015,227.56649
20240314125015,225.49557
20240314130015,212.59048
20240314131015,213.30056
20240314132015,210.11708
20240314133015,209.55011
20240314134015,209.35365
20240314135015,207.22041
20240314140015,203.8199
20240314141015,202.24021
20240314142015,200.97479
20240314143015,200.61126
20240314144015,199.13119
20240314145015,201.1333
20240314150015,197.40741
20240314151015,194.03066
20240314152015,193.54457
20240314153015,193.69191
20240314154015,193.61548
20240314155015,192.23467
20240314160015,303.90293
20240314161015,358.22146
20240314162015,405.42137
20240314163015,470.96444
20240314164015,540.40923
20240314165015,577.97265
20240317090015,290.07954
20240317091015,252.10993
20240317092015,324.43465
20240317093015,221.42397
20240317094015,211.11541
20240317095015,226.95816
20240317100015,231.20872
20240317101015,240.83569
20240317102015,250.02476
20240317103015,255.47803
20240317104015,288.37365
20240317105015,321.44285
20240317110015,328.82211
20240317111015,326.8193
20240317112015,315.56663
20240317113015,303.69064
20240317114015,299.78501
20240317115015,288.20975
20240317120015,252.03991
20240317121015,241.83578
20240317122015,235.54654
20240317123015,232.06244
20240317124015,227.56649
20240317125015,225.49557
20240317130015,212.59048
20240317131015,213.30056
20240317132015,210.11708
20240317133015,209.55011
20240317134015,209.35365
20240317135015,207.22041
20240317140015,203.8199
20240317141015,202.24021
20240317142015,200.97479
20240317143015,200.61126
20240317144015,199.13119
20240317145015,201.1333
20240317150015,197.40741
20240317151015,194.03066
20240317152015,193.54457
20240317153015,193.69191
20240317154015,193.61548
20240317155015,192.23467
20240317160015,303.90293
20240317161015,358.22146
20240317162015,405.42137
20240317163015,470.96444
20240317164015,540.40923
20240317165015,577.97265
20240412090015,700.02495
20240412091015,242.58768
20240412092015,307.73891
20240412093015,465.34096
20240412094015,342.83916
20240412095015,232.81843
20240412100015,241.27574
20240412101015,233.05953
20240412102015,242.106
20240412103015,235.01967
20240412104015,282.12386
20240412105015,320.91428
20240412110015,328.82211
20240412111015,326.8193
20240412112015,315.56663
20240412113015,303.69064
20240412114015,299.78501
20240412115015,288.20975
20240412120015,252.03991
20240412121015,241.83578
20240412122015,235.54654
20240412123015,232.06244
20240412124015,227.56649
20240412125015,225.49557
20240412130015,212.59048
20240412131015,213.30056
20240412132015,210.11708
20240412133015,209.55011
20240412134015,209.35365
20240412135015,207.22041
20240412140015,203.8199
20240412141015,202.24021
20240412142015,200.97479
20240412143015,200.61126
20240412144015,199.13119
20240412145015,201.1333
20240412150015,197.40741
20240412151015,194.03066
20240412152015,193.54457
20240412153015,193.69191
20240412154015,193.61548
20240412155015,192.23467
20240412160015,303.90293
20240412161015,358.22146
20240412162015,405.42137
20240412163015,470.96444
20240412164015,540.40923
20240412165015,577.97265
20240518090015,523.09515
20240518091015,273.00901
20240518092015,372.43481
20240518093015,228.46686
20240518094015,232.41862
20240518095015,255.55448
20240518100015,264.14058
20240518101015,244.05442
20240518102015,255.20448
20240518103015,262.45629
20240518104015,286.28038
20240518105015,316.02219
20240518110015,328.82211
20240518111015,326.8193
20240518112015,315.56663
20240518113015,303.69064
20240518114015,299.78501
20240518115015,288.20975
20240518120015,252.03991
20240518121015,241.83578
20240518122015,235.54654
20240518123015,232.06244
20240518124015,227.56649
20240518125015,225.49557
20240518130015,212.59048
20240518131015,213.30056
20240518132015,210.11708
20240518133015,209.55011
20240518134015,209.35365
20240518135015,207.22041
20240518140015,203.8199
20240518141015,202.24021
20240518142015,200.97479
20240518143015,200.61126
20240518144015,199.13119
20240518145015,201.1333
20240518150015,197.40741
20240518151015,194.03066
20240518152015,193.54457
20240518153015,193.69191
20240518154015,193.61548
20240518155015,192.23467
20240518160015,303.90293
20240518161015,358.22146
20240518162015,405.42137
20240518163015,470.96444
20240518164015,540.40923
20240518165015,577.97265
20240530090015,662.14997
20240530091015,251.83702
20240530092015,287.3115
20240530093015,307.49844
20240530094015,244.3483
20240530095015,244.07014
20240530100015,243.26862
20240530101015,276.9818
20240530102015,255.51609
20240530103015,254.99575
20240530104015,281.39191
20240530105015,313.74297
20240530110015,328.82211
20240530111015,326.8193
20240530112015,315.56663
20240530113015,303.69064
20240530114015,299.78501
20240530115015,288.20975
20240530120015,252.03991
20240530121015,241.83578
20240530122015,235.54654
20240530123015,232.06244
20240530124015,227.56649
20240530125015,225.49557
20240530130015,212.59048
20240530131015,213.30056
20240530132015,210.11708
20240530133015,209.55011
20240530134015,209.35365
20240530135015,207.22041
20240530140015,203.8199
20240530141015,202.24021
20240530142015,200.97479
20240530143015,200.61126
20240530144015,199.13119
20240530145015,201.1333
20240530150015,197.40741
20240530151015,194.03066
20240530152015,193.54457
20240530153015,193.69191
20240530154015,193.61548
20240530155015,192.23467
20240530160015,303.90293
20240530161015,358.22146
20240530162015,405.42137
20240530163015,470.96444
20240530164015,540.40923
20240530165015,577.97265
20240605090015,496.55698
20240605091015,242.89652
20240605092015,375.09923
20240605093015,240.76987
20240605094015,213.05565
20240605095015,225.83335
20240605100015,239.23832
20240605101015,243.51926
20240605102015,250.42693
20240605103015,255.84121
20240605104015,287.56685
20240605105015,315.67192
20240605110015,328.82211
20240605111015,326.8193
20240605112015,315.56663
20240605113015,303.69064
20240605114015,299.78501
20240605115015,288.20975
20240605120015,252.03991
20240605121015,241.83578
20240605122015,235.54654
20240605123015,232.06244
20240605124015,227.56649
20240605125015,225.49557
20240605130015,212.59048
20240605131015,213.30056
20240605132015,210.11708
20240605133015,209.55011
20240605134015,209.35365
20240605135015,207.22041
20240605140015,203.8199
20240605141015,202.24021
20240605142015,200.97479
20240605143015,200.61126
20240605144015,199.13119
20240605145015,201.1333
20240605150015,197.40741
20240605151015,194.03066
20240605152015,193.54457
20240605153015,193.69191
20240605154015,193.61548
20240605155015,192.23467
20240605160015,303.90293
20240605161015,358.22146
20240605162015,405.42137
20240605163015,470.96444
20240605164015,540.40923
20240605165015,577.97265
20240704090015,872.83691
20240704091015,370.35217
20240704092015,496.24004
20240704093015,558.4427
20240704094015,277.76028
20240704095015,271.25239
20240704100015,240.80369
20240704101015,234.29123
20240704102015,250.52638
20240704103015,238.68828
20240704104015,277.9162
20240704105015,315.46375
20240704110015,328.82211
20240704111015,326.8193
20240704112015,315.56663
20240704113015,303.69064
20240704114015,299.78501
20240704115015,288.20975
20240704120015,252.03991
20240704121015,241.83578
20240704122015,235.54654
20240704123015,232.06244
20240704124015,227.56649
20240704125015,225.49557
20240704130015,212.59048
20240704131015,213.30056
20240704132015,210.11708
20240704133015,209.55011
20240704134015,209.35365
20240704135015,207.22041
20240704140015,203.8199
20240704141015,202.24021
20240704142015,200.97479
20240704143015,200.61126
20240704144015,199.13119
20240704145015,201.1333
20240704150015,197.40741
20240704151015,194.03066
20240704152015,193.54457
20240704153015,193.69191
20240704154015,193.61548
20240704155015,192.23467
20240704160015,303.90293
20240704161015,358.22146
20240704162015,405.42137
20240704163015,470.96444
20240704164015,540.40923
20240704165015,577.97265
20240316090016,691.86024
20240316091016,486.127
20240316092016,430.23169
20240316093016,242.72152
20240316094016,231.80482
20240316095016,222.14278
20240316100016,229.05962
20240316101016,231.13285
20240316102016,242.44719
20240316103016,250.31949
20240316104016,286.42454
20240316105016,322.37156
20240316110016,328.82211
20240316111016,326.8193
20240316112016,315.56663
20240316113016,303.69064
20240316114016,299.78501
20240316115016,288.20975
20240316120016,252.03991
20240316121016,241.83578
20240316122016,235.54654
20240316123016,232.06244
20240316124016,227.56649
20240316125016,225.49557
20240316130016,212.59048
20240316131016,213.30056
20240316132016,210.11708
20240316133016,209.55011
20240316134016,209.35365
20240316135016,207.22041
20240316140016,203.8199
20240316141016,202.24021
20240316142016,200.97479
20240316143016,200.61126
20240316144016,199.13119
20240316145016,201.1333
20240316150016,197.40741
20240316151016,194.03066
20240316152016,193.54457
20240316153016,193.69191
20240316154016,193.61548
20240316155016,192.23467
20240316160016,303.90293
20240316161016,358.22146
20240316162016,405.42137
20240316163016,470.96444
20240316164016,540.40923
20240316165016,577.97265
20240322090016,499.96412
20240322091016,325.18982
20240322092016,398.8545
20240322093016,220.86084
20240322094016,212.60035
20240322095016,222.14436
20240322100016,230.15564
20240322101016,243.13066
20240322102016,253.8184
20240322103016,264.58176
20240322104016,288.1758
20240322105016,321.1372
20240322110016,328.82211
20240322111016,326.8193
20240322112016,315.56663
20240322113016,303.69064
20240322114016,299.78501
20240322115016,288.20975
20240322120016,252.03991
20240322121016,241.83578
20240322122016,235.54654
20240322123016,232.06244
20240322124016,227.56649
20240322125016,225.49557
20240322130016,212.59048
20240322131016,213.30056
20240322132016,210.11708
20240322133016,209.55011
20240322134016,209.35365
20240322135016,207.22041
20240322140016,203.8199
20240322141016,202.24021
20240322142016,200.97479
20240322143016,200.61126
20240322144016,199.13119
20240322145016,201.1333
20240322150016,197.40741
20240322151016,194.03066
20240322152016,193.54457
20240322153016,193.69191
20240322154016,193.61548
20240322155016,192.23467
20240322160016,303.90293
20240322161016,358.22146
20240322162016,405.42137
20240322163016,470.96444
20240322164016,540.40923
20240322165016,577.97265
20240414090016,922.06542
20240414091016,337.35242
20240414092016,561.94603
20240414093016,323.33952
20240414094016,236.17538
20240414095016,280.20817
20240414100016,228.03253
20240414101016,235.31417
20240414102016,250.33782
20240414103016,252.92736
20240414104016,284.15008
20240414105016,320.96016
20240414110016,328.82211
20240414111016,326.8193
20240414112016,315.56663
20240414113016,303.69064
20240414114016,299.78501
20240414115016,288.20975
20240414120016,252.03991
20240414121016,241.83578
20240414122016,235.54654
20240414123016,232.06244
20240414124016,227.56649
20240414125016,225.49557
20240414130016,212.59048
20240414131016,213.30056
20240414132016,210.11708
20240414133016,209.55011
20240414134016,209.35365
20240414135016,207.22041
20240414140016,203.8199
20240414141016,202.24021
20240414142016,200.97479
20240414143016,200.61126
20240414144016,199.13119
20240414145016,201.1333
20240414150016,197.40741
20240414151016,194.03066
20240414152016,193.54457
20240414153016,193.69191
20240414154016,193.61548
20240414155016,192.23467
20240414160016,303.90293
20240414161016,358.22146
20240414162016,405.42137
20240414163016,470.96444
20240414164016,540.40923
20240414165016,577.97265
20240422090016,876.50335
20240422091016,372.67282
20240422092016,516.66442
20240422093016,384.41193
20240422094016,286.72044
20240422095016,251.95113
20240422100016,251.08135
20240422101016,235.98703
20240422102016,243.15648
20240422103016,243.87608
20240422104016,280.47079
20240422105016,320.69908
20240422110016,328.82211
20240422111016,326.8193
20240422112016,315.56663
20240422113016,303.69064
20240422114016,299.78501
20240422115016,288.20975
20240422120016,252.03991
20240422121016,241.83578
20240422122016,235.54654
20240422123016,232.06244
20240422124016,227.56649
20240422125016,225.49557
20240422130016,212.59048
20240422131016,213.30056
20240422132016,210.11708
20240422133016,209.55011
20240422134016,209.35365
20240422135016,207.22041
20240422140016,203.8199
20240422141016,202.24021
20240422142016,200.97479
20240422143016,200.61126
20240422144016,199.13119
20240422145016,201.1333
20240422150016,197.40741
20240422151016,194.03066
20240422152016,193.54457
20240422153016,193.69191
20240422154016,193.61548
20240422155016,192.23467
20240422160016,303.90293
20240422161016,358.22146
20240422162016,405.42137
20240422163016,470.96444
20240422164016,540.40923
20240422165016,577.97265
20240513090016,190.96766
20240513091016,202.49125
20240513092016,251.69722
20240513093016,216.43722
20240513094016,208.40492
20240513095016,212.73725
20240513100016,215.36816
20240513101016,225.14168
20240513102016,244.04234
20240513103016,262.2628
20240513104016,292.06469
20240513105016,321.96175
20240513110016,328.82211
20240513111016,326.8193
20240513112016,315.56663
20240513113016,303.69064
20240513114016,299.78501
20240513115016,288.20975
20240513120016,252.03991
20240513121016,241.83578
20240513122016,235.54654
20240513123016,232.06244
20240513124016,227.56649
20240513125016,225.49557
20240513130016,212.59048
20240513131016,213.30056
20240513132016,210.11708
20240513133016,209.55011
20240513134016,209.35365
20240513135016,207.22041
20240513140016,203.8199
20240513141016,202.24021
20240513142016,200.97479
20240513143016,200.61126
20240513144016,199.13119
20240513145016,201.1333
20240513150016,197.40741
20240513151016,194.03066
20240513152016,193.54457
20240513153016,193.69191
20240513154016,193.61548
20240513155016,192.23467
20240513160016,303.90293
20240513161016,358.22146
20240513162016,405.42137
20240513163016,470.96444
20240513164016,540.40923
20240513165016,577.97265
20240517090016,808.86747
20240517091016,368.31999
20240517092016,392.07184
20240517093016,476.48599
20240517094016,289.89415
20240517095016,248.07766
20240517100016,232.49292
20240517101016,247.97574
20240517102016,250.01935
20240517103016,244.69635
20240517104016,279.01873
20240517105016,313.53439
20240517110016,328.82211
20240517111016,326.8193
20240517112016,315.56663
20240517113016,303.69064
20240517114016,299.78501
20240517115016,288.20975
20240517120016,252.03991
20240517121016,241.83578
20240517122016,235.54654
20240517123016,232.06244
20240517124016,227.56649
20240517125016,225.49557
20240517130016,212.59048
20240517131016,213.30056
20240517132016,210.11708
20240517133016,209.55011
20240517134016,209.35365
20240517135016,207.22041
20240517140016,203.8199
20240517141016,202.24021
20240517142016,200.97479
20240517143016,200.61126
20240517144016,199.13119
20240517145016,201.1333
20240517150016,197.40741
20240517151016,194.03066
20240517152016,193.54457
20240517153016,193.69191
20240517154016,193.61548
20240517155016,192.23467
20240517160016,303.90293
20240517161016,358.22146
20240517162016,405.42137
20240517163016,470.96444
20240517164016,540.40923
20240517165016,577.97265
20240519090016,237.58597
20240519091016,217.7819
20240519092016,243.70193
20240519093016,222.94364
20240519094016,220.82335
20240519095016,229.4228
20240519100016,232.86709
20240519101016,235.33654
20240519102016,250.68041
20240519103016,256.43325
20240519104016,289.69525
20240519105016,321.02977
20240519110016,328.82211
20240519111016,326.8193
20240519112016,315.56663
20240519113016,303.69064
20240519114016,299.78501
20240519115016,288.20975
20240519120016,252.03991
20240519121016,241.83578
20240519122016,235.54654
20240519123016,232.06244
20240519124016,227.56649
20240519125016,225.49557
20240519130016,212.59048
20240519131016,213.30056
20240519132016,210.11708
20240519133016,209.55011
20240519134016,209.35365
20240519135016,207.22041
20240519140016,203.8199
20240519141016,202.24021
20240519142016,200.97479
20240519143016,200.61126
20240519144016,199.13119
20240519145016,201.1333
20240519150016,197.40741
20240519151016,194.03066
20240519152016,193.54457
20240519153016,193.69191
20240519154016,193.61548
20240519155016,192.23467
20240519160016,303.90293
20240519161016,358.22146
20240519162016,405.42137
20240519163016,470.96444
20240519164016,540.40923
20240519165016,577.97265
20240608090016,865.57983
20240608091016,245.38278
20240608092016,477.87495
20240608093016,459.54358
20240608094016,283.18437
20240608095016,314.42161
20240608100016,281.46987
20240608101016,236.24917
20240608102016,252.64775
20240608103016,252.55852
20240608104016,286.56859
20240608105016,315.17905
20240608110016,328.82211
20240608111016,326.8193
20240608112016,315.56663
20240608113016,303.69064
20240608114016,299.78501
20240608115016,288.20975
20240608120016,252.03991
20240608121016,241.83578
20240608122016,235.54654
20240608123016,232.06244
20240608124016,227.56649
20240608125016,225.49557
20240608130016,212.59048
20240608131016,213.30056
20240608132016,210.11708
20240608133016,209.55011
20240608134016,209.35365
20240608135016,207.22041
20240608140016,203.8199
20240608141016,202.24021
20240608142016,200.97479
20240608143016,200.61126
20240608144016,199.13119
20240608145016,201.1333
20240608150016,197.40741
20240608151016,194.03066
20240608152016,193.54457
20240608153016,193.69191
20240608154016,193.61548
20240608155016,192.23467
20240608160016,303.90293
20240608161016,358.22146
20240608162016,405.42137
20240608163016,470.96444
20240608164016,540.40923
20240608165016,577.97265
20240629090016,921.11223
20240629091016,371.25948
20240629092016,538.81296
20240629093016,520.50246
20240629094016,303.40991
20240629095016,288.04052
20240629100016,251.4441
20240629101016,235.99903
20240629102016,251.31548
20240629103016,240.67525
20240629104016,279.54997
20240629105016,319.58295
20240629110016,328.82211
20240629111016,326.8193
20240629112016,315.56663
20240629113016,303.69064
20240629114016,299.78501
20240629115016,288.20975
20240629120016,252.03991
20240629121016,241.83578
20240629122016,235.54654
20240629123016,232.06244
20240629124016,227.56649
20240629125016,225.49557
20240629130016,212.59048
20240629131016,213.30056
20240629132016,210.11708
20240629133016,209.55011
20240629134016,209.35365
20240629135016,207.22041
20240629140016,203.8199
20240629141016,202.24021
20240629142016,200.97479
20240629143016,200.61126
20240629144016,199.13119
20240629145016,201.1333
20240629150016,197.40741
20240629151016,194.03066
20240629152016,193.54457
20240629153016,193.69191
20240629154016,193.61548
20240629155016,192.23467
20240629160016,303.90293
20240629161016,358.22146
20240629162016,405.42137
20240629163016,470.96444
20240629164016,540.40923
20240629165016,577.97265
20240123090017,198.33621
20240123091017,196.64739
20240123092017,224.04729
20240123093017,207.32139
20240123094017,211.43144
20240123095017,222.36422
20240123100017,219.25504
20240123101017,233.95818
20240123102017,250.79288
20240123103017,263.52929
20240123104017,290.35741
20240123105017,322.74651
20240123110017,328.82211
20240123111017,326.8193
20240123112017,315.56663
20240123113017,303.69064
20240123114017,299.78501
20240123115017,288.20975
20240123120017,252.03991
20240123121017,241.83578
20240123122017,235.54654
20240123123017,232.06244
20240123124017,227.56649
20240123125017,225.49557
20240123130017,212.59048
20240123131017,213.30056
20240123132017,210.11708
20240123133017,209.55011
20240123134017,209.35365
20240123135017,207.22041
20240123140017,203.8199
20240123141017,202.24021
20240123142017,200.97479
20240123143017,200.61126
20240123144017,199.13119
20240123145017,201.1333
20240123150017,197.40741
20240123151017,194.03066
20240123152017,193.54457
20240123153017,193.69191
20240123154017,193.61548
20240123155017,192.23467
20240123160017,303.90293
20240123161017,358.22146
20240123162017,405.42137
20240123163017,470.96444
20240123164017,540.40923
20240123165017,577.97265
20240129090017,196.52826
20240129091017,202.53832
20240129092017,216.77787
20240129093017,211.50186
20240129094017,214.72018
20240129095017,222.83569
20240129100017,215.23442
20240129101017,229.16297
20240129102017,242.92104
20240129103017,263.11782
20240129104017,292.16325
20240129105017,322.71335
20240129110017,328.82211
20240129111017,326.8193
20240129112017,315.56663
20240129113017,303.69064
20240129114017,299.78501
20240129115017,288.20975
20240129120017,252.03991
20240129121017,241.83578
20240129122017,235.54654
20240129123017,232.06244
20240129124017,227.56649
20240129125017,225.49557
20240129130017,212.59048
20240129131017,213.30056
20240129132017,210.11708
20240129133017,209.55011
20240129134017,209.35365
20240129135017,207.22041
20240129140017,203.8199
20240129141017,202.24021
20240129142017,200.97479
20240129143017,200.61126
20240129144017,199.13119
20240129145017,201.1333
20240129150017,197.40741
20240129151017,194.03066
20240129152017,193.54457
20240129153017,193.69191
20240129154017,193.61548
20240129155017,192.23467
20240129160017,303.90293
20240129161017,358.22146
20240129162017,405.42137
20240129163017,470.96444
20240129164017,540.40923
20240129165017,577.97265
20240215090017,600.03775
20240215091017,235.98795
20240215092017,327.95231
20240215093017,372.74191
20240215094017,432.68802
20240215095017,242.6782
20240215100017,249.59595
20240215101017,239.75858
20240215102017,236.64366
20240215103017,236.61412
20240215104017,280.40002
20240215105017,322.5696
20240215110017,328.82211
20240215111017,326.8193
20240215112017,315.56663
20240215113017,303.69064
20240215114017,299.78501
20240215115017,288.20975
20240215120017,252.03991
20240215121017,241.83578
20240215122017,235.54654
20240215123017,232.06244
20240215124017,227.56649
20240215125017,225.49557
20240215130017,212.59048
20240215131017,213.30056
20240215132017,210.11708
20240215133017,209.55011
20240215134017,209.35365
20240215135017,207.22041
20240215140017,203.8199
20240215141017,202.24021
20240215142017,200.97479
20240215143017,200.61126
20240215144017,199.13119
20240215145017,201.1333
20240215150017,197.40741
20240215151017,194.03066
20240215152017,193.54457
20240215153017,193.69191
20240215154017,193.61548
20240215155017,192.23467
20240215160017,303.90293
20240215161017,358.22146
20240215162017,405.42137
20240215163017,470.96444
20240215164017,540.40923
20240215165017,577.97265
20240218090017,241.85234
20240218091017,251.39622
20240218092017,252.46951
20240218093017,221.95601
20240218094017,222.90615
20240218095017,240.49568
20240218100017,229.37127
20240218101017,241.01889
20240218102017,244.44687
20240218103017,255.03442
20240218104017,288.06153
20240218105017,322.62188
20240218110017,328.82211
20240218111017,326.8193
20240218112017,315.56663
20240218113017,303.69064
20240218114017,299.78501
20240218115017,288.20975
20240218120017,252.03991
20240218121017,241.83578
20240218122017,235.54654
20240218123017,232.06244
20240218124017,227.56649
20240218125017,225.49557
20240218130017,212.59048
20240218131017,213.30056
20240218132017,210.11708
20240218133017,209.55011
20240218134017,209.35365
20240218135017,207.22041
20240218140017,203.8199
20240218141017,202.24021
20240218142017,200.97479
20240218143017,200.61126
20240218144017,199.13119
20240218145017,201.1333
20240218150017,197.40741
20240218151017,194.03066
20240218152017,193.54457
20240218153017,193.69191
20240218154017,193.61548
20240218155017,192.23467
20240218160017,303.90293
20240218161017,358.22146
20240218162017,405.42137
20240218163017,470.96444
20240218164017,540.40923
20240218165017,577.97265
20240305090017,673.01567
20240305091017,255.98483
20240305092017,283.65623
20240305093017,327.56732
20240305094017,239.36557
20240305095017,242.05786
20240305100017,222.57356
20240305101017,233.39502
20240305102017,243.29403
20240305103017,241.83218
20240305104017,277.21279
20240305105017,315.9412
20240305110017,328.82211
20240305111017,326.8193
20240305112017,315.56663
20240305113017,303.69064
20240305114017,299.78501
20240305115017,288.20975
20240305120017,252.03991
20240305121017,241.83578
20240305122017,235.54654
20240305123017,232.06244
20240305124017,227.56649
20240305125017,225.49557
20240305130017,212.59048
20240305131017,213.30056
20240305132017,210.11708
20240305133017,209.55011
20240305134017,209.35365
20240305135017,207.22041
20240305140017,203.8199
20240305141017,202.24021
20240305142017,200.97479
20240305143017,200.61126
20240305144017,199.13119
20240305145017,201.1333
20240305150017,197.40741
20240305151017,194.03066
20240305152017,193.54457
20240305153017,193.69191
20240305154017,193.61548
20240305155017,192.23467
20240305160017,303.90293
20240305161017,358.22146
20240305162017,405.42137
20240305163017,470.96444
20240305164017,540.40923
20240305165017,577.97265
20240309090017,212.65084
20240309091017,212.62772
20240309092017,320.26687
20240309093017,209.69966
20240309094017,208.36692
20240309095017,220.55829
20240309100017,222.71352
20240309101017,232.386
20240309102017,250.8399
20240309103017,263.83033
20240309104017,290.06004
20240309105017,321.94731
20240309110017,328.82211
20240309111017,326.8193
20240309112017,315.56663
20240309113017,303.69064
20240309114017,299.78501
20240309115017,288.20975
20240309120017,252.03991
20240309121017,241.83578
20240309122017,235.54654
20240309123017,232.06244
20240309124017,227.56649
20240309125017,225.49557
20240309130017,212.59048
20240309131017,213.30056
20240309132017,210.11708
20240309133017,209.55011
20240309134017,209.35365
20240309135017,207.22041
20240309140017,203.8199
20240309141017,202.24021
20240309142017,200.97479
20240309143017,200.61126
20240309144017,199.13119
20240309145017,201.1333
20240309150017,197.40741
20240309151017,194.03066
20240309152017,193.54457
20240309153017,193.69191
20240309154017,193.61548
20240309155017,192.23467
20240309160017,303.90293
20240309161017,358.22146
20240309162017,405.42137
20240309163017,470.96444
20240309164017,540.40923
20240309165017,577.97265
20240311090017,224.24531
20240311091017,229.22754
20240311092017,295.501
20240311093017,211.70682
20240311094017,208.71129
20240311095017,221.46439
20240311100017,224.3677
20240311101017,233.33015
20240311102017,250.48958
20240311103017,263.64842
20240311104017,289.86123
20240311105017,321.96175
20240311110017,328.82211
20240311111017,326.8193
20240311112017,315.56663
20240311113017,303.69064
20240311114017,299.78501
20240311115017,288.20975
20240311120017,252.03991
20240311121017,241.83578
20240311122017,235.54654
20240311123017,232.06244
20240311124017,227.56649
20240311125017,225.49557
20240311130017,212.59048
20240311131017,213.30056
20240311132017,210.11708
20240311133017,209.55011
20240311134017,209.35365
20240311135017,207.22041
20240311140017,203.8199
20240311141017,202.24021
20240311142017,200.97479
20240311143017,200.61126
20240311144017,199.13119
20240311145017,201.1333
20240311150017,197.40741
20240311151017,194.03066
20240311152017,193.54457
20240311153017,193.69191
20240311154017,193.61548
20240311155017,192.23467
20240311160017,303.90293
20240311161017,358.22146
20240311162017,405.42137
20240311163017,470.96444
20240311164017,540.40923
20240311165017,577.97265
20240403090017,726.91239
20240403091017,285.11827
20240403092017,370.78806
20240403093017,498.01562
20240403094017,355.5966
20240403095017,239.4221
20240403100017,242.92992
20240403101017,234.45598
20240403102017,243.05975
20240403103017,240.98575
20240403104017,280.59673
20240403105017,320.45313
20240403110017,328.82211
20240403111017,326.8193
20240403112017,315.56663
20240403113017,303.69064
20240403114017,299.78501
20240403115017,288.20975
20240403120017,252.03991
20240403121017,241.83578
20240403122017,235.54654
20240403123017,232.06244
20240403124017,227.56649
20240403125017,225.49557
20240403130017,212.59048
20240403131017,213.30056
20240403132017,210.11708
20240403133017,209.55011
20240403134017,209.35365
20240403135017,207.22041
20240403140017,203.8199
20240403141017,202.24021
20240403142017,200.97479
20240403143017,200.61126
20240403144017,199.13119
20240403145017,201.1333
20240403150017,197.40741
20240403151017,194.03066
20240403152017,193.54457
20240403153017,193.69191
20240403154017,193.61548
20240403155017,192.23467
20240403160017,303.90293
20240403161017,358.22146
20240403162017,405.42137
20240403163017,470.96444
20240403164017,540.40923
20240403165017,577.97265
20240507090017,631.10824
20240507091017,258.87188
20240507092017,309.24338
20240507093017,429.91412
20240507094017,325.08086
20240507095017,248.7347
20240507100017,241.36965
20240507101017,235.61089
20240507102017,243.45279
20240507103017,243.9151
20240507104017,279.9364
20240507105017,320.56056
20240507110017,328.82211
20240507111017,326.8193
20240507112017,315.56663
20240507113017,303.69064
20240507114017,299.78501
20240507115017,288.20975
20240507120017,252.03991
20240507121017,241.83578
20240507122017,235.54654
20240507123017,232.06244
20240507124017,227.56649
20240507125017,225.49557
20240507130017,212.59048
20240507131017,213.30056
20240507132017,210.11708
20240507133017,209.55011
20240507134017,209.35365
20240507135017,207.22041
20240507140017,203.8199
20240507141017,202.24021
20240507142017,200.97479
20240507143017,200.61126
20240507144017,199.13119
20240507145017,201.1333
20240507150017,197.40741
20240507151017,194.03066
20240507152017,193.54457
20240507153017,193.69191
20240507154017,193.61548
20240507155017,192.23467
20240507160017,303.90293
20240507161017,358.22146
20240507162017,405.42137
20240507163017,470.96444
20240507164017,540.40923
20240507165017,577.97265
20240528090017,190.04027
20240528091017,200.31568
20240528092017,253.77572
20240528093017,213.11809
20240528094017,208.2899
20240528095017,211.6714
20240528100017,215.72094
20240528101017,224.86149
20240528102017,244.17936
20240528103017,263.37967
20240528104017,291.84103
20240528105017,321.96175
20240528110017,328.82211
20240528111017,326.8193
20240528112017,315.56663
20240528113017,303.69064
20240528114017,299.78501
20240528115017,288.20975
20240528120017,252.03991
20240528121017,241.83578
20240528122017,235.54654
20240528123017,232.06244
20240528124017,227.56649
20240528125017,225.49557
20240528130017,212.59048
20240528131017,213.30056
20240528132017,210.11708
20240528133017,209.55011
20240528134017,209.35365
20240528135017,207.22041
20240528140017,203.8199
20240528141017,202.24021
20240528142017,200.97479
20240528143017,200.61126
20240528144017,199.13119
20240528145017,201.1333
20240528150017,197.40741
20240528151017,194.03066
20240528152017,193.54457
20240528153017,193.69191
20240528154017,193.61548
20240528155017,192.23467
20240528160017,303.90293
20240528161017,358.22146
20240528162017,405.42137
20240528163017,470.96444
20240528164017,540.40923
20240528165017,577.97265
20240614090017,211.65806
20240614091017,225.36714
20240614092017,353.08671
20240614093017,242.23397
20240614094017,210.0891
20240614095017,214.243
20240614100017,224.70649
20240614101017,231.32764
20240614102017,243.50368
20240614103017,253.94072
20240614104017,289.71899
20240614105017,320.56862
20240614110017,328.82211
20240614111017,326.8193
20240614112017,315.56663
20240614113017,303.69064
20240614114017,299.78501
20240614115017,288.20975
20240614120017,252.03991
20240614121017,241.83578
20240614122017,235.54654
20240614123017,232.06244
20240614124017,227.56649
20240614125017,225.49557
20240614130017,212.59048
20240614131017,213.30056
20240614132017,210.11708
20240614133017,209.55011
20240614134017,209.35365
20240614135017,207.22041
20240614140017,203.8199
20240614141017,202.24021
20240614142017,200.97479
20240614143017,200.61126
20240614144017,199.13119
20240614145017,201.1333
20240614150017,197.40741
20240614151017,194.03066
20240614152017,193.54457
20240614153017,193.69191
20240614154017,193.61548
20240614155017,192.23467
20240614160017,303.90293
20240614161017,358.22146
20240614162017,405.42137
20240614163017,470.96444
20240614164017,540.40923
20240614165017,577.97265
20240619090017,529.23359
20240619091017,308.84699
20240619092017,435.92246
20240619093017,478.27172
20240619094017,371.35717
20240619095017,238.67252
20240619100017,296.43669
20240619101017,232.29547
20240619102017,241.45894
20240619103017,243.43496
20240619104017,287.49953
20240619105017,320.82054
20240619110017,328.82211
20240619111017,326.8193
20240619112017,315.56663
20240619113017,303.69064
20240619114017,299.78501
20240619115017,288.20975
20240619120017,252.03991
20240619121017,241.83578
20240619122017,235.54654
20240619123017,232.06244
20240619124017,227.56649
20240619125017,225.49557
20240619130017,212.59048
20240619131017,213.30056
20240619132017,210.11708
20240619133017,209.55011
20240619134017,209.35365
20240619135017,207.22041
20240619140017,203.8199
20240619141017,202.24021
20240619142017,200.97479
20240619143017,200.61126
20240619144017,199.13119
20240619145017,201.1333
20240619150017,197.40741
20240619151017,194.03066
20240619152017,193.54457
20240619153017,193.69191
20240619154017,193.61548
20240619155017,192.23467
20240619160017,303.90293
20240619161017,358.22146
20240619162017,405.42137
20240619163017,470.96444
20240619164017,540.40923
20240619165017,577.97265
20240627090017,682.82114
20240627091017,352.94729
20240627092017,482.6696
20240627093017,498.07495
20240627094017,366.50558
20240627095017,280.89516
20240627100017,292.5695
20240627101017,234.29233
20240627102017,244.52876
20240627103017,243.28061
20240627104017,283.9305
20240627105017,319.90513
20240627110017,328.82211
20240627111017,326.8193
20240627112017,315.56663
20240627113017,303.69064
20240627114017,299.78501
20240627115017,288.20975
20240627120017,252.03991
20240627121017,241.83578
20240627122017,235.54654
20240627123017,232.06244
20240627124017,227.56649
20240627125017,225.49557
20240627130017,212.59048
20240627131017,213.30056
20240627132017,210.11708
20240627133017,209.55011
20240627134017,209.35365
20240627135017,207.22041
20240627140017,203.8199
20240627141017,202.24021
20240627142017,200.97479
20240627143017,200.61126
20240627144017,199.13119
20240627145017,201.1333
20240627150017,197.40741
20240627151017,194.03066
20240627152017,193.54457
20240627153017,193.69191
20240627154017,193.61548
20240627155017,192.23467
20240627160017,303.90293
20240627161017,358.22146
20240627162017,405.42137
20240627163017,470.96444
20240627164017,540.40923
20240627165017,577.97265
20240629090017,675.04246
20240629091017,325.86839
20240629092017,455.08748
20240629093017,525.86507
20240629094017,329.81242
20240629095017,262.9444
20240629100017,279.89785
20240629101017,234.76995
20240629102017,245.28584
20240629103017,242.75619
20240629104017,281.29564
20240629105017,320.16122
20240629110017,328.82211
20240629111017,326.8193
20240629112017,315.56663
20240629113017,303.69064
20240629114017,299.78501
20240629115017,288.20975
20240629120017,252.03991
20240629121017,241.83578
20240629122017,235.54654
20240629123017,232.06244
20240629124017,227.56649
20240629125017,225.49557
20240629130017,212.59048
20240629131017,213.30056
20240629132017,210.11708
20240629133017,209.55011
20240629134017,209.35365
20240629135017,207.22041
20240629140017,203.8199
20240629141017,202.24021
20240629142017,200.97479
20240629143017,200.61126
20240629144017,199.13119
20240629145017,201.1333
20240629150017,197.40741
20240629151017,194.03066
20240629152017,193.54457
20240629153017,193.69191
20240629154017,193.61548
20240629155017,192.23467
20240629160017,303.90293
20240629161017,358.22146
20240629162017,405.42137
20240629163017,470.96444
20240629164017,540.40923
20240629165017,577.97265
20240704090017,724.60365
20240704091017,340.94558
20240704092017,430.24164
20240704093017,497.5271
20240704094017,278.1053
20240704095017,249.60409
20240704100017,242.53666
20240704101017,231.62918
20240704102017,244.61023
20240704103017,242.10294
20240704104017,279.81536
20240704105017,317.36946
20240704110017,328.82211
20240704111017,326.8193
20240704112017,315.56663
20240704113017,303.69064
20240704114017,299.78501
20240704115017,288.20975
20240704120017,252.03991
20240704121017,241.83578
20240704122017,235.54654
20240704123017,232.06244
20240704124017,227.56649
20240704125017,225.49557
20240704130017,212.59048
20240704131017,213.30056
20240704132017,210.11708
20240704133017,209.55011
20240704134017,209.35365
20240704135017,207.22041
20240704140017,203.8199
20240704141017,202.24021
20240704142017,200.97479
20240704143017,200.61126
20240704144017,199.13119
20240704145017,201.1333
20240704150017,197.40741
20240704151017,194.03066
20240704152017,193.54457
20240704153017,193.69191
20240704154017,193.61548
20240704155017,192.23467
20240704160017,303.90293
20240704161017,358.22146
20240704162017,405.42137
20240704163017,470.96444
20240704164017,540.40923
20240704165017,577.97265
20240706090017,726.00478
20240706091017,359.36061
20240706092017,436.52192
20240706093017,497.58951
20240706094017,276.98216
20240706095017,262.32178
20240706100017,243.09328
20240706101017,231.61243
20240706102017,244.45057
20240706103017,241.54025
20240706104017,279.81536
20240706105017,319.56989
20240706110017,328.82211
20240706111017,326.8193
20240706112017,315.56663
20240706113017,303.69064
20240706114017,299.78501
20240706115017,288.20975
20240706120017,252.03991
20240706121017,241.83578
20240706122017,235.54654
20240706123017,232.06244
20240706124017,227.56649
20240706125017,225.49557
20240706130017,212.59048
20240706131017,213.30056
20240706132017,210.11708
20240706133017,209.55011
20240706134017,209.35365
20240706135017,207.22041
20240706140017,203.8199
20240706141017,202.24021
20240706142017,200.97479
20240706143017,200.61126
20240706144017,199.13119
20240706145017,201.1333
20240706150017,197.40741
20240706151017,194.03066
20240706152017,193.54457
20240706153017,193.69191
20240706154017,193.61548
20240706155017,192.23467
20240706160017,303.90293
20240706161017,358.22146
20240706162017,405.42137
20240706163017,470.96444
20240706164017,540.40923
20240706165017,577.97265
20240328090008,300.01098
20240328091008,430.69175
20240328092008,316.76946
20240328093008,234.7384
20240328094008,234.04418
20240328095008,204.26185
20240328100008,227.5575
20240328101008,224.71761
20240328102008,230.66838
20240328103008,242.36935
20240328104008,286.89308
20240328105008,322.89241
20240328110008,328.82211
20240328111008,326.8193
20240328112008,315.56663
20240328113008,303.69064
20240328114008,299.78501
20240328115008,288.20975
20240328120008,252.03991
20240328121008,241.83578
20240328122008,235.54654
20240328123008,232.06244
20240328124008,227.56649
20240328125008,225.49557
20240328130008,212.59048
20240328131008,213.30056
20240328132008,210.11708
20240328133008,209.55011
20240328134008,209.35365
20240328135008,207.22041
20240328140008,203.8199
20240328141008,202.24021
20240328142008,200.97479
20240328143008,200.61126
20240328144008,199.13119
20240328145008,201.1333
20240328150008,197.40741
20240328151008,194.03066
20240328152008,193.54457
20240328153008,193.69191
20240328154008,193.61548
20240328155008,192.23467
20240328160008,303.90293
20240328161008,358.22146
20240328162008,405.42137
20240328163008,470.96444
20240328164008,540.40923
20240328165008,577.97265
20240508090008,243.34283
20240508091008,212.26956
20240508092008,232.72737
20240508093008,221.58609
20240508094008,212.13567
20240508095008,224.05824
20240508100008,230.02504
20240508101008,233.91161
20240508102008,250.07404
20240508103008,255.55656
20240508104008,289.72296
20240508105008,321.11749
20240508110008,328.82211
20240508111008,326.8193
20240508112008,315.56663
20240508113008,303.69064
20240508114008,299.78501
20240508115008,288.20975
20240508120008,252.03991
20240508121008,241.83578
20240508122008,235.54654
20240508123008,232.06244
20240508124008,227.56649
20240508125008,225.49557
20240508130008,212.59048
20240508131008,213.30056
20240508132008,210.11708
20240508133008,209.55011
20240508134008,209.35365
20240508135008,207.22041
20240508140008,203.8199
20240508141008,202.24021
20240508142008,200.97479
20240508143008,200.61126
20240508144008,199.13119
20240508145008,201.1333
20240508150008,197.40741
20240508151008,194.03066
20240508152008,193.54457
20240508153008,193.69191
20240508154008,193.61548
20240508155008,192.23467
20240508160008,303.90293
20240508161008,358.22146
20240508162008,405.42137
20240508163008,470.96444
20240508164008,540.40923
20240508165008,577.97265
20240521090008,209.78441
20240521091008,209.34695
20240521092008,233.48218
20240521093008,225.34064
20240521094008,221.00023
20240521095008,222.86871
20240521100008,224.60687
20240521101008,230.58568
20240521102008,245.20312
20240521103008,255.81177
20240521104008,290.58453
20240521105008,321.33542
20240521110008,328.82211
20240521111008,326.8193
20240521112008,315.56663
20240521113008,303.69064
20240521114008,299.78501
20240521115008,288.20975
20240521120008,252.03991
20240521121008,241.83578
20240521122008,235.54654
20240521123008,232.06244
20240521124008,227.56649
20240521125008,225.49557
20240521130008,212.59048
20240521131008,213.30056
20240521132008,210.11708
20240521133008,209.55011
20240521134008,209.35365
20240521135008,207.22041
20240521140008,203.8199
20240521141008,202.24021
20240521142008,200.97479
20240521143008,200.61126
20240521144008,199.13119
20240521145008,201.1333
20240521150008,197.40741
20240521151008,194.03066
20240521152008,193.54457
20240521153008,193.69191
20240521154008,193.61548
20240521155008,192.23467
20240521160008,303.90293
20240521161008,358.22146
20240521162008,405.42137
20240521163008,470.96444
20240521164008,540.40923
20240521165008,577.97265
20240618090008,233.09531
20240618091008,222.78914
20240618092008,349.17455
20240618093008,222.89769
20240618094008,208.04597
20240618095008,221.47232
20240618100008,230.55682
20240618101008,235.478
20240618102008,250.37193
20240618103008,261.16944
20240618104008,289.29446
20240618105008,316.30966
20240618110008,328.82211
20240618111008,326.8193
20240618112008,315.56663
20240618113008,303.69064
20240618114008,299.78501
20240618115008,288.20975
20240618120008,252.03991
20240618121008,241.83578
20240618122008,235.54654
20240618123008,232.06244
20240618124008,227.56649
20240618125008,225.49557
20240618130008,212.59048
20240618131008,213.30056
20240618132008,210.11708
20240618133008,209.55011
20240618134008,209.35365
20240618135008,207.22041
20240618140008,203.8199
20240618141008,202.24021
20240618142008,200.97479
20240618143008,200.61126
20240618144008,199.13119
20240618145008,201.1333
20240618150008,197.40741
20240618151008,194.03066
20240618152008,193.54457
20240618153008,193.69191
20240618154008,193.61548
20240618155008,192.23467
20240618160008,303.90293
20240618161008,358.22146
20240618162008,405.42137
20240618163008,470.96444
20240618164008,540.40923
20240618165008,577.97265
20240630090008,195.33658
20240630091008,205.62007
20240630092008,291.02555
20240630093008,431.55018
20240630094008,359.60804
20240630095008,206.35337
20240630100008,250.27779
20240630101008,227.34904
20240630102008,230.7111
20240630103008,242.94521
20240630104008,287.93337
20240630105008,322.20316
20240630110008,328.82211
20240630111008,326.8193
20240630112008,315.56663
20240630113008,303.69064
20240630114008,299.78501
20240630115008,288.20975
20240630120008,252.03991
20240630121008,241.83578
20240630122008,235.54654
20240630123008,232.06244
20240630124008,227.56649
20240630125008,225.49557
20240630130008,212.59048
20240630131008,213.30056
20240630132008,210.11708
20240630133008,209.55011
20240630134008,209.35365
20240630135008,207.22041
20240630140008,203.8199
20240630141008,202.24021
20240630142008,200.97479
20240630143008,200.61126
20240630144008,199.13119
20240630145008,201.1333
20240630150008,197.40741
20240630151008,194.03066
20240630152008,193.54457
20240630153008,193.69191
20240630154008,193.61548
20240630155008,192.23467
20240630160008,303.90293
20240630161008,358.22146
20240630162008,405.42137
20240630163008,470.96444
20240630164008,540.40923
20240630165008,577.97265
20240702090008,197.5461
20240702091008,209.89471
20240702092008,347.33784
20240702093008,432.23125
20240702094008,354.91963
20240702095008,207.23443
20240702100008,251.12154
20240702101008,226.25999
20240702102008,232.69539
20240702103008,243.50772
20240702104008,289.91608
20240702105008,322.34516
20240702110008,328.82211
20240702111008,326.8193
20240702112008,315.56663
20240702113008,303.69064
20240702114008,299.78501
20240702115008,288.20975
20240702120008,252.03991
20240702121008,241.83578
20240702122008,235.54654
20240702123008,232.06244
20240702124008,227.56649
20240702125008,225.49557
20240702130008,212.59048
20240702131008,213.30056
20240702132008,210.11708
20240702133008,209.55011
20240702134008,209.35365
20240702135008,207.22041
20240702140008,203.8199
20240702141008,202.24021
20240702142008,200.97479
20240702143008,200.61126
20240702144008,199.13119
20240702145008,201.1333
20240702150008,197.40741
20240702151008,194.03066
20240702152008,193.54457
20240702153008,193.69191
20240702154008,193.61548
20240702155008,192.23467
20240702160008,303.90293
20240702161008,358.22146
20240702162008,405.42137
20240702163008,470.96444
20240702164008,540.40923
20240702165008,577.97265
20240812090008,196.912
20240812091008,206.04317
20240812092008,301.47234
20240812093008,427.23144
20240812094008,370.99644
20240812095008,207.28863
20240812100008,251.22763
20240812101008,226.52082
20240812102008,230.86456
20240812103008,243.42321
20240812104008,289.75735
20240812105008,322.34516
20240812110008,328.82211
20240812111008,326.8193
20240812112008,315.56663
20240812113008,303.69064
20240812114008,299.78501
20240812115008,288.20975
20240812120008,252.03991
20240812121008,241.83578
20240812122008,235.54654
20240812123008,232.06244
20240812124008,227.56649
20240812125008,225.49557
20240812130008,212.59048
20240812131008,213.30056
20240812132008,210.11708
20240812133008,209.55011
20240812134008,209.35365
20240812135008,207.22041
20240812140008,203.8199
20240812141008,202.24021
20240812142008,200.97479
20240812143008,200.61126
20240812144008,199.13119
20240812145008,201.1333
20240812150008,197.40741
20240812151008,194.03066
20240812152008,193.54457
20240812153008,193.69191
20240812154008,193.61548
20240812155008,192.23467
20240812160008,303.90293
20240812161008,358.22146
20240812162008,405.42137
20240812163008,470.96444
20240812164008,540.40923
20240812165008,577.97265
20240828090008,195.71915
20240828091008,208.47654
20240828092008,296.3113
20240828093008,427.225
20240828094008,367.42733
20240828095008,207.00759
20240828100008,250.7873
20240828101008,226.2144
20240828102008,230.74893
20240828103008,243.42321
20240828104008,289.75735
20240828105008,322.34516
20240828110008,328.82211
20240828111008,326.8193
20240828112008,315.56663
20240828113008,303.69064
20240828114008,299.78501
20240828115008,288.20975
20240828120008,252.03991
20240828121008,241.83578
20240828122008,235.54654
20240828123008,232.06244
20240828124008,227.56649
20240828125008,225.49557
20240828130008,212.59048
20240828131008,213.30056
20240828132008,210.11708
20240828133008,209.55011
20240828134008,209.35365
20240828135008,207.22041
20240828140008,203.8199
20240828141008,202.24021
20240828142008,200.97479
20240828143008,200.61126
20240828144008,199.13119
20240828145008,201.1333
20240828150008,197.40741
20240828151008,194.03066
20240828152008,193.54457
20240828153008,193.69191
20240828154008,193.61548
20240828155008,192.23467
20240828160008,303.90293
20240828161008,358.22146
20240828162008,405.42137
20240828163008,470.96444
20240828164008,540.40923
20240828165008,577.97265
20240307090010,188.74057
20240307091010,197.4371
20240307092010,250.66816
20240307093010,211.30552
20240307094010,208.57686
20240307095010,211.75924
20240307100010,211.63391
20240307101010,224.53113
20240307102010,243.84276
20240307103010,256.19748
20240307104010,291.73273
20240307105010,322.20607
20240307110010,328.82211
20240307111010,326.8193
20240307112010,315.56663
20240307113010,303.69064
20240307114010,299.78501
20240307115010,288.20975
20240307120010,252.03991
20240307121010,241.83578
20240307122010,235.54654
20240307123010,232.06244
20240307124010,227.56649
20240307125010,225.49557
20240307130010,212.59048
20240307131010,213.30056
20240307132010,210.11708
20240307133010,209.55011
20240307134010,209.35365
20240307135010,207.22041
20240307140010,203.8199
20240307141010,202.24021
20240307142010,200.97479
20240307143010,200.61126
20240307144010,199.13119
20240307145010,201.1333
20240307150010,197.40741
20240307151010,194.03066
20240307152010,193.54457
20240307153010,193.69191
20240307154010,193.61548
20240307155010,192.23467
20240307160010,303.90293
20240307161010,358.22146
20240307162010,405.42137
20240307163010,470.96444
20240307164010,540.40923
20240307165010,577.97265
20240310090010,188.21382
20240310091010,194.38042
20240310092010,262.41082
20240310093010,207.81992
20240310094010,208.06425
20240310095010,210.85291
20240310100010,212.02498
20240310101010,224.36342
20240310102010,243.86592
20240310103010,256.07628
20240310104010,291.10101
20240310105010,322.20607
20240310110010,328.82211
20240310111010,326.8193
20240310112010,315.56663
20240310113010,303.69064
20240310114010,299.78501
20240310115010,288.20975
20240310120010,252.03991
20240310121010,241.83578
20240310122010,235.54654
20240310123010,232.06244
20240310124010,227.56649
20240310125010,225.49557
20240310130010,212.59048
20240310131010,213.30056
20240310132010,210.11708
20240310133010,209.55011
20240310134010,209.35365
20240310135010,207.22041
20240310140010,203.8199
20240310141010,202.24021
20240310142010,200.97479
20240310143010,200.61126
20240310144010,199.13119
20240310145010,201.1333
20240310150010,197.40741
20240310151010,194.03066
20240310152010,193.54457
20240310153010,193.69191
20240310154010,193.61548
20240310155010,192.23467
20240310160010,303.90293
20240310161010,358.22146
20240310162010,405.42137
20240310163010,470.96444
20240310164010,540.40923
20240310165010,577.97265
20240423090010,213.45335
20240423091010,223.45267
20240423092010,251.24896
20240423093010,223.01247
20240423094010,210.9951
20240423095010,222.73374
20240423100010,230.71562
20240423101010,235.50149
20240423102010,244.54552
20240423103010,253.88923
20240423104010,289.69525
20240423105010,321.02977
20240423110010,328.82211
20240423111010,326.8193
20240423112010,315.56663
20240423113010,303.69064
20240423114010,299.78501
20240423115010,288.20975
20240423120010,252.03991
20240423121010,241.83578
20240423122010,235.54654
20240423123010,232.06244
20240423124010,227.56649
20240423125010,225.49557
20240423130010,212.59048
20240423131010,213.30056
20240423132010,210.11708
20240423133010,209.55011
20240423134010,209.35365
20240423135010,207.22041
20240423140010,203.8199
20240423141010,202.24021
20240423142010,200.97479
20240423143010,200.61126
20240423144010,199.13119
20240423145010,201.1333
20240423150010,197.40741
20240423151010,194.03066
20240423152010,193.54457
20240423153010,193.69191
20240423154010,193.61548
20240423155010,192.23467
20240423160010,303.90293
20240423161010,358.22146
20240423162010,405.42137
20240423163010,470.96444
20240423164010,540.40923
20240423165010,577.97265
20240519090010,233.40798
20240519091010,214.4278
20240519092010,232.48026
20240519093010,224.18847
20240519094010,221.10005
20240519095010,223.14144
20240519100010,225.47707
20240519101010,232.16671
20240519102010,244.84515
20240519103010,255.2355
20240519104010,290.12554
20240519105010,321.33542
20240519110010,328.82211
20240519111010,326.8193
20240519112010,315.56663
20240519113010,303.69064
20240519114010,299.78501
20240519115010,288.20975
20240519120010,252.03991
20240519121010,241.83578
20240519122010,235.54654
20240519123010,232.06244
20240519124010,227.56649
20240519125010,225.49557
20240519130010,212.59048
20240519131010,213.30056
20240519132010,210.11708
20240519133010,209.55011
20240519134010,209.35365
20240519135010,207.22041
20240519140010,203.8199
20240519141010,202.24021
20240519142010,200.97479
20240519143010,200.61126
20240519144010,199.13119
20240519145010,201.1333
20240519150010,197.40741
20240519151010,194.03066
20240519152010,193.54457
20240519153010,193.69191
20240519154010,193.61548
20240519155010,192.23467
20240519160010,303.90293
20240519161010,358.22146
20240519162010,405.42137
20240519163010,470.96444
20240519164010,540.40923
20240519165010,577.97265
20240619090010,330.66415
20240619091010,207.66165
20240619092010,384.01442
20240619093010,308.08161
20240619094010,235.53068
20240619095010,211.18675
20240619100010,278.24893
20240619101010,231.68938
20240619102010,237.01317
20240619103010,243.48687
20240619104010,287.90702
20240619105010,321.32541
20240619110010,328.82211
20240619111010,326.8193
20240619112010,315.56663
20240619113010,303.69064
20240619114010,299.78501
20240619115010,288.20975
20240619120010,252.03991
20240619121010,241.83578
20240619122010,235.54654
20240619123010,232.06244
20240619124010,227.56649
20240619125010,225.49557
20240619130010,212.59048
20240619131010,213.30056
20240619132010,210.11708
20240619133010,209.55011
20240619134010,209.35365
20240619135010,207.22041
20240619140010,203.8199
20240619141010,202.24021
20240619142010,200.97479
20240619143010,200.61126
20240619144010,199.13119
20240619145010,201.1333
20240619150010,197.40741
20240619151010,194.03066
20240619152010,193.54457
20240619153010,193.69191
20240619154010,193.61548
20240619155010,192.23467
20240619160010,303.90293
20240619161010,358.22146
20240619162010,405.42137
20240619163010,470.96444
20240619164010,540.40923
20240619165010,577.97265
20240711090010,463.79833
20240711091010,247.89847
20240711092010,427.68635
20240711093010,507.16625
20240711094010,325.74313
20240711095010,212.45056
20240711100010,283.05517
20240711101010,234.83114
20240711102010,230.00082
20240711103010,242.39735
20240711104010,286.44184
20240711105010,321.84626
20240711110010,328.82211
20240711111010,326.8193
20240711112010,315.56663
20240711113010,303.69064
20240711114010,299.78501
20240711115010,288.20975
20240711120010,252.03991
20240711121010,241.83578
20240711122010,235.54654
20240711123010,232.06244
20240711124010,227.56649
20240711125010,225.49557
20240711130010,212.59048
20240711131010,213.30056
20240711132010,210.11708
20240711133010,209.55011
20240711134010,209.35365
20240711135010,207.22041
20240711140010,203.8199
20240711141010,202.24021
20240711142010,200.97479
20240711143010,200.61126
20240711144010,199.13119
20240711145010,201.1333
20240711150010,197.40741
20240711151010,194.03066
20240711152010,193.54457
20240711153010,193.69191
20240711154010,193.61548
20240711155010,192.23467
20240711160010,303.90293
20240711161010,358.22146
20240711162010,405.42137
20240711163010,470.96444
20240711164010,540.40923
20240711165010,577.97265
20240207090017,207.84782
20240207091017,221.62618
20240207092017,226.83616
20240207093017,222.58703
20240207094017,221.30859
20240207095017,222.57338
20240207100017,222.58001
20240207101017,229.00123
20240207102017,241.61802
20240207103017,257.36635
20240207104017,291.40278
20240207105017,322.82078
20240207110017,328.82211
20240207111017,326.8193
20240207112017,315.56663
20240207113017,303.69064
20240207114017,299.78501
20240207115017,288.20975
20240207120017,252.03991
20240207121017,241.83578
20240207122017,235.54654
20240207123017,232.06244
20240207124017,227.56649
20240207125017,225.49557
20240207130017,212.59048
20240207131017,213.30056
20240207132017,210.11708
20240207133017,209.55011
20240207134017,209.35365
20240207135017,207.22041
20240207140017,203.8199
20240207141017,202.24021
20240207142017,200.97479
20240207143017,200.61126
20240207144017,199.13119
20240207145017,201.1333
20240207150017,197.40741
20240207151017,194.03066
20240207152017,193.54457
20240207153017,193.69191
20240207154017,193.61548
20240207155017,192.23467
20240207160017,303.90293
20240207161017,358.22146
20240207162017,405.42137
20240207163017,470.96444
20240207164017,540.40923
20240207165017,577.97265
20240224090017,200.77082
20240224091017,204.3404
20240224092017,220.58463
20240224093017,216.00854
20240224094017,221.04297
20240224095017,226.67764
20240224100017,223.58706
20240224101017,230.43252
20240224102017,243.39558
20240224103017,263.54655
20240224104017,291.43809
20240224105017,322.71335
20240224110017,328.82211
20240224111017,326.8193
20240224112017,315.56663
20240224113017,303.69064
20240224114017,299.78501
20240224115017,288.20975
20240224120017,252.03991
20240224121017,241.83578
20240224122017,235.54654
20240224123017,232.06244
20240224124017,227.56649
20240224125017,225.49557
20240224130017,212.59048
20240224131017,213.30056
20240224132017,210.11708
20240224133017,209.55011
20240224134017,209.35365
20240224135017,207.22041
20240224140017,203.8199
20240224141017,202.24021
20240224142017,200.97479
20240224143017,200.61126
20240224144017,199.13119
20240224145017,201.1333
20240224150017,197.40741
20240224151017,194.03066
20240224152017,193.54457
20240224153017,193.69191
20240224154017,193.61548
20240224155017,192.23467
20240224160017,303.90293
20240224161017,358.22146
20240224162017,405.42137
20240224163017,470.96444
20240224164017,540.40923
20240224165017,577.97265
20240318090017,193.31249
20240318091017,204.2218
20240318092017,271.34406
20240318093017,211.49645
20240318094017,207.35435
20240318095017,216.04712
20240318100017,224.23413
20240318101017,229.11871
20240318102017,250.10793
20240318103017,263.58579
20240318104017,290.07938
20240318105017,322.78369
20240318110017,328.82211
20240318111017,326.8193
20240318112017,315.56663
20240318113017,303.69064
20240318114017,299.78501
20240318115017,288.20975
20240318120017,252.03991
20240318121017,241.83578
20240318122017,235.54654
20240318123017,232.06244
20240318124017,227.56649
20240318125017,225.49557
20240318130017,212.59048
20240318131017,213.30056
20240318132017,210.11708
20240318133017,209.55011
20240318134017,209.35365
20240318135017,207.22041
20240318140017,203.8199
20240318141017,202.24021
20240318142017,200.97479
20240318143017,200.61126
20240318144017,199.13119
20240318145017,201.1333
20240318150017,197.40741
20240318151017,194.03066
20240318152017,193.54457
20240318153017,193.69191
20240318154017,193.61548
20240318155017,192.23467
20240318160017,303.90293
20240318161017,358.22146
20240318162017,405.42137
20240318163017,470.96444
20240318164017,540.40923
20240318165017,577.97265
20240509090017,211.1373
20240509091017,211.67841
20240509092017,234.62147
20240509093017,221.08467
20240509094017,211.57997
20240509095017,222.91369
20240509100017,224.63157
20240509101017,233.68648
20240509102017,250.26209
20240509103017,255.26164
20240509104017,289.78619
20240509105017,321.30912
20240509110017,328.82211
20240509111017,326.8193
20240509112017,315.56663
20240509113017,303.69064
20240509114017,299.78501
20240509115017,288.20975
20240509120017,252.03991
20240509121017,241.83578
20240509122017,235.54654
20240509123017,232.06244
20240509124017,227.56649
20240509125017,225.49557
20240509130017,212.59048
20240509131017,213.30056
20240509132017,210.11708
20240509133017,209.55011
20240509134017,209.35365
20240509135017,207.22041
20240509140017,203.8199
20240509141017,202.24021
20240509142017,200.97479
20240509143017,200.61126
20240509144017,199.13119
20240509145017,201.1333
20240509150017,197.40741
20240509151017,194.03066
20240509152017,193.54457
20240509153017,193.69191
20240509154017,193.61548
20240509155017,192.23467
20240509160017,303.90293
20240509161017,358.22146
20240509162017,405.42137
20240509163017,470.96444
20240509164017,540.40923
20240509165017,577.97265
20240602090017,204.74976
20240602091017,223.91092
20240602092017,375.22144
20240602093017,229.95612
20240602094017,207.53937
20240602095017,213.3551
20240602100017,224.15892
20240602101017,228.98051
20240602102017,244.7193
20240602103017,257.45381
20240602104017,289.93486
20240602105017,320.56862
20240602110017,328.82211
20240602111017,326.8193
20240602112017,315.56663
20240602113017,303.69064
20240602114017,299.78501
20240602115017,288.20975
20240602120017,252.03991
20240602121017,241.83578
20240602122017,235.54654
20240602123017,232.06244
20240602124017,227.56649
20240602125017,225.49557
20240602130017,212.59048
20240602131017,213.30056
20240602132017,210.11708
20240602133017,209.55011
20240602134017,209.35365
20240602135017,207.22041
20240602140017,203.8199
20240602141017,202.24021
20240602142017,200.97479
20240602143017,200.61126
20240602144017,199.13119
20240602145017,201.1333
20240602150017,197.40741
20240602151017,194.03066
20240602152017,193.54457
20240602153017,193.69191
20240602154017,193.61548
20240602155017,192.23467
20240602160017,303.90293
20240602161017,358.22146
20240602162017,405.42137
20240602163017,470.96444
20240602164017,540.40923
20240602165017,577.97265
20240604090017,448.03251
20240604091017,225.24726
20240604092017,468.6994
20240604093017,244.00753
20240604094017,222.76723
20240604095017,228.55319
20240604100017,230.74148
20240604101017,243.28533
20240604102017,272.40843
20240604103017,273.18259
20240604104017,286.58501
20240604105017,308.43017
20240604110017,328.82211
20240604111017,326.8193
20240604112017,315.56663
20240604113017,303.69064
20240604114017,299.78501
20240604115017,288.20975
20240604120017,252.03991
20240604121017,241.83578
20240604122017,235.54654
20240604123017,232.06244
20240604124017,227.56649
20240604125017,225.49557
20240604130017,212.59048
20240604131017,213.30056
20240604132017,210.11708
20240604133017,209.55011
20240604134017,209.35365
20240604135017,207.22041
20240604140017,203.8199
20240604141017,202.24021
20240604142017,200.97479
20240604143017,200.61126
20240604144017,199.13119
20240604145017,201.1333
20240604150017,197.40741
20240604151017,194.03066
20240604152017,193.54457
20240604153017,193.69191
20240604154017,193.61548
20240604155017,192.23467
20240604160017,303.90293
20240604161017,358.22146
20240604162017,405.42137
20240604163017,470.96444
20240604164017,540.40923
20240604165017,577.97265
20240609090017,697.7681
20240609091017,313.7564
20240609092017,468.19514
20240609093017,523.72542
20240609094017,328.85309
20240609095017,289.37856
20240609100017,295.26554
20240609101017,235.30929
20240609102017,251.59709
20240609103017,243.71171
20240609104017,283.57291
20240609105017,320.02936
20240609110017,328.82211
20240609111017,326.8193
20240609112017,315.56663
20240609113017,303.69064
20240609114017,299.78501
20240609115017,288.20975
20240609120017,252.03991
20240609121017,241.83578
20240609122017,235.54654
20240609123017,232.06244
20240609124017,227.56649
20240609125017,225.49557
20240609130017,212.59048
20240609131017,213.30056
20240609132017,210.11708
20240609133017,209.55011
20240609134017,209.35365
20240609135017,207.22041
20240609140017,203.8199
20240609141017,202.24021
20240609142017,200.97479
20240609143017,200.61126
20240609144017,199.13119
20240609145017,201.1333
20240609150017,197.40741
20240609151017,194.03066
20240609152017,193.54457
20240609153017,193.69191
20240609154017,193.61548
20240609155017,192.23467
20240609160017,303.90293
20240609161017,358.22146
20240609162017,405.42137
20240609163017,470.96444
20240609164017,540.40923
20240609165017,577.97265
20240709090017,680.09545
20240709091017,332.64383
20240709092017,453.74372
20240709093017,524.22193
20240709094017,318.66048
20240709095017,276.3209
20240709100017,257.08045
20240709101017,233.63757
20240709102017,245.62076
20240709103017,242.08436
20240709104017,280.41567
20240709105017,320.18173
20240709110017,328.82211
20240709111017,326.8193
20240709112017,315.56663
20240709113017,303.69064
20240709114017,299.78501
20240709115017,288.20975
20240709120017,252.03991
20240709121017,241.83578
20240709122017,235.54654
20240709123017,232.06244
20240709124017,227.56649
20240709125017,225.49557
20240709130017,212.59048
20240709131017,213.30056
20240709132017,210.11708
20240709133017,209.55011
20240709134017,209.35365
20240709135017,207.22041
20240709140017,203.8199
20240709141017,202.24021
20240709142017,200.97479
20240709143017,200.61126
20240709144017,199.13119
20240709145017,201.1333
20240709150017,197.40741
20240709151017,194.03066
20240709152017,193.54457
20240709153017,193.69191
20240709154017,193.61548
20240709155017,192.23467
20240709160017,303.90293
20240709161017,358.22146
20240709162017,405.42137
20240709163017,470.96444
20240709164017,540.40923
20240709165017,577.97265
20240106090001,870.46435
20240106091001,337.49446
20240106092001,242.75305
20240106093001,249.04933
20240106094001,249.3598
20240106095001,221.19737
20240106100001,249.82862
20240106101001,225.66493
20240106102001,230.50427
20240106103001,240.94135
20240106104001,280.03594
20240106105001,322.20552
20240106110001,328.82211
20240106111001,326.8193
20240106112001,315.56663
20240106113001,303.69064
20240106114001,299.78501
20240106115001,288.20975
20240106120001,252.03991
20240106121001,241.83578
20240106122001,235.54654
20240106123001,232.06244
20240106124001,227.56649
20240106125001,225.49557
20240106130001,212.59048
20240106131001,213.30056
20240106132001,210.11708
20240106133001,209.55011
20240106134001,209.35365
20240106135001,207.22041
20240106140001,203.8199
20240106141001,202.24021
20240106142001,200.97479
20240106143001,200.61126
20240106144001,199.13119
20240106145001,201.1333
20240106150001,197.40741
20240106151001,194.03066
20240106152001,193.54457
20240106153001,193.69191
20240106154001,193.61548
20240106155001,192.23467
20240106160001,303.90293
20240106161001,358.22146
20240106162001,405.42137
20240106163001,470.96444
20240106164001,540.40923
20240106165001,577.97265
20240111090001,204.19867
20240111091001,207.34287
20240111092001,220.72995
20240111093001,215.91362
20240111094001,221.07762
20240111095001,223.30266
20240111100001,223.06638
20240111101001,230.44705
20240111102001,243.27056
20240111103001,262.49416
20240111104001,292.64761
20240111105001,322.71335
20240111110001,328.82211
20240111111001,326.8193
20240111112001,315.56663
20240111113001,303.69064
20240111114001,299.78501
20240111115001,288.20975
20240111120001,252.03991
20240111121001,241.83578
20240111122001,235.54654
20240111123001,232.06244
20240111124001,227.56649
20240111125001,225.49557
20240111130001,212.59048
20240111131001,213.30056
20240111132001,210.11708
20240111133001,209.55011
20240111134001,209.35365
20240111135001,207.22041
20240111140001,203.8199
20240111141001,202.24021
20240111142001,200.97479
20240111143001,200.61126
20240111144001,199.13119
20240111145001,201.1333
20240111150001,197.40741
20240111151001,194.03066
20240111152001,193.54457
20240111153001,193.69191
20240111154001,193.61548
20240111155001,192.23467
20240111160001,303.90293
20240111161001,358.22146
20240111162001,405.42137
20240111163001,470.96444
20240111164001,540.40923
20240111165001,577.97265
20240213090001,419.3364
20240213091001,220.84432
20240213092001,221.1297
20240213093001,222.81296
20240213094001,229.41416
20240213095001,227.28187
20240213100001,223.09309
20240213101001,230.22503
20240213102001,235.66909
20240213103001,243.08336
20240213104001,280.03594
20240213105001,322.29919
20240213110001,328.82211
20240213111001,326.8193
20240213112001,315.56663
20240213113001,303.69064
20240213114001,299.78501
20240213115001,288.20975
20240213120001,252.03991
20240213121001,241.83578
20240213122001,235.54654
20240213123001,232.06244
20240213124001,227.56649
20240213125001,225.49557
20240213130001,212.59048
20240213131001,213.30056
20240213132001,210.11708
20240213133001,209.55011
20240213134001,209.35365
20240213135001,207.22041
20240213140001,203.8199
20240213141001,202.24021
20240213142001,200.97479
20240213143001,200.61126
20240213144001,199.13119
20240213145001,201.1333
20240213150001,197.40741
20240213151001,194.03066
20240213152001,193.54457
20240213153001,193.69191
20240213154001,193.61548
20240213155001,192.23467
20240213160001,303.90293
20240213161001,358.22146
20240213162001,405.42137
20240213163001,470.96444
20240213164001,540.40923
20240213165001,577.97265
20240508090001,293.17124
20240508091001,228.84366
20240508092001,242.78862
20240508093001,222.2539
20240508094001,220.73928
20240508095001,232.45722
20240508100001,243.198
20240508101001,242.64996
20240508102001,250.73936
20240508103001,256.67027
20240508104001,289.70883
20240508105001,321.02977
20240508110001,328.82211
20240508111001,326.8193
20240508112001,315.56663
20240508113001,303.69064
20240508114001,299.78501
20240508115001,288.20975
20240508120001,252.03991
20240508121001,241.83578
20240508122001,235.54654
20240508123001,232.06244
20240508124001,227.56649
20240508125001,225.49557
20240508130001,212.59048
20240508131001,213.30056
20240508132001,210.11708
20240508133001,209.55011
20240508134001,209.35365
20240508135001,207.22041
20240508140001,203.8199
20240508141001,202.24021
20240508142001,200.97479
20240508143001,200.61126
20240508144001,199.13119
20240508145001,201.1333
20240508150001,197.40741
20240508151001,194.03066
20240508152001,193.54457
20240508153001,193.69191
20240508154001,193.61548
20240508155001,192.23467
20240508160001,303.90293
20240508161001,358.22146
20240508162001,405.42137
20240508163001,470.96444
20240508164001,540.40923
20240508165001,577.97265
20240510090001,630.64558
20240510091001,273.52255
20240510092001,282.41635
20240510093001,223.08993
20240510094001,217.734
20240510095001,230.6898
20240510100001,243.10239
20240510101001,244.04332
20240510102001,251.26559
20240510103001,255.17788
20240510104001,287.65167
20240510105001,321.01297
20240510110001,328.82211
20240510111001,326.8193
20240510112001,315.56663
20240510113001,303.69064
20240510114001,299.78501
20240510115001,288.20975
20240510120001,252.03991
20240510121001,241.83578
20240510122001,235.54654
20240510123001,232.06244
20240510124001,227.56649
20240510125001,225.49557
20240510130001,212.59048
20240510131001,213.30056
20240510132001,210.11708
20240510133001,209.55011
20240510134001,209.35365
20240510135001,207.22041
20240510140001,203.8199
20240510141001,202.24021
20240510142001,200.97479
20240510143001,200.61126
20240510144001,199.13119
20240510145001,201.1333
20240510150001,197.40741
20240510151001,194.03066
20240510152001,193.54457
20240510153001,193.69191
20240510154001,193.61548
20240510155001,192.23467
20240510160001,303.90293
20240510161001,358.22146
20240510162001,405.42137
20240510163001,470.96444
20240510164001,540.40923
20240510165001,577.97265
20240524090001,290.84979
20240524091001,225.03449
20240524092001,232.42366
20240524093001,228.13761
20240524094001,222.77957
20240524095001,228.76804
20240524100001,229.35548
20240524101001,232.85777
20240524102001,245.0531
20240524103001,255.19316
20240524104001,290.12554
20240524105001,321.11749
20240524110001,328.82211
20240524111001,326.8193
20240524112001,315.56663
20240524113001,303.69064
20240524114001,299.78501
20240524115001,288.20975
20240524120001,252.03991
20240524121001,241.83578
20240524122001,235.54654
20240524123001,232.06244
20240524124001,227.56649
20240524125001,225.49557
20240524130001,212.59048
20240524131001,213.30056
20240524132001,210.11708
20240524133001,209.55011
20240524134001,209.35365
20240524135001,207.22041
20240524140001,203.8199
20240524141001,202.24021
20240524142001,200.97479
20240524143001,200.61126
20240524144001,199.13119
20240524145001,201.1333
20240524150001,197.40741
20240524151001,194.03066
20240524152001,193.54457
20240524153001,193.69191
20240524154001,193.61548
20240524155001,192.23467
20240524160001,303.90293
20240524161001,358.22146
20240524162001,405.42137
20240524163001,470.96444
20240524164001,540.40923
20240524165001,577.97265
20240623090001,677.41229
20240623091001,322.00443
20240623092001,453.37276
20240623093001,488.07787
20240623094001,281.14535
20240623095001,248.60749
20240623100001,243.77885
20240623101001,231.87225
20240623102001,242.9415
20240623103001,241.88038
20240623104001,280.04253
20240623105001,320.5138
20240623110001,328.82211
20240623111001,326.8193
20240623112001,315.56663
20240623113001,303.69064
20240623114001,299.78501
20240623115001,288.20975
20240623120001,252.03991
20240623121001,241.83578
20240623122001,235.54654
20240623123001,232.06244
20240623124001,227.56649
20240623125001,225.49557
20240623130001,212.59048
20240623131001,213.30056
20240623132001,210.11708
20240623133001,209.55011
20240623134001,209.35365
20240623135001,207.22041
20240623140001,203.8199
20240623141001,202.24021
20240623142001,200.97479
20240623143001,200.61126
20240623144001,199.13119
20240623145001,201.1333
20240623150001,197.40741
20240623151001,194.03066
20240623152001,193.54457
20240623153001,193.69191
20240623154001,193.61548
20240623155001,192.23467
20240623160001,303.90293
20240623161001,358.22146
20240623162001,405.42137
20240623163001,470.96444
20240623164001,540.40923
20240623165001,577.97265
20240627090001,664.86613
20240627091001,350.30141
20240627092001,475.00516
20240627093001,466.9236
20240627094001,324.55988
20240627095001,278.26382
20240627100001,290.85311
20240627101001,233.93545
20240627102001,244.11498
20240627103001,242.72047
20240627104001,283.75719
20240627105001,320.02936
20240627110001,328.82211
20240627111001,326.8193
20240627112001,315.56663
20240627113001,303.69064
20240627114001,299.78501
20240627115001,288.20975
20240627120001,252.03991
20240627121001,241.83578
20240627122001,235.54654
20240627123001,232.06244
20240627124001,227.56649
20240627125001,225.49557
20240627130001,212.59048
20240627131001,213.30056
20240627132001,210.11708
20240627133001,209.55011
20240627134001,209.35365
20240627135001,207.22041
20240627140001,203.8199
20240627141001,202.24021
20240627142001,200.97479
20240627143001,200.61126
20240627144001,199.13119
20240627145001,201.1333
20240627150001,197.40741
20240627151001,194.03066
20240627152001,193.54457
20240627153001,193.69191
20240627154001,193.61548
20240627155001,192.23467
20240627160001,303.90293
20240627161001,358.22146
20240627162001,405.42137
20240627163001,470.96444
20240627164001,540.40923
20240627165001,577.97265
20240713090001,669.91673
20240713091001,346.6014
20240713092001,517.99215
20240713093001,332.5821
20240713094001,234.82224
20240713095001,242.25588
20240713100001,274.12244
20240713101001,239.20162
20240713102001,251.81178
20240713103001,255.3017
20240713104001,286.58363
20240713105001,315.83806
20240713110001,328.82211
20240713111001,326.8193
20240713112001,315.56663
20240713113001,303.69064
20240713114001,299.78501
20240713115001,288.20975
20240713120001,252.03991
20240713121001,241.83578
20240713122001,235.54654
20240713123001,232.06244
20240713124001,227.56649
20240713125001,225.49557
20240713130001,212.59048
20240713131001,213.30056
20240713132001,210.11708
20240713133001,209.55011
20240713134001,209.35365
20240713135001,207.22041
20240713140001,203.8199
20240713141001,202.24021
20240713142001,200.97479
20240713143001,200.61126
20240713144001,199.13119
20240713145001,201.1333
20240713150001,197.40741
20240713151001,194.03066
20240713152001,193.54457
20240713153001,193.69191
20240713154001,193.61548
20240713155001,192.23467
20240713160001,303.90293
20240713161001,358.22146
20240713162001,405.42137
20240713163001,470.96444
20240713164001,540.40923
20240713165001,577.97265
20240715090001,654.38908
20240715091001,293.25111
20240715092001,497.77849
20240715093001,373.78071
20240715094001,244.00601
20240715095001,262.73175
20240715100001,263.47763
20240715101001,234.53946
20240715102001,245.53888
20240715103001,249.51588
20240715104001,286.37125
20240715105001,320.69908
20240715110001,328.82211
20240715111001,326.8193
20240715112001,315.56663
20240715113001,303.69064
20240715114001,299.78501
20240715115001,288.20975
20240715120001,252.03991
20240715121001,241.83578
20240715122001,235.54654
20240715123001,232.06244
20240715124001,227.56649
20240715125001,225.49557
20240715130001,212.59048
20240715131001,213.30056
20240715132001,210.11708
20240715133001,209.55011
20240715134001,209.35365
20240715135001,207.22041
20240715140001,203.8199
20240715141001,202.24021
20240715142001,200.97479
20240715143001,200.61126
20240715144001,199.13119
20240715145001,201.1333
20240715150001,197.40741
20240715151001,194.03066
20240715152001,193.54457
20240715153001,193.69191
20240715154001,193.61548
20240715155001,192.23467
20240715160001,303.90293
20240715161001,358.22146
20240715162001,405.42137
20240715163001,470.96444
20240715164001,540.40923
20240715165001,577.97265
20240927090004,874.82752
20240927091004,282.73148
20240927092004,298.45631
20240927093004,228.45603
20240927094004,252.79571
20240927095004,297.59117
20240927100004,273.70568
20240927101004,243.88131
20240927102004,250.34312
20240927103004,251.56724
20240927104004,286.78492
20240927105004,321.01297
20240927110004,328.82211
20240927111004,326.8193
20240927112004,315.56663
20240927113004,303.69064
20240927114004,299.78501
20240927115004,288.20975
20240927120004,252.03991
20240927121004,241.83578
20240927122004,235.54654
20240927123004,232.06244
20240927124004,227.56649
20240927125004,225.49557
20240927130004,212.59048
20240927131004,213.30056
20240927132004,210.11708
20240927133004,209.55011
20240927134004,209.35365
20240927135004,207.22041
20240927140004,203.8199
20240927141004,202.24021
20240927142004,200.97479
20240927143004,200.61126
20240927144004,199.13119
20240927145004,201.1333
20240927150004,197.40741
20240927151004,194.03066
20240927152004,193.54457
20240927153004,193.69191
20240927154004,193.61548
20240927155004,192.23467
20240927160004,303.90293
20240927161004,358.22146
20240927162004,405.42137
20240927163004,470.96444
20240927164004,540.40923
20240927165004,577.97265
20241018090004,816.59648
20241018091004,264.56167
20241018092004,372.49626
20241018093004,494.9944
20241018094004,394.469
20241018095004,226.36874
20241018100004,253.34752
20241018101004,234.77826
20241018102004,240.34321
20241018103004,236.11208
20241018104004,279.89837
20241018105004,320.55021
20241018110004,328.82211
20241018111004,326.8193
20241018112004,315.56663
20241018113004,303.69064
20241018114004,299.78501
20241018115004,288.20975
20241018120004,252.03991
20241018121004,241.83578
20241018122004,235.54654
20241018123004,232.06244
20241018124004,227.56649
20241018125004,225.49557
20241018130004,212.59048
20241018131004,213.30056
20241018132004,210.11708
20241018133004,209.55011
20241018134004,209.35365
20241018135004,207.22041
20241018140004,203.8199
20241018141004,202.24021
20241018142004,200.97479
20241018143004,200.61126
20241018144004,199.13119
20241018145004,201.1333
20241018150004,197.40741
20241018151004,194.03066
20241018152004,193.54457
20241018153004,193.69191
20241018154004,193.61548
20241018155004,192.23467
20241018160004,303.90293
20241018161004,358.22146
20241018162004,405.42137
20241018163004,470.96444
20241018164004,540.40923
20241018165004,577.97265
20240918090007,193.68225
20240918091007,201.72949
20240918092007,235.14979
20240918093007,227.94552
20240918094007,221.48329
20240918095007,222.3903
20240918100007,214.53514
20240918101007,224.4358
20240918102007,243.49724
20240918103007,255.34528
20240918104007,290.11689
20240918105007,321.96175
20240918110007,328.82211
20240918111007,326.8193
20240918112007,315.56663
20240918113007,303.69064
20240918114007,299.78501
20240918115007,288.20975
20240918120007,252.03991
20240918121007,241.83578
20240918122007,235.54654
20240918123007,232.06244
20240918124007,227.56649
20240918125007,225.49557
20240918130007,212.59048
20240918131007,213.30056
20240918132007,210.11708
20240918133007,209.55011
20240918134007,209.35365
20240918135007,207.22041
20240918140007,203.8199
20240918141007,202.24021
20240918142007,200.97479
20240918143007,200.61126
20240918144007,199.13119
20240918145007,201.1333
20240918150007,197.40741
20240918151007,194.03066
20240918152007,193.54457
20240918153007,193.69191
20240918154007,193.61548
20240918155007,192.23467
20240918160007,303.90293
20240918161007,358.22146
20240918162007,405.42137
20240918163007,470.96444
20240918164007,540.40923
20240918165007,577.97265
20240920090007,873.83999
20240920091007,293.73135
20240920092007,459.60581
20240920093007,508.3487
20240920094007,386.51025
20240920095007,227.01768
20240920100007,255.34698
20240920101007,235.33647
20240920102007,240.77748
20240920103007,235.67535
20240920104007,277.65948
20240920105007,320.44089
20240920110007,328.82211
20240920111007,326.8193
20240920112007,315.56663
20240920113007,303.69064
20240920114007,299.78501
20240920115007,288.20975
20240920120007,252.03991
20240920121007,241.83578
20240920122007,235.54654
20240920123007,232.06244
20240920124007,227.56649
20240920125007,225.49557
20240920130007,212.59048
20240920131007,213.30056
20240920132007,210.11708
20240920133007,209.55011
20240920134007,209.35365
20240920135007,207.22041
20240920140007,203.8199
20240920141007,202.24021
20240920142007,200.97479
20240920143007,200.61126
20240920144007,199.13119
20240920145007,201.1333
20240920150007,197.40741
20240920151007,194.03066
20240920152007,193.54457
20240920153007,193.69191
20240920154007,193.61548
20240920155007,192.23467
20240920160007,303.90293
20240920161007,358.22146
20240920162007,405.42137
20240920163007,470.96444
20240920164007,540.40923
20240920165007,577.97265
20241016090007,940.6389
20241016091007,301.04725
20241016092007,560.33672
20241016093007,470.38632
20241016094007,284.12356
20241016095007,222.64636
20241016100007,251.30142
20241016101007,231.3255
20241016102007,240.94628
20241016103007,242.09194
20241016104007,279.84281
20241016105007,320.15738
20241016110007,328.82211
20241016111007,326.8193
20241016112007,315.56663
20241016113007,303.69064
20241016114007,299.78501
20241016115007,288.20975
20241016120007,252.03991
20241016121007,241.83578
20241016122007,235.54654
20241016123007,232.06244
20241016124007,227.56649
20241016125007,225.49557
20241016130007,212.59048
20241016131007,213.30056
20241016132007,210.11708
20241016133007,209.55011
20241016134007,209.35365
20241016135007,207.22041
20241016140007,203.8199
20241016141007,202.24021
20241016142007,200.97479
20241016143007,200.61126
20241016144007,199.13119
20241016145007,201.1333
20241016150007,197.40741
20241016151007,194.03066
20241016152007,193.54457
20241016153007,193.69191
20241016154007,193.61548
20241016155007,192.23467
20241016160007,303.90293
20241016161007,358.22146
20241016162007,405.42137
20241016163007,470.96444
20241016164007,540.40923
20241016165007,577.97265
20240922090008,256.63406
20240922091008,218.46102
20240922092008,229.93038
20240922093008,223.66938
20240922094008,222.13573
20240922095008,228.32813
20240922100008,230.13628
20240922101008,234.21775
20240922102008,250.55464
20240922103008,256.24289
20240922104008,290.16086
20240922105008,321.33542
20240922110008,328.82211
20240922111008,326.8193
20240922112008,315.56663
20240922113008,303.69064
20240922114008,299.78501
20240922115008,288.20975
20240922120008,252.03991
20240922121008,241.83578
20240922122008,235.54654
20240922123008,232.06244
20240922124008,227.56649
20240922125008,225.49557
20240922130008,212.59048
20240922131008,213.30056
20240922132008,210.11708
20240922133008,209.55011
20240922134008,209.35365
20240922135008,207.22041
20240922140008,203.8199
20240922141008,202.24021
20240922142008,200.97479
20240922143008,200.61126
20240922144008,199.13119
20240922145008,201.1333
20240922150008,197.40741
20240922151008,194.03066
20240922152008,193.54457
20240922153008,193.69191
20240922154008,193.61548
20240922155008,192.23467
20240922160008,303.90293
20240922161008,358.22146
20240922162008,405.42137
20240922163008,470.96444
20240922164008,540.40923
20240922165008,577.97265
20240928090008,211.42913
20240928091008,211.38107
20240928092008,229.65565
20240928093008,229.28763
20240928094008,222.37121
20240928095008,227.53175
20240928100008,224.7073
20240928101008,230.70789
20240928102008,243.33285
20240928103008,254.96249
20240928104008,289.92698
20240928105008,321.96175
20240928110008,328.82211
20240928111008,326.8193
20240928112008,315.56663
20240928113008,303.69064
20240928114008,299.78501
20240928115008,288.20975
20240928120008,252.03991
20240928121008,241.83578
20240928122008,235.54654
20240928123008,232.06244
20240928124008,227.56649
20240928125008,225.49557
20240928130008,212.59048
20240928131008,213.30056
20240928132008,210.11708
20240928133008,209.55011
20240928134008,209.35365
20240928135008,207.22041
20240928140008,203.8199
20240928141008,202.24021
20240928142008,200.97479
20240928143008,200.61126
20240928144008,199.13119
20240928145008,201.1333
20240928150008,197.40741
20240928151008,194.03066
20240928152008,193.54457
20240928153008,193.69191
20240928154008,193.61548
20240928155008,192.23467
20240928160008,303.90293
20240928161008,358.22146
20240928162008,405.42137
20240928163008,470.96444
20240928164008,540.40923
20240928165008,577.97265
20241011090008,210.61578
20241011091008,216.57048
20241011092008,229.52407
20241011093008,228.23568
20241011094008,221.38338
20241011095008,223.30757
20241011100008,224.12401
20241011101008,231.22656
20241011102008,243.26115
20241011103008,253.80923
20241011104008,289.81867
20241011105008,321.96175
20241011110008,328.82211
20241011111008,326.8193
20241011112008,315.56663
20241011113008,303.69064
20241011114008,299.78501
20241011115008,288.20975
20241011120008,252.03991
20241011121008,241.83578
20241011122008,235.54654
20241011123008,232.06244
20241011124008,227.56649
20241011125008,225.49557
20241011130008,212.59048
20241011131008,213.30056
20241011132008,210.11708
20241011133008,209.55011
20241011134008,209.35365
20241011135008,207.22041
20241011140008,203.8199
20241011141008,202.24021
20241011142008,200.97479
20241011143008,200.61126
20241011144008,199.13119
20241011145008,201.1333
20241011150008,197.40741
20241011151008,194.03066
20241011152008,193.54457
20241011153008,193.69191
20241011154008,193.61548
20241011155008,192.23467
20241011160008,303.90293
20241011161008,358.22146
20241011162008,405.42137
20241011163008,470.96444
20241011164008,540.40923
20241011165008,577.97265
20241016090008,217.77361
20241016091008,233.08074
20241016092008,307.7943
20241016093008,340.58834
20241016094008,281.71819
20241016095008,204.10736
20241016100008,229.62545
20241016101008,223.26539
20241016102008,233.05994
20241016103008,243.98195
20241016104008,288.19436
20241016105008,322.86521
20241016110008,328.82211
20241016111008,326.8193
20241016112008,315.56663
20241016113008,303.69064
20241016114008,299.78501
20241016115008,288.20975
20241016120008,252.03991
20241016121008,241.83578
20241016122008,235.54654
20241016123008,232.06244
20241016124008,227.56649
20241016125008,225.49557
20241016130008,212.59048
20241016131008,213.30056
20241016132008,210.11708
20241016133008,209.55011
20241016134008,209.35365
20241016135008,207.22041
20241016140008,203.8199
20241016141008,202.24021
20241016142008,200.97479
20241016143008,200.61126
20241016144008,199.13119
20241016145008,201.1333
20241016150008,197.40741
20241016151008,194.03066
20241016152008,193.54457
20241016153008,193.69191
20241016154008,193.61548
20241016155008,192.23467
20241016160008,303.90293
20241016161008,358.22146
20241016162008,405.42137
20241016163008,470.96444
20241016164008,540.40923
20241016165008,577.97265
20241018090008,198.68889
20241018091008,225.43216
20241018092008,280.22334
20241018093008,365.33225
20241018094008,319.5292
20241018095008,202.17801
20241018100008,231.97286
20241018101008,218.40615
20241018102008,232.0496
20241018103008,243.10858
20241018104008,286.9006
20241018105008,322.52833
20241018110008,328.82211
20241018111008,326.8193
20241018112008,315.56663
20241018113008,303.69064
20241018114008,299.78501
20241018115008,288.20975
20241018120008,252.03991
20241018121008,241.83578
20241018122008,235.54654
20241018123008,232.06244
20241018124008,227.56649
20241018125008,225.49557
20241018130008,212.59048
20241018131008,213.30056
20241018132008,210.11708
20241018133008,209.55011
20241018134008,209.35365
20241018135008,207.22041
20241018140008,203.8199
20241018141008,202.24021
20241018142008,200.97479
20241018143008,200.61126
20241018144008,199.13119
20241018145008,201.1333
20241018150008,197.40741
20241018151008,194.03066
20241018152008,193.54457
20241018153008,193.69191
20241018154008,193.61548
20241018155008,192.23467
20241018160008,303.90293
20241018161008,358.22146
20241018162008,405.42137
20241018163008,470.96444
20241018164008,540.40923
20241018165008,577.97265
20241028090008,288.9609
20241028091008,225.98935
20241028092008,233.95006
20241028093008,227.76253
20241028094008,239.95737
20241028095008,229.07698
20241028100008,223.7551
20241028101008,230.60148
20241028102008,245.02805
20241028103008,252.41225
20241028104008,292.13396
20241028105008,322.63632
20241028110008,328.82211
20241028111008,326.8193
20241028112008,315.56663
20241028113008,303.69064
20241028114008,299.78501
20241028115008,288.20975
20241028120008,252.03991
20241028121008,241.83578
20241028122008,235.54654
20241028123008,232.06244
20241028124008,227.56649
20241028125008,225.49557
20241028130008,212.59048
20241028131008,213.30056
20241028132008,210.11708
20241028133008,209.55011
20241028134008,209.35365
20241028135008,207.22041
20241028140008,203.8199
20241028141008,202.24021
20241028142008,200.97479
20241028143008,200.61126
20241028144008,199.13119
20241028145008,201.1333
20241028150008,197.40741
20241028151008,194.03066
20241028152008,193.54457
20241028153008,193.69191
20241028154008,193.61548
20241028155008,192.23467
20241028160008,303.90293
20241028161008,358.22146
20241028162008,405.42137
20241028163008,470.96444
20241028164008,540.40923
20241028165008,577.97265
20240922090009,323.26722
20240922091009,231.30401
20240922092009,243.09653
20240922093009,222.52391
20240922094009,221.33918
20240922095009,232.24167
20240922100009,234.11874
20240922101009,241.47442
20240922102009,252.47483
20240922103009,262.99859
20240922104009,289.80108
20240922105009,321.11749
20240922110009,328.82211
20240922111009,326.8193
20240922112009,315.56663
20240922113009,303.69064
20240922114009,299.78501
20240922115009,288.20975
20240922120009,252.03991
20240922121009,241.83578
20240922122009,235.54654
20240922123009,232.06244
20240922124009,227.56649
20240922125009,225.49557
20240922130009,212.59048
20240922131009,213.30056
20240922132009,210.11708
20240922133009,209.55011
20240922134009,209.35365
20240922135009,207.22041
20240922140009,203.8199
20240922141009,202.24021
20240922142009,200.97479
20240922143009,200.61126
20240922144009,199.13119
20240922145009,201.1333
20240922150009,197.40741
20240922151009,194.03066
20240922152009,193.54457
20240922153009,193.69191
20240922154009,193.61548
20240922155009,192.23467
20240922160009,303.90293
20240922161009,358.22146
20240922162009,405.42137
20240922163009,470.96444
20240922164009,540.40923
20240922165009,577.97265
20240928090009,216.65526
20240928091009,217.17883
20240928092009,242.50889
20240928093009,212.89684
20240928094009,223.65445
20240928095009,241.04059
20240928100009,241.98485
20240928101009,241.03298
20240928102009,250.11498
20240928103009,255.00031
20240928104009,289.69525
20240928105009,321.22492
20240928110009,328.82211
20240928111009,326.8193
20240928112009,315.56663
20240928113009,303.69064
20240928114009,299.78501
20240928115009,288.20975
20240928120009,252.03991
20240928121009,241.83578
20240928122009,235.54654
20240928123009,232.06244
20240928124009,227.56649
20240928125009,225.49557
20240928130009,212.59048
20240928131009,213.30056
20240928132009,210.11708
20240928133009,209.55011
20240928134009,209.35365
20240928135009,207.22041
20240928140009,203.8199
20240928141009,202.24021
20240928142009,200.97479
20240928143009,200.61126
20240928144009,199.13119
20240928145009,201.1333
20240928150009,197.40741
20240928151009,194.03066
20240928152009,193.54457
20240928153009,193.69191
20240928154009,193.61548
20240928155009,192.23467
20240928160009,303.90293
20240928161009,358.22146
20240928162009,405.42137
20240928163009,470.96444
20240928164009,540.40923
20240928165009,577.97265
20240920090010,638.12674
20240920091010,344.38046
20240920092010,394.7339
20240920093010,456.55701
20240920094010,457.01145
20240920095010,231.53687
20240920100010,295.42551
20240920101010,234.6248
20240920102010,234.21422
20240920103010,241.10027
20240920104010,281.7848
20240920105010,321.84626
20240920110010,328.82211
20240920111010,326.8193
20240920112010,315.56663
20240920113010,303.69064
20240920114010,299.78501
20240920115010,288.20975
20240920120010,252.03991
20240920121010,241.83578
20240920122010,235.54654
20240920123010,232.06244
20240920124010,227.56649
20240920125010,225.49557
20240920130010,212.59048
20240920131010,213.30056
20240920132010,210.11708
20240920133010,209.55011
20240920134010,209.35365
20240920135010,207.22041
20240920140010,203.8199
20240920141010,202.24021
20240920142010,200.97479
20240920143010,200.61126
20240920144010,199.13119
20240920145010,201.1333
20240920150010,197.40741
20240920151010,194.03066
20240920152010,193.54457
20240920153010,193.69191
20240920154010,193.61548
20240920155010,192.23467
20240920160010,303.90293
20240920161010,358.22146
20240920162010,405.42137
20240920163010,470.96444
20240920164010,540.40923
20240920165010,577.97265
20240928090010,374.27418
20240928091010,212.66755
20240928092010,234.30907
20240928093010,221.97944
20240928094010,211.78663
20240928095010,228.68752
20240928100010,244.00874
20240928101010,243.05042
20240928102010,250.54189
20240928103010,252.84897
20240928104010,287.75115
20240928105010,321.1372
20240928110010,328.82211
20240928111010,326.8193
20240928112010,315.56663
20240928113010,303.69064
20240928114010,299.78501
20240928115010,288.20975
20240928120010,252.03991
20240928121010,241.83578
20240928122010,235.54654
20240928123010,232.06244
20240928124010,227.56649
20240928125010,225.49557
20240928130010,212.59048
20240928131010,213.30056
20240928132010,210.11708
20240928133010,209.55011
20240928134010,209.35365
20240928135010,207.22041
20240928140010,203.8199
20240928141010,202.24021
20240928142010,200.97479
20240928143010,200.61126
20240928144010,199.13119
20240928145010,201.1333
20240928150010,197.40741
20240928151010,194.03066
20240928152010,193.54457
20240928153010,193.69191
20240928154010,193.61548
20240928155010,192.23467
20240928160010,303.90293
20240928161010,358.22146
20240928162010,405.42137
20240928163010,470.96444
20240928164010,540.40923
20240928165010,577.97265
20240919090012,196.97718
20240919091012,242.01152
20240919092012,297.95868
20240919093012,251.86339
20240919094012,253.79555
20240919095012,205.51033
20240919100012,212.94278
20240919101012,214.67503
20240919102012,234.46952
20240919103012,245.8649
20240919104012,288.58923
20240919105012,322.52833
20240919110012,328.82211
20240919111012,326.8193
20240919112012,315.56663
20240919113012,303.69064
20240919114012,299.78501
20240919115012,288.20975
20240919120012,252.03991
20240919121012,241.83578
20240919122012,235.54654
20240919123012,232.06244
20240919124012,227.56649
20240919125012,225.49557
20240919130012,212.59048
20240919131012,213.30056
20240919132012,210.11708
20240919133012,209.55011
20240919134012,209.35365
20240919135012,207.22041
20240919140012,203.8199
20240919141012,202.24021
20240919142012,200.97479
20240919143012,200.61126
20240919144012,199.13119
20240919145012,201.1333
20240919150012,197.40741
20240919151012,194.03066
20240919152012,193.54457
20240919153012,193.69191
20240919154012,193.61548
20240919155012,192.23467
20240919160012,303.90293
20240919161012,358.22146
20240919162012,405.42137
20240919163012,470.96444
20240919164012,540.40923
20240919165012,577.97265
20240923090012,201.66018
20240923091012,208.09387
20240923092012,234.66997
20240923093012,230.74622
20240923094012,221.36608
20240923095012,223.36373
20240923100012,223.4547
20240923101012,228.93913
20240923102012,242.7658
20240923103012,254.15345
20240923104012,289.91287
20240923105012,321.30912
20240923110012,328.82211
20240923111012,326.8193
20240923112012,315.56663
20240923113012,303.69064
20240923114012,299.78501
20240923115012,288.20975
20240923120012,252.03991
20240923121012,241.83578
20240923122012,235.54654
20240923123012,232.06244
20240923124012,227.56649
20240923125012,225.49557
20240923130012,212.59048
20240923131012,213.30056
20240923132012,210.11708
20240923133012,209.55011
20240923134012,209.35365
20240923135012,207.22041
20240923140012,203.8199
20240923141012,202.24021
20240923142012,200.97479
20240923143012,200.61126
20240923144012,199.13119
20240923145012,201.1333
20240923150012,197.40741
20240923151012,194.03066
20240923152012,193.54457
20240923153012,193.69191
20240923154012,193.61548
20240923155012,192.23467
20240923160012,303.90293
20240923161012,358.22146
20240923162012,405.42137
20240923163012,470.96444
20240923164012,540.40923
20240923165012,577.97265
20241002090012,200.32107
20241002091012,209.10255
20241002092012,229.2171
20241002093012,227.85063
20241002094012,221.24999
20241002095012,223.03148
20241002100012,223.99172
20241002101012,229.37509
20241002102012,243.94184
20241002103012,255.84588
20241002104012,290.36344
20241002105012,321.96175
20241002110012,328.82211
20241002111012,326.8193
20241002112012,315.56663
20241002113012,303.69064
20241002114012,299.78501
20241002115012,288.20975
20241002120012,252.03991
20241002121012,241.83578
20241002122012,235.54654
20241002123012,232.06244
20241002124012,227.56649
20241002125012,225.49557
20241002130012,212.59048
20241002131012,213.30056
20241002132012,210.11708
20241002133012,209.55011
20241002134012,209.35365
20241002135012,207.22041
20241002140012,203.8199
20241002141012,202.24021
20241002142012,200.97479
20241002143012,200.61126
20241002144012,199.13119
20241002145012,201.1333
20241002150012,197.40741
20241002151012,194.03066
20241002152012,193.54457
20241002153012,193.69191
20241002154012,193.61548
20241002155012,192.23467
20241002160012,303.90293
20241002161012,358.22146
20241002162012,405.42137
20241002163012,470.96444
20241002164012,540.40923
20241002165012,577.97265
