序號,答案
20240117090001,223.9054
20240117091001,232.58054
20240117092001,242.18106
20240117093001,311.95314
20240117094001,314.98485
20240117095001,391.68385
20240117100001,423.34032
20240117101001,344.08163
20240117102001,305.65053
20240117103001,297.04216
20240117104001,280.51378
20240117105001,286.13037
20240117110001,243.99674
20240117111001,231.99614
20240117112001,232.08896
20240117113001,235.29403
20240117114001,243.87831
20240117115001,288.95286
20240117120001,262.76503
20240117121001,274.81669
20240117122001,239.74204
20240117123001,242.62471
20240117124001,239.11062
20240117125001,235.81858
20240117130001,228.43482
20240117131001,232.27225
20240117132001,228.70393
20240117133001,231.83585
20240117134001,231.71752
20240117135001,225.64571
20240117140001,204.89495
20240117141001,195.82308
20240117142001,194.08355
20240117143001,190.48775
20240117144001,189.98025
20240117145001,188.1926
20240117150001,185.89493
20240117151001,185.57445
20240117152001,184.72012
20240117153001,184.44579
20240117154001,184.01598
20240117155001,183.69518
20240117160001,202.49426
20240117161001,202.70538
20240117162001,202.25761
20240117163001,198.55014
20240117164001,200.25153
20240117165001,204.14453
20240119090001,278.49493
20240119091001,209.37888
20240119092001,205.45346
20240119093001,226.69447
20240119094001,295.36409
20240119095001,248.61532
20240119100001,495.8251
20240119101001,432.90645
20240119102001,308.05295
20240119103001,280.21481
20240119104001,280.27857
20240119105001,279.77987
20240119110001,243.99674
20240119111001,231.99614
20240119112001,232.08896
20240119113001,235.29403
20240119114001,243.87831
20240119115001,288.95286
20240119120001,262.76503
20240119121001,274.81669
20240119122001,239.74204
20240119123001,242.62471
20240119124001,239.11062
20240119125001,235.81858
20240119130001,228.43482
20240119131001,232.27225
20240119132001,228.70393
20240119133001,231.83585
20240119134001,231.71752
20240119135001,225.64571
20240119140001,204.89495
20240119141001,195.82308
20240119142001,194.08355
20240119143001,190.48775
20240119144001,189.98025
20240119145001,188.1926
20240119150001,185.89493
20240119151001,185.57445
20240119152001,184.72012
20240119153001,184.44579
20240119154001,184.01598
20240119155001,183.69518
20240119160001,202.49426
20240119161001,202.70538
20240119162001,202.25761
20240119163001,198.55014
20240119164001,200.25153
20240119165001,204.14453
20240224090001,251.0228
20240224091001,229.67802
20240224092001,305.35698
20240224093001,335.7177
20240224094001,305.5192
20240224095001,316.5091
20240224100001,287.68335
20240224101001,309.27888
20240224102001,318.19158
20240224103001,294.32363
20240224104001,284.71495
20240224105001,288.73331
20240224110001,243.99674
20240224111001,231.99614
20240224112001,232.08896
20240224113001,235.29403
20240224114001,243.87831
20240224115001,288.95286
20240224120001,262.76503
20240224121001,274.81669
20240224122001,239.74204
20240224123001,242.62471
20240224124001,239.11062
20240224125001,235.81858
20240224130001,228.43482
20240224131001,232.27225
20240224132001,228.70393
20240224133001,231.83585
20240224134001,231.71752
20240224135001,225.64571
20240224140001,204.89495
20240224141001,195.82308
20240224142001,194.08355
20240224143001,190.48775
20240224144001,189.98025
20240224145001,188.1926
20240224150001,185.89493
20240224151001,185.57445
20240224152001,184.72012
20240224153001,184.44579
20240224154001,184.01598
20240224155001,183.69518
20240224160001,202.49426
20240224161001,202.70538
20240224162001,202.25761
20240224163001,198.55014
20240224164001,200.25153
20240224165001,204.14453
20240226090001,204.30613
20240226091001,208.42412
20240226092001,375.02192
20240226093001,304.54979
20240226094001,326.53844
20240226095001,354.82498
20240226100001,344.7316
20240226101001,322.88453
20240226102001,308.20526
20240226103001,293.51658
20240226104001,287.1512
20240226105001,288.73331
20240226110001,243.99674
20240226111001,231.99614
20240226112001,232.08896
20240226113001,235.29403
20240226114001,243.87831
20240226115001,288.95286
20240226120001,262.76503
20240226121001,274.81669
20240226122001,239.74204
20240226123001,242.62471
20240226124001,239.11062
20240226125001,235.81858
20240226130001,228.43482
20240226131001,232.27225
20240226132001,228.70393
20240226133001,231.83585
20240226134001,231.71752
20240226135001,225.64571
20240226140001,204.89495
20240226141001,195.82308
20240226142001,194.08355
20240226143001,190.48775
20240226144001,189.98025
20240226145001,188.1926
20240226150001,185.89493
20240226151001,185.57445
20240226152001,184.72012
20240226153001,184.44579
20240226154001,184.01598
20240226155001,183.69518
20240226160001,202.49426
20240226161001,202.70538
20240226162001,202.25761
20240226163001,198.55014
20240226164001,200.25153
20240226165001,204.14453
20240327090001,301.51574
20240327091001,198.88305
20240327092001,198.26293
20240327093001,209.5192
20240327094001,228.27139
20240327095001,283.51716
20240327100001,553.71937
20240327101001,431.58397
20240327102001,344.96941
20240327103001,273.79167
20240327104001,284.44505
20240327105001,290.24338
20240327110001,243.99674
20240327111001,231.99614
20240327112001,232.08896
20240327113001,235.29403
20240327114001,243.87831
20240327115001,288.95286
20240327120001,262.76503
20240327121001,274.81669
20240327122001,239.74204
20240327123001,242.62471
20240327124001,239.11062
20240327125001,235.81858
20240327130001,228.43482
20240327131001,232.27225
20240327132001,228.70393
20240327133001,231.83585
20240327134001,231.71752
20240327135001,225.64571
20240327140001,204.89495
20240327141001,195.82308
20240327142001,194.08355
20240327143001,190.48775
20240327144001,189.98025
20240327145001,188.1926
20240327150001,185.89493
20240327151001,185.57445
20240327152001,184.72012
20240327153001,184.44579
20240327154001,184.01598
20240327155001,183.69518
20240327160001,202.49426
20240327161001,202.70538
20240327162001,202.25761
20240327163001,198.55014
20240327164001,200.25153
20240327165001,204.14453
20240329090001,194.07193
20240329091001,199.78388
20240329092001,227.20331
20240329093001,230.75555
20240329094001,226.56221
20240329095001,276.07838
20240329100001,522.15151
20240329101001,390.66332
20240329102001,318.15197
20240329103001,278.89466
20240329104001,282.36835
20240329105001,286.22518
20240329110001,243.99674
20240329111001,231.99614
20240329112001,232.08896
20240329113001,235.29403
20240329114001,243.87831
20240329115001,288.95286
20240329120001,262.76503
20240329121001,274.81669
20240329122001,239.74204
20240329123001,242.62471
20240329124001,239.11062
20240329125001,235.81858
20240329130001,228.43482
20240329131001,232.27225
20240329132001,228.70393
20240329133001,231.83585
20240329134001,231.71752
20240329135001,225.64571
20240329140001,204.89495
20240329141001,195.82308
20240329142001,194.08355
20240329143001,190.48775
20240329144001,189.98025
20240329145001,188.1926
20240329150001,185.89493
20240329151001,185.57445
20240329152001,184.72012
20240329153001,184.44579
20240329154001,184.01598
20240329155001,183.69518
20240329160001,202.49426
20240329161001,202.70538
20240329162001,202.25761
20240329163001,198.55014
20240329164001,200.25153
20240329165001,204.14453
20240428090001,373.19832
20240428091001,200.30973
20240428092001,204.24063
20240428093001,226.21821
20240428094001,235.86479
20240428095001,238.2295
20240428100001,460.04225
20240428101001,378.44921
20240428102001,325.83042
20240428103001,276.05885
20240428104001,287.43744
20240428105001,291.13478
20240428110001,243.99674
20240428111001,231.99614
20240428112001,232.08896
20240428113001,235.29403
20240428114001,243.87831
20240428115001,288.95286
20240428120001,262.76503
20240428121001,274.81669
20240428122001,239.74204
20240428123001,242.62471
20240428124001,239.11062
20240428125001,235.81858
20240428130001,228.43482
20240428131001,232.27225
20240428132001,228.70393
20240428133001,231.83585
20240428134001,231.71752
20240428135001,225.64571
20240428140001,204.89495
20240428141001,195.82308
20240428142001,194.08355
20240428143001,190.48775
20240428144001,189.98025
20240428145001,188.1926
20240428150001,185.89493
20240428151001,185.57445
20240428152001,184.72012
20240428153001,184.44579
20240428154001,184.01598
20240428155001,183.69518
20240428160001,202.49426
20240428161001,202.70538
20240428162001,202.25761
20240428163001,198.55014
20240428164001,200.25153
20240428165001,204.14453
20240430090001,687.50274
20240430091001,231.87466
20240430092001,213.24795
20240430093001,198.94056
20240430094001,203.48372
20240430095001,329.2435
20240430100001,381.75728
20240430101001,382.56621
20240430102001,443.55327
20240430103001,271.2003
20240430104001,296.57155
20240430105001,280.41331
20240430110001,243.99674
20240430111001,231.99614
20240430112001,232.08896
20240430113001,235.29403
20240430114001,243.87831
20240430115001,288.95286
20240430120001,262.76503
20240430121001,274.81669
20240430122001,239.74204
20240430123001,242.62471
20240430124001,239.11062
20240430125001,235.81858
20240430130001,228.43482
20240430131001,232.27225
20240430132001,228.70393
20240430133001,231.83585
20240430134001,231.71752
20240430135001,225.64571
20240430140001,204.89495
20240430141001,195.82308
20240430142001,194.08355
20240430143001,190.48775
20240430144001,189.98025
20240430145001,188.1926
20240430150001,185.89493
20240430151001,185.57445
20240430152001,184.72012
20240430153001,184.44579
20240430154001,184.01598
20240430155001,183.69518
20240430160001,202.49426
20240430161001,202.70538
20240430162001,202.25761
20240430163001,198.55014
20240430164001,200.25153
20240430165001,204.14453
20240515090001,611.75401
20240515091001,236.26737
20240515092001,218.98635
20240515093001,211.58334
20240515094001,206.65858
20240515095001,316.20697
20240515100001,391.50138
20240515101001,372.8267
20240515102001,458.71395
20240515103001,267.8665
20240515104001,298.80404
20240515105001,289.31156
20240515110001,243.99674
20240515111001,231.99614
20240515112001,232.08896
20240515113001,235.29403
20240515114001,243.87831
20240515115001,288.95286
20240515120001,262.76503
20240515121001,274.81669
20240515122001,239.74204
20240515123001,242.62471
20240515124001,239.11062
20240515125001,235.81858
20240515130001,228.43482
20240515131001,232.27225
20240515132001,228.70393
20240515133001,231.83585
20240515134001,231.71752
20240515135001,225.64571
20240515140001,204.89495
20240515141001,195.82308
20240515142001,194.08355
20240515143001,190.48775
20240515144001,189.98025
20240515145001,188.1926
20240515150001,185.89493
20240515151001,185.57445
20240515152001,184.72012
20240515153001,184.44579
20240515154001,184.01598
20240515155001,183.69518
20240515160001,202.49426
20240515161001,202.70538
20240515162001,202.25761
20240515163001,198.55014
20240515164001,200.25153
20240515165001,204.14453
20240520090001,628.51281
20240520091001,201.27693
20240520092001,216.07869
20240520093001,209.86633
20240520094001,230.6657
20240520095001,242.54475
20240520100001,635.7674
20240520101001,467.56248
20240520102001,322.36379
20240520103001,257.94012
20240520104001,290.43616
20240520105001,291.89158
20240520110001,243.99674
20240520111001,231.99614
20240520112001,232.08896
20240520113001,235.29403
20240520114001,243.87831
20240520115001,288.95286
20240520120001,262.76503
20240520121001,274.81669
20240520122001,239.74204
20240520123001,242.62471
20240520124001,239.11062
20240520125001,235.81858
20240520130001,228.43482
20240520131001,232.27225
20240520132001,228.70393
20240520133001,231.83585
20240520134001,231.71752
20240520135001,225.64571
20240520140001,204.89495
20240520141001,195.82308
20240520142001,194.08355
20240520143001,190.48775
20240520144001,189.98025
20240520145001,188.1926
20240520150001,185.89493
20240520151001,185.57445
20240520152001,184.72012
20240520153001,184.44579
20240520154001,184.01598
20240520155001,183.69518
20240520160001,202.49426
20240520161001,202.70538
20240520162001,202.25761
20240520163001,198.55014
20240520164001,200.25153
20240520165001,204.14453
20240613090001,208.49669
20240613091001,200.78353
20240613092001,205.40772
20240613093001,211.44164
20240613094001,228.89398
20240613095001,236.41658
20240613100001,493.78213
20240613101001,433.70753
20240613102001,316.39385
20240613103001,254.59645
20240613104001,282.61337
20240613105001,292.13489
20240613110001,243.99674
20240613111001,231.99614
20240613112001,232.08896
20240613113001,235.29403
20240613114001,243.87831
20240613115001,288.95286
20240613120001,262.76503
20240613121001,274.81669
20240613122001,239.74204
20240613123001,242.62471
20240613124001,239.11062
20240613125001,235.81858
20240613130001,228.43482
20240613131001,232.27225
20240613132001,228.70393
20240613133001,231.83585
20240613134001,231.71752
20240613135001,225.64571
20240613140001,204.89495
20240613141001,195.82308
20240613142001,194.08355
20240613143001,190.48775
20240613144001,189.98025
20240613145001,188.1926
20240613150001,185.89493
20240613151001,185.57445
20240613152001,184.72012
20240613153001,184.44579
20240613154001,184.01598
20240613155001,183.69518
20240613160001,202.49426
20240613161001,202.70538
20240613162001,202.25761
20240613163001,198.55014
20240613164001,200.25153
20240613165001,204.14453
20240615090001,671.15629
20240615091001,229.49775
20240615092001,223.96405
20240615093001,205.3594
20240615094001,258.79721
20240615095001,288.37353
20240615100001,334.08985
20240615101001,396.45706
20240615102001,385.19501
20240615103001,273.26015
20240615104001,290.73227
20240615105001,281.47008
20240615110001,243.99674
20240615111001,231.99614
20240615112001,232.08896
20240615113001,235.29403
20240615114001,243.87831
20240615115001,288.95286
20240615120001,262.76503
20240615121001,274.81669
20240615122001,239.74204
20240615123001,242.62471
20240615124001,239.11062
20240615125001,235.81858
20240615130001,228.43482
20240615131001,232.27225
20240615132001,228.70393
20240615133001,231.83585
20240615134001,231.71752
20240615135001,225.64571
20240615140001,204.89495
20240615141001,195.82308
20240615142001,194.08355
20240615143001,190.48775
20240615144001,189.98025
20240615145001,188.1926
20240615150001,185.89493
20240615151001,185.57445
20240615152001,184.72012
20240615153001,184.44579
20240615154001,184.01598
20240615155001,183.69518
20240615160001,202.49426
20240615161001,202.70538
20240615162001,202.25761
20240615163001,198.55014
20240615164001,200.25153
20240615165001,204.14453
20240703090001,566.65699
20240703091001,200.248
20240703092001,198.30197
20240703093001,198.71564
20240703094001,241.90174
20240703095001,279.09199
20240703100001,394.30538
20240703101001,383.18013
20240703102001,318.96197
20240703103001,274.07032
20240703104001,291.41652
20240703105001,280.74973
20240703110001,243.99674
20240703111001,231.99614
20240703112001,232.08896
20240703113001,235.29403
20240703114001,243.87831
20240703115001,288.95286
20240703120001,262.76503
20240703121001,274.81669
20240703122001,239.74204
20240703123001,242.62471
20240703124001,239.11062
20240703125001,235.81858
20240703130001,228.43482
20240703131001,232.27225
20240703132001,228.70393
20240703133001,231.83585
20240703134001,231.71752
20240703135001,225.64571
20240703140001,204.89495
20240703141001,195.82308
20240703142001,194.08355
20240703143001,190.48775
20240703144001,189.98025
20240703145001,188.1926
20240703150001,185.89493
20240703151001,185.57445
20240703152001,184.72012
20240703153001,184.44579
20240703154001,184.01598
20240703155001,183.69518
20240703160001,202.49426
20240703161001,202.70538
20240703162001,202.25761
20240703163001,198.55014
20240703164001,200.25153
20240703165001,204.14453
20240707090001,596.03131
20240707091001,206.79329
20240707092001,199.00022
20240707093001,215.00302
20240707094001,275.89724
20240707095001,279.75539
20240707100001,385.22967
20240707101001,433.78661
20240707102001,307.7046
20240707103001,272.48101
20240707104001,290.01423
20240707105001,280.85024
20240707110001,243.99674
20240707111001,231.99614
20240707112001,232.08896
20240707113001,235.29403
20240707114001,243.87831
20240707115001,288.95286
20240707120001,262.76503
20240707121001,274.81669
20240707122001,239.74204
20240707123001,242.62471
20240707124001,239.11062
20240707125001,235.81858
20240707130001,228.43482
20240707131001,232.27225
20240707132001,228.70393
20240707133001,231.83585
20240707134001,231.71752
20240707135001,225.64571
20240707140001,204.89495
20240707141001,195.82308
20240707142001,194.08355
20240707143001,190.48775
20240707144001,189.98025
20240707145001,188.1926
20240707150001,185.89493
20240707151001,185.57445
20240707152001,184.72012
20240707153001,184.44579
20240707154001,184.01598
20240707155001,183.69518
20240707160001,202.49426
20240707161001,202.70538
20240707162001,202.25761
20240707163001,198.55014
20240707164001,200.25153
20240707165001,204.14453
20240125090002,190.30671
20240125091002,190.61041
20240125092002,221.21075
20240125093002,289.87403
20240125094002,453.93342
20240125095002,345.85426
20240125100002,468.86415
20240125101002,326.10613
20240125102002,326.12431
20240125103002,278.33033
20240125104002,280.33556
20240125105002,288.75393
20240125110002,243.99674
20240125111002,231.99614
20240125112002,232.08896
20240125113002,235.29403
20240125114002,243.87831
20240125115002,288.95286
20240125120002,262.76503
20240125121002,274.81669
20240125122002,239.74204
20240125123002,242.62471
20240125124002,239.11062
20240125125002,235.81858
20240125130002,228.43482
20240125131002,232.27225
20240125132002,228.70393
20240125133002,231.83585
20240125134002,231.71752
20240125135002,225.64571
20240125140002,204.89495
20240125141002,195.82308
20240125142002,194.08355
20240125143002,190.48775
20240125144002,189.98025
20240125145002,188.1926
20240125150002,185.89493
20240125151002,185.57445
20240125152002,184.72012
20240125153002,184.44579
20240125154002,184.01598
20240125155002,183.69518
20240125160002,202.49426
20240125161002,202.70538
20240125162002,202.25761
20240125163002,198.55014
20240125164002,200.25153
20240125165002,204.14453
20240128090002,186.5715
20240128091002,189.50099
20240128092002,285.912
20240128093002,275.99011
20240128094002,372.99623
20240128095002,291.63556
20240128100002,369.17072
20240128101002,326.01647
20240128102002,318.70155
20240128103002,280.21249
20240128104002,284.04091
20240128105002,289.49581
20240128110002,243.99674
20240128111002,231.99614
20240128112002,232.08896
20240128113002,235.29403
20240128114002,243.87831
20240128115002,288.95286
20240128120002,262.76503
20240128121002,274.81669
20240128122002,239.74204
20240128123002,242.62471
20240128124002,239.11062
20240128125002,235.81858
20240128130002,228.43482
20240128131002,232.27225
20240128132002,228.70393
20240128133002,231.83585
20240128134002,231.71752
20240128135002,225.64571
20240128140002,204.89495
20240128141002,195.82308
20240128142002,194.08355
20240128143002,190.48775
20240128144002,189.98025
20240128145002,188.1926
20240128150002,185.89493
20240128151002,185.57445
20240128152002,184.72012
20240128153002,184.44579
20240128154002,184.01598
20240128155002,183.69518
20240128160002,202.49426
20240128161002,202.70538
20240128162002,202.25761
20240128163002,198.55014
20240128164002,200.25153
20240128165002,204.14453
20240213090002,1002.38044
20240213091002,318.73165
20240213092002,213.09911
20240213093002,212.76841
20240213094002,233.80661
20240213095002,250.01736
20240213100002,767.4736
20240213101002,503.22653
20240213102002,306.96922
20240213103002,277.55241
20240213104002,288.46005
20240213105002,275.43777
20240213110002,243.99674
20240213111002,231.99614
20240213112002,232.08896
20240213113002,235.29403
20240213114002,243.87831
20240213115002,288.95286
20240213120002,262.76503
20240213121002,274.81669
20240213122002,239.74204
20240213123002,242.62471
20240213124002,239.11062
20240213125002,235.81858
20240213130002,228.43482
20240213131002,232.27225
20240213132002,228.70393
20240213133002,231.83585
20240213134002,231.71752
20240213135002,225.64571
20240213140002,204.89495
20240213141002,195.82308
20240213142002,194.08355
20240213143002,190.48775
20240213144002,189.98025
20240213145002,188.1926
20240213150002,185.89493
20240213151002,185.57445
20240213152002,184.72012
20240213153002,184.44579
20240213154002,184.01598
20240213155002,183.69518
20240213160002,202.49426
20240213161002,202.70538
20240213162002,202.25761
20240213163002,198.55014
20240213164002,200.25153
20240213165002,204.14453
20240226090002,204.33487
20240226091002,210.75719
20240226092002,329.34152
20240226093002,282.69256
20240226094002,435.05404
20240226095002,350.46727
20240226100002,460.15761
20240226101002,346.24817
20240226102002,326.38365
20240226103002,280.20399
20240226104002,280.69485
20240226105002,288.75393
20240226110002,243.99674
20240226111002,231.99614
20240226112002,232.08896
20240226113002,235.29403
20240226114002,243.87831
20240226115002,288.95286
20240226120002,262.76503
20240226121002,274.81669
20240226122002,239.74204
20240226123002,242.62471
20240226124002,239.11062
20240226125002,235.81858
20240226130002,228.43482
20240226131002,232.27225
20240226132002,228.70393
20240226133002,231.83585
20240226134002,231.71752
20240226135002,225.64571
20240226140002,204.89495
20240226141002,195.82308
20240226142002,194.08355
20240226143002,190.48775
20240226144002,189.98025
20240226145002,188.1926
20240226150002,185.89493
20240226151002,185.57445
20240226152002,184.72012
20240226153002,184.44579
20240226154002,184.01598
20240226155002,183.69518
20240226160002,202.49426
20240226161002,202.70538
20240226162002,202.25761
20240226163002,198.55014
20240226164002,200.25153
20240226165002,204.14453
20240319090002,186.60239
20240319091002,188.2125
20240319092002,211.83036
20240319093002,220.74004
20240319094002,261.87439
20240319095002,279.83372
20240319100002,500.00835
20240319101002,353.35344
20240319102002,373.21568
20240319103002,278.74739
20240319104002,288.60454
20240319105002,290.28158
20240319110002,243.99674
20240319111002,231.99614
20240319112002,232.08896
20240319113002,235.29403
20240319114002,243.87831
20240319115002,288.95286
20240319120002,262.76503
20240319121002,274.81669
20240319122002,239.74204
20240319123002,242.62471
20240319124002,239.11062
20240319125002,235.81858
20240319130002,228.43482
20240319131002,232.27225
20240319132002,228.70393
20240319133002,231.83585
20240319134002,231.71752
20240319135002,225.64571
20240319140002,204.89495
20240319141002,195.82308
20240319142002,194.08355
20240319143002,190.48775
20240319144002,189.98025
20240319145002,188.1926
20240319150002,185.89493
20240319151002,185.57445
20240319152002,184.72012
20240319153002,184.44579
20240319154002,184.01598
20240319155002,183.69518
20240319160002,202.49426
20240319161002,202.70538
20240319162002,202.25761
20240319163002,198.55014
20240319164002,200.25153
20240319165002,204.14453
20240427090002,287.77501
20240427091002,214.49806
20240427092002,198.61395
20240427093002,233.75063
20240427094002,250.52373
20240427095002,228.42186
20240427100002,555.93027
20240427101002,450.81949
20240427102002,326.09758
20240427103002,278.03776
20240427104002,285.14289
20240427105002,289.7979
20240427110002,243.99674
20240427111002,231.99614
20240427112002,232.08896
20240427113002,235.29403
20240427114002,243.87831
20240427115002,288.95286
20240427120002,262.76503
20240427121002,274.81669
20240427122002,239.74204
20240427123002,242.62471
20240427124002,239.11062
20240427125002,235.81858
20240427130002,228.43482
20240427131002,232.27225
20240427132002,228.70393
20240427133002,231.83585
20240427134002,231.71752
20240427135002,225.64571
20240427140002,204.89495
20240427141002,195.82308
20240427142002,194.08355
20240427143002,190.48775
20240427144002,189.98025
20240427145002,188.1926
20240427150002,185.89493
20240427151002,185.57445
20240427152002,184.72012
20240427153002,184.44579
20240427154002,184.01598
20240427155002,183.69518
20240427160002,202.49426
20240427161002,202.70538
20240427162002,202.25761
20240427163002,198.55014
20240427164002,200.25153
20240427165002,204.14453
20240508090002,312.55973
20240508091002,200.11998
20240508092002,199.66356
20240508093002,250.68793
20240508094002,269.41252
20240508095002,229.60318
20240508100002,513.63972
20240508101002,448.79318
20240508102002,319.34512
20240508103002,275.95327
20240508104002,282.07689
20240508105002,291.89158
20240508110002,243.99674
20240508111002,231.99614
20240508112002,232.08896
20240508113002,235.29403
20240508114002,243.87831
20240508115002,288.95286
20240508120002,262.76503
20240508121002,274.81669
20240508122002,239.74204
20240508123002,242.62471
20240508124002,239.11062
20240508125002,235.81858
20240508130002,228.43482
20240508131002,232.27225
20240508132002,228.70393
20240508133002,231.83585
20240508134002,231.71752
20240508135002,225.64571
20240508140002,204.89495
20240508141002,195.82308
20240508142002,194.08355
20240508143002,190.48775
20240508144002,189.98025
20240508145002,188.1926
20240508150002,185.89493
20240508151002,185.57445
20240508152002,184.72012
20240508153002,184.44579
20240508154002,184.01598
20240508155002,183.69518
20240508160002,202.49426
20240508161002,202.70538
20240508162002,202.25761
20240508163002,198.55014
20240508164002,200.25153
20240508165002,204.14453
20240705090002,505.77084
20240705091002,212.96547
20240705092002,196.6541
20240705093002,199.25185
20240705094002,232.17244
20240705095002,299.77543
20240705100002,424.74333
20240705101002,373.39408
20240705102002,304.56948
20240705103002,267.9258
20240705104002,282.41159
20240705105002,280.74973
20240705110002,243.99674
20240705111002,231.99614
20240705112002,232.08896
20240705113002,235.29403
20240705114002,243.87831
20240705115002,288.95286
20240705120002,262.76503
20240705121002,274.81669
20240705122002,239.74204
20240705123002,242.62471
20240705124002,239.11062
20240705125002,235.81858
20240705130002,228.43482
20240705131002,232.27225
20240705132002,228.70393
20240705133002,231.83585
20240705134002,231.71752
20240705135002,225.64571
20240705140002,204.89495
20240705141002,195.82308
20240705142002,194.08355
20240705143002,190.48775
20240705144002,189.98025
20240705145002,188.1926
20240705150002,185.89493
20240705151002,185.57445
20240705152002,184.72012
20240705153002,184.44579
20240705154002,184.01598
20240705155002,183.69518
20240705160002,202.49426
20240705161002,202.70538
20240705162002,202.25761
20240705163002,198.55014
20240705164002,200.25153
20240705165002,204.14453
20240707090002,516.49032
20240707091002,214.13587
20240707092002,200.14654
20240707093002,200.13234
20240707094002,221.39112
20240707095002,323.73969
20240707100002,385.89344
20240707101002,357.02046
20240707102002,319.49506
20240707103002,264.17421
20240707104002,290.27461
20240707105002,281.01474
20240707110002,243.99674
20240707111002,231.99614
20240707112002,232.08896
20240707113002,235.29403
20240707114002,243.87831
20240707115002,288.95286
20240707120002,262.76503
20240707121002,274.81669
20240707122002,239.74204
20240707123002,242.62471
20240707124002,239.11062
20240707125002,235.81858
20240707130002,228.43482
20240707131002,232.27225
20240707132002,228.70393
20240707133002,231.83585
20240707134002,231.71752
20240707135002,225.64571
20240707140002,204.89495
20240707141002,195.82308
20240707142002,194.08355
20240707143002,190.48775
20240707144002,189.98025
20240707145002,188.1926
20240707150002,185.89493
20240707151002,185.57445
20240707152002,184.72012
20240707153002,184.44579
20240707154002,184.01598
20240707155002,183.69518
20240707160002,202.49426
20240707161002,202.70538
20240707162002,202.25761
20240707163002,198.55014
20240707164002,200.25153
20240707165002,204.14453
20240317090003,795.38714
20240317091003,192.71813
20240317092003,203.36114
20240317093003,197.95481
20240317094003,206.45212
20240317095003,251.78626
20240317100003,901.44093
20240317101003,511.91228
20240317102003,371.96247
20240317103003,286.98136
20240317104003,297.17656
20240317105003,289.19116
20240317110003,243.99674
20240317111003,231.99614
20240317112003,232.08896
20240317113003,235.29403
20240317114003,243.87831
20240317115003,288.95286
20240317120003,262.76503
20240317121003,274.81669
20240317122003,239.74204
20240317123003,242.62471
20240317124003,239.11062
20240317125003,235.81858
20240317130003,228.43482
20240317131003,232.27225
20240317132003,228.70393
20240317133003,231.83585
20240317134003,231.71752
20240317135003,225.64571
20240317140003,204.89495
20240317141003,195.82308
20240317142003,194.08355
20240317143003,190.48775
20240317144003,189.98025
20240317145003,188.1926
20240317150003,185.89493
20240317151003,185.57445
20240317152003,184.72012
20240317153003,184.44579
20240317154003,184.01598
20240317155003,183.69518
20240317160003,202.49426
20240317161003,202.70538
20240317162003,202.25761
20240317163003,198.55014
20240317164003,200.25153
20240317165003,204.14453
20240414090003,640.46972
20240414091003,230.78278
20240414092003,210.55398
20240414093003,201.683
20240414094003,193.38557
20240414095003,314.26182
20240414100003,492.05708
20240414101003,306.6939
20240414102003,502.49541
20240414103003,253.30919
20240414104003,295.99712
20240414105003,289.60111
20240414110003,243.99674
20240414111003,231.99614
20240414112003,232.08896
20240414113003,235.29403
20240414114003,243.87831
20240414115003,288.95286
20240414120003,262.76503
20240414121003,274.81669
20240414122003,239.74204
20240414123003,242.62471
20240414124003,239.11062
20240414125003,235.81858
20240414130003,228.43482
20240414131003,232.27225
20240414132003,228.70393
20240414133003,231.83585
20240414134003,231.71752
20240414135003,225.64571
20240414140003,204.89495
20240414141003,195.82308
20240414142003,194.08355
20240414143003,190.48775
20240414144003,189.98025
20240414145003,188.1926
20240414150003,185.89493
20240414151003,185.57445
20240414152003,184.72012
20240414153003,184.44579
20240414154003,184.01598
20240414155003,183.69518
20240414160003,202.49426
20240414161003,202.70538
20240414162003,202.25761
20240414163003,198.55014
20240414164003,200.25153
20240414165003,204.14453
20240524090003,212.78891
20240524091003,198.79719
20240524092003,199.3469
20240524093003,230.04045
20240524094003,261.44178
20240524095003,272.55396
20240524100003,453.54619
20240524101003,392.51605
20240524102003,320.88348
20240524103003,274.69352
20240524104003,285.31161
20240524105003,291.88862
20240524110003,243.99674
20240524111003,231.99614
20240524112003,232.08896
20240524113003,235.29403
20240524114003,243.87831
20240524115003,288.95286
20240524120003,262.76503
20240524121003,274.81669
20240524122003,239.74204
20240524123003,242.62471
20240524124003,239.11062
20240524125003,235.81858
20240524130003,228.43482
20240524131003,232.27225
20240524132003,228.70393
20240524133003,231.83585
20240524134003,231.71752
20240524135003,225.64571
20240524140003,204.89495
20240524141003,195.82308
20240524142003,194.08355
20240524143003,190.48775
20240524144003,189.98025
20240524145003,188.1926
20240524150003,185.89493
20240524151003,185.57445
20240524152003,184.72012
20240524153003,184.44579
20240524154003,184.01598
20240524155003,183.69518
20240524160003,202.49426
20240524161003,202.70538
20240524162003,202.25761
20240524163003,198.55014
20240524164003,200.25153
20240524165003,204.14453
20240526090003,226.92843
20240526091003,195.91991
20240526092003,200.05735
20240526093003,231.90511
20240526094003,243.28061
20240526095003,254.48676
20240526100003,475.40751
20240526101003,426.60082
20240526102003,320.15001
20240526103003,272.60494
20240526104003,281.78801
20240526105003,291.89
20240526110003,243.99674
20240526111003,231.99614
20240526112003,232.08896
20240526113003,235.29403
20240526114003,243.87831
20240526115003,288.95286
20240526120003,262.76503
20240526121003,274.81669
20240526122003,239.74204
20240526123003,242.62471
20240526124003,239.11062
20240526125003,235.81858
20240526130003,228.43482
20240526131003,232.27225
20240526132003,228.70393
20240526133003,231.83585
20240526134003,231.71752
20240526135003,225.64571
20240526140003,204.89495
20240526141003,195.82308
20240526142003,194.08355
20240526143003,190.48775
20240526144003,189.98025
20240526145003,188.1926
20240526150003,185.89493
20240526151003,185.57445
20240526152003,184.72012
20240526153003,184.44579
20240526154003,184.01598
20240526155003,183.69518
20240526160003,202.49426
20240526161003,202.70538
20240526162003,202.25761
20240526163003,198.55014
20240526164003,200.25153
20240526165003,204.14453
20240603090003,211.9093
20240603091003,205.48289
20240603092003,208.20462
20240603093003,225.35416
20240603094003,214.32156
20240603095003,277.77604
20240603100003,559.33288
20240603101003,423.01885
20240603102003,328.47363
20240603103003,269.11194
20240603104003,287.92805
20240603105003,292.05312
20240603110003,243.99674
20240603111003,231.99614
20240603112003,232.08896
20240603113003,235.29403
20240603114003,243.87831
20240603115003,288.95286
20240603120003,262.76503
20240603121003,274.81669
20240603122003,239.74204
20240603123003,242.62471
20240603124003,239.11062
20240603125003,235.81858
20240603130003,228.43482
20240603131003,232.27225
20240603132003,228.70393
20240603133003,231.83585
20240603134003,231.71752
20240603135003,225.64571
20240603140003,204.89495
20240603141003,195.82308
20240603142003,194.08355
20240603143003,190.48775
20240603144003,189.98025
20240603145003,188.1926
20240603150003,185.89493
20240603151003,185.57445
20240603152003,184.72012
20240603153003,184.44579
20240603154003,184.01598
20240603155003,183.69518
20240603160003,202.49426
20240603161003,202.70538
20240603162003,202.25761
20240603163003,198.55014
20240603164003,200.25153
20240603165003,204.14453
20240620090003,812.0808
20240620091003,227.17917
20240620092003,248.60217
20240620093003,199.49823
20240620094003,199.1476
20240620095003,372.43875
20240620100003,353.05576
20240620101003,327.42192
20240620102003,435.35697
20240620103003,251.64917
20240620104003,300.26918
20240620105003,284.99339
20240620110003,243.99674
20240620111003,231.99614
20240620112003,232.08896
20240620113003,235.29403
20240620114003,243.87831
20240620115003,288.95286
20240620120003,262.76503
20240620121003,274.81669
20240620122003,239.74204
20240620123003,242.62471
20240620124003,239.11062
20240620125003,235.81858
20240620130003,228.43482
20240620131003,232.27225
20240620132003,228.70393
20240620133003,231.83585
20240620134003,231.71752
20240620135003,225.64571
20240620140003,204.89495
20240620141003,195.82308
20240620142003,194.08355
20240620143003,190.48775
20240620144003,189.98025
20240620145003,188.1926
20240620150003,185.89493
20240620151003,185.57445
20240620152003,184.72012
20240620153003,184.44579
20240620154003,184.01598
20240620155003,183.69518
20240620160003,202.49426
20240620161003,202.70538
20240620162003,202.25761
20240620163003,198.55014
20240620164003,200.25153
20240620165003,204.14453
20240420090004,856.55713
20240420091004,238.34063
20240420092004,340.12169
20240420093004,329.21977
20240420094004,216.42304
20240420095004,429.59719
20240420100004,515.71116
20240420101004,436.79938
20240420102004,326.07903
20240420103004,276.86916
20240420104004,281.63978
20240420105004,276.1414
20240420110004,243.99674
20240420111004,231.99614
20240420112004,232.08896
20240420113004,235.29403
20240420114004,243.87831
20240420115004,288.95286
20240420120004,262.76503
20240420121004,274.81669
20240420122004,239.74204
20240420123004,242.62471
20240420124004,239.11062
20240420125004,235.81858
20240420130004,228.43482
20240420131004,232.27225
20240420132004,228.70393
20240420133004,231.83585
20240420134004,231.71752
20240420135004,225.64571
20240420140004,204.89495
20240420141004,195.82308
20240420142004,194.08355
20240420143004,190.48775
20240420144004,189.98025
20240420145004,188.1926
20240420150004,185.89493
20240420151004,185.57445
20240420152004,184.72012
20240420153004,184.44579
20240420154004,184.01598
20240420155004,183.69518
20240420160004,202.49426
20240420161004,202.70538
20240420162004,202.25761
20240420163004,198.55014
20240420164004,200.25153
20240420165004,204.14453
20240422090004,803.21243
20240422091004,232.95371
20240422092004,232.19697
20240422093004,226.79508
20240422094004,248.13167
20240422095004,332.86002
20240422100004,434.33287
20240422101004,391.47313
20240422102004,405.90899
20240422103004,278.01516
20240422104004,299.33418
20240422105004,285.21662
20240422110004,243.99674
20240422111004,231.99614
20240422112004,232.08896
20240422113004,235.29403
20240422114004,243.87831
20240422115004,288.95286
20240422120004,262.76503
20240422121004,274.81669
20240422122004,239.74204
20240422123004,242.62471
20240422124004,239.11062
20240422125004,235.81858
20240422130004,228.43482
20240422131004,232.27225
20240422132004,228.70393
20240422133004,231.83585
20240422134004,231.71752
20240422135004,225.64571
20240422140004,204.89495
20240422141004,195.82308
20240422142004,194.08355
20240422143004,190.48775
20240422144004,189.98025
20240422145004,188.1926
20240422150004,185.89493
20240422151004,185.57445
20240422152004,184.72012
20240422153004,184.44579
20240422154004,184.01598
20240422155004,183.69518
20240422160004,202.49426
20240422161004,202.70538
20240422162004,202.25761
20240422163004,198.55014
20240422164004,200.25153
20240422165004,204.14453
20240513090004,192.41405
20240513091004,188.38098
20240513092004,202.84268
20240513093004,266.98245
20240513094004,250.46406
20240513095004,261.70212
20240513100004,381.60952
20240513101004,451.35468
20240513102004,383.03055
20240513103004,274.58417
20240513104004,279.90583
20240513105004,290.18681
20240513110004,243.99674
20240513111004,231.99614
20240513112004,232.08896
20240513113004,235.29403
20240513114004,243.87831
20240513115004,288.95286
20240513120004,262.76503
20240513121004,274.81669
20240513122004,239.74204
20240513123004,242.62471
20240513124004,239.11062
20240513125004,235.81858
20240513130004,228.43482
20240513131004,232.27225
20240513132004,228.70393
20240513133004,231.83585
20240513134004,231.71752
20240513135004,225.64571
20240513140004,204.89495
20240513141004,195.82308
20240513142004,194.08355
20240513143004,190.48775
20240513144004,189.98025
20240513145004,188.1926
20240513150004,185.89493
20240513151004,185.57445
20240513152004,184.72012
20240513153004,184.44579
20240513154004,184.01598
20240513155004,183.69518
20240513160004,202.49426
20240513161004,202.70538
20240513162004,202.25761
20240513163004,198.55014
20240513164004,200.25153
20240513165004,204.14453
20240515090004,674.637
20240515091004,251.17939
20240515092004,246.98501
20240515093004,230.87035
20240515094004,205.6468
20240515095004,327.59508
20240515100004,432.5787
20240515101004,307.8311
20240515102004,429.18592
20240515103004,272.87381
20240515104004,300.0441
20240515105004,289.44881
20240515110004,243.99674
20240515111004,231.99614
20240515112004,232.08896
20240515113004,235.29403
20240515114004,243.87831
20240515115004,288.95286
20240515120004,262.76503
20240515121004,274.81669
20240515122004,239.74204
20240515123004,242.62471
20240515124004,239.11062
20240515125004,235.81858
20240515130004,228.43482
20240515131004,232.27225
20240515132004,228.70393
20240515133004,231.83585
20240515134004,231.71752
20240515135004,225.64571
20240515140004,204.89495
20240515141004,195.82308
20240515142004,194.08355
20240515143004,190.48775
20240515144004,189.98025
20240515145004,188.1926
20240515150004,185.89493
20240515151004,185.57445
20240515152004,184.72012
20240515153004,184.44579
20240515154004,184.01598
20240515155004,183.69518
20240515160004,202.49426
20240515161004,202.70538
20240515162004,202.25761
20240515163004,198.55014
20240515164004,200.25153
20240515165004,204.14453
20240629090004,772.40705
20240629091004,225.57956
20240629092004,257.52636
20240629093004,203.55391
20240629094004,199.99606
20240629095004,284.85274
20240629100004,334.21635
20240629101004,431.3502
20240629102004,352.39731
20240629103004,273.48351
20240629104004,292.01325
20240629105004,280.55078
20240629110004,243.99674
20240629111004,231.99614
20240629112004,232.08896
20240629113004,235.29403
20240629114004,243.87831
20240629115004,288.95286
20240629120004,262.76503
20240629121004,274.81669
20240629122004,239.74204
20240629123004,242.62471
20240629124004,239.11062
20240629125004,235.81858
20240629130004,228.43482
20240629131004,232.27225
20240629132004,228.70393
20240629133004,231.83585
20240629134004,231.71752
20240629135004,225.64571
20240629140004,204.89495
20240629141004,195.82308
20240629142004,194.08355
20240629143004,190.48775
20240629144004,189.98025
20240629145004,188.1926
20240629150004,185.89493
20240629151004,185.57445
20240629152004,184.72012
20240629153004,184.44579
20240629154004,184.01598
20240629155004,183.69518
20240629160004,202.49426
20240629161004,202.70538
20240629162004,202.25761
20240629163004,198.55014
20240629164004,200.25153
20240629165004,204.14453
20240704090004,642.70055
20240704091004,215.25854
20240704092004,204.61141
20240704093004,230.77614
20240704094004,242.84989
20240704095004,274.62672
20240704100004,381.00555
20240704101004,431.25635
20240704102004,280.78731
20240704103004,275.34717
20240704104004,284.20489
20240704105004,278.25966
20240704110004,243.99674
20240704111004,231.99614
20240704112004,232.08896
20240704113004,235.29403
20240704114004,243.87831
20240704115004,288.95286
20240704120004,262.76503
20240704121004,274.81669
20240704122004,239.74204
20240704123004,242.62471
20240704124004,239.11062
20240704125004,235.81858
20240704130004,228.43482
20240704131004,232.27225
20240704132004,228.70393
20240704133004,231.83585
20240704134004,231.71752
20240704135004,225.64571
20240704140004,204.89495
20240704141004,195.82308
20240704142004,194.08355
20240704143004,190.48775
20240704144004,189.98025
20240704145004,188.1926
20240704150004,185.89493
20240704151004,185.57445
20240704152004,184.72012
20240704153004,184.44579
20240704154004,184.01598
20240704155004,183.69518
20240704160004,202.49426
20240704161004,202.70538
20240704162004,202.25761
20240704163004,198.55014
20240704164004,200.25153
20240704165004,204.14453
20240509090005,328.17757
20240509091005,209.02163
20240509092005,199.32905
20240509093005,198.96744
20240509094005,250.29948
20240509095005,360.99469
20240509100005,496.14398
20240509101005,431.94464
20240509102005,347.4789
20240509103005,256.44102
20240509104005,284.74991
20240509105005,291.89158
20240509110005,243.99674
20240509111005,231.99614
20240509112005,232.08896
20240509113005,235.29403
20240509114005,243.87831
20240509115005,288.95286
20240509120005,262.76503
20240509121005,274.81669
20240509122005,239.74204
20240509123005,242.62471
20240509124005,239.11062
20240509125005,235.81858
20240509130005,228.43482
20240509131005,232.27225
20240509132005,228.70393
20240509133005,231.83585
20240509134005,231.71752
20240509135005,225.64571
20240509140005,204.89495
20240509141005,195.82308
20240509142005,194.08355
20240509143005,190.48775
20240509144005,189.98025
20240509145005,188.1926
20240509150005,185.89493
20240509151005,185.57445
20240509152005,184.72012
20240509153005,184.44579
20240509154005,184.01598
20240509155005,183.69518
20240509160005,202.49426
20240509161005,202.70538
20240509162005,202.25761
20240509163005,198.55014
20240509164005,200.25153
20240509165005,204.14453
20240514090005,396.7037
20240514091005,201.36995
20240514092005,197.87208
20240514093005,297.29727
20240514094005,500.40362
20240514095005,306.79357
20240514100005,557.6227
20240514101005,448.4289
20240514102005,329.04502
20240514103005,256.34346
20240514104005,281.21192
20240514105005,291.95303
20240514110005,243.99674
20240514111005,231.99614
20240514112005,232.08896
20240514113005,235.29403
20240514114005,243.87831
20240514115005,288.95286
20240514120005,262.76503
20240514121005,274.81669
20240514122005,239.74204
20240514123005,242.62471
20240514124005,239.11062
20240514125005,235.81858
20240514130005,228.43482
20240514131005,232.27225
20240514132005,228.70393
20240514133005,231.83585
20240514134005,231.71752
20240514135005,225.64571
20240514140005,204.89495
20240514141005,195.82308
20240514142005,194.08355
20240514143005,190.48775
20240514144005,189.98025
20240514145005,188.1926
20240514150005,185.89493
20240514151005,185.57445
20240514152005,184.72012
20240514153005,184.44579
20240514154005,184.01598
20240514155005,183.69518
20240514160005,202.49426
20240514161005,202.70538
20240514162005,202.25761
20240514163005,198.55014
20240514164005,200.25153
20240514165005,204.14453
20240615090005,504.03044
20240615091005,257.42631
20240615092005,218.55771
20240615093005,198.15308
20240615094005,202.51548
20240615095005,446.77822
20240615100005,438.27786
20240615101005,437.38497
20240615102005,368.1837
20240615103005,272.83366
20240615104005,287.69108
20240615105005,285.66134
20240615110005,243.99674
20240615111005,231.99614
20240615112005,232.08896
20240615113005,235.29403
20240615114005,243.87831
20240615115005,288.95286
20240615120005,262.76503
20240615121005,274.81669
20240615122005,239.74204
20240615123005,242.62471
20240615124005,239.11062
20240615125005,235.81858
20240615130005,228.43482
20240615131005,232.27225
20240615132005,228.70393
20240615133005,231.83585
20240615134005,231.71752
20240615135005,225.64571
20240615140005,204.89495
20240615141005,195.82308
20240615142005,194.08355
20240615143005,190.48775
20240615144005,189.98025
20240615145005,188.1926
20240615150005,185.89493
20240615151005,185.57445
20240615152005,184.72012
20240615153005,184.44579
20240615154005,184.01598
20240615155005,183.69518
20240615160005,202.49426
20240615161005,202.70538
20240615162005,202.25761
20240615163005,198.55014
20240615164005,200.25153
20240615165005,204.14453
20240620090005,496.43854
20240620091005,239.87543
20240620092005,229.73102
20240620093005,200.91106
20240620094005,196.51843
20240620095005,332.60518
20240620100005,324.92277
20240620101005,427.63737
20240620102005,383.44989
20240620103005,264.10323
20240620104005,292.07709
20240620105005,289.2104
20240620110005,243.99674
20240620111005,231.99614
20240620112005,232.08896
20240620113005,235.29403
20240620114005,243.87831
20240620115005,288.95286
20240620120005,262.76503
20240620121005,274.81669
20240620122005,239.74204
20240620123005,242.62471
20240620124005,239.11062
20240620125005,235.81858
20240620130005,228.43482
20240620131005,232.27225
20240620132005,228.70393
20240620133005,231.83585
20240620134005,231.71752
20240620135005,225.64571
20240620140005,204.89495
20240620141005,195.82308
20240620142005,194.08355
20240620143005,190.48775
20240620144005,189.98025
20240620145005,188.1926
20240620150005,185.89493
20240620151005,185.57445
20240620152005,184.72012
20240620153005,184.44579
20240620154005,184.01598
20240620155005,183.69518
20240620160005,202.49426
20240620161005,202.70538
20240620162005,202.25761
20240620163005,198.55014
20240620164005,200.25153
20240620165005,204.14453
20240706090005,384.53638
20240706091005,329.68418
20240706092005,259.65667
20240706093005,200.20574
20240706094005,212.95911
20240706095005,339.6748
20240706100005,660.14456
20240706101005,547.59202
20240706102005,298.3891
20240706103005,271.28945
20240706104005,280.33191
20240706105005,280.64016
20240706110005,243.99674
20240706111005,231.99614
20240706112005,232.08896
20240706113005,235.29403
20240706114005,243.87831
20240706115005,288.95286
20240706120005,262.76503
20240706121005,274.81669
20240706122005,239.74204
20240706123005,242.62471
20240706124005,239.11062
20240706125005,235.81858
20240706130005,228.43482
20240706131005,232.27225
20240706132005,228.70393
20240706133005,231.83585
20240706134005,231.71752
20240706135005,225.64571
20240706140005,204.89495
20240706141005,195.82308
20240706142005,194.08355
20240706143005,190.48775
20240706144005,189.98025
20240706145005,188.1926
20240706150005,185.89493
20240706151005,185.57445
20240706152005,184.72012
20240706153005,184.44579
20240706154005,184.01598
20240706155005,183.69518
20240706160005,202.49426
20240706161005,202.70538
20240706162005,202.25761
20240706163005,198.55014
20240706164005,200.25153
20240706165005,204.14453
20240708090005,457.33872
20240708091005,277.25452
20240708092005,244.5708
20240708093005,200.55693
20240708094005,203.8736
20240708095005,393.90079
20240708100005,470.08655
20240708101005,491.34679
20240708102005,338.49167
20240708103005,272.10061
20240708104005,287.68512
20240708105005,285.66134
20240708110005,243.99674
20240708111005,231.99614
20240708112005,232.08896
20240708113005,235.29403
20240708114005,243.87831
20240708115005,288.95286
20240708120005,262.76503
20240708121005,274.81669
20240708122005,239.74204
20240708123005,242.62471
20240708124005,239.11062
20240708125005,235.81858
20240708130005,228.43482
20240708131005,232.27225
20240708132005,228.70393
20240708133005,231.83585
20240708134005,231.71752
20240708135005,225.64571
20240708140005,204.89495
20240708141005,195.82308
20240708142005,194.08355
20240708143005,190.48775
20240708144005,189.98025
20240708145005,188.1926
20240708150005,185.89493
20240708151005,185.57445
20240708152005,184.72012
20240708153005,184.44579
20240708154005,184.01598
20240708155005,183.69518
20240708160005,202.49426
20240708161005,202.70538
20240708162005,202.25761
20240708163005,198.55014
20240708164005,200.25153
20240708165005,204.14453
20240520090006,595.73928
20240520091006,196.83302
20240520092006,212.59025
20240520093006,276.44816
20240520094006,475.09294
20240520095006,229.77313
20240520100006,778.5726
20240520101006,504.64824
20240520102006,343.13054
20240520103006,265.22003
20240520104006,298.35656
20240520105006,293.24328
20240520110006,243.99674
20240520111006,231.99614
20240520112006,232.08896
20240520113006,235.29403
20240520114006,243.87831
20240520115006,288.95286
20240520120006,262.76503
20240520121006,274.81669
20240520122006,239.74204
20240520123006,242.62471
20240520124006,239.11062
20240520125006,235.81858
20240520130006,228.43482
20240520131006,232.27225
20240520132006,228.70393
20240520133006,231.83585
20240520134006,231.71752
20240520135006,225.64571
20240520140006,204.89495
20240520141006,195.82308
20240520142006,194.08355
20240520143006,190.48775
20240520144006,189.98025
20240520145006,188.1926
20240520150006,185.89493
20240520151006,185.57445
20240520152006,184.72012
20240520153006,184.44579
20240520154006,184.01598
20240520155006,183.69518
20240520160006,202.49426
20240520161006,202.70538
20240520162006,202.25761
20240520163006,198.55014
20240520164006,200.25153
20240520165006,204.14453
20240527090006,398.08098
20240527091006,201.11148
20240527092006,203.0138
20240527093006,321.63184
20240527094006,309.62631
20240527095006,263.5881
20240527100006,368.61509
20240527101006,478.06484
20240527102006,396.03135
20240527103006,255.3841
20240527104006,293.89225
20240527105006,291.65089
20240527110006,243.99674
20240527111006,231.99614
20240527112006,232.08896
20240527113006,235.29403
20240527114006,243.87831
20240527115006,288.95286
20240527120006,262.76503
20240527121006,274.81669
20240527122006,239.74204
20240527123006,242.62471
20240527124006,239.11062
20240527125006,235.81858
20240527130006,228.43482
20240527131006,232.27225
20240527132006,228.70393
20240527133006,231.83585
20240527134006,231.71752
20240527135006,225.64571
20240527140006,204.89495
20240527141006,195.82308
20240527142006,194.08355
20240527143006,190.48775
20240527144006,189.98025
20240527145006,188.1926
20240527150006,185.89493
20240527151006,185.57445
20240527152006,184.72012
20240527153006,184.44579
20240527154006,184.01598
20240527155006,183.69518
20240527160006,202.49426
20240527161006,202.70538
20240527162006,202.25761
20240527163006,198.55014
20240527164006,200.25153
20240527165006,204.14453
20240625090006,635.59851
20240625091006,243.83778
20240625092006,224.91382
20240625093006,215.45632
20240625094006,296.80056
20240625095006,286.46516
20240625100006,390.20302
20240625101006,460.74193
20240625102006,321.33442
20240625103006,272.13229
20240625104006,300.16225
20240625105006,280.59354
20240625110006,243.99674
20240625111006,231.99614
20240625112006,232.08896
20240625113006,235.29403
20240625114006,243.87831
20240625115006,288.95286
20240625120006,262.76503
20240625121006,274.81669
20240625122006,239.74204
20240625123006,242.62471
20240625124006,239.11062
20240625125006,235.81858
20240625130006,228.43482
20240625131006,232.27225
20240625132006,228.70393
20240625133006,231.83585
20240625134006,231.71752
20240625135006,225.64571
20240625140006,204.89495
20240625141006,195.82308
20240625142006,194.08355
20240625143006,190.48775
20240625144006,189.98025
20240625145006,188.1926
20240625150006,185.89493
20240625151006,185.57445
20240625152006,184.72012
20240625153006,184.44579
20240625154006,184.01598
20240625155006,183.69518
20240625160006,202.49426
20240625161006,202.70538
20240625162006,202.25761
20240625163006,198.55014
20240625164006,200.25153
20240625165006,204.14453
20240629090006,651.73363
20240629091006,217.19772
20240629092006,222.07414
20240629093006,234.04389
20240629094006,248.3306
20240629095006,282.26925
20240629100006,394.64889
20240629101006,473.54626
20240629102006,328.45041
20240629103006,273.1961
20240629104006,296.78057
20240629105006,280.60435
20240629110006,243.99674
20240629111006,231.99614
20240629112006,232.08896
20240629113006,235.29403
20240629114006,243.87831
20240629115006,288.95286
20240629120006,262.76503
20240629121006,274.81669
20240629122006,239.74204
20240629123006,242.62471
20240629124006,239.11062
20240629125006,235.81858
20240629130006,228.43482
20240629131006,232.27225
20240629132006,228.70393
20240629133006,231.83585
20240629134006,231.71752
20240629135006,225.64571
20240629140006,204.89495
20240629141006,195.82308
20240629142006,194.08355
20240629143006,190.48775
20240629144006,189.98025
20240629145006,188.1926
20240629150006,185.89493
20240629151006,185.57445
20240629152006,184.72012
20240629153006,184.44579
20240629154006,184.01598
20240629155006,183.69518
20240629160006,202.49426
20240629161006,202.70538
20240629162006,202.25761
20240629163006,198.55014
20240629164006,200.25153
20240629165006,204.14453
20240706090006,613.2525
20240706091006,252.66093
20240706092006,203.72717
20240706093006,232.32295
20240706094006,339.15991
20240706095006,299.54046
20240706100006,511.37919
20240706101006,544.01652
20240706102006,289.28334
20240706103006,273.18706
20240706104006,288.02392
20240706105006,279.33546
20240706110006,243.99674
20240706111006,231.99614
20240706112006,232.08896
20240706113006,235.29403
20240706114006,243.87831
20240706115006,288.95286
20240706120006,262.76503
20240706121006,274.81669
20240706122006,239.74204
20240706123006,242.62471
20240706124006,239.11062
20240706125006,235.81858
20240706130006,228.43482
20240706131006,232.27225
20240706132006,228.70393
20240706133006,231.83585
20240706134006,231.71752
20240706135006,225.64571
20240706140006,204.89495
20240706141006,195.82308
20240706142006,194.08355
20240706143006,190.48775
20240706144006,189.98025
20240706145006,188.1926
20240706150006,185.89493
20240706151006,185.57445
20240706152006,184.72012
20240706153006,184.44579
20240706154006,184.01598
20240706155006,183.69518
20240706160006,202.49426
20240706161006,202.70538
20240706162006,202.25761
20240706163006,198.55014
20240706164006,200.25153
20240706165006,204.14453
20240722090006,615.03768
20240722091006,251.10978
20240722092006,212.57754
20240722093006,238.61017
20240722094006,346.23162
20240722095006,283.9012
20240722100006,468.99422
20240722101006,562.75873
20240722102006,299.29064
20240722103006,273.07341
20240722104006,293.53579
20240722105006,280.59354
20240722110006,243.99674
20240722111006,231.99614
20240722112006,232.08896
20240722113006,235.29403
20240722114006,243.87831
20240722115006,288.95286
20240722120006,262.76503
20240722121006,274.81669
20240722122006,239.74204
20240722123006,242.62471
20240722124006,239.11062
20240722125006,235.81858
20240722130006,228.43482
20240722131006,232.27225
20240722132006,228.70393
20240722133006,231.83585
20240722134006,231.71752
20240722135006,225.64571
20240722140006,204.89495
20240722141006,195.82308
20240722142006,194.08355
20240722143006,190.48775
20240722144006,189.98025
20240722145006,188.1926
20240722150006,185.89493
20240722151006,185.57445
20240722152006,184.72012
20240722153006,184.44579
20240722154006,184.01598
20240722155006,183.69518
20240722160006,202.49426
20240722161006,202.70538
20240722162006,202.25761
20240722163006,198.55014
20240722164006,200.25153
20240722165006,204.14453
20240526090007,319.01966
20240526091007,198.27927
20240526092007,198.8185
20240526093007,232.11596
20240526094007,243.14784
20240526095007,241.58837
20240526100007,494.10779
20240526101007,441.31349
20240526102007,322.99319
20240526103007,256.53958
20240526104007,285.04514
20240526105007,292.34849
20240526110007,243.99674
20240526111007,231.99614
20240526112007,232.08896
20240526113007,235.29403
20240526114007,243.87831
20240526115007,288.95286
20240526120007,262.76503
20240526121007,274.81669
20240526122007,239.74204
20240526123007,242.62471
20240526124007,239.11062
20240526125007,235.81858
20240526130007,228.43482
20240526131007,232.27225
20240526132007,228.70393
20240526133007,231.83585
20240526134007,231.71752
20240526135007,225.64571
20240526140007,204.89495
20240526141007,195.82308
20240526142007,194.08355
20240526143007,190.48775
20240526144007,189.98025
20240526145007,188.1926
20240526150007,185.89493
20240526151007,185.57445
20240526152007,184.72012
20240526153007,184.44579
20240526154007,184.01598
20240526155007,183.69518
20240526160007,202.49426
20240526161007,202.70538
20240526162007,202.25761
20240526163007,198.55014
20240526164007,200.25153
20240526165007,204.14453
20240612090007,573.4857
20240612091007,203.05537
20240612092007,295.46578
20240612093007,199.6585
20240612094007,228.12965
20240612095007,275.11663
20240612100007,828.74432
20240612101007,505.6432
20240612102007,318.46787
20240612103007,276.4353
20240612104007,308.0033
20240612105007,282.17053
20240612110007,243.99674
20240612111007,231.99614
20240612112007,232.08896
20240612113007,235.29403
20240612114007,243.87831
20240612115007,288.95286
20240612120007,262.76503
20240612121007,274.81669
20240612122007,239.74204
20240612123007,242.62471
20240612124007,239.11062
20240612125007,235.81858
20240612130007,228.43482
20240612131007,232.27225
20240612132007,228.70393
20240612133007,231.83585
20240612134007,231.71752
20240612135007,225.64571
20240612140007,204.89495
20240612141007,195.82308
20240612142007,194.08355
20240612143007,190.48775
20240612144007,189.98025
20240612145007,188.1926
20240612150007,185.89493
20240612151007,185.57445
20240612152007,184.72012
20240612153007,184.44579
20240612154007,184.01598
20240612155007,183.69518
20240612160007,202.49426
20240612161007,202.70538
20240612162007,202.25761
20240612163007,198.55014
20240612164007,200.25153
20240612165007,204.14453
20240615090007,871.90808
20240615091007,262.20104
20240615092007,235.80135
20240615093007,210.91838
20240615094007,325.18841
20240615095007,303.93934
20240615100007,334.8572
20240615101007,394.89021
20240615102007,390.46822
20240615103007,277.06171
20240615104007,290.59101
20240615105007,280.5753
20240615110007,243.99674
20240615111007,231.99614
20240615112007,232.08896
20240615113007,235.29403
20240615114007,243.87831
20240615115007,288.95286
20240615120007,262.76503
20240615121007,274.81669
20240615122007,239.74204
20240615123007,242.62471
20240615124007,239.11062
20240615125007,235.81858
20240615130007,228.43482
20240615131007,232.27225
20240615132007,228.70393
20240615133007,231.83585
20240615134007,231.71752
20240615135007,225.64571
20240615140007,204.89495
20240615141007,195.82308
20240615142007,194.08355
20240615143007,190.48775
20240615144007,189.98025
20240615145007,188.1926
20240615150007,185.89493
20240615151007,185.57445
20240615152007,184.72012
20240615153007,184.44579
20240615154007,184.01598
20240615155007,183.69518
20240615160007,202.49426
20240615161007,202.70538
20240615162007,202.25761
20240615163007,198.55014
20240615164007,200.25153
20240615165007,204.14453
20240717090007,768.87501
20240717091007,232.84436
20240717092007,235.57578
20240717093007,213.98733
20240717094007,246.34028
20240717095007,282.66275
20240717100007,436.62151
20240717101007,431.35731
20240717102007,315.35276
20240717103007,274.16888
20240717104007,290.59708
20240717105007,278.90625
20240717110007,243.99674
20240717111007,231.99614
20240717112007,232.08896
20240717113007,235.29403
20240717114007,243.87831
20240717115007,288.95286
20240717120007,262.76503
20240717121007,274.81669
20240717122007,239.74204
20240717123007,242.62471
20240717124007,239.11062
20240717125007,235.81858
20240717130007,228.43482
20240717131007,232.27225
20240717132007,228.70393
20240717133007,231.83585
20240717134007,231.71752
20240717135007,225.64571
20240717140007,204.89495
20240717141007,195.82308
20240717142007,194.08355
20240717143007,190.48775
20240717144007,189.98025
20240717145007,188.1926
20240717150007,185.89493
20240717151007,185.57445
20240717152007,184.72012
20240717153007,184.44579
20240717154007,184.01598
20240717155007,183.69518
20240717160007,202.49426
20240717161007,202.70538
20240717162007,202.25761
20240717163007,198.55014
20240717164007,200.25153
20240717165007,204.14453
20240124090008,189.26794
20240124091008,194.43183
20240124092008,271.53382
20240124093008,233.97864
20240124094008,469.81894
20240124095008,317.84433
20240124100008,438.75448
20240124101008,332.6813
20240124102008,366.31889
20240124103008,277.9452
20240124104008,280.75489
20240124105008,288.60623
20240124110008,243.99674
20240124111008,231.99614
20240124112008,232.08896
20240124113008,235.29403
20240124114008,243.87831
20240124115008,288.95286
20240124120008,262.76503
20240124121008,274.81669
20240124122008,239.74204
20240124123008,242.62471
20240124124008,239.11062
20240124125008,235.81858
20240124130008,228.43482
20240124131008,232.27225
20240124132008,228.70393
20240124133008,231.83585
20240124134008,231.71752
20240124135008,225.64571
20240124140008,204.89495
20240124141008,195.82308
20240124142008,194.08355
20240124143008,190.48775
20240124144008,189.98025
20240124145008,188.1926
20240124150008,185.89493
20240124151008,185.57445
20240124152008,184.72012
20240124153008,184.44579
20240124154008,184.01598
20240124155008,183.69518
20240124160008,202.49426
20240124161008,202.70538
20240124162008,202.25761
20240124163008,198.55014
20240124164008,200.25153
20240124165008,204.14453
20240128090008,187.30877
20240128091008,189.55928
20240128092008,254.12822
20240128093008,296.06633
20240128094008,367.3021
20240128095008,300.12381
20240128100008,396.94675
20240128101008,324.59655
20240128102008,319.82637
20240128103008,280.21481
20240128104008,284.21545
20240128105008,288.75393
20240128110008,243.99674
20240128111008,231.99614
20240128112008,232.08896
20240128113008,235.29403
20240128114008,243.87831
20240128115008,288.95286
20240128120008,262.76503
20240128121008,274.81669
20240128122008,239.74204
20240128123008,242.62471
20240128124008,239.11062
20240128125008,235.81858
20240128130008,228.43482
20240128131008,232.27225
20240128132008,228.70393
20240128133008,231.83585
20240128134008,231.71752
20240128135008,225.64571
20240128140008,204.89495
20240128141008,195.82308
20240128142008,194.08355
20240128143008,190.48775
20240128144008,189.98025
20240128145008,188.1926
20240128150008,185.89493
20240128151008,185.57445
20240128152008,184.72012
20240128153008,184.44579
20240128154008,184.01598
20240128155008,183.69518
20240128160008,202.49426
20240128161008,202.70538
20240128162008,202.25761
20240128163008,198.55014
20240128164008,200.25153
20240128165008,204.14453
20240204090008,190.38757
20240204091008,202.15016
20240204092008,233.3931
20240204093008,318.41954
20240204094008,251.67747
20240204095008,321.3656
20240204100008,333.50559
20240204101008,333.13755
20240204102008,319.89385
20240204103008,280.19173
20240204104008,278.12636
20240204105008,289.76127
20240204110008,243.99674
20240204111008,231.99614
20240204112008,232.08896
20240204113008,235.29403
20240204114008,243.87831
20240204115008,288.95286
20240204120008,262.76503
20240204121008,274.81669
20240204122008,239.74204
20240204123008,242.62471
20240204124008,239.11062
20240204125008,235.81858
20240204130008,228.43482
20240204131008,232.27225
20240204132008,228.70393
20240204133008,231.83585
20240204134008,231.71752
20240204135008,225.64571
20240204140008,204.89495
20240204141008,195.82308
20240204142008,194.08355
20240204143008,190.48775
20240204144008,189.98025
20240204145008,188.1926
20240204150008,185.89493
20240204151008,185.57445
20240204152008,184.72012
20240204153008,184.44579
20240204154008,184.01598
20240204155008,183.69518
20240204160008,202.49426
20240204161008,202.70538
20240204162008,202.25761
20240204163008,198.55014
20240204164008,200.25153
20240204165008,204.14453
20240218090008,202.10792
20240218091008,203.72026
20240218092008,209.14179
20240218093008,227.92894
20240218094008,273.58066
20240218095008,365.14013
20240218100008,427.87496
20240218101008,392.35672
20240218102008,305.53888
20240218103008,276.53102
20240218104008,277.45944
20240218105008,281.95355
20240218110008,243.99674
20240218111008,231.99614
20240218112008,232.08896
20240218113008,235.29403
20240218114008,243.87831
20240218115008,288.95286
20240218120008,262.76503
20240218121008,274.81669
20240218122008,239.74204
20240218123008,242.62471
20240218124008,239.11062
20240218125008,235.81858
20240218130008,228.43482
20240218131008,232.27225
20240218132008,228.70393
20240218133008,231.83585
20240218134008,231.71752
20240218135008,225.64571
20240218140008,204.89495
20240218141008,195.82308
20240218142008,194.08355
20240218143008,190.48775
20240218144008,189.98025
20240218145008,188.1926
20240218150008,185.89493
20240218151008,185.57445
20240218152008,184.72012
20240218153008,184.44579
20240218154008,184.01598
20240218155008,183.69518
20240218160008,202.49426
20240218161008,202.70538
20240218162008,202.25761
20240218163008,198.55014
20240218164008,200.25153
20240218165008,204.14453
20240305090008,201.97918
20240305091008,201.40981
20240305092008,199.64026
20240305093008,241.11061
20240305094008,292.24171
20240305095008,233.64761
20240305100008,599.66015
20240305101008,457.28847
20240305102008,308.539
20240305103008,278.97085
20240305104008,273.2143
20240305105008,280.91291
20240305110008,243.99674
20240305111008,231.99614
20240305112008,232.08896
20240305113008,235.29403
20240305114008,243.87831
20240305115008,288.95286
20240305120008,262.76503
20240305121008,274.81669
20240305122008,239.74204
20240305123008,242.62471
20240305124008,239.11062
20240305125008,235.81858
20240305130008,228.43482
20240305131008,232.27225
20240305132008,228.70393
20240305133008,231.83585
20240305134008,231.71752
20240305135008,225.64571
20240305140008,204.89495
20240305141008,195.82308
20240305142008,194.08355
20240305143008,190.48775
20240305144008,189.98025
20240305145008,188.1926
20240305150008,185.89493
20240305151008,185.57445
20240305152008,184.72012
20240305153008,184.44579
20240305154008,184.01598
20240305155008,183.69518
20240305160008,202.49426
20240305161008,202.70538
20240305162008,202.25761
20240305163008,198.55014
20240305164008,200.25153
20240305165008,204.14453
20240325090008,192.97996
20240325091008,193.0566
20240325092008,194.80377
20240325093008,209.5071
20240325094008,208.34253
20240325095008,326.88856
20240325100008,525.13969
20240325101008,461.78643
20240325102008,313.90069
20240325103008,273.97203
20240325104008,282.01525
20240325105008,286.03071
20240325110008,243.99674
20240325111008,231.99614
20240325112008,232.08896
20240325113008,235.29403
20240325114008,243.87831
20240325115008,288.95286
20240325120008,262.76503
20240325121008,274.81669
20240325122008,239.74204
20240325123008,242.62471
20240325124008,239.11062
20240325125008,235.81858
20240325130008,228.43482
20240325131008,232.27225
20240325132008,228.70393
20240325133008,231.83585
20240325134008,231.71752
20240325135008,225.64571
20240325140008,204.89495
20240325141008,195.82308
20240325142008,194.08355
20240325143008,190.48775
20240325144008,189.98025
20240325145008,188.1926
20240325150008,185.89493
20240325151008,185.57445
20240325152008,184.72012
20240325153008,184.44579
20240325154008,184.01598
20240325155008,183.69518
20240325160008,202.49426
20240325161008,202.70538
20240325162008,202.25761
20240325163008,198.55014
20240325164008,200.25153
20240325165008,204.14453
20240518090008,191.47351
20240518091008,198.53213
20240518092008,224.25411
20240518093008,229.68142
20240518094008,385.5569
20240518095008,430.54459
20240518100008,532.28636
20240518101008,383.36107
20240518102008,325.71921
20240518103008,274.19784
20240518104008,281.36113
20240518105008,289.72457
20240518110008,243.99674
20240518111008,231.99614
20240518112008,232.08896
20240518113008,235.29403
20240518114008,243.87831
20240518115008,288.95286
20240518120008,262.76503
20240518121008,274.81669
20240518122008,239.74204
20240518123008,242.62471
20240518124008,239.11062
20240518125008,235.81858
20240518130008,228.43482
20240518131008,232.27225
20240518132008,228.70393
20240518133008,231.83585
20240518134008,231.71752
20240518135008,225.64571
20240518140008,204.89495
20240518141008,195.82308
20240518142008,194.08355
20240518143008,190.48775
20240518144008,189.98025
20240518145008,188.1926
20240518150008,185.89493
20240518151008,185.57445
20240518152008,184.72012
20240518153008,184.44579
20240518154008,184.01598
20240518155008,183.69518
20240518160008,202.49426
20240518161008,202.70538
20240518162008,202.25761
20240518163008,198.55014
20240518164008,200.25153
20240518165008,204.14453
20240526090008,193.15934
20240526091008,192.80396
20240526092008,209.45362
20240526093008,248.1455
20240526094008,310.89725
20240526095008,318.32501
20240526100008,459.62899
20240526101008,385.47613
20240526102008,325.96535
20240526103008,274.60646
20240526104008,285.56194
20240526105008,292.05312
20240526110008,243.99674
20240526111008,231.99614
20240526112008,232.08896
20240526113008,235.29403
20240526114008,243.87831
20240526115008,288.95286
20240526120008,262.76503
20240526121008,274.81669
20240526122008,239.74204
20240526123008,242.62471
20240526124008,239.11062
20240526125008,235.81858
20240526130008,228.43482
20240526131008,232.27225
20240526132008,228.70393
20240526133008,231.83585
20240526134008,231.71752
20240526135008,225.64571
20240526140008,204.89495
20240526141008,195.82308
20240526142008,194.08355
20240526143008,190.48775
20240526144008,189.98025
20240526145008,188.1926
20240526150008,185.89493
20240526151008,185.57445
20240526152008,184.72012
20240526153008,184.44579
20240526154008,184.01598
20240526155008,183.69518
20240526160008,202.49426
20240526161008,202.70538
20240526162008,202.25761
20240526163008,198.55014
20240526164008,200.25153
20240526165008,204.14453
20240529090008,197.19793
20240529091008,195.53052
20240529092008,195.19662
20240529093008,224.68364
20240529094008,273.8832
20240529095008,380.41849
20240529100008,453.85888
20240529101008,371.6089
20240529102008,302.63044
20240529103008,273.35477
20240529104008,282.07604
20240529105008,289.37332
20240529110008,243.99674
20240529111008,231.99614
20240529112008,232.08896
20240529113008,235.29403
20240529114008,243.87831
20240529115008,288.95286
20240529120008,262.76503
20240529121008,274.81669
20240529122008,239.74204
20240529123008,242.62471
20240529124008,239.11062
20240529125008,235.81858
20240529130008,228.43482
20240529131008,232.27225
20240529132008,228.70393
20240529133008,231.83585
20240529134008,231.71752
20240529135008,225.64571
20240529140008,204.89495
20240529141008,195.82308
20240529142008,194.08355
20240529143008,190.48775
20240529144008,189.98025
20240529145008,188.1926
20240529150008,185.89493
20240529151008,185.57445
20240529152008,184.72012
20240529153008,184.44579
20240529154008,184.01598
20240529155008,183.69518
20240529160008,202.49426
20240529161008,202.70538
20240529162008,202.25761
20240529163008,198.55014
20240529164008,200.25153
20240529165008,204.14453
20240607090008,192.74533
20240607091008,194.28666
20240607092008,205.41387
20240607093008,214.82593
20240607094008,214.88926
20240607095008,286.30303
20240607100008,554.67868
20240607101008,434.24065
20240607102008,319.19035
20240607103008,262.99733
20240607104008,281.9634
20240607105008,291.40936
20240607110008,243.99674
20240607111008,231.99614
20240607112008,232.08896
20240607113008,235.29403
20240607114008,243.87831
20240607115008,288.95286
20240607120008,262.76503
20240607121008,274.81669
20240607122008,239.74204
20240607123008,242.62471
20240607124008,239.11062
20240607125008,235.81858
20240607130008,228.43482
20240607131008,232.27225
20240607132008,228.70393
20240607133008,231.83585
20240607134008,231.71752
20240607135008,225.64571
20240607140008,204.89495
20240607141008,195.82308
20240607142008,194.08355
20240607143008,190.48775
20240607144008,189.98025
20240607145008,188.1926
20240607150008,185.89493
20240607151008,185.57445
20240607152008,184.72012
20240607153008,184.44579
20240607154008,184.01598
20240607155008,183.69518
20240607160008,202.49426
20240607161008,202.70538
20240607162008,202.25761
20240607163008,198.55014
20240607164008,200.25153
20240607165008,204.14453
20240613090008,191.31076
20240613091008,193.28473
20240613092008,200.07526
20240613093008,209.99134
20240613094008,224.29017
20240613095008,272.47695
20240613100008,520.8294
20240613101008,433.17608
20240613102008,325.16243
20240613103008,255.10114
20240613104008,282.75203
20240613105008,292.29939
20240613110008,243.99674
20240613111008,231.99614
20240613112008,232.08896
20240613113008,235.29403
20240613114008,243.87831
20240613115008,288.95286
20240613120008,262.76503
20240613121008,274.81669
20240613122008,239.74204
20240613123008,242.62471
20240613124008,239.11062
20240613125008,235.81858
20240613130008,228.43482
20240613131008,232.27225
20240613132008,228.70393
20240613133008,231.83585
20240613134008,231.71752
20240613135008,225.64571
20240613140008,204.89495
20240613141008,195.82308
20240613142008,194.08355
20240613143008,190.48775
20240613144008,189.98025
20240613145008,188.1926
20240613150008,185.89493
20240613151008,185.57445
20240613152008,184.72012
20240613153008,184.44579
20240613154008,184.01598
20240613155008,183.69518
20240613160008,202.49426
20240613161008,202.70538
20240613162008,202.25761
20240613163008,198.55014
20240613164008,200.25153
20240613165008,204.14453
20240628090008,228.82975
20240628091008,196.64634
20240628092008,207.2857
20240628093008,191.95939
20240628094008,192.62408
20240628095008,425.90534
20240628100008,550.02939
20240628101008,355.87357
20240628102008,407.98256
20240628103008,262.55953
20240628104008,282.01368
20240628105008,291.77578
20240628110008,243.99674
20240628111008,231.99614
20240628112008,232.08896
20240628113008,235.29403
20240628114008,243.87831
20240628115008,288.95286
20240628120008,262.76503
20240628121008,274.81669
20240628122008,239.74204
20240628123008,242.62471
20240628124008,239.11062
20240628125008,235.81858
20240628130008,228.43482
20240628131008,232.27225
20240628132008,228.70393
20240628133008,231.83585
20240628134008,231.71752
20240628135008,225.64571
20240628140008,204.89495
20240628141008,195.82308
20240628142008,194.08355
20240628143008,190.48775
20240628144008,189.98025
20240628145008,188.1926
20240628150008,185.89493
20240628151008,185.57445
20240628152008,184.72012
20240628153008,184.44579
20240628154008,184.01598
20240628155008,183.69518
20240628160008,202.49426
20240628161008,202.70538
20240628162008,202.25761
20240628163008,198.55014
20240628164008,200.25153
20240628165008,204.14453
20240705090008,219.54869
20240705091008,207.75667
20240705092008,243.44501
20240705093008,206.30407
20240705094008,230.27245
20240705095008,284.52899
20240705100008,454.60132
20240705101008,428.11591
20240705102008,324.80927
20240705103008,263.77908
20240705104008,273.50976
20240705105008,280.51527
20240705110008,243.99674
20240705111008,231.99614
20240705112008,232.08896
20240705113008,235.29403
20240705114008,243.87831
20240705115008,288.95286
20240705120008,262.76503
20240705121008,274.81669
20240705122008,239.74204
20240705123008,242.62471
20240705124008,239.11062
20240705125008,235.81858
20240705130008,228.43482
20240705131008,232.27225
20240705132008,228.70393
20240705133008,231.83585
20240705134008,231.71752
20240705135008,225.64571
20240705140008,204.89495
20240705141008,195.82308
20240705142008,194.08355
20240705143008,190.48775
20240705144008,189.98025
20240705145008,188.1926
20240705150008,185.89493
20240705151008,185.57445
20240705152008,184.72012
20240705153008,184.44579
20240705154008,184.01598
20240705155008,183.69518
20240705160008,202.49426
20240705161008,202.70538
20240705162008,202.25761
20240705163008,198.55014
20240705164008,200.25153
20240705165008,204.14453
20240709090008,230.38292
20240709091008,205.67213
20240709092008,211.4298
20240709093008,209.55207
20240709094008,258.04228
20240709095008,289.65102
20240709100008,514.76124
20240709101008,410.98932
20240709102008,332.43723
20240709103008,256.01796
20240709104008,275.93198
20240709105008,280.55556
20240709110008,243.99674
20240709111008,231.99614
20240709112008,232.08896
20240709113008,235.29403
20240709114008,243.87831
20240709115008,288.95286
20240709120008,262.76503
20240709121008,274.81669
20240709122008,239.74204
20240709123008,242.62471
20240709124008,239.11062
20240709125008,235.81858
20240709130008,228.43482
20240709131008,232.27225
20240709132008,228.70393
20240709133008,231.83585
20240709134008,231.71752
20240709135008,225.64571
20240709140008,204.89495
20240709141008,195.82308
20240709142008,194.08355
20240709143008,190.48775
20240709144008,189.98025
20240709145008,188.1926
20240709150008,185.89493
20240709151008,185.57445
20240709152008,184.72012
20240709153008,184.44579
20240709154008,184.01598
20240709155008,183.69518
20240709160008,202.49426
20240709161008,202.70538
20240709162008,202.25761
20240709163008,198.55014
20240709164008,200.25153
20240709165008,204.14453
20240715090008,278.35567
20240715091008,204.67885
20240715092008,202.90181
20240715093008,193.68699
20240715094008,193.74835
20240715095008,436.40867
20240715100008,513.64165
20240715101008,366.83625
20240715102008,426.37943
20240715103008,262.79638
20240715104008,280.95221
20240715105008,290.02243
20240715110008,243.99674
20240715111008,231.99614
20240715112008,232.08896
20240715113008,235.29403
20240715114008,243.87831
20240715115008,288.95286
20240715120008,262.76503
20240715121008,274.81669
20240715122008,239.74204
20240715123008,242.62471
20240715124008,239.11062
20240715125008,235.81858
20240715130008,228.43482
20240715131008,232.27225
20240715132008,228.70393
20240715133008,231.83585
20240715134008,231.71752
20240715135008,225.64571
20240715140008,204.89495
20240715141008,195.82308
20240715142008,194.08355
20240715143008,190.48775
20240715144008,189.98025
20240715145008,188.1926
20240715150008,185.89493
20240715151008,185.57445
20240715152008,184.72012
20240715153008,184.44579
20240715154008,184.01598
20240715155008,183.69518
20240715160008,202.49426
20240715161008,202.70538
20240715162008,202.25761
20240715163008,198.55014
20240715164008,200.25153
20240715165008,204.14453
20240719090008,230.50507
20240719091008,213.14564
20240719092008,214.25116
20240719093008,199.83903
20240719094008,209.35249
20240719095008,304.75391
20240719100008,456.25826
20240719101008,432.48759
20240719102008,338.80067
20240719103008,256.15923
20240719104008,277.85011
20240719105008,281.46935
20240719110008,243.99674
20240719111008,231.99614
20240719112008,232.08896
20240719113008,235.29403
20240719114008,243.87831
20240719115008,288.95286
20240719120008,262.76503
20240719121008,274.81669
20240719122008,239.74204
20240719123008,242.62471
20240719124008,239.11062
20240719125008,235.81858
20240719130008,228.43482
20240719131008,232.27225
20240719132008,228.70393
20240719133008,231.83585
20240719134008,231.71752
20240719135008,225.64571
20240719140008,204.89495
20240719141008,195.82308
20240719142008,194.08355
20240719143008,190.48775
20240719144008,189.98025
20240719145008,188.1926
20240719150008,185.89493
20240719151008,185.57445
20240719152008,184.72012
20240719153008,184.44579
20240719154008,184.01598
20240719155008,183.69518
20240719160008,202.49426
20240719161008,202.70538
20240719162008,202.25761
20240719163008,198.55014
20240719164008,200.25153
20240719165008,204.14453
20240309090009,218.43112
20240309091009,198.74531
20240309092009,193.76666
20240309093009,193.48808
20240309094009,303.76667
20240309095009,373.61874
20240309100009,472.07604
20240309101009,449.52422
20240309102009,382.4988
20240309103009,257.35009
20240309104009,281.22934
20240309105009,289.81852
20240309110009,243.99674
20240309111009,231.99614
20240309112009,232.08896
20240309113009,235.29403
20240309114009,243.87831
20240309115009,288.95286
20240309120009,262.76503
20240309121009,274.81669
20240309122009,239.74204
20240309123009,242.62471
20240309124009,239.11062
20240309125009,235.81858
20240309130009,228.43482
20240309131009,232.27225
20240309132009,228.70393
20240309133009,231.83585
20240309134009,231.71752
20240309135009,225.64571
20240309140009,204.89495
20240309141009,195.82308
20240309142009,194.08355
20240309143009,190.48775
20240309144009,189.98025
20240309145009,188.1926
20240309150009,185.89493
20240309151009,185.57445
20240309152009,184.72012
20240309153009,184.44579
20240309154009,184.01598
20240309155009,183.69518
20240309160009,202.49426
20240309161009,202.70538
20240309162009,202.25761
20240309163009,198.55014
20240309164009,200.25153
20240309165009,204.14453
20240314090009,188.02404
20240314091009,187.60704
20240314092009,208.63225
20240314093009,196.87631
20240314094009,289.46125
20240314095009,328.62867
20240314100009,459.47986
20240314101009,329.46859
20240314102009,372.35463
20240314103009,273.4864
20240314104009,284.48189
20240314105009,289.76265
20240314110009,243.99674
20240314111009,231.99614
20240314112009,232.08896
20240314113009,235.29403
20240314114009,243.87831
20240314115009,288.95286
20240314120009,262.76503
20240314121009,274.81669
20240314122009,239.74204
20240314123009,242.62471
20240314124009,239.11062
20240314125009,235.81858
20240314130009,228.43482
20240314131009,232.27225
20240314132009,228.70393
20240314133009,231.83585
20240314134009,231.71752
20240314135009,225.64571
20240314140009,204.89495
20240314141009,195.82308
20240314142009,194.08355
20240314143009,190.48775
20240314144009,189.98025
20240314145009,188.1926
20240314150009,185.89493
20240314151009,185.57445
20240314152009,184.72012
20240314153009,184.44579
20240314154009,184.01598
20240314155009,183.69518
20240314160009,202.49426
20240314161009,202.70538
20240314162009,202.25761
20240314163009,198.55014
20240314164009,200.25153
20240314165009,204.14453
20240414090009,260.16512
20240414091009,202.09692
20240414092009,195.58968
20240414093009,198.25171
20240414094009,192.95659
20240414095009,326.81573
20240414100009,550.10978
20240414101009,327.73431
20240414102009,426.56315
20240414103009,256.0447
20240414104009,287.7043
20240414105009,289.46464
20240414110009,243.99674
20240414111009,231.99614
20240414112009,232.08896
20240414113009,235.29403
20240414114009,243.87831
20240414115009,288.95286
20240414120009,262.76503
20240414121009,274.81669
20240414122009,239.74204
20240414123009,242.62471
20240414124009,239.11062
20240414125009,235.81858
20240414130009,228.43482
20240414131009,232.27225
20240414132009,228.70393
20240414133009,231.83585
20240414134009,231.71752
20240414135009,225.64571
20240414140009,204.89495
20240414141009,195.82308
20240414142009,194.08355
20240414143009,190.48775
20240414144009,189.98025
20240414145009,188.1926
20240414150009,185.89493
20240414151009,185.57445
20240414152009,184.72012
20240414153009,184.44579
20240414154009,184.01598
20240414155009,183.69518
20240414160009,202.49426
20240414161009,202.70538
20240414162009,202.25761
20240414163009,198.55014
20240414164009,200.25153
20240414165009,204.14453
20240506090009,225.90001
20240506091009,197.28121
20240506092009,199.95904
20240506093009,198.60986
20240506094009,197.60195
20240506095009,323.14604
20240506100009,456.62575
20240506101009,372.36457
20240506102009,373.56208
20240506103009,264.1865
20240506104009,280.74966
20240506105009,282.21244
20240506110009,243.99674
20240506111009,231.99614
20240506112009,232.08896
20240506113009,235.29403
20240506114009,243.87831
20240506115009,288.95286
20240506120009,262.76503
20240506121009,274.81669
20240506122009,239.74204
20240506123009,242.62471
20240506124009,239.11062
20240506125009,235.81858
20240506130009,228.43482
20240506131009,232.27225
20240506132009,228.70393
20240506133009,231.83585
20240506134009,231.71752
20240506135009,225.64571
20240506140009,204.89495
20240506141009,195.82308
20240506142009,194.08355
20240506143009,190.48775
20240506144009,189.98025
20240506145009,188.1926
20240506150009,185.89493
20240506151009,185.57445
20240506152009,184.72012
20240506153009,184.44579
20240506154009,184.01598
20240506155009,183.69518
20240506160009,202.49426
20240506161009,202.70538
20240506162009,202.25761
20240506163009,198.55014
20240506164009,200.25153
20240506165009,204.14453
20240526090009,197.05401
20240526091009,192.22251
20240526092009,199.02769
20240526093009,223.94666
20240526094009,274.87413
20240526095009,321.47369
20240526100009,469.44074
20240526101009,392.82666
20240526102009,326.73136
20240526103009,273.02902
20240526104009,282.76433
20240526105009,292.05312
20240526110009,243.99674
20240526111009,231.99614
20240526112009,232.08896
20240526113009,235.29403
20240526114009,243.87831
20240526115009,288.95286
20240526120009,262.76503
20240526121009,274.81669
20240526122009,239.74204
20240526123009,242.62471
20240526124009,239.11062
20240526125009,235.81858
20240526130009,228.43482
20240526131009,232.27225
20240526132009,228.70393
20240526133009,231.83585
20240526134009,231.71752
20240526135009,225.64571
20240526140009,204.89495
20240526141009,195.82308
20240526142009,194.08355
20240526143009,190.48775
20240526144009,189.98025
20240526145009,188.1926
20240526150009,185.89493
20240526151009,185.57445
20240526152009,184.72012
20240526153009,184.44579
20240526154009,184.01598
20240526155009,183.69518
20240526160009,202.49426
20240526161009,202.70538
20240526162009,202.25761
20240526163009,198.55014
20240526164009,200.25153
20240526165009,204.14453
20240614090009,198.08438
20240614091009,194.01978
20240614092009,208.63759
20240614093009,221.43018
20240614094009,225.17995
20240614095009,239.44829
20240614100009,538.2916
20240614101009,448.32345
20240614102009,299.14066
20240614103009,252.7183
20240614104009,282.63151
20240614105009,292.05312
20240614110009,243.99674
20240614111009,231.99614
20240614112009,232.08896
20240614113009,235.29403
20240614114009,243.87831
20240614115009,288.95286
20240614120009,262.76503
20240614121009,274.81669
20240614122009,239.74204
20240614123009,242.62471
20240614124009,239.11062
20240614125009,235.81858
20240614130009,228.43482
20240614131009,232.27225
20240614132009,228.70393
20240614133009,231.83585
20240614134009,231.71752
20240614135009,225.64571
20240614140009,204.89495
20240614141009,195.82308
20240614142009,194.08355
20240614143009,190.48775
20240614144009,189.98025
20240614145009,188.1926
20240614150009,185.89493
20240614151009,185.57445
20240614152009,184.72012
20240614153009,184.44579
20240614154009,184.01598
20240614155009,183.69518
20240614160009,202.49426
20240614161009,202.70538
20240614162009,202.25761
20240614163009,198.55014
20240614164009,200.25153
20240614165009,204.14453
20240621090009,266.4606
20240621091009,239.23778
20240621092009,202.45373
20240621093009,197.31012
20240621094009,193.75024
20240621095009,460.85656
20240621100009,454.38511
20240621101009,364.94432
20240621102009,433.55113
20240621103009,272.29271
20240621104009,281.82561
20240621105009,289.33529
20240621110009,243.99674
20240621111009,231.99614
20240621112009,232.08896
20240621113009,235.29403
20240621114009,243.87831
20240621115009,288.95286
20240621120009,262.76503
20240621121009,274.81669
20240621122009,239.74204
20240621123009,242.62471
20240621124009,239.11062
20240621125009,235.81858
20240621130009,228.43482
20240621131009,232.27225
20240621132009,228.70393
20240621133009,231.83585
20240621134009,231.71752
20240621135009,225.64571
20240621140009,204.89495
20240621141009,195.82308
20240621142009,194.08355
20240621143009,190.48775
20240621144009,189.98025
20240621145009,188.1926
20240621150009,185.89493
20240621151009,185.57445
20240621152009,184.72012
20240621153009,184.44579
20240621154009,184.01598
20240621155009,183.69518
20240621160009,202.49426
20240621161009,202.70538
20240621162009,202.25761
20240621163009,198.55014
20240621164009,200.25153
20240621165009,204.14453
20240628090009,253.42618
20240628091009,206.64422
20240628092009,198.24604
20240628093009,191.76203
20240628094009,190.38452
20240628095009,276.2462
20240628100009,431.95467
20240628101009,342.92262
20240628102009,459.15737
20240628103009,269.31358
20240628104009,289.59
20240628105009,291.61128
20240628110009,243.99674
20240628111009,231.99614
20240628112009,232.08896
20240628113009,235.29403
20240628114009,243.87831
20240628115009,288.95286
20240628120009,262.76503
20240628121009,274.81669
20240628122009,239.74204
20240628123009,242.62471
20240628124009,239.11062
20240628125009,235.81858
20240628130009,228.43482
20240628131009,232.27225
20240628132009,228.70393
20240628133009,231.83585
20240628134009,231.71752
20240628135009,225.64571
20240628140009,204.89495
20240628141009,195.82308
20240628142009,194.08355
20240628143009,190.48775
20240628144009,189.98025
20240628145009,188.1926
20240628150009,185.89493
20240628151009,185.57445
20240628152009,184.72012
20240628153009,184.44579
20240628154009,184.01598
20240628155009,183.69518
20240628160009,202.49426
20240628161009,202.70538
20240628162009,202.25761
20240628163009,198.55014
20240628164009,200.25153
20240628165009,204.14453
20240717090009,287.40065
20240717091009,246.63973
20240717092009,213.8031
20240717093009,203.36025
20240717094009,205.75255
20240717095009,327.64692
20240717100009,527.00522
20240717101009,391.85292
20240717102009,328.08602
20240717103009,257.6087
20240717104009,280.14366
20240717105009,280.72386
20240717110009,243.99674
20240717111009,231.99614
20240717112009,232.08896
20240717113009,235.29403
20240717114009,243.87831
20240717115009,288.95286
20240717120009,262.76503
20240717121009,274.81669
20240717122009,239.74204
20240717123009,242.62471
20240717124009,239.11062
20240717125009,235.81858
20240717130009,228.43482
20240717131009,232.27225
20240717132009,228.70393
20240717133009,231.83585
20240717134009,231.71752
20240717135009,225.64571
20240717140009,204.89495
20240717141009,195.82308
20240717142009,194.08355
20240717143009,190.48775
20240717144009,189.98025
20240717145009,188.1926
20240717150009,185.89493
20240717151009,185.57445
20240717152009,184.72012
20240717153009,184.44579
20240717154009,184.01598
20240717155009,183.69518
20240717160009,202.49426
20240717161009,202.70538
20240717162009,202.25761
20240717163009,198.55014
20240717164009,200.25153
20240717165009,204.14453
20240316090010,488.36281
20240316091010,204.35677
20240316092010,214.29842
20240316093010,198.19203
20240316094010,233.2864
20240316095010,383.64365
20240316100010,382.52005
20240316101010,370.16597
20240316102010,423.94648
20240316103010,255.93362
20240316104010,293.08838
20240316105010,288.20399
20240316110010,243.99674
20240316111010,231.99614
20240316112010,232.08896
20240316113010,235.29403
20240316114010,243.87831
20240316115010,288.95286
20240316120010,262.76503
20240316121010,274.81669
20240316122010,239.74204
20240316123010,242.62471
20240316124010,239.11062
20240316125010,235.81858
20240316130010,228.43482
20240316131010,232.27225
20240316132010,228.70393
20240316133010,231.83585
20240316134010,231.71752
20240316135010,225.64571
20240316140010,204.89495
20240316141010,195.82308
20240316142010,194.08355
20240316143010,190.48775
20240316144010,189.98025
20240316145010,188.1926
20240316150010,185.89493
20240316151010,185.57445
20240316152010,184.72012
20240316153010,184.44579
20240316154010,184.01598
20240316155010,183.69518
20240316160010,202.49426
20240316161010,202.70538
20240316162010,202.25761
20240316163010,198.55014
20240316164010,200.25153
20240316165010,204.14453
20240324090010,564.42974
20240324091010,215.30751
20240324092010,301.62376
20240324093010,201.28099
20240324094010,210.87394
20240324095010,274.74018
20240324100010,412.5452
20240324101010,372.30538
20240324102010,391.13852
20240324103010,260.9154
20240324104010,292.47426
20240324105010,289.74198
20240324110010,243.99674
20240324111010,231.99614
20240324112010,232.08896
20240324113010,235.29403
20240324114010,243.87831
20240324115010,288.95286
20240324120010,262.76503
20240324121010,274.81669
20240324122010,239.74204
20240324123010,242.62471
20240324124010,239.11062
20240324125010,235.81858
20240324130010,228.43482
20240324131010,232.27225
20240324132010,228.70393
20240324133010,231.83585
20240324134010,231.71752
20240324135010,225.64571
20240324140010,204.89495
20240324141010,195.82308
20240324142010,194.08355
20240324143010,190.48775
20240324144010,189.98025
20240324145010,188.1926
20240324150010,185.89493
20240324151010,185.57445
20240324152010,184.72012
20240324153010,184.44579
20240324154010,184.01598
20240324155010,183.69518
20240324160010,202.49426
20240324161010,202.70538
20240324162010,202.25761
20240324163010,198.55014
20240324164010,200.25153
20240324165010,204.14453
20240412090010,277.68151
20240412091010,213.31411
20240412092010,191.57864
20240412093010,201.04299
20240412094010,202.81763
20240412095010,281.68836
20240412100010,494.08788
20240412101010,323.12322
20240412102010,302.30688
20240412103010,255.93971
20240412104010,277.47388
20240412105010,281.00392
20240412110010,243.99674
20240412111010,231.99614
20240412112010,232.08896
20240412113010,235.29403
20240412114010,243.87831
20240412115010,288.95286
20240412120010,262.76503
20240412121010,274.81669
20240412122010,239.74204
20240412123010,242.62471
20240412124010,239.11062
20240412125010,235.81858
20240412130010,228.43482
20240412131010,232.27225
20240412132010,228.70393
20240412133010,231.83585
20240412134010,231.71752
20240412135010,225.64571
20240412140010,204.89495
20240412141010,195.82308
20240412142010,194.08355
20240412143010,190.48775
20240412144010,189.98025
20240412145010,188.1926
20240412150010,185.89493
20240412151010,185.57445
20240412152010,184.72012
20240412153010,184.44579
20240412154010,184.01598
20240412155010,183.69518
20240412160010,202.49426
20240412161010,202.70538
20240412162010,202.25761
20240412163010,198.55014
20240412164010,200.25153
20240412165010,204.14453
20240419090010,211.26754
20240419091010,195.03784
20240419092010,199.03978
20240419093010,242.60086
20240419094010,272.98813
20240419095010,315.07718
20240419100010,515.02493
20240419101010,390.26655
20240419102010,330.76993
20240419103010,273.74917
20240419104010,285.44586
20240419105010,291.89
20240419110010,243.99674
20240419111010,231.99614
20240419112010,232.08896
20240419113010,235.29403
20240419114010,243.87831
20240419115010,288.95286
20240419120010,262.76503
20240419121010,274.81669
20240419122010,239.74204
20240419123010,242.62471
20240419124010,239.11062
20240419125010,235.81858
20240419130010,228.43482
20240419131010,232.27225
20240419132010,228.70393
20240419133010,231.83585
20240419134010,231.71752
20240419135010,225.64571
20240419140010,204.89495
20240419141010,195.82308
20240419142010,194.08355
20240419143010,190.48775
20240419144010,189.98025
20240419145010,188.1926
20240419150010,185.89493
20240419151010,185.57445
20240419152010,184.72012
20240419153010,184.44579
20240419154010,184.01598
20240419155010,183.69518
20240419160010,202.49426
20240419161010,202.70538
20240419162010,202.25761
20240419163010,198.55014
20240419164010,200.25153
20240419165010,204.14453
20240515090010,448.57975
20240515091010,204.46447
20240515092010,208.37046
20240515093010,196.80291
20240515094010,200.16462
20240515095010,250.63879
20240515100010,322.98448
20240515101010,342.43894
20240515102010,430.47806
20240515103010,273.04567
20240515104010,288.72948
20240515105010,290.81532
20240515110010,243.99674
20240515111010,231.99614
20240515112010,232.08896
20240515113010,235.29403
20240515114010,243.87831
20240515115010,288.95286
20240515120010,262.76503
20240515121010,274.81669
20240515122010,239.74204
20240515123010,242.62471
20240515124010,239.11062
20240515125010,235.81858
20240515130010,228.43482
20240515131010,232.27225
20240515132010,228.70393
20240515133010,231.83585
20240515134010,231.71752
20240515135010,225.64571
20240515140010,204.89495
20240515141010,195.82308
20240515142010,194.08355
20240515143010,190.48775
20240515144010,189.98025
20240515145010,188.1926
20240515150010,185.89493
20240515151010,185.57445
20240515152010,184.72012
20240515153010,184.44579
20240515154010,184.01598
20240515155010,183.69518
20240515160010,202.49426
20240515161010,202.70538
20240515162010,202.25761
20240515163010,198.55014
20240515164010,200.25153
20240515165010,204.14453
20240526090010,203.22941
20240526091010,192.60655
20240526092010,205.70609
20240526093010,221.74898
20240526094010,241.20072
20240526095010,308.18639
20240526100010,436.3144
20240526101010,425.73096
20240526102010,330.27383
20240526103010,262.09343
20240526104010,282.12187
20240526105010,291.89
20240526110010,243.99674
20240526111010,231.99614
20240526112010,232.08896
20240526113010,235.29403
20240526114010,243.87831
20240526115010,288.95286
20240526120010,262.76503
20240526121010,274.81669
20240526122010,239.74204
20240526123010,242.62471
20240526124010,239.11062
20240526125010,235.81858
20240526130010,228.43482
20240526131010,232.27225
20240526132010,228.70393
20240526133010,231.83585
20240526134010,231.71752
20240526135010,225.64571
20240526140010,204.89495
20240526141010,195.82308
20240526142010,194.08355
20240526143010,190.48775
20240526144010,189.98025
20240526145010,188.1926
20240526150010,185.89493
20240526151010,185.57445
20240526152010,184.72012
20240526153010,184.44579
20240526154010,184.01598
20240526155010,183.69518
20240526160010,202.49426
20240526161010,202.70538
20240526162010,202.25761
20240526163010,198.55014
20240526164010,200.25153
20240526165010,204.14453
20240617090010,209.24292
20240617091010,200.60049
20240617092010,208.43655
20240617093010,208.42397
20240617094010,211.2368
20240617095010,235.51765
20240617100010,574.40936
20240617101010,467.59761
20240617102010,298.17402
20240617103010,252.73688
20240617104010,282.71306
20240617105010,292.11615
20240617110010,243.99674
20240617111010,231.99614
20240617112010,232.08896
20240617113010,235.29403
20240617114010,243.87831
20240617115010,288.95286
20240617120010,262.76503
20240617121010,274.81669
20240617122010,239.74204
20240617123010,242.62471
20240617124010,239.11062
20240617125010,235.81858
20240617130010,228.43482
20240617131010,232.27225
20240617132010,228.70393
20240617133010,231.83585
20240617134010,231.71752
20240617135010,225.64571
20240617140010,204.89495
20240617141010,195.82308
20240617142010,194.08355
20240617143010,190.48775
20240617144010,189.98025
20240617145010,188.1926
20240617150010,185.89493
20240617151010,185.57445
20240617152010,184.72012
20240617153010,184.44579
20240617154010,184.01598
20240617155010,183.69518
20240617160010,202.49426
20240617161010,202.70538
20240617162010,202.25761
20240617163010,198.55014
20240617164010,200.25153
20240617165010,204.14453
20240630090010,500.02844
20240630091010,215.33561
20240630092010,191.31623
20240630093010,200.78984
20240630094010,233.90902
20240630095010,388.40902
20240630100010,410.45154
20240630101010,384.51954
20240630102010,319.79221
20240630103010,262.45414
20240630104010,281.86137
20240630105010,281.05054
20240630110010,243.99674
20240630111010,231.99614
20240630112010,232.08896
20240630113010,235.29403
20240630114010,243.87831
20240630115010,288.95286
20240630120010,262.76503
20240630121010,274.81669
20240630122010,239.74204
20240630123010,242.62471
20240630124010,239.11062
20240630125010,235.81858
20240630130010,228.43482
20240630131010,232.27225
20240630132010,228.70393
20240630133010,231.83585
20240630134010,231.71752
20240630135010,225.64571
20240630140010,204.89495
20240630141010,195.82308
20240630142010,194.08355
20240630143010,190.48775
20240630144010,189.98025
20240630145010,188.1926
20240630150010,185.89493
20240630151010,185.57445
20240630152010,184.72012
20240630153010,184.44579
20240630154010,184.01598
20240630155010,183.69518
20240630160010,202.49426
20240630161010,202.70538
20240630162010,202.25761
20240630163010,198.55014
20240630164010,200.25153
20240630165010,204.14453
20240714090010,545.58731
20240714091010,229.40325
20240714092010,246.0962
20240714093010,199.23208
20240714094010,200.59938
20240714095010,369.96126
20240714100010,427.69147
20240714101010,433.68674
20240714102010,353.52292
20240714103010,267.71632
20240714104010,291.65583
20240714105010,288.3517
20240714110010,243.99674
20240714111010,231.99614
20240714112010,232.08896
20240714113010,235.29403
20240714114010,243.87831
20240714115010,288.95286
20240714120010,262.76503
20240714121010,274.81669
20240714122010,239.74204
20240714123010,242.62471
20240714124010,239.11062
20240714125010,235.81858
20240714130010,228.43482
20240714131010,232.27225
20240714132010,228.70393
20240714133010,231.83585
20240714134010,231.71752
20240714135010,225.64571
20240714140010,204.89495
20240714141010,195.82308
20240714142010,194.08355
20240714143010,190.48775
20240714144010,189.98025
20240714145010,188.1926
20240714150010,185.89493
20240714151010,185.57445
20240714152010,184.72012
20240714153010,184.44579
20240714154010,184.01598
20240714155010,183.69518
20240714160010,202.49426
20240714161010,202.70538
20240714162010,202.25761
20240714163010,198.55014
20240714164010,200.25153
20240714165010,204.14453
20240718090010,482.47593
20240718091010,336.78423
20240718092010,262.11397
20240718093010,199.94172
20240718094010,202.42047
20240718095010,327.48572
20240718100010,589.22906
20240718101010,521.87938
20240718102010,283.94347
20240718103010,272.55086
20240718104010,284.3316
20240718105010,280.83791
20240718110010,243.99674
20240718111010,231.99614
20240718112010,232.08896
20240718113010,235.29403
20240718114010,243.87831
20240718115010,288.95286
20240718120010,262.76503
20240718121010,274.81669
20240718122010,239.74204
20240718123010,242.62471
20240718124010,239.11062
20240718125010,235.81858
20240718130010,228.43482
20240718131010,232.27225
20240718132010,228.70393
20240718133010,231.83585
20240718134010,231.71752
20240718135010,225.64571
20240718140010,204.89495
20240718141010,195.82308
20240718142010,194.08355
20240718143010,190.48775
20240718144010,189.98025
20240718145010,188.1926
20240718150010,185.89493
20240718151010,185.57445
20240718152010,184.72012
20240718153010,184.44579
20240718154010,184.01598
20240718155010,183.69518
20240718160010,202.49426
20240718161010,202.70538
20240718162010,202.25761
20240718163010,198.55014
20240718164010,200.25153
20240718165010,204.14453
20240720090010,447.47609
20240720091010,265.69155
20240720092010,252.60133
20240720093010,199.60438
20240720094010,202.94326
20240720095010,327.06002
20240720100010,521.68704
20240720101010,497.24063
20240720102010,298.78154
20240720103010,272.86727
20240720104010,286.01578
20240720105010,281.67343
20240720110010,243.99674
20240720111010,231.99614
20240720112010,232.08896
20240720113010,235.29403
20240720114010,243.87831
20240720115010,288.95286
20240720120010,262.76503
20240720121010,274.81669
20240720122010,239.74204
20240720123010,242.62471
20240720124010,239.11062
20240720125010,235.81858
20240720130010,228.43482
20240720131010,232.27225
20240720132010,228.70393
20240720133010,231.83585
20240720134010,231.71752
20240720135010,225.64571
20240720140010,204.89495
20240720141010,195.82308
20240720142010,194.08355
20240720143010,190.48775
20240720144010,189.98025
20240720145010,188.1926
20240720150010,185.89493
20240720151010,185.57445
20240720152010,184.72012
20240720153010,184.44579
20240720154010,184.01598
20240720155010,183.69518
20240720160010,202.49426
20240720161010,202.70538
20240720162010,202.25761
20240720163010,198.55014
20240720164010,200.25153
20240720165010,204.14453
20240322090011,250.19448
20240322091011,200.31544
20240322092011,198.54548
20240322093011,194.05054
20240322094011,322.29899
20240322095011,301.58937
20240322100011,527.54795
20240322101011,454.07535
20240322102011,368.30137
20240322103011,255.01883
20240322104011,281.39258
20240322105011,292.0545
20240322110011,243.99674
20240322111011,231.99614
20240322112011,232.08896
20240322113011,235.29403
20240322114011,243.87831
20240322115011,288.95286
20240322120011,262.76503
20240322121011,274.81669
20240322122011,239.74204
20240322123011,242.62471
20240322124011,239.11062
20240322125011,235.81858
20240322130011,228.43482
20240322131011,232.27225
20240322132011,228.70393
20240322133011,231.83585
20240322134011,231.71752
20240322135011,225.64571
20240322140011,204.89495
20240322141011,195.82308
20240322142011,194.08355
20240322143011,190.48775
20240322144011,189.98025
20240322145011,188.1926
20240322150011,185.89493
20240322151011,185.57445
20240322152011,184.72012
20240322153011,184.44579
20240322154011,184.01598
20240322155011,183.69518
20240322160011,202.49426
20240322161011,202.70538
20240322162011,202.25761
20240322163011,198.55014
20240322164011,200.25153
20240322165011,204.14453
20240327090011,191.07263
20240327091011,190.41644
20240327092011,206.09096
20240327093011,204.32094
20240327094011,279.31926
20240327095011,316.04195
20240327100011,460.05317
20240327101011,376.65222
20240327102011,371.72504
20240327103011,263.54563
20240327104011,281.68613
20240327105011,289.90628
20240327110011,243.99674
20240327111011,231.99614
20240327112011,232.08896
20240327113011,235.29403
20240327114011,243.87831
20240327115011,288.95286
20240327120011,262.76503
20240327121011,274.81669
20240327122011,239.74204
20240327123011,242.62471
20240327124011,239.11062
20240327125011,235.81858
20240327130011,228.43482
20240327131011,232.27225
20240327132011,228.70393
20240327133011,231.83585
20240327134011,231.71752
20240327135011,225.64571
20240327140011,204.89495
20240327141011,195.82308
20240327142011,194.08355
20240327143011,190.48775
20240327144011,189.98025
20240327145011,188.1926
20240327150011,185.89493
20240327151011,185.57445
20240327152011,184.72012
20240327153011,184.44579
20240327154011,184.01598
20240327155011,183.69518
20240327160011,202.49426
20240327161011,202.70538
20240327162011,202.25761
20240327163011,198.55014
20240327164011,200.25153
20240327165011,204.14453
20240413090011,280.37718
20240413091011,203.57221
20240413092011,247.15255
20240413093011,202.02403
20240413094011,227.35298
20240413095011,329.82611
20240413100011,468.12099
20240413101011,457.31945
20240413102011,318.13812
20240413103011,255.82787
20240413104011,287.66754
20240413105011,290.06046
20240413110011,243.99674
20240413111011,231.99614
20240413112011,232.08896
20240413113011,235.29403
20240413114011,243.87831
20240413115011,288.95286
20240413120011,262.76503
20240413121011,274.81669
20240413122011,239.74204
20240413123011,242.62471
20240413124011,239.11062
20240413125011,235.81858
20240413130011,228.43482
20240413131011,232.27225
20240413132011,228.70393
20240413133011,231.83585
20240413134011,231.71752
20240413135011,225.64571
20240413140011,204.89495
20240413141011,195.82308
20240413142011,194.08355
20240413143011,190.48775
20240413144011,189.98025
20240413145011,188.1926
20240413150011,185.89493
20240413151011,185.57445
20240413152011,184.72012
20240413153011,184.44579
20240413154011,184.01598
20240413155011,183.69518
20240413160011,202.49426
20240413161011,202.70538
20240413162011,202.25761
20240413163011,198.55014
20240413164011,200.25153
20240413165011,204.14453
20240426090011,198.6912
20240426091011,200.39999
20240426092011,199.7633
20240426093011,199.88387
20240426094011,209.57062
20240426095011,429.20445
20240426100011,599.64288
20240426101011,332.31408
20240426102011,380.10945
20240426103011,263.58299
20240426104011,278.52461
20240426105011,289.5398
20240426110011,243.99674
20240426111011,231.99614
20240426112011,232.08896
20240426113011,235.29403
20240426114011,243.87831
20240426115011,288.95286
20240426120011,262.76503
20240426121011,274.81669
20240426122011,239.74204
20240426123011,242.62471
20240426124011,239.11062
20240426125011,235.81858
20240426130011,228.43482
20240426131011,232.27225
20240426132011,228.70393
20240426133011,231.83585
20240426134011,231.71752
20240426135011,225.64571
20240426140011,204.89495
20240426141011,195.82308
20240426142011,194.08355
20240426143011,190.48775
20240426144011,189.98025
20240426145011,188.1926
20240426150011,185.89493
20240426151011,185.57445
20240426152011,184.72012
20240426153011,184.44579
20240426154011,184.01598
20240426155011,183.69518
20240426160011,202.49426
20240426161011,202.70538
20240426162011,202.25761
20240426163011,198.55014
20240426164011,200.25153
20240426165011,204.14453
20240606090011,191.29729
20240606091011,191.91998
20240606092011,199.6292
20240606093011,209.09559
20240606094011,209.96821
20240606095011,278.8522
20240606100011,542.19219
20240606101011,428.4435
20240606102011,326.55995
20240606103011,255.98841
20240606104011,282.83359
20240606105011,292.14353
20240606110011,243.99674
20240606111011,231.99614
20240606112011,232.08896
20240606113011,235.29403
20240606114011,243.87831
20240606115011,288.95286
20240606120011,262.76503
20240606121011,274.81669
20240606122011,239.74204
20240606123011,242.62471
20240606124011,239.11062
20240606125011,235.81858
20240606130011,228.43482
20240606131011,232.27225
20240606132011,228.70393
20240606133011,231.83585
20240606134011,231.71752
20240606135011,225.64571
20240606140011,204.89495
20240606141011,195.82308
20240606142011,194.08355
20240606143011,190.48775
20240606144011,189.98025
20240606145011,188.1926
20240606150011,185.89493
20240606151011,185.57445
20240606152011,184.72012
20240606153011,184.44579
20240606154011,184.01598
20240606155011,183.69518
20240606160011,202.49426
20240606161011,202.70538
20240606162011,202.25761
20240606163011,198.55014
20240606164011,200.25153
20240606165011,204.14453
20240712090011,209.22913
20240712091011,196.57482
20240712092011,206.72925
20240712093011,198.13092
20240712094011,208.37099
20240712095011,427.28377
20240712100011,550.40726
20240712101011,335.41122
20240712102011,381.04951
20240712103011,262.72291
20240712104011,277.71448
20240712105011,290.06155
20240712110011,243.99674
20240712111011,231.99614
20240712112011,232.08896
20240712113011,235.29403
20240712114011,243.87831
20240712115011,288.95286
20240712120011,262.76503
20240712121011,274.81669
20240712122011,239.74204
20240712123011,242.62471
20240712124011,239.11062
20240712125011,235.81858
20240712130011,228.43482
20240712131011,232.27225
20240712132011,228.70393
20240712133011,231.83585
20240712134011,231.71752
20240712135011,225.64571
20240712140011,204.89495
20240712141011,195.82308
20240712142011,194.08355
20240712143011,190.48775
20240712144011,189.98025
20240712145011,188.1926
20240712150011,185.89493
20240712151011,185.57445
20240712152011,184.72012
20240712153011,184.44579
20240712154011,184.01598
20240712155011,183.69518
20240712160011,202.49426
20240712161011,202.70538
20240712162011,202.25761
20240712163011,198.55014
20240712164011,200.25153
20240712165011,204.14453
20240315090012,191.89594
20240315091012,193.32984
20240315092012,211.47977
20240315093012,205.11479
20240315094012,209.58448
20240315095012,391.74948
20240315100012,574.92047
20240315101012,433.88254
20240315102012,326.57101
20240315103012,274.91573
20240315104012,281.19062
20240315105012,285.94969
20240315110012,243.99674
20240315111012,231.99614
20240315112012,232.08896
20240315113012,235.29403
20240315114012,243.87831
20240315115012,288.95286
20240315120012,262.76503
20240315121012,274.81669
20240315122012,239.74204
20240315123012,242.62471
20240315124012,239.11062
20240315125012,235.81858
20240315130012,228.43482
20240315131012,232.27225
20240315132012,228.70393
20240315133012,231.83585
20240315134012,231.71752
20240315135012,225.64571
20240315140012,204.89495
20240315141012,195.82308
20240315142012,194.08355
20240315143012,190.48775
20240315144012,189.98025
20240315145012,188.1926
20240315150012,185.89493
20240315151012,185.57445
20240315152012,184.72012
20240315153012,184.44579
20240315154012,184.01598
20240315155012,183.69518
20240315160012,202.49426
20240315161012,202.70538
20240315162012,202.25761
20240315163012,198.55014
20240315164012,200.25153
20240315165012,204.14453
20240317090012,188.8921
20240317091012,190.02899
20240317092012,212.2123
20240317093012,229.01961
20240317094012,201.13266
20240317095012,317.93087
20240317100012,529.90698
20240317101012,427.11293
20240317102012,319.90002
20240317103012,274.44675
20240317104012,280.59969
20240317105012,286.189
20240317110012,243.99674
20240317111012,231.99614
20240317112012,232.08896
20240317113012,235.29403
20240317114012,243.87831
20240317115012,288.95286
20240317120012,262.76503
20240317121012,274.81669
20240317122012,239.74204
20240317123012,242.62471
20240317124012,239.11062
20240317125012,235.81858
20240317130012,228.43482
20240317131012,232.27225
20240317132012,228.70393
20240317133012,231.83585
20240317134012,231.71752
20240317135012,225.64571
20240317140012,204.89495
20240317141012,195.82308
20240317142012,194.08355
20240317143012,190.48775
20240317144012,189.98025
20240317145012,188.1926
20240317150012,185.89493
20240317151012,185.57445
20240317152012,184.72012
20240317153012,184.44579
20240317154012,184.01598
20240317155012,183.69518
20240317160012,202.49426
20240317161012,202.70538
20240317162012,202.25761
20240317163012,198.55014
20240317164012,200.25153
20240317165012,204.14453
20240412090012,210.8067
20240412091012,201.41259
20240412092012,206.8989
20240412093012,207.12547
20240412094012,212.76162
20240412095012,364.15055
20240412100012,513.3633
20240412101012,394.28426
20240412102012,302.54201
20240412103012,254.60594
20240412104012,260.77307
20240412105012,279.15184
20240412110012,243.99674
20240412111012,231.99614
20240412112012,232.08896
20240412113012,235.29403
20240412114012,243.87831
20240412115012,288.95286
20240412120012,262.76503
20240412121012,274.81669
20240412122012,239.74204
20240412123012,242.62471
20240412124012,239.11062
20240412125012,235.81858
20240412130012,228.43482
20240412131012,232.27225
20240412132012,228.70393
20240412133012,231.83585
20240412134012,231.71752
20240412135012,225.64571
20240412140012,204.89495
20240412141012,195.82308
20240412142012,194.08355
20240412143012,190.48775
20240412144012,189.98025
20240412145012,188.1926
20240412150012,185.89493
20240412151012,185.57445
20240412152012,184.72012
20240412153012,184.44579
20240412154012,184.01598
20240412155012,183.69518
20240412160012,202.49426
20240412161012,202.70538
20240412162012,202.25761
20240412163012,198.55014
20240412164012,200.25153
20240412165012,204.14453
20240426090012,214.1139
20240426091012,209.61982
20240426092012,200.61234
20240426093012,199.99803
20240426094012,209.36524
20240426095012,446.32524
20240426100012,572.65226
20240426101012,319.74109
20240426102012,378.31078
20240426103012,263.77114
20240426104012,278.71539
20240426105012,289.48393
20240426110012,243.99674
20240426111012,231.99614
20240426112012,232.08896
20240426113012,235.29403
20240426114012,243.87831
20240426115012,288.95286
20240426120012,262.76503
20240426121012,274.81669
20240426122012,239.74204
20240426123012,242.62471
20240426124012,239.11062
20240426125012,235.81858
20240426130012,228.43482
20240426131012,232.27225
20240426132012,228.70393
20240426133012,231.83585
20240426134012,231.71752
20240426135012,225.64571
20240426140012,204.89495
20240426141012,195.82308
20240426142012,194.08355
20240426143012,190.48775
20240426144012,189.98025
20240426145012,188.1926
20240426150012,185.89493
20240426151012,185.57445
20240426152012,184.72012
20240426153012,184.44579
20240426154012,184.01598
20240426155012,183.69518
20240426160012,202.49426
20240426161012,202.70538
20240426162012,202.25761
20240426163012,198.55014
20240426164012,200.25153
20240426165012,204.14453
20240521090012,193.89625
20240521091012,193.87244
20240521092012,204.81765
20240521093012,235.30184
20240521094012,318.95296
20240521095012,321.53756
20240521100012,461.20084
20240521101012,386.81149
20240521102012,325.96535
20240521103012,274.93315
20240521104012,285.36514
20240521105012,292.05312
20240521110012,243.99674
20240521111012,231.99614
20240521112012,232.08896
20240521113012,235.29403
20240521114012,243.87831
20240521115012,288.95286
20240521120012,262.76503
20240521121012,274.81669
20240521122012,239.74204
20240521123012,242.62471
20240521124012,239.11062
20240521125012,235.81858
20240521130012,228.43482
20240521131012,232.27225
20240521132012,228.70393
20240521133012,231.83585
20240521134012,231.71752
20240521135012,225.64571
20240521140012,204.89495
20240521141012,195.82308
20240521142012,194.08355
20240521143012,190.48775
20240521144012,189.98025
20240521145012,188.1926
20240521150012,185.89493
20240521151012,185.57445
20240521152012,184.72012
20240521153012,184.44579
20240521154012,184.01598
20240521155012,183.69518
20240521160012,202.49426
20240521161012,202.70538
20240521162012,202.25761
20240521163012,198.55014
20240521164012,200.25153
20240521165012,204.14453
20240619090012,205.76439
20240619091012,200.28962
20240619092012,199.96845
20240619093012,204.75836
20240619094012,256.89497
20240619095012,392.34719
20240619100012,494.17925
20240619101012,388.35081
20240619102012,370.12999
20240619103012,273.39909
20240619104012,274.92643
20240619105012,289.13927
20240619110012,243.99674
20240619111012,231.99614
20240619112012,232.08896
20240619113012,235.29403
20240619114012,243.87831
20240619115012,288.95286
20240619120012,262.76503
20240619121012,274.81669
20240619122012,239.74204
20240619123012,242.62471
20240619124012,239.11062
20240619125012,235.81858
20240619130012,228.43482
20240619131012,232.27225
20240619132012,228.70393
20240619133012,231.83585
20240619134012,231.71752
20240619135012,225.64571
20240619140012,204.89495
20240619141012,195.82308
20240619142012,194.08355
20240619143012,190.48775
20240619144012,189.98025
20240619145012,188.1926
20240619150012,185.89493
20240619151012,185.57445
20240619152012,184.72012
20240619153012,184.44579
20240619154012,184.01598
20240619155012,183.69518
20240619160012,202.49426
20240619161012,202.70538
20240619162012,202.25761
20240619163012,198.55014
20240619164012,200.25153
20240619165012,204.14453
20240621090012,196.56375
20240621091012,192.98335
20240621092012,196.65883
20240621093012,196.35941
20240621094012,224.53593
20240621095012,399.14586
20240621100012,585.27465
20240621101012,372.1505
20240621102012,375.27916
20240621103012,273.14575
20240621104012,275.1185
20240621105012,289.48393
20240621110012,243.99674
20240621111012,231.99614
20240621112012,232.08896
20240621113012,235.29403
20240621114012,243.87831
20240621115012,288.95286
20240621120012,262.76503
20240621121012,274.81669
20240621122012,239.74204
20240621123012,242.62471
20240621124012,239.11062
20240621125012,235.81858
20240621130012,228.43482
20240621131012,232.27225
20240621132012,228.70393
20240621133012,231.83585
20240621134012,231.71752
20240621135012,225.64571
20240621140012,204.89495
20240621141012,195.82308
20240621142012,194.08355
20240621143012,190.48775
20240621144012,189.98025
20240621145012,188.1926
20240621150012,185.89493
20240621151012,185.57445
20240621152012,184.72012
20240621153012,184.44579
20240621154012,184.01598
20240621155012,183.69518
20240621160012,202.49426
20240621161012,202.70538
20240621162012,202.25761
20240621163012,198.55014
20240621164012,200.25153
20240621165012,204.14453
20240705090012,197.90523
20240705091012,193.54188
20240705092012,235.57636
20240705093012,205.78903
20240705094012,228.36402
20240705095012,319.9229
20240705100012,390.69283
20240705101012,456.66348
20240705102012,316.59916
20240705103012,273.56104
20240705104012,264.14356
20240705105012,280.76743
20240705110012,243.99674
20240705111012,231.99614
20240705112012,232.08896
20240705113012,235.29403
20240705114012,243.87831
20240705115012,288.95286
20240705120012,262.76503
20240705121012,274.81669
20240705122012,239.74204
20240705123012,242.62471
20240705124012,239.11062
20240705125012,235.81858
20240705130012,228.43482
20240705131012,232.27225
20240705132012,228.70393
20240705133012,231.83585
20240705134012,231.71752
20240705135012,225.64571
20240705140012,204.89495
20240705141012,195.82308
20240705142012,194.08355
20240705143012,190.48775
20240705144012,189.98025
20240705145012,188.1926
20240705150012,185.89493
20240705151012,185.57445
20240705152012,184.72012
20240705153012,184.44579
20240705154012,184.01598
20240705155012,183.69518
20240705160012,202.49426
20240705161012,202.70538
20240705162012,202.25761
20240705163012,198.55014
20240705164012,200.25153
20240705165012,204.14453
20240713090012,196.74111
20240713091012,194.64443
20240713092012,194.33473
20240713093012,205.75026
20240713094012,229.41865
20240713095012,297.13833
20240713100012,514.56942
20240713101012,435.59564
20240713102012,308.41599
20240713103012,251.22372
20240713104012,279.19086
20240713105012,292.0151
20240713110012,243.99674
20240713111012,231.99614
20240713112012,232.08896
20240713113012,235.29403
20240713114012,243.87831
20240713115012,288.95286
20240713120012,262.76503
20240713121012,274.81669
20240713122012,239.74204
20240713123012,242.62471
20240713124012,239.11062
20240713125012,235.81858
20240713130012,228.43482
20240713131012,232.27225
20240713132012,228.70393
20240713133012,231.83585
20240713134012,231.71752
20240713135012,225.64571
20240713140012,204.89495
20240713141012,195.82308
20240713142012,194.08355
20240713143012,190.48775
20240713144012,189.98025
20240713145012,188.1926
20240713150012,185.89493
20240713151012,185.57445
20240713152012,184.72012
20240713153012,184.44579
20240713154012,184.01598
20240713155012,183.69518
20240713160012,202.49426
20240713161012,202.70538
20240713162012,202.25761
20240713163012,198.55014
20240713164012,200.25153
20240713165012,204.14453
20240214090013,919.23835
20240214091013,376.05763
20240214092013,359.37666
20240214093013,224.82734
20240214094013,519.40706
20240214095013,305.26896
20240214100013,563.22188
20240214101013,413.71299
20240214102013,279.75214
20240214103013,263.83815
20240214104013,274.11471
20240214105013,277.07533
20240214110013,243.99674
20240214111013,231.99614
20240214112013,232.08896
20240214113013,235.29403
20240214114013,243.87831
20240214115013,288.95286
20240214120013,262.76503
20240214121013,274.81669
20240214122013,239.74204
20240214123013,242.62471
20240214124013,239.11062
20240214125013,235.81858
20240214130013,228.43482
20240214131013,232.27225
20240214132013,228.70393
20240214133013,231.83585
20240214134013,231.71752
20240214135013,225.64571
20240214140013,204.89495
20240214141013,195.82308
20240214142013,194.08355
20240214143013,190.48775
20240214144013,189.98025
20240214145013,188.1926
20240214150013,185.89493
20240214151013,185.57445
20240214152013,184.72012
20240214153013,184.44579
20240214154013,184.01598
20240214155013,183.69518
20240214160013,202.49426
20240214161013,202.70538
20240214162013,202.25761
20240214163013,198.55014
20240214164013,200.25153
20240214165013,204.14453
20240221090013,742.63887
20240221091013,311.12229
20240221092013,390.60312
20240221093013,212.25718
20240221094013,339.06354
20240221095013,275.62368
20240221100013,527.7073
20240221101013,389.73158
20240221102013,279.53336
20240221103013,264.63913
20240221104013,274.64448
20240221105013,276.15907
20240221110013,243.99674
20240221111013,231.99614
20240221112013,232.08896
20240221113013,235.29403
20240221114013,243.87831
20240221115013,288.95286
20240221120013,262.76503
20240221121013,274.81669
20240221122013,239.74204
20240221123013,242.62471
20240221124013,239.11062
20240221125013,235.81858
20240221130013,228.43482
20240221131013,232.27225
20240221132013,228.70393
20240221133013,231.83585
20240221134013,231.71752
20240221135013,225.64571
20240221140013,204.89495
20240221141013,195.82308
20240221142013,194.08355
20240221143013,190.48775
20240221144013,189.98025
20240221145013,188.1926
20240221150013,185.89493
20240221151013,185.57445
20240221152013,184.72012
20240221153013,184.44579
20240221154013,184.01598
20240221155013,183.69518
20240221160013,202.49426
20240221161013,202.70538
20240221162013,202.25761
20240221163013,198.55014
20240221164013,200.25153
20240221165013,204.14453
20240314090013,187.33844
20240314091013,187.72643
20240314092013,212.06536
20240314093013,211.32492
20240314094013,250.50408
20240314095013,320.1964
20240314100013,506.47741
20240314101013,350.83995
20240314102013,372.52652
20240314103013,276.74852
20240314104013,287.73032
20240314105013,289.61263
20240314110013,243.99674
20240314111013,231.99614
20240314112013,232.08896
20240314113013,235.29403
20240314114013,243.87831
20240314115013,288.95286
20240314120013,262.76503
20240314121013,274.81669
20240314122013,239.74204
20240314123013,242.62471
20240314124013,239.11062
20240314125013,235.81858
20240314130013,228.43482
20240314131013,232.27225
20240314132013,228.70393
20240314133013,231.83585
20240314134013,231.71752
20240314135013,225.64571
20240314140013,204.89495
20240314141013,195.82308
20240314142013,194.08355
20240314143013,190.48775
20240314144013,189.98025
20240314145013,188.1926
20240314150013,185.89493
20240314151013,185.57445
20240314152013,184.72012
20240314153013,184.44579
20240314154013,184.01598
20240314155013,183.69518
20240314160013,202.49426
20240314161013,202.70538
20240314162013,202.25761
20240314163013,198.55014
20240314164013,200.25153
20240314165013,204.14453
20240316090013,404.97009
20240316091013,249.85086
20240316092013,201.81836
20240316093013,197.85619
20240316094013,241.27574
20240316095013,394.73333
20240316100013,327.26503
20240316101013,365.97853
20240316102013,452.08518
20240316103013,254.57749
20240316104013,292.13806
20240316105013,289.2104
20240316110013,243.99674
20240316111013,231.99614
20240316112013,232.08896
20240316113013,235.29403
20240316114013,243.87831
20240316115013,288.95286
20240316120013,262.76503
20240316121013,274.81669
20240316122013,239.74204
20240316123013,242.62471
20240316124013,239.11062
20240316125013,235.81858
20240316130013,228.43482
20240316131013,232.27225
20240316132013,228.70393
20240316133013,231.83585
20240316134013,231.71752
20240316135013,225.64571
20240316140013,204.89495
20240316141013,195.82308
20240316142013,194.08355
20240316143013,190.48775
20240316144013,189.98025
20240316145013,188.1926
20240316150013,185.89493
20240316151013,185.57445
20240316152013,184.72012
20240316153013,184.44579
20240316154013,184.01598
20240316155013,183.69518
20240316160013,202.49426
20240316161013,202.70538
20240316162013,202.25761
20240316163013,198.55014
20240316164013,200.25153
20240316165013,204.14453
20240328090013,441.19301
20240328091013,244.22133
20240328092013,201.7327
20240328093013,199.35759
20240328094013,250.69136
20240328095013,374.36877
20240328100013,367.497
20240328101013,368.74766
20240328102013,325.68288
20240328103013,263.86497
20240328104013,288.51443
20240328105013,281.05054
20240328110013,243.99674
20240328111013,231.99614
20240328112013,232.08896
20240328113013,235.29403
20240328114013,243.87831
20240328115013,288.95286
20240328120013,262.76503
20240328121013,274.81669
20240328122013,239.74204
20240328123013,242.62471
20240328124013,239.11062
20240328125013,235.81858
20240328130013,228.43482
20240328131013,232.27225
20240328132013,228.70393
20240328133013,231.83585
20240328134013,231.71752
20240328135013,225.64571
20240328140013,204.89495
20240328141013,195.82308
20240328142013,194.08355
20240328143013,190.48775
20240328144013,189.98025
20240328145013,188.1926
20240328150013,185.89493
20240328151013,185.57445
20240328152013,184.72012
20240328153013,184.44579
20240328154013,184.01598
20240328155013,183.69518
20240328160013,202.49426
20240328161013,202.70538
20240328162013,202.25761
20240328163013,198.55014
20240328164013,200.25153
20240328165013,204.14453
20240412090013,386.29763
20240412091013,201.42545
20240412092013,193.26004
20240412093013,202.64992
20240412094013,282.381
20240412095013,293.82204
20240412100013,460.47483
20240412101013,328.28214
20240412102013,304.71402
20240412103013,263.73938
20240412104013,280.21273
20240412105013,280.90481
20240412110013,243.99674
20240412111013,231.99614
20240412112013,232.08896
20240412113013,235.29403
20240412114013,243.87831
20240412115013,288.95286
20240412120013,262.76503
20240412121013,274.81669
20240412122013,239.74204
20240412123013,242.62471
20240412124013,239.11062
20240412125013,235.81858
20240412130013,228.43482
20240412131013,232.27225
20240412132013,228.70393
20240412133013,231.83585
20240412134013,231.71752
20240412135013,225.64571
20240412140013,204.89495
20240412141013,195.82308
20240412142013,194.08355
20240412143013,190.48775
20240412144013,189.98025
20240412145013,188.1926
20240412150013,185.89493
20240412151013,185.57445
20240412152013,184.72012
20240412153013,184.44579
20240412154013,184.01598
20240412155013,183.69518
20240412160013,202.49426
20240412161013,202.70538
20240412162013,202.25761
20240412163013,198.55014
20240412164013,200.25153
20240412165013,204.14453
20240619090013,558.11545
20240619091013,251.16222
20240619092013,219.75538
20240619093013,201.27803
20240619094013,193.9652
20240619095013,380.79552
20240619100013,319.42158
20240619101013,359.02863
20240619102013,427.68077
20240619103013,255.93659
20240619104013,291.21335
20240619105013,285.49684
20240619110013,243.99674
20240619111013,231.99614
20240619112013,232.08896
20240619113013,235.29403
20240619114013,243.87831
20240619115013,288.95286
20240619120013,262.76503
20240619121013,274.81669
20240619122013,239.74204
20240619123013,242.62471
20240619124013,239.11062
20240619125013,235.81858
20240619130013,228.43482
20240619131013,232.27225
20240619132013,228.70393
20240619133013,231.83585
20240619134013,231.71752
20240619135013,225.64571
20240619140013,204.89495
20240619141013,195.82308
20240619142013,194.08355
20240619143013,190.48775
20240619144013,189.98025
20240619145013,188.1926
20240619150013,185.89493
20240619151013,185.57445
20240619152013,184.72012
20240619153013,184.44579
20240619154013,184.01598
20240619155013,183.69518
20240619160013,202.49426
20240619161013,202.70538
20240619162013,202.25761
20240619163013,198.55014
20240619164013,200.25153
20240619165013,204.14453
20240225090014,186.46491
20240225091014,190.10822
20240225092014,297.17214
20240225093014,319.16042
20240225094014,322.13535
20240225095014,318.05948
20240225100014,332.75362
20240225101014,327.55705
20240225102014,323.76206
20240225103014,280.21481
20240225104014,280.35984
20240225105014,289.57461
20240225110014,243.99674
20240225111014,231.99614
20240225112014,232.08896
20240225113014,235.29403
20240225114014,243.87831
20240225115014,288.95286
20240225120014,262.76503
20240225121014,274.81669
20240225122014,239.74204
20240225123014,242.62471
20240225124014,239.11062
20240225125014,235.81858
20240225130014,228.43482
20240225131014,232.27225
20240225132014,228.70393
20240225133014,231.83585
20240225134014,231.71752
20240225135014,225.64571
20240225140014,204.89495
20240225141014,195.82308
20240225142014,194.08355
20240225143014,190.48775
20240225144014,189.98025
20240225145014,188.1926
20240225150014,185.89493
20240225151014,185.57445
20240225152014,184.72012
20240225153014,184.44579
20240225154014,184.01598
20240225155014,183.69518
20240225160014,202.49426
20240225161014,202.70538
20240225162014,202.25761
20240225163014,198.55014
20240225164014,200.25153
20240225165014,204.14453
20240227090014,242.9621
20240227091014,201.48516
20240227092014,212.33939
20240227093014,318.6323
20240227094014,426.93776
20240227095014,356.71997
20240227100014,556.57745
20240227101014,363.24058
20240227102014,332.06279
20240227103014,277.9452
20240227104014,279.54251
20240227105014,289.44951
20240227110014,243.99674
20240227111014,231.99614
20240227112014,232.08896
20240227113014,235.29403
20240227114014,243.87831
20240227115014,288.95286
20240227120014,262.76503
20240227121014,274.81669
20240227122014,239.74204
20240227123014,242.62471
20240227124014,239.11062
20240227125014,235.81858
20240227130014,228.43482
20240227131014,232.27225
20240227132014,228.70393
20240227133014,231.83585
20240227134014,231.71752
20240227135014,225.64571
20240227140014,204.89495
20240227141014,195.82308
20240227142014,194.08355
20240227143014,190.48775
20240227144014,189.98025
20240227145014,188.1926
20240227150014,185.89493
20240227151014,185.57445
20240227152014,184.72012
20240227153014,184.44579
20240227154014,184.01598
20240227155014,183.69518
20240227160014,202.49426
20240227161014,202.70538
20240227162014,202.25761
20240227163014,198.55014
20240227164014,200.25153
20240227165014,204.14453
20240327090014,389.07232
20240327091014,209.69738
20240327092014,201.97075
20240327093014,197.6504
20240327094014,273.35047
20240327095014,325.99235
20240327100014,521.13402
20240327101014,455.41899
20240327102014,365.62096
20240327103014,263.81643
20240327104014,281.38024
20240327105014,291.41074
20240327110014,243.99674
20240327111014,231.99614
20240327112014,232.08896
20240327113014,235.29403
20240327114014,243.87831
20240327115014,288.95286
20240327120014,262.76503
20240327121014,274.81669
20240327122014,239.74204
20240327123014,242.62471
20240327124014,239.11062
20240327125014,235.81858
20240327130014,228.43482
20240327131014,232.27225
20240327132014,228.70393
20240327133014,231.83585
20240327134014,231.71752
20240327135014,225.64571
20240327140014,204.89495
20240327141014,195.82308
20240327142014,194.08355
20240327143014,190.48775
20240327144014,189.98025
20240327145014,188.1926
20240327150014,185.89493
20240327151014,185.57445
20240327152014,184.72012
20240327153014,184.44579
20240327154014,184.01598
20240327155014,183.69518
20240327160014,202.49426
20240327161014,202.70538
20240327162014,202.25761
20240327163014,198.55014
20240327164014,200.25153
20240327165014,204.14453
20240417090014,430.35554
20240417091014,202.3769
20240417092014,195.47598
20240417093014,250.75018
20240417094014,230.17732
20240417095014,284.14238
20240417100014,459.06415
20240417101014,377.17718
20240417102014,289.05933
20240417103014,272.76437
20240417104014,280.09212
20240417105014,277.94412
20240417110014,243.99674
20240417111014,231.99614
20240417112014,232.08896
20240417113014,235.29403
20240417114014,243.87831
20240417115014,288.95286
20240417120014,262.76503
20240417121014,274.81669
20240417122014,239.74204
20240417123014,242.62471
20240417124014,239.11062
20240417125014,235.81858
20240417130014,228.43482
20240417131014,232.27225
20240417132014,228.70393
20240417133014,231.83585
20240417134014,231.71752
20240417135014,225.64571
20240417140014,204.89495
20240417141014,195.82308
20240417142014,194.08355
20240417143014,190.48775
20240417144014,189.98025
20240417145014,188.1926
20240417150014,185.89493
20240417151014,185.57445
20240417152014,184.72012
20240417153014,184.44579
20240417154014,184.01598
20240417155014,183.69518
20240417160014,202.49426
20240417161014,202.70538
20240417162014,202.25761
20240417163014,198.55014
20240417164014,200.25153
20240417165014,204.14453
20240517090014,700.52773
20240517091014,203.00452
20240517092014,230.48526
20240517093014,198.65507
20240517094014,198.62519
20240517095014,308.11472
20240517100014,649.99582
20240517101014,505.60774
20240517102014,311.43368
20240517103014,274.64364
20240517104014,299.00182
20240517105014,281.01306
20240517110014,243.99674
20240517111014,231.99614
20240517112014,232.08896
20240517113014,235.29403
20240517114014,243.87831
20240517115014,288.95286
20240517120014,262.76503
20240517121014,274.81669
20240517122014,239.74204
20240517123014,242.62471
20240517124014,239.11062
20240517125014,235.81858
20240517130014,228.43482
20240517131014,232.27225
20240517132014,228.70393
20240517133014,231.83585
20240517134014,231.71752
20240517135014,225.64571
20240517140014,204.89495
20240517141014,195.82308
20240517142014,194.08355
20240517143014,190.48775
20240517144014,189.98025
20240517145014,188.1926
20240517150014,185.89493
20240517151014,185.57445
20240517152014,184.72012
20240517153014,184.44579
20240517154014,184.01598
20240517155014,183.69518
20240517160014,202.49426
20240517161014,202.70538
20240517162014,202.25761
20240517163014,198.55014
20240517164014,200.25153
20240517165014,204.14453
20240704090014,517.41197
20240704091014,217.44362
20240704092014,200.20929
20240704093014,205.06098
20240704094014,207.87881
20240704095014,249.40507
20240704100014,372.73386
20240704101014,384.68974
20240704102014,299.06929
20240704103014,273.34803
20240704104014,284.58038
20240704105014,279.16004
20240704110014,243.99674
20240704111014,231.99614
20240704112014,232.08896
20240704113014,235.29403
20240704114014,243.87831
20240704115014,288.95286
20240704120014,262.76503
20240704121014,274.81669
20240704122014,239.74204
20240704123014,242.62471
20240704124014,239.11062
20240704125014,235.81858
20240704130014,228.43482
20240704131014,232.27225
20240704132014,228.70393
20240704133014,231.83585
20240704134014,231.71752
20240704135014,225.64571
20240704140014,204.89495
20240704141014,195.82308
20240704142014,194.08355
20240704143014,190.48775
20240704144014,189.98025
20240704145014,188.1926
20240704150014,185.89493
20240704151014,185.57445
20240704152014,184.72012
20240704153014,184.44579
20240704154014,184.01598
20240704155014,183.69518
20240704160014,202.49426
20240704161014,202.70538
20240704162014,202.25761
20240704163014,198.55014
20240704164014,200.25153
20240704165014,204.14453
20240715090014,614.19886
20240715091014,236.08459
20240715092014,211.09281
20240715093014,197.34888
20240715094014,193.55128
20240715095014,351.07887
20240715100014,326.22145
20240715101014,315.14791
20240715102014,501.67949
20240715103014,255.34379
20240715104014,299.00213
20240715105014,288.3517
20240715110014,243.99674
20240715111014,231.99614
20240715112014,232.08896
20240715113014,235.29403
20240715114014,243.87831
20240715115014,288.95286
20240715120014,262.76503
20240715121014,274.81669
20240715122014,239.74204
20240715123014,242.62471
20240715124014,239.11062
20240715125014,235.81858
20240715130014,228.43482
20240715131014,232.27225
20240715132014,228.70393
20240715133014,231.83585
20240715134014,231.71752
20240715135014,225.64571
20240715140014,204.89495
20240715141014,195.82308
20240715142014,194.08355
20240715143014,190.48775
20240715144014,189.98025
20240715145014,188.1926
20240715150014,185.89493
20240715151014,185.57445
20240715152014,184.72012
20240715153014,184.44579
20240715154014,184.01598
20240715155014,183.69518
20240715160014,202.49426
20240715161014,202.70538
20240715162014,202.25761
20240715163014,198.55014
20240715164014,200.25153
20240715165014,204.14453
20240215090015,735.43292
20240215091015,364.5543
20240215092015,243.15381
20240215093015,245.04286
20240215094015,351.53349
20240215095015,433.08455
20240215100015,505.03733
20240215101015,386.88981
20240215102015,304.82816
20240215103015,263.96682
20240215104015,275.62901
20240215105015,278.42278
20240215110015,243.99674
20240215111015,231.99614
20240215112015,232.08896
20240215113015,235.29403
20240215114015,243.87831
20240215115015,288.95286
20240215120015,262.76503
20240215121015,274.81669
20240215122015,239.74204
20240215123015,242.62471
20240215124015,239.11062
20240215125015,235.81858
20240215130015,228.43482
20240215131015,232.27225
20240215132015,228.70393
20240215133015,231.83585
20240215134015,231.71752
20240215135015,225.64571
20240215140015,204.89495
20240215141015,195.82308
20240215142015,194.08355
20240215143015,190.48775
20240215144015,189.98025
20240215145015,188.1926
20240215150015,185.89493
20240215151015,185.57445
20240215152015,184.72012
20240215153015,184.44579
20240215154015,184.01598
20240215155015,183.69518
20240215160015,202.49426
20240215161015,202.70538
20240215162015,202.25761
20240215163015,198.55014
20240215164015,200.25153
20240215165015,204.14453
20240218090015,304.27092
20240218091015,230.83469
20240218092015,235.25589
20240218093015,216.82262
20240218094015,366.77748
20240218095015,432.66876
20240218100015,428.87055
20240218101015,386.34573
20240218102015,314.00594
20240218103015,276.8522
20240218104015,279.89313
20240218105015,282.24358
20240218110015,243.99674
20240218111015,231.99614
20240218112015,232.08896
20240218113015,235.29403
20240218114015,243.87831
20240218115015,288.95286
20240218120015,262.76503
20240218121015,274.81669
20240218122015,239.74204
20240218123015,242.62471
20240218124015,239.11062
20240218125015,235.81858
20240218130015,228.43482
20240218131015,232.27225
20240218132015,228.70393
20240218133015,231.83585
20240218134015,231.71752
20240218135015,225.64571
20240218140015,204.89495
20240218141015,195.82308
20240218142015,194.08355
20240218143015,190.48775
20240218144015,189.98025
20240218145015,188.1926
20240218150015,185.89493
20240218151015,185.57445
20240218152015,184.72012
20240218153015,184.44579
20240218154015,184.01598
20240218155015,183.69518
20240218160015,202.49426
20240218161015,202.70538
20240218162015,202.25761
20240218163015,198.55014
20240218164015,200.25153
20240218165015,204.14453
20240314090015,188.44486
20240314091015,190.18768
20240314092015,208.86067
20240314093015,198.59757
20240314094015,304.51125
20240314095015,366.35795
20240314100015,461.36633
20240314101015,365.57257
20240314102015,370.90716
20240314103015,273.4864
20240314104015,284.8866
20240314105015,289.81852
20240314110015,243.99674
20240314111015,231.99614
20240314112015,232.08896
20240314113015,235.29403
20240314114015,243.87831
20240314115015,288.95286
20240314120015,262.76503
20240314121015,274.81669
20240314122015,239.74204
20240314123015,242.62471
20240314124015,239.11062
20240314125015,235.81858
20240314130015,228.43482
20240314131015,232.27225
20240314132015,228.70393
20240314133015,231.83585
20240314134015,231.71752
20240314135015,225.64571
20240314140015,204.89495
20240314141015,195.82308
20240314142015,194.08355
20240314143015,190.48775
20240314144015,189.98025
20240314145015,188.1926
20240314150015,185.89493
20240314151015,185.57445
20240314152015,184.72012
20240314153015,184.44579
20240314154015,184.01598
20240314155015,183.69518
20240314160015,202.49426
20240314161015,202.70538
20240314162015,202.25761
20240314163015,198.55014
20240314164015,200.25153
20240314165015,204.14453
20240317090015,400.82604
20240317091015,203.26237
20240317092015,202.50269
20240317093015,198.14904
20240317094015,206.966
20240317095015,311.89047
20240317100015,613.33879
20240317101015,459.20513
20240317102015,313.60472
20240317103015,272.89837
20240317104015,284.23711
20240317105015,288.516
20240317110015,243.99674
20240317111015,231.99614
20240317112015,232.08896
20240317113015,235.29403
20240317114015,243.87831
20240317115015,288.95286
20240317120015,262.76503
20240317121015,274.81669
20240317122015,239.74204
20240317123015,242.62471
20240317124015,239.11062
20240317125015,235.81858
20240317130015,228.43482
20240317131015,232.27225
20240317132015,228.70393
20240317133015,231.83585
20240317134015,231.71752
20240317135015,225.64571
20240317140015,204.89495
20240317141015,195.82308
20240317142015,194.08355
20240317143015,190.48775
20240317144015,189.98025
20240317145015,188.1926
20240317150015,185.89493
20240317151015,185.57445
20240317152015,184.72012
20240317153015,184.44579
20240317154015,184.01598
20240317155015,183.69518
20240317160015,202.49426
20240317161015,202.70538
20240317162015,202.25761
20240317163015,198.55014
20240317164015,200.25153
20240317165015,204.14453
20240412090015,680.79082
20240412091015,201.31696
20240412092015,192.95268
20240412093015,275.73342
20240412094015,242.35259
20240412095015,276.96522
20240412100015,473.08679
20240412101015,357.96663
20240412102015,290.10497
20240412103015,274.25022
20240412104015,280.99985
20240412105015,277.92261
20240412110015,243.99674
20240412111015,231.99614
20240412112015,232.08896
20240412113015,235.29403
20240412114015,243.87831
20240412115015,288.95286
20240412120015,262.76503
20240412121015,274.81669
20240412122015,239.74204
20240412123015,242.62471
20240412124015,239.11062
20240412125015,235.81858
20240412130015,228.43482
20240412131015,232.27225
20240412132015,228.70393
20240412133015,231.83585
20240412134015,231.71752
20240412135015,225.64571
20240412140015,204.89495
20240412141015,195.82308
20240412142015,194.08355
20240412143015,190.48775
20240412144015,189.98025
20240412145015,188.1926
20240412150015,185.89493
20240412151015,185.57445
20240412152015,184.72012
20240412153015,184.44579
20240412154015,184.01598
20240412155015,183.69518
20240412160015,202.49426
20240412161015,202.70538
20240412162015,202.25761
20240412163015,198.55014
20240412164015,200.25153
20240412165015,204.14453
20240518090015,720.94575
20240518091015,215.10181
20240518092015,261.88072
20240518093015,193.76895
20240518094015,234.63833
20240518095015,244.48784
20240518100015,584.69277
20240518101015,457.13672
20240518102015,357.73856
20240518103015,264.17998
20240518104015,297.10469
20240518105015,292.9949
20240518110015,243.99674
20240518111015,231.99614
20240518112015,232.08896
20240518113015,235.29403
20240518114015,243.87831
20240518115015,288.95286
20240518120015,262.76503
20240518121015,274.81669
20240518122015,239.74204
20240518123015,242.62471
20240518124015,239.11062
20240518125015,235.81858
20240518130015,228.43482
20240518131015,232.27225
20240518132015,228.70393
20240518133015,231.83585
20240518134015,231.71752
20240518135015,225.64571
20240518140015,204.89495
20240518141015,195.82308
20240518142015,194.08355
20240518143015,190.48775
20240518144015,189.98025
20240518145015,188.1926
20240518150015,185.89493
20240518151015,185.57445
20240518152015,184.72012
20240518153015,184.44579
20240518154015,184.01598
20240518155015,183.69518
20240518160015,202.49426
20240518161015,202.70538
20240518162015,202.25761
20240518163015,198.55014
20240518164015,200.25153
20240518165015,204.14453
20240530090015,838.15998
20240530091015,203.93204
20240530092015,237.11575
20240530093015,194.46457
20240530094015,197.46758
20240530095015,274.38172
20240530100015,656.32304
20240530101015,371.4694
20240530102015,359.95649
20240530103015,280.63433
20240530104015,298.96998
20240530105015,285.72951
20240530110015,243.99674
20240530111015,231.99614
20240530112015,232.08896
20240530113015,235.29403
20240530114015,243.87831
20240530115015,288.95286
20240530120015,262.76503
20240530121015,274.81669
20240530122015,239.74204
20240530123015,242.62471
20240530124015,239.11062
20240530125015,235.81858
20240530130015,228.43482
20240530131015,232.27225
20240530132015,228.70393
20240530133015,231.83585
20240530134015,231.71752
20240530135015,225.64571
20240530140015,204.89495
20240530141015,195.82308
20240530142015,194.08355
20240530143015,190.48775
20240530144015,189.98025
20240530145015,188.1926
20240530150015,185.89493
20240530151015,185.57445
20240530152015,184.72012
20240530153015,184.44579
20240530154015,184.01598
20240530155015,183.69518
20240530160015,202.49426
20240530161015,202.70538
20240530162015,202.25761
20240530163015,198.55014
20240530164015,200.25153
20240530165015,204.14453
20240605090015,438.95204
20240605091015,205.33837
20240605092015,215.80434
20240605093015,198.93585
20240605094015,198.23406
20240605095015,314.06826
20240605100015,612.08066
20240605101015,529.58539
20240605102015,305.5963
20240605103015,251.33877
20240605104015,288.27174
20240605105015,291.95461
20240605110015,243.99674
20240605111015,231.99614
20240605112015,232.08896
20240605113015,235.29403
20240605114015,243.87831
20240605115015,288.95286
20240605120015,262.76503
20240605121015,274.81669
20240605122015,239.74204
20240605123015,242.62471
20240605124015,239.11062
20240605125015,235.81858
20240605130015,228.43482
20240605131015,232.27225
20240605132015,228.70393
20240605133015,231.83585
20240605134015,231.71752
20240605135015,225.64571
20240605140015,204.89495
20240605141015,195.82308
20240605142015,194.08355
20240605143015,190.48775
20240605144015,189.98025
20240605145015,188.1926
20240605150015,185.89493
20240605151015,185.57445
20240605152015,184.72012
20240605153015,184.44579
20240605154015,184.01598
20240605155015,183.69518
20240605160015,202.49426
20240605161015,202.70538
20240605162015,202.25761
20240605163015,198.55014
20240605164015,200.25153
20240605165015,204.14453
20240704090015,823.6649
20240704091015,234.16708
20240704092015,197.73272
20240704093015,199.6503
20240704094015,214.75127
20240704095015,241.25241
20240704100015,311.72269
20240704101015,431.33202
20240704102015,279.03706
20240704103015,281.55137
20240704104015,281.1412
20240704105015,277.92261
20240704110015,243.99674
20240704111015,231.99614
20240704112015,232.08896
20240704113015,235.29403
20240704114015,243.87831
20240704115015,288.95286
20240704120015,262.76503
20240704121015,274.81669
20240704122015,239.74204
20240704123015,242.62471
20240704124015,239.11062
20240704125015,235.81858
20240704130015,228.43482
20240704131015,232.27225
20240704132015,228.70393
20240704133015,231.83585
20240704134015,231.71752
20240704135015,225.64571
20240704140015,204.89495
20240704141015,195.82308
20240704142015,194.08355
20240704143015,190.48775
20240704144015,189.98025
20240704145015,188.1926
20240704150015,185.89493
20240704151015,185.57445
20240704152015,184.72012
20240704153015,184.44579
20240704154015,184.01598
20240704155015,183.69518
20240704160015,202.49426
20240704161015,202.70538
20240704162015,202.25761
20240704163015,198.55014
20240704164015,200.25153
20240704165015,204.14453
20240316090016,739.67593
20240316091016,240.85382
20240316092016,209.49273
20240316093016,193.8902
20240316094016,193.13886
20240316095016,296.29861
20240316100016,434.79226
20240316101016,372.93169
20240316102016,470.83904
20240316103016,253.06821
20240316104016,299.66092
20240316105016,288.34214
20240316110016,243.99674
20240316111016,231.99614
20240316112016,232.08896
20240316113016,235.29403
20240316114016,243.87831
20240316115016,288.95286
20240316120016,262.76503
20240316121016,274.81669
20240316122016,239.74204
20240316123016,242.62471
20240316124016,239.11062
20240316125016,235.81858
20240316130016,228.43482
20240316131016,232.27225
20240316132016,228.70393
20240316133016,231.83585
20240316134016,231.71752
20240316135016,225.64571
20240316140016,204.89495
20240316141016,195.82308
20240316142016,194.08355
20240316143016,190.48775
20240316144016,189.98025
20240316145016,188.1926
20240316150016,185.89493
20240316151016,185.57445
20240316152016,184.72012
20240316153016,184.44579
20240316154016,184.01598
20240316155016,183.69518
20240316160016,202.49426
20240316161016,202.70538
20240316162016,202.25761
20240316163016,198.55014
20240316164016,200.25153
20240316165016,204.14453
20240322090016,384.49866
20240322091016,200.68428
20240322092016,194.92032
20240322093016,198.2744
20240322094016,365.39868
20240322095016,242.6227
20240322100016,669.17723
20240322101016,502.25013
20240322102016,389.76729
20240322103016,253.66162
20240322104016,287.98541
20240322105016,292.34849
20240322110016,243.99674
20240322111016,231.99614
20240322112016,232.08896
20240322113016,235.29403
20240322114016,243.87831
20240322115016,288.95286
20240322120016,262.76503
20240322121016,274.81669
20240322122016,239.74204
20240322123016,242.62471
20240322124016,239.11062
20240322125016,235.81858
20240322130016,228.43482
20240322131016,232.27225
20240322132016,228.70393
20240322133016,231.83585
20240322134016,231.71752
20240322135016,225.64571
20240322140016,204.89495
20240322141016,195.82308
20240322142016,194.08355
20240322143016,190.48775
20240322144016,189.98025
20240322145016,188.1926
20240322150016,185.89493
20240322151016,185.57445
20240322152016,184.72012
20240322153016,184.44579
20240322154016,184.01598
20240322155016,183.69518
20240322160016,202.49426
20240322161016,202.70538
20240322162016,202.25761
20240322163016,198.55014
20240322164016,200.25153
20240322165016,204.14453
20240414090016,802.8416
20240414091016,235.1804
20240414092016,240.69717
20240414093016,203.78262
20240414094016,197.5406
20240414095016,295.11782
20240414100016,457.83879
20240414101016,315.53498
20240414102016,496.04194
20240414103016,264.28281
20240414104016,297.01709
20240414105016,291.62746
20240414110016,243.99674
20240414111016,231.99614
20240414112016,232.08896
20240414113016,235.29403
20240414114016,243.87831
20240414115016,288.95286
20240414120016,262.76503
20240414121016,274.81669
20240414122016,239.74204
20240414123016,242.62471
20240414124016,239.11062
20240414125016,235.81858
20240414130016,228.43482
20240414131016,232.27225
20240414132016,228.70393
20240414133016,231.83585
20240414134016,231.71752
20240414135016,225.64571
20240414140016,204.89495
20240414141016,195.82308
20240414142016,194.08355
20240414143016,190.48775
20240414144016,189.98025
20240414145016,188.1926
20240414150016,185.89493
20240414151016,185.57445
20240414152016,184.72012
20240414153016,184.44579
20240414154016,184.01598
20240414155016,183.69518
20240414160016,202.49426
20240414161016,202.70538
20240414162016,202.25761
20240414163016,198.55014
20240414164016,200.25153
20240414165016,204.14453
20240422090016,758.22127
20240422091016,240.94219
20240422092016,263.51063
20240422093016,198.96068
20240422094016,199.58216
20240422095016,332.54738
20240422100016,443.8193
20240422101016,371.78908
20240422102016,457.92231
20240422103016,274.15019
20240422104016,300.11489
20240422105016,285.02598
20240422110016,243.99674
20240422111016,231.99614
20240422112016,232.08896
20240422113016,235.29403
20240422114016,243.87831
20240422115016,288.95286
20240422120016,262.76503
20240422121016,274.81669
20240422122016,239.74204
20240422123016,242.62471
20240422124016,239.11062
20240422125016,235.81858
20240422130016,228.43482
20240422131016,232.27225
20240422132016,228.70393
20240422133016,231.83585
20240422134016,231.71752
20240422135016,225.64571
20240422140016,204.89495
20240422141016,195.82308
20240422142016,194.08355
20240422143016,190.48775
20240422144016,189.98025
20240422145016,188.1926
20240422150016,185.89493
20240422151016,185.57445
20240422152016,184.72012
20240422153016,184.44579
20240422154016,184.01598
20240422155016,183.69518
20240422160016,202.49426
20240422161016,202.70538
20240422162016,202.25761
20240422163016,198.55014
20240422164016,200.25153
20240422165016,204.14453
20240513090016,187.09512
20240513091016,191.12226
20240513092016,224.79504
20240513093016,230.00908
20240513094016,307.83813
20240513095016,361.53107
20240513100016,465.99369
20240513101016,373.81412
20240513102016,343.26945
20240513103016,278.29835
20240513104016,287.93861
20240513105016,289.81714
20240513110016,243.99674
20240513111016,231.99614
20240513112016,232.08896
20240513113016,235.29403
20240513114016,243.87831
20240513115016,288.95286
20240513120016,262.76503
20240513121016,274.81669
20240513122016,239.74204
20240513123016,242.62471
20240513124016,239.11062
20240513125016,235.81858
20240513130016,228.43482
20240513131016,232.27225
20240513132016,228.70393
20240513133016,231.83585
20240513134016,231.71752
20240513135016,225.64571
20240513140016,204.89495
20240513141016,195.82308
20240513142016,194.08355
20240513143016,190.48775
20240513144016,189.98025
20240513145016,188.1926
20240513150016,185.89493
20240513151016,185.57445
20240513152016,184.72012
20240513153016,184.44579
20240513154016,184.01598
20240513155016,183.69518
20240513160016,202.49426
20240513161016,202.70538
20240513162016,202.25761
20240513163016,198.55014
20240513164016,200.25153
20240513165016,204.14453
20240517090016,835.97358
20240517091016,202.60474
20240517092016,349.31962
20240517093016,192.72303
20240517094016,233.46989
20240517095016,382.54073
20240517100016,811.10613
20240517101016,506.80676
20240517102016,281.66724
20240517103016,273.80968
20240517104016,300.32061
20240517105016,278.60635
20240517110016,243.99674
20240517111016,231.99614
20240517112016,232.08896
20240517113016,235.29403
20240517114016,243.87831
20240517115016,288.95286
20240517120016,262.76503
20240517121016,274.81669
20240517122016,239.74204
20240517123016,242.62471
20240517124016,239.11062
20240517125016,235.81858
20240517130016,228.43482
20240517131016,232.27225
20240517132016,228.70393
20240517133016,231.83585
20240517134016,231.71752
20240517135016,225.64571
20240517140016,204.89495
20240517141016,195.82308
20240517142016,194.08355
20240517143016,190.48775
20240517144016,189.98025
20240517145016,188.1926
20240517150016,185.89493
20240517151016,185.57445
20240517152016,184.72012
20240517153016,184.44579
20240517154016,184.01598
20240517155016,183.69518
20240517160016,202.49426
20240517161016,202.70538
20240517162016,202.25761
20240517163016,198.55014
20240517164016,200.25153
20240517165016,204.14453
20240519090016,250.85467
20240519091016,198.37152
20240519092016,205.32239
20240519093016,221.1156
20240519094016,304.88084
20240519095016,307.00724
20240519100016,460.59423
20240519101016,432.15281
20240519102016,319.48356
20240519103016,263.88162
20240519104016,282.37781
20240519105016,291.95303
20240519110016,243.99674
20240519111016,231.99614
20240519112016,232.08896
20240519113016,235.29403
20240519114016,243.87831
20240519115016,288.95286
20240519120016,262.76503
20240519121016,274.81669
20240519122016,239.74204
20240519123016,242.62471
20240519124016,239.11062
20240519125016,235.81858
20240519130016,228.43482
20240519131016,232.27225
20240519132016,228.70393
20240519133016,231.83585
20240519134016,231.71752
20240519135016,225.64571
20240519140016,204.89495
20240519141016,195.82308
20240519142016,194.08355
20240519143016,190.48775
20240519144016,189.98025
20240519145016,188.1926
20240519150016,185.89493
20240519151016,185.57445
20240519152016,184.72012
20240519153016,184.44579
20240519154016,184.01598
20240519155016,183.69518
20240519160016,202.49426
20240519161016,202.70538
20240519162016,202.25761
20240519163016,198.55014
20240519164016,200.25153
20240519165016,204.14453
20240608090016,797.39451
20240608091016,216.77566
20240608092016,226.09132
20240608093016,196.61075
20240608094016,199.59928
20240608095016,252.75143
20240608100016,326.81936
20240608101016,520.69055
20240608102016,369.97295
20240608103016,250.80748
20240608104016,289.36178
20240608105016,289.50405
20240608110016,243.99674
20240608111016,231.99614
20240608112016,232.08896
20240608113016,235.29403
20240608114016,243.87831
20240608115016,288.95286
20240608120016,262.76503
20240608121016,274.81669
20240608122016,239.74204
20240608123016,242.62471
20240608124016,239.11062
20240608125016,235.81858
20240608130016,228.43482
20240608131016,232.27225
20240608132016,228.70393
20240608133016,231.83585
20240608134016,231.71752
20240608135016,225.64571
20240608140016,204.89495
20240608141016,195.82308
20240608142016,194.08355
20240608143016,190.48775
20240608144016,189.98025
20240608145016,188.1926
20240608150016,185.89493
20240608151016,185.57445
20240608152016,184.72012
20240608153016,184.44579
20240608154016,184.01598
20240608155016,183.69518
20240608160016,202.49426
20240608161016,202.70538
20240608162016,202.25761
20240608163016,198.55014
20240608164016,200.25153
20240608165016,204.14453
20240629090016,905.61638
20240629091016,330.70941
20240629092016,314.62364
20240629093016,229.96517
20240629094016,229.90914
20240629095016,287.66106
20240629100016,376.684
20240629101016,427.90872
20240629102016,372.5974
20240629103016,295.80691
20240629104016,280.2454
20240629105016,278.14589
20240629110016,243.99674
20240629111016,231.99614
20240629112016,232.08896
20240629113016,235.29403
20240629114016,243.87831
20240629115016,288.95286
20240629120016,262.76503
20240629121016,274.81669
20240629122016,239.74204
20240629123016,242.62471
20240629124016,239.11062
20240629125016,235.81858
20240629130016,228.43482
20240629131016,232.27225
20240629132016,228.70393
20240629133016,231.83585
20240629134016,231.71752
20240629135016,225.64571
20240629140016,204.89495
20240629141016,195.82308
20240629142016,194.08355
20240629143016,190.48775
20240629144016,189.98025
20240629145016,188.1926
20240629150016,185.89493
20240629151016,185.57445
20240629152016,184.72012
20240629153016,184.44579
20240629154016,184.01598
20240629155016,183.69518
20240629160016,202.49426
20240629161016,202.70538
20240629162016,202.25761
20240629163016,198.55014
20240629164016,200.25153
20240629165016,204.14453
20240123090017,224.07343
20240123091017,196.56863
20240123092017,221.14341
20240123093017,212.36717
20240123094017,502.41156
20240123095017,458.14272
20240123100017,505.13554
20240123101017,338.42571
20240123102017,367.60749
20240123103017,276.14248
20240123104017,280.07354
20240123105017,288.60761
20240123110017,243.99674
20240123111017,231.99614
20240123112017,232.08896
20240123113017,235.29403
20240123114017,243.87831
20240123115017,288.95286
20240123120017,262.76503
20240123121017,274.81669
20240123122017,239.74204
20240123123017,242.62471
20240123124017,239.11062
20240123125017,235.81858
20240123130017,228.43482
20240123131017,232.27225
20240123132017,228.70393
20240123133017,231.83585
20240123134017,231.71752
20240123135017,225.64571
20240123140017,204.89495
20240123141017,195.82308
20240123142017,194.08355
20240123143017,190.48775
20240123144017,189.98025
20240123145017,188.1926
20240123150017,185.89493
20240123151017,185.57445
20240123152017,184.72012
20240123153017,184.44579
20240123154017,184.01598
20240123155017,183.69518
20240123160017,202.49426
20240123161017,202.70538
20240123162017,202.25761
20240123163017,198.55014
20240123164017,200.25153
20240123165017,204.14453
20240129090017,192.70435
20240129091017,208.67757
20240129092017,324.24252
20240129093017,294.71438
20240129094017,381.7175
20240129095017,367.75637
20240129100017,429.62096
20240129101017,318.9635
20240129102017,326.36094
20240129103017,280.21481
20240129104017,281.92735
20240129105017,288.75393
20240129110017,243.99674
20240129111017,231.99614
20240129112017,232.08896
20240129113017,235.29403
20240129114017,243.87831
20240129115017,288.95286
20240129120017,262.76503
20240129121017,274.81669
20240129122017,239.74204
20240129123017,242.62471
20240129124017,239.11062
20240129125017,235.81858
20240129130017,228.43482
20240129131017,232.27225
20240129132017,228.70393
20240129133017,231.83585
20240129134017,231.71752
20240129135017,225.64571
20240129140017,204.89495
20240129141017,195.82308
20240129142017,194.08355
20240129143017,190.48775
20240129144017,189.98025
20240129145017,188.1926
20240129150017,185.89493
20240129151017,185.57445
20240129152017,184.72012
20240129153017,184.44579
20240129154017,184.01598
20240129155017,183.69518
20240129160017,202.49426
20240129161017,202.70538
20240129162017,202.25761
20240129163017,198.55014
20240129164017,200.25153
20240129165017,204.14453
20240215090017,748.43662
20240215091017,225.73087
20240215092017,302.0014
20240215093017,308.75984
20240215094017,297.4915
20240215095017,586.72237
20240215100017,538.22864
20240215101017,369.26852
20240215102017,318.42434
20240215103017,277.3243
20240215104017,277.09568
20240215105017,277.92261
20240215110017,243.99674
20240215111017,231.99614
20240215112017,232.08896
20240215113017,235.29403
20240215114017,243.87831
20240215115017,288.95286
20240215120017,262.76503
20240215121017,274.81669
20240215122017,239.74204
20240215123017,242.62471
20240215124017,239.11062
20240215125017,235.81858
20240215130017,228.43482
20240215131017,232.27225
20240215132017,228.70393
20240215133017,231.83585
20240215134017,231.71752
20240215135017,225.64571
20240215140017,204.89495
20240215141017,195.82308
20240215142017,194.08355
20240215143017,190.48775
20240215144017,189.98025
20240215145017,188.1926
20240215150017,185.89493
20240215151017,185.57445
20240215152017,184.72012
20240215153017,184.44579
20240215154017,184.01598
20240215155017,183.69518
20240215160017,202.49426
20240215161017,202.70538
20240215162017,202.25761
20240215163017,198.55014
20240215164017,200.25153
20240215165017,204.14453
20240218090017,248.23887
20240218091017,236.05508
20240218092017,243.36339
20240218093017,212.56126
20240218094017,327.08996
20240218095017,424.26923
20240218100017,391.82344
20240218101017,381.45965
20240218102017,314.38044
20240218103017,276.68968
20240218104017,279.89313
20240218105017,282.82902
20240218110017,243.99674
20240218111017,231.99614
20240218112017,232.08896
20240218113017,235.29403
20240218114017,243.87831
20240218115017,288.95286
20240218120017,262.76503
20240218121017,274.81669
20240218122017,239.74204
20240218123017,242.62471
20240218124017,239.11062
20240218125017,235.81858
20240218130017,228.43482
20240218131017,232.27225
20240218132017,228.70393
20240218133017,231.83585
20240218134017,231.71752
20240218135017,225.64571
20240218140017,204.89495
20240218141017,195.82308
20240218142017,194.08355
20240218143017,190.48775
20240218144017,189.98025
20240218145017,188.1926
20240218150017,185.89493
20240218151017,185.57445
20240218152017,184.72012
20240218153017,184.44579
20240218154017,184.01598
20240218155017,183.69518
20240218160017,202.49426
20240218161017,202.70538
20240218162017,202.25761
20240218163017,198.55014
20240218164017,200.25153
20240218165017,204.14453
20240305090017,864.58559
20240305091017,237.78484
20240305092017,227.34408
20240305093017,199.03639
20240305094017,207.56784
20240305095017,367.58985
20240305100017,587.52786
20240305101017,433.29534
20240305102017,279.58003
20240305103017,281.80053
20240305104017,294.44576
20240305105017,276.22232
20240305110017,243.99674
20240305111017,231.99614
20240305112017,232.08896
20240305113017,235.29403
20240305114017,243.87831
20240305115017,288.95286
20240305120017,262.76503
20240305121017,274.81669
20240305122017,239.74204
20240305123017,242.62471
20240305124017,239.11062
20240305125017,235.81858
20240305130017,228.43482
20240305131017,232.27225
20240305132017,228.70393
20240305133017,231.83585
20240305134017,231.71752
20240305135017,225.64571
20240305140017,204.89495
20240305141017,195.82308
20240305142017,194.08355
20240305143017,190.48775
20240305144017,189.98025
20240305145017,188.1926
20240305150017,185.89493
20240305151017,185.57445
20240305152017,184.72012
20240305153017,184.44579
20240305154017,184.01598
20240305155017,183.69518
20240305160017,202.49426
20240305161017,202.70538
20240305162017,202.25761
20240305163017,198.55014
20240305164017,200.25153
20240305165017,204.14453
20240309090017,251.75698
20240309091017,203.49028
20240309092017,194.17081
20240309093017,193.79704
20240309094017,318.6432
20240309095017,350.80974
20240309100017,462.25714
20240309101017,453.5742
20240309102017,380.10104
20240309103017,255.01883
20240309104017,281.21192
20240309105017,291.31832
20240309110017,243.99674
20240309111017,231.99614
20240309112017,232.08896
20240309113017,235.29403
20240309114017,243.87831
20240309115017,288.95286
20240309120017,262.76503
20240309121017,274.81669
20240309122017,239.74204
20240309123017,242.62471
20240309124017,239.11062
20240309125017,235.81858
20240309130017,228.43482
20240309131017,232.27225
20240309132017,228.70393
20240309133017,231.83585
20240309134017,231.71752
20240309135017,225.64571
20240309140017,204.89495
20240309141017,195.82308
20240309142017,194.08355
20240309143017,190.48775
20240309144017,189.98025
20240309145017,188.1926
20240309150017,185.89493
20240309151017,185.57445
20240309152017,184.72012
20240309153017,184.44579
20240309154017,184.01598
20240309155017,183.69518
20240309160017,202.49426
20240309161017,202.70538
20240309162017,202.25761
20240309163017,198.55014
20240309164017,200.25153
20240309165017,204.14453
20240311090017,252.61966
20240311091017,203.28574
20240311092017,198.27375
20240311093017,195.68855
20240311094017,297.09956
20240311095017,345.95691
20240311100017,504.75648
20240311101017,452.32713
20240311102017,372.34642
20240311103017,257.40936
20240311104017,281.37316
20240311105017,291.50232
20240311110017,243.99674
20240311111017,231.99614
20240311112017,232.08896
20240311113017,235.29403
20240311114017,243.87831
20240311115017,288.95286
20240311120017,262.76503
20240311121017,274.81669
20240311122017,239.74204
20240311123017,242.62471
20240311124017,239.11062
20240311125017,235.81858
20240311130017,228.43482
20240311131017,232.27225
20240311132017,228.70393
20240311133017,231.83585
20240311134017,231.71752
20240311135017,225.64571
20240311140017,204.89495
20240311141017,195.82308
20240311142017,194.08355
20240311143017,190.48775
20240311144017,189.98025
20240311145017,188.1926
20240311150017,185.89493
20240311151017,185.57445
20240311152017,184.72012
20240311153017,184.44579
20240311154017,184.01598
20240311155017,183.69518
20240311160017,202.49426
20240311161017,202.70538
20240311162017,202.25761
20240311163017,198.55014
20240311164017,200.25153
20240311165017,204.14453
20240403090017,735.36282
20240403091017,208.55949
20240403092017,204.83592
20240403093017,199.12432
20240403094017,208.05735
20240403095017,275.35616
20240403100017,434.71021
20240403101017,427.38109
20240403102017,306.59672
20240403103017,279.84312
20240403104017,288.28218
20240403105017,278.75055
20240403110017,243.99674
20240403111017,231.99614
20240403112017,232.08896
20240403113017,235.29403
20240403114017,243.87831
20240403115017,288.95286
20240403120017,262.76503
20240403121017,274.81669
20240403122017,239.74204
20240403123017,242.62471
20240403124017,239.11062
20240403125017,235.81858
20240403130017,228.43482
20240403131017,232.27225
20240403132017,228.70393
20240403133017,231.83585
20240403134017,231.71752
20240403135017,225.64571
20240403140017,204.89495
20240403141017,195.82308
20240403142017,194.08355
20240403143017,190.48775
20240403144017,189.98025
20240403145017,188.1926
20240403150017,185.89493
20240403151017,185.57445
20240403152017,184.72012
20240403153017,184.44579
20240403154017,184.01598
20240403155017,183.69518
20240403160017,202.49426
20240403161017,202.70538
20240403162017,202.25761
20240403163017,198.55014
20240403164017,200.25153
20240403165017,204.14453
20240507090017,884.6367
20240507091017,247.65714
20240507092017,213.19628
20240507093017,195.05298
20240507094017,198.57549
20240507095017,309.13064
20240507100017,507.42606
20240507101017,528.9464
20240507102017,277.97738
20240507103017,274.47286
20240507104017,296.43548
20240507105017,279.4365
20240507110017,243.99674
20240507111017,231.99614
20240507112017,232.08896
20240507113017,235.29403
20240507114017,243.87831
20240507115017,288.95286
20240507120017,262.76503
20240507121017,274.81669
20240507122017,239.74204
20240507123017,242.62471
20240507124017,239.11062
20240507125017,235.81858
20240507130017,228.43482
20240507131017,232.27225
20240507132017,228.70393
20240507133017,231.83585
20240507134017,231.71752
20240507135017,225.64571
20240507140017,204.89495
20240507141017,195.82308
20240507142017,194.08355
20240507143017,190.48775
20240507144017,189.98025
20240507145017,188.1926
20240507150017,185.89493
20240507151017,185.57445
20240507152017,184.72012
20240507153017,184.44579
20240507154017,184.01598
20240507155017,183.69518
20240507160017,202.49426
20240507161017,202.70538
20240507162017,202.25761
20240507163017,198.55014
20240507164017,200.25153
20240507165017,204.14453
20240528090017,187.16776
20240528091017,191.15608
20240528092017,215.40934
20240528093017,234.78713
20240528094017,319.77469
20240528095017,382.12377
20240528100017,432.33256
20240528101017,371.79364
20240528102017,343.48178
20240528103017,276.45014
20240528104017,288.07676
20240528105017,289.81714
20240528110017,243.99674
20240528111017,231.99614
20240528112017,232.08896
20240528113017,235.29403
20240528114017,243.87831
20240528115017,288.95286
20240528120017,262.76503
20240528121017,274.81669
20240528122017,239.74204
20240528123017,242.62471
20240528124017,239.11062
20240528125017,235.81858
20240528130017,228.43482
20240528131017,232.27225
20240528132017,228.70393
20240528133017,231.83585
20240528134017,231.71752
20240528135017,225.64571
20240528140017,204.89495
20240528141017,195.82308
20240528142017,194.08355
20240528143017,190.48775
20240528144017,189.98025
20240528145017,188.1926
20240528150017,185.89493
20240528151017,185.57445
20240528152017,184.72012
20240528153017,184.44579
20240528154017,184.01598
20240528155017,183.69518
20240528160017,202.49426
20240528161017,202.70538
20240528162017,202.25761
20240528163017,198.55014
20240528164017,200.25153
20240528165017,204.14453
20240614090017,194.86449
20240614091017,199.05592
20240614092017,209.57855
20240614093017,225.90887
20240614094017,214.65057
20240614095017,292.9635
20240614100017,562.53405
20240614101017,428.32383
20240614102017,319.16983
20240614103017,264.14967
20240614104017,281.63053
20240614105017,291.31694
20240614110017,243.99674
20240614111017,231.99614
20240614112017,232.08896
20240614113017,235.29403
20240614114017,243.87831
20240614115017,288.95286
20240614120017,262.76503
20240614121017,274.81669
20240614122017,239.74204
20240614123017,242.62471
20240614124017,239.11062
20240614125017,235.81858
20240614130017,228.43482
20240614131017,232.27225
20240614132017,228.70393
20240614133017,231.83585
20240614134017,231.71752
20240614135017,225.64571
20240614140017,204.89495
20240614141017,195.82308
20240614142017,194.08355
20240614143017,190.48775
20240614144017,189.98025
20240614145017,188.1926
20240614150017,185.89493
20240614151017,185.57445
20240614152017,184.72012
20240614153017,184.44579
20240614154017,184.01598
20240614155017,183.69518
20240614160017,202.49426
20240614161017,202.70538
20240614162017,202.25761
20240614163017,198.55014
20240614164017,200.25153
20240614165017,204.14453
20240619090017,332.02423
20240619091017,240.82612
20240619092017,221.33384
20240619093017,201.8338
20240619094017,196.30424
20240619095017,297.15749
20240619100017,324.84496
20240619101017,383.45693
20240619102017,436.19769
20240619103017,272.28159
20240619104017,290.99983
20240619105017,285.30779
20240619110017,243.99674
20240619111017,231.99614
20240619112017,232.08896
20240619113017,235.29403
20240619114017,243.87831
20240619115017,288.95286
20240619120017,262.76503
20240619121017,274.81669
20240619122017,239.74204
20240619123017,242.62471
20240619124017,239.11062
20240619125017,235.81858
20240619130017,228.43482
20240619131017,232.27225
20240619132017,228.70393
20240619133017,231.83585
20240619134017,231.71752
20240619135017,225.64571
20240619140017,204.89495
20240619141017,195.82308
20240619142017,194.08355
20240619143017,190.48775
20240619144017,189.98025
20240619145017,188.1926
20240619150017,185.89493
20240619151017,185.57445
20240619152017,184.72012
20240619153017,184.44579
20240619154017,184.01598
20240619155017,183.69518
20240619160017,202.49426
20240619161017,202.70538
20240619162017,202.25761
20240619163017,198.55014
20240619164017,200.25153
20240619165017,204.14453
20240627090017,637.30128
20240627091017,232.90178
20240627092017,239.66421
20240627093017,205.43583
20240627094017,279.66119
20240627095017,262.82654
20240627100017,332.57529
20240627101017,428.97886
20240627102017,381.21084
20240627103017,273.48351
20240627104017,290.66924
20240627105017,281.13721
20240627110017,243.99674
20240627111017,231.99614
20240627112017,232.08896
20240627113017,235.29403
20240627114017,243.87831
20240627115017,288.95286
20240627120017,262.76503
20240627121017,274.81669
20240627122017,239.74204
20240627123017,242.62471
20240627124017,239.11062
20240627125017,235.81858
20240627130017,228.43482
20240627131017,232.27225
20240627132017,228.70393
20240627133017,231.83585
20240627134017,231.71752
20240627135017,225.64571
20240627140017,204.89495
20240627141017,195.82308
20240627142017,194.08355
20240627143017,190.48775
20240627144017,189.98025
20240627145017,188.1926
20240627150017,185.89493
20240627151017,185.57445
20240627152017,184.72012
20240627153017,184.44579
20240627154017,184.01598
20240627155017,183.69518
20240627160017,202.49426
20240627161017,202.70538
20240627162017,202.25761
20240627163017,198.55014
20240627164017,200.25153
20240627165017,204.14453
20240629090017,632.87906
20240629091017,213.99501
20240629092017,212.78266
20240629093017,199.57741
20240629094017,235.33147
20240629095017,251.17215
20240629100017,368.7499
20240629101017,436.6519
20240629102017,334.41922
20240629103017,273.73469
20240629104017,290.66924
20240629105017,280.3121
20240629110017,243.99674
20240629111017,231.99614
20240629112017,232.08896
20240629113017,235.29403
20240629114017,243.87831
20240629115017,288.95286
20240629120017,262.76503
20240629121017,274.81669
20240629122017,239.74204
20240629123017,242.62471
20240629124017,239.11062
20240629125017,235.81858
20240629130017,228.43482
20240629131017,232.27225
20240629132017,228.70393
20240629133017,231.83585
20240629134017,231.71752
20240629135017,225.64571
20240629140017,204.89495
20240629141017,195.82308
20240629142017,194.08355
20240629143017,190.48775
20240629144017,189.98025
20240629145017,188.1926
20240629150017,185.89493
20240629151017,185.57445
20240629152017,184.72012
20240629153017,184.44579
20240629154017,184.01598
20240629155017,183.69518
20240629160017,202.49426
20240629161017,202.70538
20240629162017,202.25761
20240629163017,198.55014
20240629164017,200.25153
20240629165017,204.14453
20240704090017,607.03867
20240704091017,206.32392
20240704092017,192.64962
20240704093017,199.80867
20240704094017,242.17472
20240704095017,249.33597
20240704100017,436.87748
20240704101017,462.08282
20240704102017,290.89167
20240704103017,275.42271
20240704104017,280.58236
20240704105017,280.52869
20240704110017,243.99674
20240704111017,231.99614
20240704112017,232.08896
20240704113017,235.29403
20240704114017,243.87831
20240704115017,288.95286
20240704120017,262.76503
20240704121017,274.81669
20240704122017,239.74204
20240704123017,242.62471
20240704124017,239.11062
20240704125017,235.81858
20240704130017,228.43482
20240704131017,232.27225
20240704132017,228.70393
20240704133017,231.83585
20240704134017,231.71752
20240704135017,225.64571
20240704140017,204.89495
20240704141017,195.82308
20240704142017,194.08355
20240704143017,190.48775
20240704144017,189.98025
20240704145017,188.1926
20240704150017,185.89493
20240704151017,185.57445
20240704152017,184.72012
20240704153017,184.44579
20240704154017,184.01598
20240704155017,183.69518
20240704160017,202.49426
20240704161017,202.70538
20240704162017,202.25761
20240704163017,198.55014
20240704164017,200.25153
20240704165017,204.14453
20240706090017,597.09013
20240706091017,210.25606
20240706092017,193.76806
20240706093017,203.10293
20240706094017,246.42081
20240706095017,251.55645
20240706100017,441.10136
20240706101017,460.53599
20240706102017,295.28979
20240706103017,275.42271
20240706104017,280.33777
20240706105017,280.52869
20240706110017,243.99674
20240706111017,231.99614
20240706112017,232.08896
20240706113017,235.29403
20240706114017,243.87831
20240706115017,288.95286
20240706120017,262.76503
20240706121017,274.81669
20240706122017,239.74204
20240706123017,242.62471
20240706124017,239.11062
20240706125017,235.81858
20240706130017,228.43482
20240706131017,232.27225
20240706132017,228.70393
20240706133017,231.83585
20240706134017,231.71752
20240706135017,225.64571
20240706140017,204.89495
20240706141017,195.82308
20240706142017,194.08355
20240706143017,190.48775
20240706144017,189.98025
20240706145017,188.1926
20240706150017,185.89493
20240706151017,185.57445
20240706152017,184.72012
20240706153017,184.44579
20240706154017,184.01598
20240706155017,183.69518
20240706160017,202.49426
20240706161017,202.70538
20240706162017,202.25761
20240706163017,198.55014
20240706164017,200.25153
20240706165017,204.14453
20240328090008,215.81561
20240328091008,202.68486
20240328092008,208.77319
20240328093008,209.96868
20240328094008,233.78126
20240328095008,381.27757
20240328100008,507.60896
20240328101008,470.37289
20240328102008,319.23341
20240328103008,261.14051
20240328104008,273.5197
20240328105008,280.59359
20240328110008,243.99674
20240328111008,231.99614
20240328112008,232.08896
20240328113008,235.29403
20240328114008,243.87831
20240328115008,288.95286
20240328120008,262.76503
20240328121008,274.81669
20240328122008,239.74204
20240328123008,242.62471
20240328124008,239.11062
20240328125008,235.81858
20240328130008,228.43482
20240328131008,232.27225
20240328132008,228.70393
20240328133008,231.83585
20240328134008,231.71752
20240328135008,225.64571
20240328140008,204.89495
20240328141008,195.82308
20240328142008,194.08355
20240328143008,190.48775
20240328144008,189.98025
20240328145008,188.1926
20240328150008,185.89493
20240328151008,185.57445
20240328152008,184.72012
20240328153008,184.44579
20240328154008,184.01598
20240328155008,183.69518
20240328160008,202.49426
20240328161008,202.70538
20240328162008,202.25761
20240328163008,198.55014
20240328164008,200.25153
20240328165008,204.14453
20240508090008,212.26505
20240508091008,194.02463
20240508092008,197.39857
20240508093008,228.39149
20240508094008,250.58353
20240508095008,320.3236
20240508100008,505.65034
20240508101008,408.94301
20240508102008,326.36842
20240508103008,273.17983
20240508104008,284.70835
20240508105008,291.89
20240508110008,243.99674
20240508111008,231.99614
20240508112008,232.08896
20240508113008,235.29403
20240508114008,243.87831
20240508115008,288.95286
20240508120008,262.76503
20240508121008,274.81669
20240508122008,239.74204
20240508123008,242.62471
20240508124008,239.11062
20240508125008,235.81858
20240508130008,228.43482
20240508131008,232.27225
20240508132008,228.70393
20240508133008,231.83585
20240508134008,231.71752
20240508135008,225.64571
20240508140008,204.89495
20240508141008,195.82308
20240508142008,194.08355
20240508143008,190.48775
20240508144008,189.98025
20240508145008,188.1926
20240508150008,185.89493
20240508151008,185.57445
20240508152008,184.72012
20240508153008,184.44579
20240508154008,184.01598
20240508155008,183.69518
20240508160008,202.49426
20240508161008,202.70538
20240508162008,202.25761
20240508163008,198.55014
20240508164008,200.25153
20240508165008,204.14453
20240521090008,194.00635
20240521091008,194.07663
20240521092008,206.86337
20240521093008,239.96585
20240521094008,310.39345
20240521095008,307.56009
20240521100008,459.43665
20240521101008,386.18714
20240521102008,326.06328
20240521103008,274.78215
20240521104008,285.6444
20240521105008,292.05312
20240521110008,243.99674
20240521111008,231.99614
20240521112008,232.08896
20240521113008,235.29403
20240521114008,243.87831
20240521115008,288.95286
20240521120008,262.76503
20240521121008,274.81669
20240521122008,239.74204
20240521123008,242.62471
20240521124008,239.11062
20240521125008,235.81858
20240521130008,228.43482
20240521131008,232.27225
20240521132008,228.70393
20240521133008,231.83585
20240521134008,231.71752
20240521135008,225.64571
20240521140008,204.89495
20240521141008,195.82308
20240521142008,194.08355
20240521143008,190.48775
20240521144008,189.98025
20240521145008,188.1926
20240521150008,185.89493
20240521151008,185.57445
20240521152008,184.72012
20240521153008,184.44579
20240521154008,184.01598
20240521155008,183.69518
20240521160008,202.49426
20240521161008,202.70538
20240521162008,202.25761
20240521163008,198.55014
20240521164008,200.25153
20240521165008,204.14453
20240618090008,214.72451
20240618091008,201.62707
20240618092008,198.78776
20240618093008,203.22484
20240618094008,225.36755
20240618095008,224.77445
20240618100008,524.09034
20240618101008,472.53676
20240618102008,299.35512
20240618103008,251.07789
20240618104008,282.71306
20240618105008,294.22184
20240618110008,243.99674
20240618111008,231.99614
20240618112008,232.08896
20240618113008,235.29403
20240618114008,243.87831
20240618115008,288.95286
20240618120008,262.76503
20240618121008,274.81669
20240618122008,239.74204
20240618123008,242.62471
20240618124008,239.11062
20240618125008,235.81858
20240618130008,228.43482
20240618131008,232.27225
20240618132008,228.70393
20240618133008,231.83585
20240618134008,231.71752
20240618135008,225.64571
20240618140008,204.89495
20240618141008,195.82308
20240618142008,194.08355
20240618143008,190.48775
20240618144008,189.98025
20240618145008,188.1926
20240618150008,185.89493
20240618151008,185.57445
20240618152008,184.72012
20240618153008,184.44579
20240618154008,184.01598
20240618155008,183.69518
20240618160008,202.49426
20240618161008,202.70538
20240618162008,202.25761
20240618163008,198.55014
20240618164008,200.25153
20240618165008,204.14453
20240630090008,206.97989
20240630091008,199.78699
20240630092008,208.89989
20240630093008,222.26385
20240630094008,273.97107
20240630095008,318.35216
20240630100008,388.6128
20240630101008,428.19815
20240630102008,327.16814
20240630103008,265.20762
20240630104008,273.41507
20240630105008,280.96775
20240630110008,243.99674
20240630111008,231.99614
20240630112008,232.08896
20240630113008,235.29403
20240630114008,243.87831
20240630115008,288.95286
20240630120008,262.76503
20240630121008,274.81669
20240630122008,239.74204
20240630123008,242.62471
20240630124008,239.11062
20240630125008,235.81858
20240630130008,228.43482
20240630131008,232.27225
20240630132008,228.70393
20240630133008,231.83585
20240630134008,231.71752
20240630135008,225.64571
20240630140008,204.89495
20240630141008,195.82308
20240630142008,194.08355
20240630143008,190.48775
20240630144008,189.98025
20240630145008,188.1926
20240630150008,185.89493
20240630151008,185.57445
20240630152008,184.72012
20240630153008,184.44579
20240630154008,184.01598
20240630155008,183.69518
20240630160008,202.49426
20240630161008,202.70538
20240630162008,202.25761
20240630163008,198.55014
20240630164008,200.25153
20240630165008,204.14453
20240702090008,201.15639
20240702091008,197.93569
20240702092008,204.50117
20240702093008,202.03715
20240702094008,253.34287
20240702095008,355.22848
20240702100008,412.17734
20240702101008,429.17529
20240702102008,350.31906
20240702103008,273.56104
20240702104008,274.22901
20240702105008,282.75415
20240702110008,243.99674
20240702111008,231.99614
20240702112008,232.08896
20240702113008,235.29403
20240702114008,243.87831
20240702115008,288.95286
20240702120008,262.76503
20240702121008,274.81669
20240702122008,239.74204
20240702123008,242.62471
20240702124008,239.11062
20240702125008,235.81858
20240702130008,228.43482
20240702131008,232.27225
20240702132008,228.70393
20240702133008,231.83585
20240702134008,231.71752
20240702135008,225.64571
20240702140008,204.89495
20240702141008,195.82308
20240702142008,194.08355
20240702143008,190.48775
20240702144008,189.98025
20240702145008,188.1926
20240702150008,185.89493
20240702151008,185.57445
20240702152008,184.72012
20240702153008,184.44579
20240702154008,184.01598
20240702155008,183.69518
20240702160008,202.49426
20240702161008,202.70538
20240702162008,202.25761
20240702163008,198.55014
20240702164008,200.25153
20240702165008,204.14453
20240812090008,204.14526
20240812091008,199.59621
20240812092008,206.44228
20240812093008,206.62451
20240812094008,282.70151
20240812095008,330.39072
20240812100008,388.76576
20240812101008,429.19731
20240812102008,335.36704
20240812103008,273.28275
20240812104008,274.12396
20240812105008,281.35599
20240812110008,243.99674
20240812111008,231.99614
20240812112008,232.08896
20240812113008,235.29403
20240812114008,243.87831
20240812115008,288.95286
20240812120008,262.76503
20240812121008,274.81669
20240812122008,239.74204
20240812123008,242.62471
20240812124008,239.11062
20240812125008,235.81858
20240812130008,228.43482
20240812131008,232.27225
20240812132008,228.70393
20240812133008,231.83585
20240812134008,231.71752
20240812135008,225.64571
20240812140008,204.89495
20240812141008,195.82308
20240812142008,194.08355
20240812143008,190.48775
20240812144008,189.98025
20240812145008,188.1926
20240812150008,185.89493
20240812151008,185.57445
20240812152008,184.72012
20240812153008,184.44579
20240812154008,184.01598
20240812155008,183.69518
20240812160008,202.49426
20240812161008,202.70538
20240812162008,202.25761
20240812163008,198.55014
20240812164008,200.25153
20240812165008,204.14453
20240828090008,213.30487
20240828091008,199.975
20240828092008,205.83692
20240828093008,208.63176
20240828094008,285.8725
20240828095008,334.97615
20240828100008,384.13395
20240828101008,429.74423
20240828102008,333.40787
20240828103008,273.70298
20240828104008,273.99944
20240828105008,281.35599
20240828110008,243.99674
20240828111008,231.99614
20240828112008,232.08896
20240828113008,235.29403
20240828114008,243.87831
20240828115008,288.95286
20240828120008,262.76503
20240828121008,274.81669
20240828122008,239.74204
20240828123008,242.62471
20240828124008,239.11062
20240828125008,235.81858
20240828130008,228.43482
20240828131008,232.27225
20240828132008,228.70393
20240828133008,231.83585
20240828134008,231.71752
20240828135008,225.64571
20240828140008,204.89495
20240828141008,195.82308
20240828142008,194.08355
20240828143008,190.48775
20240828144008,189.98025
20240828145008,188.1926
20240828150008,185.89493
20240828151008,185.57445
20240828152008,184.72012
20240828153008,184.44579
20240828154008,184.01598
20240828155008,183.69518
20240828160008,202.49426
20240828161008,202.70538
20240828162008,202.25761
20240828163008,198.55014
20240828164008,200.25153
20240828165008,204.14453
20240307090010,186.41199
20240307091010,187.98851
20240307092010,210.14709
20240307093010,222.19877
20240307094010,254.53329
20240307095010,294.58501
20240307100010,492.06193
20240307101010,340.77958
20240307102010,365.82655
20240307103010,279.1447
20240307104010,288.71647
20240307105010,289.61263
20240307110010,243.99674
20240307111010,231.99614
20240307112010,232.08896
20240307113010,235.29403
20240307114010,243.87831
20240307115010,288.95286
20240307120010,262.76503
20240307121010,274.81669
20240307122010,239.74204
20240307123010,242.62471
20240307124010,239.11062
20240307125010,235.81858
20240307130010,228.43482
20240307131010,232.27225
20240307132010,228.70393
20240307133010,231.83585
20240307134010,231.71752
20240307135010,225.64571
20240307140010,204.89495
20240307141010,195.82308
20240307142010,194.08355
20240307143010,190.48775
20240307144010,189.98025
20240307145010,188.1926
20240307150010,185.89493
20240307151010,185.57445
20240307152010,184.72012
20240307153010,184.44579
20240307154010,184.01598
20240307155010,183.69518
20240307160010,202.49426
20240307161010,202.70538
20240307162010,202.25761
20240307163010,198.55014
20240307164010,200.25153
20240307165010,204.14453
20240310090010,187.15999
20240310091010,188.20141
20240310092010,209.06815
20240310093010,200.49617
20240310094010,249.67859
20240310095010,303.98471
20240310100010,500.52598
20240310101010,356.90289
20240310102010,376.99836
20240310103010,274.5132
20240310104010,284.87999
20240310105010,291.5911
20240310110010,243.99674
20240310111010,231.99614
20240310112010,232.08896
20240310113010,235.29403
20240310114010,243.87831
20240310115010,288.95286
20240310120010,262.76503
20240310121010,274.81669
20240310122010,239.74204
20240310123010,242.62471
20240310124010,239.11062
20240310125010,235.81858
20240310130010,228.43482
20240310131010,232.27225
20240310132010,228.70393
20240310133010,231.83585
20240310134010,231.71752
20240310135010,225.64571
20240310140010,204.89495
20240310141010,195.82308
20240310142010,194.08355
20240310143010,190.48775
20240310144010,189.98025
20240310145010,188.1926
20240310150010,185.89493
20240310151010,185.57445
20240310152010,184.72012
20240310153010,184.44579
20240310154010,184.01598
20240310155010,183.69518
20240310160010,202.49426
20240310161010,202.70538
20240310162010,202.25761
20240310163010,198.55014
20240310164010,200.25153
20240310165010,204.14453
20240423090010,233.66259
20240423091010,200.12306
20240423092010,199.71337
20240423093010,233.78553
20240423094010,255.4335
20240423095010,317.83914
20240423100010,494.58078
20240423101010,393.9939
20240423102010,312.24265
20240423103010,272.24214
20240423104010,280.73545
20240423105010,289.9049
20240423110010,243.99674
20240423111010,231.99614
20240423112010,232.08896
20240423113010,235.29403
20240423114010,243.87831
20240423115010,288.95286
20240423120010,262.76503
20240423121010,274.81669
20240423122010,239.74204
20240423123010,242.62471
20240423124010,239.11062
20240423125010,235.81858
20240423130010,228.43482
20240423131010,232.27225
20240423132010,228.70393
20240423133010,231.83585
20240423134010,231.71752
20240423135010,225.64571
20240423140010,204.89495
20240423141010,195.82308
20240423142010,194.08355
20240423143010,190.48775
20240423144010,189.98025
20240423145010,188.1926
20240423150010,185.89493
20240423151010,185.57445
20240423152010,184.72012
20240423153010,184.44579
20240423154010,184.01598
20240423155010,183.69518
20240423160010,202.49426
20240423161010,202.70538
20240423162010,202.25761
20240423163010,198.55014
20240423164010,200.25153
20240423165010,204.14453
20240519090010,199.98824
20240519091010,195.10076
20240519092010,199.25066
20240519093010,249.93713
20240519094010,307.83539
20240519095010,307.2563
20240519100010,457.52767
20240519101010,390.00808
20240519102010,325.81974
20240519103010,274.60646
20240519104010,285.60684
20240519105010,291.88862
20240519110010,243.99674
20240519111010,231.99614
20240519112010,232.08896
20240519113010,235.29403
20240519114010,243.87831
20240519115010,288.95286
20240519120010,262.76503
20240519121010,274.81669
20240519122010,239.74204
20240519123010,242.62471
20240519124010,239.11062
20240519125010,235.81858
20240519130010,228.43482
20240519131010,232.27225
20240519132010,228.70393
20240519133010,231.83585
20240519134010,231.71752
20240519135010,225.64571
20240519140010,204.89495
20240519141010,195.82308
20240519142010,194.08355
20240519143010,190.48775
20240519144010,189.98025
20240519145010,188.1926
20240519150010,185.89493
20240519151010,185.57445
20240519152010,184.72012
20240519153010,184.44579
20240519154010,184.01598
20240519155010,183.69518
20240519160010,202.49426
20240519161010,202.70538
20240519162010,202.25761
20240519163010,198.55014
20240519164010,200.25153
20240519165010,204.14453
20240619090010,520.16241
20240619091010,286.17314
20240619092010,220.18955
20240619093010,199.85477
20240619094010,197.60727
20240619095010,430.32749
20240619100010,329.92544
20240619101010,386.29663
20240619102010,392.62007
20240619103010,264.28876
20240619104010,288.79754
20240619105010,288.41176
20240619110010,243.99674
20240619111010,231.99614
20240619112010,232.08896
20240619113010,235.29403
20240619114010,243.87831
20240619115010,288.95286
20240619120010,262.76503
20240619121010,274.81669
20240619122010,239.74204
20240619123010,242.62471
20240619124010,239.11062
20240619125010,235.81858
20240619130010,228.43482
20240619131010,232.27225
20240619132010,228.70393
20240619133010,231.83585
20240619134010,231.71752
20240619135010,225.64571
20240619140010,204.89495
20240619141010,195.82308
20240619142010,194.08355
20240619143010,190.48775
20240619144010,189.98025
20240619145010,188.1926
20240619150010,185.89493
20240619151010,185.57445
20240619152010,184.72012
20240619153010,184.44579
20240619154010,184.01598
20240619155010,183.69518
20240619160010,202.49426
20240619161010,202.70538
20240619162010,202.25761
20240619163010,198.55014
20240619164010,200.25153
20240619165010,204.14453
20240711090010,497.05141
20240711091010,274.79192
20240711092010,254.52618
20240711093010,197.38956
20240711094010,198.97054
20240711095010,310.08418
20240711100010,647.74555
20240711101010,504.50311
20240711102010,287.41592
20240711103010,264.38392
20240711104010,280.50445
20240711105010,280.67393
20240711110010,243.99674
20240711111010,231.99614
20240711112010,232.08896
20240711113010,235.29403
20240711114010,243.87831
20240711115010,288.95286
20240711120010,262.76503
20240711121010,274.81669
20240711122010,239.74204
20240711123010,242.62471
20240711124010,239.11062
20240711125010,235.81858
20240711130010,228.43482
20240711131010,232.27225
20240711132010,228.70393
20240711133010,231.83585
20240711134010,231.71752
20240711135010,225.64571
20240711140010,204.89495
20240711141010,195.82308
20240711142010,194.08355
20240711143010,190.48775
20240711144010,189.98025
20240711145010,188.1926
20240711150010,185.89493
20240711151010,185.57445
20240711152010,184.72012
20240711153010,184.44579
20240711154010,184.01598
20240711155010,183.69518
20240711160010,202.49426
20240711161010,202.70538
20240711162010,202.25761
20240711163010,198.55014
20240711164010,200.25153
20240711165010,204.14453
20240207090017,222.3569
20240207091017,240.34713
20240207092017,263.68093
20240207093017,290.57024
20240207094017,323.10018
20240207095017,428.67208
20240207100017,327.08672
20240207101017,311.73083
20240207102017,310.94986
20240207103017,293.5547
20240207104017,281.12508
20240207105017,286.13037
20240207110017,243.99674
20240207111017,231.99614
20240207112017,232.08896
20240207113017,235.29403
20240207114017,243.87831
20240207115017,288.95286
20240207120017,262.76503
20240207121017,274.81669
20240207122017,239.74204
20240207123017,242.62471
20240207124017,239.11062
20240207125017,235.81858
20240207130017,228.43482
20240207131017,232.27225
20240207132017,228.70393
20240207133017,231.83585
20240207134017,231.71752
20240207135017,225.64571
20240207140017,204.89495
20240207141017,195.82308
20240207142017,194.08355
20240207143017,190.48775
20240207144017,189.98025
20240207145017,188.1926
20240207150017,185.89493
20240207151017,185.57445
20240207152017,184.72012
20240207153017,184.44579
20240207154017,184.01598
20240207155017,183.69518
20240207160017,202.49426
20240207161017,202.70538
20240207162017,202.25761
20240207163017,198.55014
20240207164017,200.25153
20240207165017,204.14453
20240224090017,209.72584
20240224091017,220.37395
20240224092017,278.86314
20240224093017,276.76841
20240224094017,343.79093
20240224095017,332.07942
20240224100017,393.61172
20240224101017,323.6865
20240224102017,338.14987
20240224103017,280.26121
20240224104017,280.92635
20240224105017,289.61263
20240224110017,243.99674
20240224111017,231.99614
20240224112017,232.08896
20240224113017,235.29403
20240224114017,243.87831
20240224115017,288.95286
20240224120017,262.76503
20240224121017,274.81669
20240224122017,239.74204
20240224123017,242.62471
20240224124017,239.11062
20240224125017,235.81858
20240224130017,228.43482
20240224131017,232.27225
20240224132017,228.70393
20240224133017,231.83585
20240224134017,231.71752
20240224135017,225.64571
20240224140017,204.89495
20240224141017,195.82308
20240224142017,194.08355
20240224143017,190.48775
20240224144017,189.98025
20240224145017,188.1926
20240224150017,185.89493
20240224151017,185.57445
20240224152017,184.72012
20240224153017,184.44579
20240224154017,184.01598
20240224155017,183.69518
20240224160017,202.49426
20240224161017,202.70538
20240224162017,202.25761
20240224163017,198.55014
20240224164017,200.25153
20240224165017,204.14453
20240318090017,191.56599
20240318091017,190.46526
20240318092017,211.46775
20240318093017,204.24389
20240318094017,288.22455
20240318095017,357.09322
20240318100017,464.9303
20240318101017,378.57715
20240318102017,369.18286
20240318103017,268.7494
20240318104017,284.48784
20240318105017,289.90628
20240318110017,243.99674
20240318111017,231.99614
20240318112017,232.08896
20240318113017,235.29403
20240318114017,243.87831
20240318115017,288.95286
20240318120017,262.76503
20240318121017,274.81669
20240318122017,239.74204
20240318123017,242.62471
20240318124017,239.11062
20240318125017,235.81858
20240318130017,228.43482
20240318131017,232.27225
20240318132017,228.70393
20240318133017,231.83585
20240318134017,231.71752
20240318135017,225.64571
20240318140017,204.89495
20240318141017,195.82308
20240318142017,194.08355
20240318143017,190.48775
20240318144017,189.98025
20240318145017,188.1926
20240318150017,185.89493
20240318151017,185.57445
20240318152017,184.72012
20240318153017,184.44579
20240318154017,184.01598
20240318155017,183.69518
20240318160017,202.49426
20240318161017,202.70538
20240318162017,202.25761
20240318163017,198.55014
20240318164017,200.25153
20240318165017,204.14453
20240509090017,201.15029
20240509091017,194.65588
20240509092017,202.66177
20240509093017,209.72841
20240509094017,235.09104
20240509095017,357.32511
20240509100017,505.87413
20240509101017,390.82836
20240509102017,338.14438
20240509103017,268.66339
20240509104017,285.02466
20240509105017,291.89
20240509110017,243.99674
20240509111017,231.99614
20240509112017,232.08896
20240509113017,235.29403
20240509114017,243.87831
20240509115017,288.95286
20240509120017,262.76503
20240509121017,274.81669
20240509122017,239.74204
20240509123017,242.62471
20240509124017,239.11062
20240509125017,235.81858
20240509130017,228.43482
20240509131017,232.27225
20240509132017,228.70393
20240509133017,231.83585
20240509134017,231.71752
20240509135017,225.64571
20240509140017,204.89495
20240509141017,195.82308
20240509142017,194.08355
20240509143017,190.48775
20240509144017,189.98025
20240509145017,188.1926
20240509150017,185.89493
20240509151017,185.57445
20240509152017,184.72012
20240509153017,184.44579
20240509154017,184.01598
20240509155017,183.69518
20240509160017,202.49426
20240509161017,202.70538
20240509162017,202.25761
20240509163017,198.55014
20240509164017,200.25153
20240509165017,204.14453
20240602090017,198.06659
20240602091017,199.08232
20240602092017,206.39868
20240602093017,216.68645
20240602094017,214.91215
20240602095017,229.67166
20240602100017,535.61151
20240602101017,449.50905
20240602102017,322.18902
20240602103017,264.20419
20240602104017,282.79815
20240602105017,292.05312
20240602110017,243.99674
20240602111017,231.99614
20240602112017,232.08896
20240602113017,235.29403
20240602114017,243.87831
20240602115017,288.95286
20240602120017,262.76503
20240602121017,274.81669
20240602122017,239.74204
20240602123017,242.62471
20240602124017,239.11062
20240602125017,235.81858
20240602130017,228.43482
20240602131017,232.27225
20240602132017,228.70393
20240602133017,231.83585
20240602134017,231.71752
20240602135017,225.64571
20240602140017,204.89495
20240602141017,195.82308
20240602142017,194.08355
20240602143017,190.48775
20240602144017,189.98025
20240602145017,188.1926
20240602150017,185.89493
20240602151017,185.57445
20240602152017,184.72012
20240602153017,184.44579
20240602154017,184.01598
20240602155017,183.69518
20240602160017,202.49426
20240602161017,202.70538
20240602162017,202.25761
20240602163017,198.55014
20240602164017,200.25153
20240602165017,204.14453
20240604090017,409.13862
20240604091017,217.27029
20240604092017,212.31797
20240604093017,202.73433
20240604094017,390.82081
20240604095017,252.73015
20240604100017,668.57849
20240604101017,488.58414
20240604102017,313.6052
20240604103017,256.37231
20240604104017,299.82116
20240604105017,300.43024
20240604110017,243.99674
20240604111017,231.99614
20240604112017,232.08896
20240604113017,235.29403
20240604114017,243.87831
20240604115017,288.95286
20240604120017,262.76503
20240604121017,274.81669
20240604122017,239.74204
20240604123017,242.62471
20240604124017,239.11062
20240604125017,235.81858
20240604130017,228.43482
20240604131017,232.27225
20240604132017,228.70393
20240604133017,231.83585
20240604134017,231.71752
20240604135017,225.64571
20240604140017,204.89495
20240604141017,195.82308
20240604142017,194.08355
20240604143017,190.48775
20240604144017,189.98025
20240604145017,188.1926
20240604150017,185.89493
20240604151017,185.57445
20240604152017,184.72012
20240604153017,184.44579
20240604154017,184.01598
20240604155017,183.69518
20240604160017,202.49426
20240604161017,202.70538
20240604162017,202.25761
20240604163017,198.55014
20240604164017,200.25153
20240604165017,204.14453
20240609090017,651.90036
20240609091017,265.89037
20240609092017,234.96135
20240609093017,202.14214
20240609094017,210.70641
20240609095017,272.36415
20240609100017,327.6326
20240609101017,394.23628
20240609102017,391.07202
20240609103017,273.29752
20240609104017,291.1142
20240609105017,281.68396
20240609110017,243.99674
20240609111017,231.99614
20240609112017,232.08896
20240609113017,235.29403
20240609114017,243.87831
20240609115017,288.95286
20240609120017,262.76503
20240609121017,274.81669
20240609122017,239.74204
20240609123017,242.62471
20240609124017,239.11062
20240609125017,235.81858
20240609130017,228.43482
20240609131017,232.27225
20240609132017,228.70393
20240609133017,231.83585
20240609134017,231.71752
20240609135017,225.64571
20240609140017,204.89495
20240609141017,195.82308
20240609142017,194.08355
20240609143017,190.48775
20240609144017,189.98025
20240609145017,188.1926
20240609150017,185.89493
20240609151017,185.57445
20240609152017,184.72012
20240609153017,184.44579
20240609154017,184.01598
20240609155017,183.69518
20240609160017,202.49426
20240609161017,202.70538
20240609162017,202.25761
20240609163017,198.55014
20240609164017,200.25153
20240609165017,204.14453
20240709090017,618.82401
20240709091017,211.85734
20240709092017,198.77706
20240709093017,199.69718
20240709094017,258.70204
20240709095017,244.00017
20240709100017,381.25781
20240709101017,460.26901
20240709102017,313.93113
20240709103017,273.7992
20240709104017,288.51443
20240709105017,280.52731
20240709110017,243.99674
20240709111017,231.99614
20240709112017,232.08896
20240709113017,235.29403
20240709114017,243.87831
20240709115017,288.95286
20240709120017,262.76503
20240709121017,274.81669
20240709122017,239.74204
20240709123017,242.62471
20240709124017,239.11062
20240709125017,235.81858
20240709130017,228.43482
20240709131017,232.27225
20240709132017,228.70393
20240709133017,231.83585
20240709134017,231.71752
20240709135017,225.64571
20240709140017,204.89495
20240709141017,195.82308
20240709142017,194.08355
20240709143017,190.48775
20240709144017,189.98025
20240709145017,188.1926
20240709150017,185.89493
20240709151017,185.57445
20240709152017,184.72012
20240709153017,184.44579
20240709154017,184.01598
20240709155017,183.69518
20240709160017,202.49426
20240709161017,202.70538
20240709162017,202.25761
20240709163017,198.55014
20240709164017,200.25153
20240709165017,204.14453
20240106090001,904.58429
20240106091001,381.6851
20240106092001,282.88205
20240106093001,317.68252
20240106094001,327.48179
20240106095001,463.40885
20240106100001,394.26764
20240106101001,300.94845
20240106102001,331.97578
20240106103001,280.00286
20240106104001,279.72679
20240106105001,276.56181
20240106110001,243.99674
20240106111001,231.99614
20240106112001,232.08896
20240106113001,235.29403
20240106114001,243.87831
20240106115001,288.95286
20240106120001,262.76503
20240106121001,274.81669
20240106122001,239.74204
20240106123001,242.62471
20240106124001,239.11062
20240106125001,235.81858
20240106130001,228.43482
20240106131001,232.27225
20240106132001,228.70393
20240106133001,231.83585
20240106134001,231.71752
20240106135001,225.64571
20240106140001,204.89495
20240106141001,195.82308
20240106142001,194.08355
20240106143001,190.48775
20240106144001,189.98025
20240106145001,188.1926
20240106150001,185.89493
20240106151001,185.57445
20240106152001,184.72012
20240106153001,184.44579
20240106154001,184.01598
20240106155001,183.69518
20240106160001,202.49426
20240106161001,202.70538
20240106162001,202.25761
20240106163001,198.55014
20240106164001,200.25153
20240106165001,204.14453
20240111090001,201.03788
20240111091001,203.93223
20240111092001,276.24704
20240111093001,280.45052
20240111094001,372.7944
20240111095001,381.50097
20240111100001,461.41882
20240111101001,325.70767
20240111102001,326.64482
20240111103001,280.25061
20240111104001,283.86269
20240111105001,288.75393
20240111110001,243.99674
20240111111001,231.99614
20240111112001,232.08896
20240111113001,235.29403
20240111114001,243.87831
20240111115001,288.95286
20240111120001,262.76503
20240111121001,274.81669
20240111122001,239.74204
20240111123001,242.62471
20240111124001,239.11062
20240111125001,235.81858
20240111130001,228.43482
20240111131001,232.27225
20240111132001,228.70393
20240111133001,231.83585
20240111134001,231.71752
20240111135001,225.64571
20240111140001,204.89495
20240111141001,195.82308
20240111142001,194.08355
20240111143001,190.48775
20240111144001,189.98025
20240111145001,188.1926
20240111150001,185.89493
20240111151001,185.57445
20240111152001,184.72012
20240111153001,184.44579
20240111154001,184.01598
20240111155001,183.69518
20240111160001,202.49426
20240111161001,202.70538
20240111162001,202.25761
20240111163001,198.55014
20240111164001,200.25153
20240111165001,204.14453
20240213090001,971.18593
20240213091001,291.1839
20240213092001,203.16726
20240213093001,215.58728
20240213094001,230.64294
20240213095001,231.25704
20240213100001,648.80724
20240213101001,426.27846
20240213102001,324.66673
20240213103001,279.80849
20240213104001,284.21597
20240213105001,277.06438
20240213110001,243.99674
20240213111001,231.99614
20240213112001,232.08896
20240213113001,235.29403
20240213114001,243.87831
20240213115001,288.95286
20240213120001,262.76503
20240213121001,274.81669
20240213122001,239.74204
20240213123001,242.62471
20240213124001,239.11062
20240213125001,235.81858
20240213130001,228.43482
20240213131001,232.27225
20240213132001,228.70393
20240213133001,231.83585
20240213134001,231.71752
20240213135001,225.64571
20240213140001,204.89495
20240213141001,195.82308
20240213142001,194.08355
20240213143001,190.48775
20240213144001,189.98025
20240213145001,188.1926
20240213150001,185.89493
20240213151001,185.57445
20240213152001,184.72012
20240213153001,184.44579
20240213154001,184.01598
20240213155001,183.69518
20240213160001,202.49426
20240213161001,202.70538
20240213162001,202.25761
20240213163001,198.55014
20240213164001,200.25153
20240213165001,204.14453
20240508090001,339.09159
20240508091001,204.481
20240508092001,200.78837
20240508093001,230.4767
20240508094001,235.47
20240508095001,235.34548
20240508100001,491.98502
20240508101001,431.77897
20240508102001,318.1168
20240508103001,264.26872
20240508104001,287.45608
20240508105001,292.13785
20240508110001,243.99674
20240508111001,231.99614
20240508112001,232.08896
20240508113001,235.29403
20240508114001,243.87831
20240508115001,288.95286
20240508120001,262.76503
20240508121001,274.81669
20240508122001,239.74204
20240508123001,242.62471
20240508124001,239.11062
20240508125001,235.81858
20240508130001,228.43482
20240508131001,232.27225
20240508132001,228.70393
20240508133001,231.83585
20240508134001,231.71752
20240508135001,225.64571
20240508140001,204.89495
20240508141001,195.82308
20240508142001,194.08355
20240508143001,190.48775
20240508144001,189.98025
20240508145001,188.1926
20240508150001,185.89493
20240508151001,185.57445
20240508152001,184.72012
20240508153001,184.44579
20240508154001,184.01598
20240508155001,183.69518
20240508160001,202.49426
20240508161001,202.70538
20240508162001,202.25761
20240508163001,198.55014
20240508164001,200.25153
20240508165001,204.14453
20240510090001,613.83209
20240510091001,214.29536
20240510092001,230.88782
20240510093001,197.52174
20240510094001,212.48144
20240510095001,312.51062
20240510100001,697.44627
20240510101001,425.00409
20240510102001,370.45656
20240510103001,261.942
20240510104001,290.35497
20240510105001,291.98199
20240510110001,243.99674
20240510111001,231.99614
20240510112001,232.08896
20240510113001,235.29403
20240510114001,243.87831
20240510115001,288.95286
20240510120001,262.76503
20240510121001,274.81669
20240510122001,239.74204
20240510123001,242.62471
20240510124001,239.11062
20240510125001,235.81858
20240510130001,228.43482
20240510131001,232.27225
20240510132001,228.70393
20240510133001,231.83585
20240510134001,231.71752
20240510135001,225.64571
20240510140001,204.89495
20240510141001,195.82308
20240510142001,194.08355
20240510143001,190.48775
20240510144001,189.98025
20240510145001,188.1926
20240510150001,185.89493
20240510151001,185.57445
20240510152001,184.72012
20240510153001,184.44579
20240510154001,184.01598
20240510155001,183.69518
20240510160001,202.49426
20240510161001,202.70538
20240510162001,202.25761
20240510163001,198.55014
20240510164001,200.25153
20240510165001,204.14453
20240524090001,210.30224
20240524091001,197.20361
20240524092001,199.05201
20240524093001,231.15962
20240524094001,263.40582
20240524095001,272.81444
20240524100001,453.58253
20240524101001,391.33411
20240524102001,323.6442
20240524103001,274.76473
20240524104001,285.56194
20240524105001,291.88862
20240524110001,243.99674
20240524111001,231.99614
20240524112001,232.08896
20240524113001,235.29403
20240524114001,243.87831
20240524115001,288.95286
20240524120001,262.76503
20240524121001,274.81669
20240524122001,239.74204
20240524123001,242.62471
20240524124001,239.11062
20240524125001,235.81858
20240524130001,228.43482
20240524131001,232.27225
20240524132001,228.70393
20240524133001,231.83585
20240524134001,231.71752
20240524135001,225.64571
20240524140001,204.89495
20240524141001,195.82308
20240524142001,194.08355
20240524143001,190.48775
20240524144001,189.98025
20240524145001,188.1926
20240524150001,185.89493
20240524151001,185.57445
20240524152001,184.72012
20240524153001,184.44579
20240524154001,184.01598
20240524155001,183.69518
20240524160001,202.49426
20240524161001,202.70538
20240524162001,202.25761
20240524163001,198.55014
20240524164001,200.25153
20240524165001,204.14453
20240623090001,558.58465
20240623091001,210.40258
20240623092001,189.51225
20240623093001,222.30643
20240623094001,305.54022
20240623095001,253.91596
20240623100001,481.73702
20240623101001,454.34024
20240623102001,301.78865
20240623103001,273.1961
20240623104001,279.85227
20240623105001,280.60298
20240623110001,243.99674
20240623111001,231.99614
20240623112001,232.08896
20240623113001,235.29403
20240623114001,243.87831
20240623115001,288.95286
20240623120001,262.76503
20240623121001,274.81669
20240623122001,239.74204
20240623123001,242.62471
20240623124001,239.11062
20240623125001,235.81858
20240623130001,228.43482
20240623131001,232.27225
20240623132001,228.70393
20240623133001,231.83585
20240623134001,231.71752
20240623135001,225.64571
20240623140001,204.89495
20240623141001,195.82308
20240623142001,194.08355
20240623143001,190.48775
20240623144001,189.98025
20240623145001,188.1926
20240623150001,185.89493
20240623151001,185.57445
20240623152001,184.72012
20240623153001,184.44579
20240623154001,184.01598
20240623155001,183.69518
20240623160001,202.49426
20240623161001,202.70538
20240623162001,202.25761
20240623163001,198.55014
20240623164001,200.25153
20240623165001,204.14453
20240627090001,654.94307
20240627091001,228.71442
20240627092001,231.50871
20240627093001,205.14225
20240627094001,283.37133
20240627095001,290.39889
20240627100001,336.2678
20240627101001,412.77752
20240627102001,383.24776
20240627103001,273.01334
20240627104001,292.88903
20240627105001,281.07114
20240627110001,243.99674
20240627111001,231.99614
20240627112001,232.08896
20240627113001,235.29403
20240627114001,243.87831
20240627115001,288.95286
20240627120001,262.76503
20240627121001,274.81669
20240627122001,239.74204
20240627123001,242.62471
20240627124001,239.11062
20240627125001,235.81858
20240627130001,228.43482
20240627131001,232.27225
20240627132001,228.70393
20240627133001,231.83585
20240627134001,231.71752
20240627135001,225.64571
20240627140001,204.89495
20240627141001,195.82308
20240627142001,194.08355
20240627143001,190.48775
20240627144001,189.98025
20240627145001,188.1926
20240627150001,185.89493
20240627151001,185.57445
20240627152001,184.72012
20240627153001,184.44579
20240627154001,184.01598
20240627155001,183.69518
20240627160001,202.49426
20240627161001,202.70538
20240627162001,202.25761
20240627163001,198.55014
20240627164001,200.25153
20240627165001,204.14453
20240713090001,784.82556
20240713091001,213.07264
20240713092001,266.93342
20240713093001,200.48714
20240713094001,201.91536
20240713095001,308.06224
20240713100001,367.93274
20240713101001,512.98126
20240713102001,318.16742
20240713103001,244.81035
20240713104001,292.57365
20240713105001,291.95323
20240713110001,243.99674
20240713111001,231.99614
20240713112001,232.08896
20240713113001,235.29403
20240713114001,243.87831
20240713115001,288.95286
20240713120001,262.76503
20240713121001,274.81669
20240713122001,239.74204
20240713123001,242.62471
20240713124001,239.11062
20240713125001,235.81858
20240713130001,228.43482
20240713131001,232.27225
20240713132001,228.70393
20240713133001,231.83585
20240713134001,231.71752
20240713135001,225.64571
20240713140001,204.89495
20240713141001,195.82308
20240713142001,194.08355
20240713143001,190.48775
20240713144001,189.98025
20240713145001,188.1926
20240713150001,185.89493
20240713151001,185.57445
20240713152001,184.72012
20240713153001,184.44579
20240713154001,184.01598
20240713155001,183.69518
20240713160001,202.49426
20240713161001,202.70538
20240713162001,202.25761
20240713163001,198.55014
20240713164001,200.25153
20240713165001,204.14453
20240715090001,612.62295
20240715091001,236.37917
20240715092001,223.88564
20240715093001,201.97707
20240715094001,193.10985
20240715095001,281.9126
20240715100001,341.48837
20240715101001,348.02945
20240715102001,458.46225
20240715103001,254.30665
20240715104001,298.13888
20240715105001,289.32233
20240715110001,243.99674
20240715111001,231.99614
20240715112001,232.08896
20240715113001,235.29403
20240715114001,243.87831
20240715115001,288.95286
20240715120001,262.76503
20240715121001,274.81669
20240715122001,239.74204
20240715123001,242.62471
20240715124001,239.11062
20240715125001,235.81858
20240715130001,228.43482
20240715131001,232.27225
20240715132001,228.70393
20240715133001,231.83585
20240715134001,231.71752
20240715135001,225.64571
20240715140001,204.89495
20240715141001,195.82308
20240715142001,194.08355
20240715143001,190.48775
20240715144001,189.98025
20240715145001,188.1926
20240715150001,185.89493
20240715151001,185.57445
20240715152001,184.72012
20240715153001,184.44579
20240715154001,184.01598
20240715155001,183.69518
20240715160001,202.49426
20240715161001,202.70538
20240715162001,202.25761
20240715163001,198.55014
20240715164001,200.25153
20240715165001,204.14453
20240927090004,720.74287
20240927091004,227.48225
20240927092004,213.4924
20240927093004,202.8326
20240927094004,206.95352
20240927095004,249.80195
20240927100004,503.07328
20240927101004,457.47084
20240927102004,313.1407
20240927103004,264.15574
20240927104004,287.43138
20240927105004,282.22157
20240927110004,243.99674
20240927111004,231.99614
20240927112004,232.08896
20240927113004,235.29403
20240927114004,243.87831
20240927115004,288.95286
20240927120004,262.76503
20240927121004,274.81669
20240927122004,239.74204
20240927123004,242.62471
20240927124004,239.11062
20240927125004,235.81858
20240927130004,228.43482
20240927131004,232.27225
20240927132004,228.70393
20240927133004,231.83585
20240927134004,231.71752
20240927135004,225.64571
20240927140004,204.89495
20240927141004,195.82308
20240927142004,194.08355
20240927143004,190.48775
20240927144004,189.98025
20240927145004,188.1926
20240927150004,185.89493
20240927151004,185.57445
20240927152004,184.72012
20240927153004,184.44579
20240927154004,184.01598
20240927155004,183.69518
20240927160004,202.49426
20240927161004,202.70538
20240927162004,202.25761
20240927163004,198.55014
20240927164004,200.25153
20240927165004,204.14453
20241018090004,732.49218
20241018091004,202.36815
20241018092004,203.63942
20241018093004,204.1584
20241018094004,222.23235
20241018095004,312.95781
20241018100004,426.82927
20241018101004,382.62883
20241018102004,314.01728
20241018103004,278.33013
20241018104004,284.15292
20241018105004,278.0871
20241018110004,243.99674
20241018111004,231.99614
20241018112004,232.08896
20241018113004,235.29403
20241018114004,243.87831
20241018115004,288.95286
20241018120004,262.76503
20241018121004,274.81669
20241018122004,239.74204
20241018123004,242.62471
20241018124004,239.11062
20241018125004,235.81858
20241018130004,228.43482
20241018131004,232.27225
20241018132004,228.70393
20241018133004,231.83585
20241018134004,231.71752
20241018135004,225.64571
20241018140004,204.89495
20241018141004,195.82308
20241018142004,194.08355
20241018143004,190.48775
20241018144004,189.98025
20241018145004,188.1926
20241018150004,185.89493
20241018151004,185.57445
20241018152004,184.72012
20241018153004,184.44579
20241018154004,184.01598
20241018155004,183.69518
20241018160004,202.49426
20241018161004,202.70538
20241018162004,202.25761
20241018163004,198.55014
20241018164004,200.25153
20241018165004,204.14453
20240918090007,189.46772
20240918091007,191.36951
20240918092007,226.34457
20240918093007,235.31215
20240918094007,377.61467
20240918095007,381.57568
20240918100007,372.45112
20240918101007,340.44218
20240918102007,320.15608
20240918103007,278.07588
20240918104007,282.79264
20240918105007,289.61263
20240918110007,243.99674
20240918111007,231.99614
20240918112007,232.08896
20240918113007,235.29403
20240918114007,243.87831
20240918115007,288.95286
20240918120007,262.76503
20240918121007,274.81669
20240918122007,239.74204
20240918123007,242.62471
20240918124007,239.11062
20240918125007,235.81858
20240918130007,228.43482
20240918131007,232.27225
20240918132007,228.70393
20240918133007,231.83585
20240918134007,231.71752
20240918135007,225.64571
20240918140007,204.89495
20240918141007,195.82308
20240918142007,194.08355
20240918143007,190.48775
20240918144007,189.98025
20240918145007,188.1926
20240918150007,185.89493
20240918151007,185.57445
20240918152007,184.72012
20240918153007,184.44579
20240918154007,184.01598
20240918155007,183.69518
20240918160007,202.49426
20240918161007,202.70538
20240918162007,202.25761
20240918163007,198.55014
20240918164007,200.25153
20240918165007,204.14453
20240920090007,885.31806
20240920091007,241.35288
20240920092007,234.43286
20240920093007,202.13859
20240920094007,229.69403
20240920095007,275.43321
20240920100007,427.8855
20240920101007,369.82657
20240920102007,315.47496
20240920103007,309.85274
20240920104007,279.41316
20240920105007,276.32358
20240920110007,243.99674
20240920111007,231.99614
20240920112007,232.08896
20240920113007,235.29403
20240920114007,243.87831
20240920115007,288.95286
20240920120007,262.76503
20240920121007,274.81669
20240920122007,239.74204
20240920123007,242.62471
20240920124007,239.11062
20240920125007,235.81858
20240920130007,228.43482
20240920131007,232.27225
20240920132007,228.70393
20240920133007,231.83585
20240920134007,231.71752
20240920135007,225.64571
20240920140007,204.89495
20240920141007,195.82308
20240920142007,194.08355
20240920143007,190.48775
20240920144007,189.98025
20240920145007,188.1926
20240920150007,185.89493
20240920151007,185.57445
20240920152007,184.72012
20240920153007,184.44579
20240920154007,184.01598
20240920155007,183.69518
20240920160007,202.49426
20240920161007,202.70538
20240920162007,202.25761
20240920163007,198.55014
20240920164007,200.25153
20240920165007,204.14453
20241016090007,881.19778
20241016091007,230.81279
20241016092007,266.20764
20241016093007,197.24082
20241016094007,220.08144
20241016095007,380.77292
20241016100007,381.45141
20241016101007,429.08868
20241016102007,407.93014
20241016103007,297.7603
20241016104007,283.65865
20241016105007,278.1295
20241016110007,243.99674
20241016111007,231.99614
20241016112007,232.08896
20241016113007,235.29403
20241016114007,243.87831
20241016115007,288.95286
20241016120007,262.76503
20241016121007,274.81669
20241016122007,239.74204
20241016123007,242.62471
20241016124007,239.11062
20241016125007,235.81858
20241016130007,228.43482
20241016131007,232.27225
20241016132007,228.70393
20241016133007,231.83585
20241016134007,231.71752
20241016135007,225.64571
20241016140007,204.89495
20241016141007,195.82308
20241016142007,194.08355
20241016143007,190.48775
20241016144007,189.98025
20241016145007,188.1926
20241016150007,185.89493
20241016151007,185.57445
20241016152007,184.72012
20241016153007,184.44579
20241016154007,184.01598
20241016155007,183.69518
20241016160007,202.49426
20241016161007,202.70538
20241016162007,202.25761
20241016163007,198.55014
20241016164007,200.25153
20241016165007,204.14453
20240922090008,233.06681
20240922091008,197.49393
20240922092008,195.59907
20240922093008,206.69942
20240922094008,236.37819
20240922095008,374.71422
20240922100008,470.01637
20240922101008,430.45403
20240922102008,326.0277
20240922103008,264.44562
20240922104008,281.37035
20240922105008,291.88862
20240922110008,243.99674
20240922111008,231.99614
20240922112008,232.08896
20240922113008,235.29403
20240922114008,243.87831
20240922115008,288.95286
20240922120008,262.76503
20240922121008,274.81669
20240922122008,239.74204
20240922123008,242.62471
20240922124008,239.11062
20240922125008,235.81858
20240922130008,228.43482
20240922131008,232.27225
20240922132008,228.70393
20240922133008,231.83585
20240922134008,231.71752
20240922135008,225.64571
20240922140008,204.89495
20240922141008,195.82308
20240922142008,194.08355
20240922143008,190.48775
20240922144008,189.98025
20240922145008,188.1926
20240922150008,185.89493
20240922151008,185.57445
20240922152008,184.72012
20240922153008,184.44579
20240922154008,184.01598
20240922155008,183.69518
20240922160008,202.49426
20240922161008,202.70538
20240922162008,202.25761
20240922163008,198.55014
20240922164008,200.25153
20240922165008,204.14453
20240928090008,195.89652
20240928091008,194.78817
20240928092008,199.52842
20240928093008,244.94109
20240928094008,324.74095
20240928095008,344.30713
20240928100008,393.03547
20240928101008,379.58243
20240928102008,316.61905
20240928103008,278.07588
20240928104008,281.81652
20240928105008,289.72457
20240928110008,243.99674
20240928111008,231.99614
20240928112008,232.08896
20240928113008,235.29403
20240928114008,243.87831
20240928115008,288.95286
20240928120008,262.76503
20240928121008,274.81669
20240928122008,239.74204
20240928123008,242.62471
20240928124008,239.11062
20240928125008,235.81858
20240928130008,228.43482
20240928131008,232.27225
20240928132008,228.70393
20240928133008,231.83585
20240928134008,231.71752
20240928135008,225.64571
20240928140008,204.89495
20240928141008,195.82308
20240928142008,194.08355
20240928143008,190.48775
20240928144008,189.98025
20240928145008,188.1926
20240928150008,185.89493
20240928151008,185.57445
20240928152008,184.72012
20240928153008,184.44579
20240928154008,184.01598
20240928155008,183.69518
20240928160008,202.49426
20240928161008,202.70538
20240928162008,202.25761
20240928163008,198.55014
20240928164008,200.25153
20240928165008,204.14453
20241011090008,194.10664
20241011091008,199.34752
20241011092008,202.14733
20241011093008,232.20793
20241011094008,323.53031
20241011095008,371.58683
20241011100008,393.04251
20241011101008,370.95753
20241011102008,319.14233
20241011103008,278.1945
20241011104008,281.95428
20241011105008,289.61263
20241011110008,243.99674
20241011111008,231.99614
20241011112008,232.08896
20241011113008,235.29403
20241011114008,243.87831
20241011115008,288.95286
20241011120008,262.76503
20241011121008,274.81669
20241011122008,239.74204
20241011123008,242.62471
20241011124008,239.11062
20241011125008,235.81858
20241011130008,228.43482
20241011131008,232.27225
20241011132008,228.70393
20241011133008,231.83585
20241011134008,231.71752
20241011135008,225.64571
20241011140008,204.89495
20241011141008,195.82308
20241011142008,194.08355
20241011143008,190.48775
20241011144008,189.98025
20241011145008,188.1926
20241011150008,185.89493
20241011151008,185.57445
20241011152008,184.72012
20241011153008,184.44579
20241011154008,184.01598
20241011155008,183.69518
20241011160008,202.49426
20241011161008,202.70538
20241011162008,202.25761
20241011163008,198.55014
20241011164008,200.25153
20241011165008,204.14453
20241016090008,201.22872
20241016091008,196.09617
20241016092008,199.80207
20241016093008,205.64584
20241016094008,258.27569
20241016095008,374.25035
20241016100008,526.21634
20241016101008,373.27682
20241016102008,304.04701
20241016103008,277.40966
20241016104008,264.96316
20241016105008,281.25927
20241016110008,243.99674
20241016111008,231.99614
20241016112008,232.08896
20241016113008,235.29403
20241016114008,243.87831
20241016115008,288.95286
20241016120008,262.76503
20241016121008,274.81669
20241016122008,239.74204
20241016123008,242.62471
20241016124008,239.11062
20241016125008,235.81858
20241016130008,228.43482
20241016131008,232.27225
20241016132008,228.70393
20241016133008,231.83585
20241016134008,231.71752
20241016135008,225.64571
20241016140008,204.89495
20241016141008,195.82308
20241016142008,194.08355
20241016143008,190.48775
20241016144008,189.98025
20241016145008,188.1926
20241016150008,185.89493
20241016151008,185.57445
20241016152008,184.72012
20241016153008,184.44579
20241016154008,184.01598
20241016155008,183.69518
20241016160008,202.49426
20241016161008,202.70538
20241016162008,202.25761
20241016163008,198.55014
20241016164008,200.25153
20241016165008,204.14453
20241018090008,200.46882
20241018091008,195.83951
20241018092008,203.72774
20241018093008,205.84004
20241018094008,244.20875
20241018095008,386.10507
20241018100008,494.16516
20241018101008,374.9386
20241018102008,288.85929
20241018103008,273.16615
20241018104008,256.68366
20241018105008,280.66694
20241018110008,243.99674
20241018111008,231.99614
20241018112008,232.08896
20241018113008,235.29403
20241018114008,243.87831
20241018115008,288.95286
20241018120008,262.76503
20241018121008,274.81669
20241018122008,239.74204
20241018123008,242.62471
20241018124008,239.11062
20241018125008,235.81858
20241018130008,228.43482
20241018131008,232.27225
20241018132008,228.70393
20241018133008,231.83585
20241018134008,231.71752
20241018135008,225.64571
20241018140008,204.89495
20241018141008,195.82308
20241018142008,194.08355
20241018143008,190.48775
20241018144008,189.98025
20241018145008,188.1926
20241018150008,185.89493
20241018151008,185.57445
20241018152008,184.72012
20241018153008,184.44579
20241018154008,184.01598
20241018155008,183.69518
20241018160008,202.49426
20241018161008,202.70538
20241018162008,202.25761
20241018163008,198.55014
20241018164008,200.25153
20241018165008,204.14453
20241028090008,210.66234
20241028091008,205.65186
20241028092008,199.03496
20241028093008,211.0117
20241028094008,312.46089
20241028095008,381.54015
20241028100008,457.42631
20241028101008,367.14171
20241028102008,326.50945
20241028103008,269.97859
20241028104008,280.5893
20241028105008,289.81714
20241028110008,243.99674
20241028111008,231.99614
20241028112008,232.08896
20241028113008,235.29403
20241028114008,243.87831
20241028115008,288.95286
20241028120008,262.76503
20241028121008,274.81669
20241028122008,239.74204
20241028123008,242.62471
20241028124008,239.11062
20241028125008,235.81858
20241028130008,228.43482
20241028131008,232.27225
20241028132008,228.70393
20241028133008,231.83585
20241028134008,231.71752
20241028135008,225.64571
20241028140008,204.89495
20241028141008,195.82308
20241028142008,194.08355
20241028143008,190.48775
20241028144008,189.98025
20241028145008,188.1926
20241028150008,185.89493
20241028151008,185.57445
20241028152008,184.72012
20241028153008,184.44579
20241028154008,184.01598
20241028155008,183.69518
20241028160008,202.49426
20241028161008,202.70538
20241028162008,202.25761
20241028163008,198.55014
20241028164008,200.25153
20241028165008,204.14453
20240922090009,406.02414
20240922091009,199.78714
20240922092009,199.17699
20240922093009,214.00142
20240922094009,223.26119
20240922095009,250.12038
20240922100009,458.8245
20240922101009,503.18134
20240922102009,327.05314
20240922103009,255.01883
20240922104009,282.21845
20240922105009,292.76974
20240922110009,243.99674
20240922111009,231.99614
20240922112009,232.08896
20240922113009,235.29403
20240922114009,243.87831
20240922115009,288.95286
20240922120009,262.76503
20240922121009,274.81669
20240922122009,239.74204
20240922123009,242.62471
20240922124009,239.11062
20240922125009,235.81858
20240922130009,228.43482
20240922131009,232.27225
20240922132009,228.70393
20240922133009,231.83585
20240922134009,231.71752
20240922135009,225.64571
20240922140009,204.89495
20240922141009,195.82308
20240922142009,194.08355
20240922143009,190.48775
20240922144009,189.98025
20240922145009,188.1926
20240922150009,185.89493
20240922151009,185.57445
20240922152009,184.72012
20240922153009,184.44579
20240922154009,184.01598
20240922155009,183.69518
20240922160009,202.49426
20240922161009,202.70538
20240922162009,202.25761
20240922163009,198.55014
20240922164009,200.25153
20240922165009,204.14453
20240928090009,207.37878
20240928091009,194.32194
20240928092009,200.88694
20240928093009,232.65506
20240928094009,242.22901
20240928095009,301.6298
20240928100009,548.55673
20240928101009,433.66701
20240928102009,319.72217
20240928103009,275.85493
20240928104009,282.27424
20240928105009,291.31832
20240928110009,243.99674
20240928111009,231.99614
20240928112009,232.08896
20240928113009,235.29403
20240928114009,243.87831
20240928115009,288.95286
20240928120009,262.76503
20240928121009,274.81669
20240928122009,239.74204
20240928123009,242.62471
20240928124009,239.11062
20240928125009,235.81858
20240928130009,228.43482
20240928131009,232.27225
20240928132009,228.70393
20240928133009,231.83585
20240928134009,231.71752
20240928135009,225.64571
20240928140009,204.89495
20240928141009,195.82308
20240928142009,194.08355
20240928143009,190.48775
20240928144009,189.98025
20240928145009,188.1926
20240928150009,185.89493
20240928151009,185.57445
20240928152009,184.72012
20240928153009,184.44579
20240928154009,184.01598
20240928155009,183.69518
20240928160009,202.49426
20240928161009,202.70538
20240928162009,202.25761
20240928163009,198.55014
20240928164009,200.25153
20240928165009,204.14453
20240920090010,558.1544
20240920091010,211.57033
20240920092010,228.29208
20240920093010,206.81017
20240920094010,227.92598
20240920095010,254.91576
20240920100010,476.36942
20240920101010,463.49956
20240920102010,295.7514
20240920103010,257.53889
20240920104010,281.48801
20240920105010,282.76339
20240920110010,243.99674
20240920111010,231.99614
20240920112010,232.08896
20240920113010,235.29403
20240920114010,243.87831
20240920115010,288.95286
20240920120010,262.76503
20240920121010,274.81669
20240920122010,239.74204
20240920123010,242.62471
20240920124010,239.11062
20240920125010,235.81858
20240920130010,228.43482
20240920131010,232.27225
20240920132010,228.70393
20240920133010,231.83585
20240920134010,231.71752
20240920135010,225.64571
20240920140010,204.89495
20240920141010,195.82308
20240920142010,194.08355
20240920143010,190.48775
20240920144010,189.98025
20240920145010,188.1926
20240920150010,185.89493
20240920151010,185.57445
20240920152010,184.72012
20240920153010,184.44579
20240920154010,184.01598
20240920155010,183.69518
20240920160010,202.49426
20240920161010,202.70538
20240920162010,202.25761
20240920163010,198.55014
20240920164010,200.25153
20240920165010,204.14453
20240928090010,264.86922
20240928091010,196.13131
20240928092010,199.02095
20240928093010,229.85527
20240928094010,358.01519
20240928095010,331.90906
20240928100010,535.65769
20240928101010,464.035
20240928102010,307.71911
20240928103010,264.18758
20240928104010,280.08955
20240928105010,291.89
20240928110010,243.99674
20240928111010,231.99614
20240928112010,232.08896
20240928113010,235.29403
20240928114010,243.87831
20240928115010,288.95286
20240928120010,262.76503
20240928121010,274.81669
20240928122010,239.74204
20240928123010,242.62471
20240928124010,239.11062
20240928125010,235.81858
20240928130010,228.43482
20240928131010,232.27225
20240928132010,228.70393
20240928133010,231.83585
20240928134010,231.71752
20240928135010,225.64571
20240928140010,204.89495
20240928141010,195.82308
20240928142010,194.08355
20240928143010,190.48775
20240928144010,189.98025
20240928145010,188.1926
20240928150010,185.89493
20240928151010,185.57445
20240928152010,184.72012
20240928153010,184.44579
20240928154010,184.01598
20240928155010,183.69518
20240928160010,202.49426
20240928161010,202.70538
20240928162010,202.25761
20240928163010,198.55014
20240928164010,200.25153
20240928165010,204.14453
20240919090012,196.8081
20240919091012,191.51935
20240919092012,209.13228
20240919093012,203.66604
20240919094012,304.76273
20240919095012,327.39356
20240919100012,425.21245
20240919101012,452.184
20240919102012,305.54995
20240919103012,257.98774
20240919104012,264.21192
20240919105012,280.92972
20240919110012,243.99674
20240919111012,231.99614
20240919112012,232.08896
20240919113012,235.29403
20240919114012,243.87831
20240919115012,288.95286
20240919120012,262.76503
20240919121012,274.81669
20240919122012,239.74204
20240919123012,242.62471
20240919124012,239.11062
20240919125012,235.81858
20240919130012,228.43482
20240919131012,232.27225
20240919132012,228.70393
20240919133012,231.83585
20240919134012,231.71752
20240919135012,225.64571
20240919140012,204.89495
20240919141012,195.82308
20240919142012,194.08355
20240919143012,190.48775
20240919144012,189.98025
20240919145012,188.1926
20240919150012,185.89493
20240919151012,185.57445
20240919152012,184.72012
20240919153012,184.44579
20240919154012,184.01598
20240919155012,183.69518
20240919160012,202.49426
20240919161012,202.70538
20240919162012,202.25761
20240919163012,198.55014
20240919164012,200.25153
20240919165012,204.14453
20240923090012,193.69581
20240923091012,194.04244
20240923092012,197.44586
20240923093012,226.94392
20240923094012,293.75105
20240923095012,304.1229
20240923100012,391.10474
20240923101012,381.16527
20240923102012,307.98303
20240923103012,278.1945
20240923104012,280.99855
20240923105012,288.73611
20240923110012,243.99674
20240923111012,231.99614
20240923112012,232.08896
20240923113012,235.29403
20240923114012,243.87831
20240923115012,288.95286
20240923120012,262.76503
20240923121012,274.81669
20240923122012,239.74204
20240923123012,242.62471
20240923124012,239.11062
20240923125012,235.81858
20240923130012,228.43482
20240923131012,232.27225
20240923132012,228.70393
20240923133012,231.83585
20240923134012,231.71752
20240923135012,225.64571
20240923140012,204.89495
20240923141012,195.82308
20240923142012,194.08355
20240923143012,190.48775
20240923144012,189.98025
20240923145012,188.1926
20240923150012,185.89493
20240923151012,185.57445
20240923152012,184.72012
20240923153012,184.44579
20240923154012,184.01598
20240923155012,183.69518
20240923160012,202.49426
20240923161012,202.70538
20240923162012,202.25761
20240923163012,198.55014
20240923164012,200.25153
20240923165012,204.14453
20241002090012,192.1045
20241002091012,194.99751
20241002092012,225.24514
20241002093012,241.93309
20241002094012,326.44109
20241002095012,322.20234
20241002100012,428.51676
20241002101012,374.03543
20241002102012,330.36536
20241002103012,278.67234
20241002104012,287.81864
20241002105012,291.31694
20241002110012,243.99674
20241002111012,231.99614
20241002112012,232.08896
20241002113012,235.29403
20241002114012,243.87831
20241002115012,288.95286
20241002120012,262.76503
20241002121012,274.81669
20241002122012,239.74204
20241002123012,242.62471
20241002124012,239.11062
20241002125012,235.81858
20241002130012,228.43482
20241002131012,232.27225
20241002132012,228.70393
20241002133012,231.83585
20241002134012,231.71752
20241002135012,225.64571
20241002140012,204.89495
20241002141012,195.82308
20241002142012,194.08355
20241002143012,190.48775
20241002144012,189.98025
20241002145012,188.1926
20241002150012,185.89493
20241002151012,185.57445
20241002152012,184.72012
20241002153012,184.44579
20241002154012,184.01598
20241002155012,183.69518
20241002160012,202.49426
20241002161012,202.70538
20241002162012,202.25761
20241002163012,198.55014
20241002164012,200.25153
20241002165012,204.14453
